#OTU ID	frequency	prevalence
05ec0169562f77638667ef95cbe288b8	28632.0	14
04195686f2b70585790ec75320de0d6f	24476.0	58
117f89aaec1283021c3680ccc5c5b5d3	21254.0	62
456e2914d5e14abc86af7eac0387c143	20826.0	19
f48a1f611db9718c81bbfbd38ab655f3	19868.0	15
f13cc60e608d54599659f721d584c2fb	17696.0	8
6567c6572bd53ccd9f03de4021d6a6fd	16641.0	13
3f4bed7db2a539788ecb147b10a5adec	16573.0	22
ea94d5997785fde48836439228242d2d	16531.0	9
d6429a0b1c1939f2093ef2bd21883a4d	14241.0	18
3b9da65d7420581365610ab6004a1e1b	14048.0	15
050b10290534396fb4021d77e3ffd499	13958.0	21
bdbf4a7fe8de971c31199740d3709d99	13137.0	38
202d02e41ebc9e37909510c3bf6b7047	13018.0	12
8209f2177f5e50bff8863a217ca0b20f	12706.0	8
60257e0c9332434ca456c7f9b50eee75	12700.0	22
a7fcec7c4100264578a49e08db87ccb1	12331.0	20
681ad183c9a949f5e9e2472ec25efc08	11845.0	10
4fd8cc7d88b18b9c39ef11ea50a1cb24	11547.0	7
0b6df6cea1e5db58ce3103b0b14795e0	11283.0	7
1f847ab2921330316b6683a76bf50dad	11001.0	15
d061a99148d649c4eca4836c5f4b5b68	10825.0	45
a8c79e8fb6169356709bfc8263c7136d	10482.0	16
696b19ed65d439bc9b2b8a93bfb72665	10300.0	12
5f5e022e1082e9fbd1f84d17a15eea28	9922.0	8
50e97aceedc3a5229b59a92c49ff01a9	9848.0	17
f712e93209206a1c210126deb816584e	9745.0	69
fe1902ae9c55023815c56165a6b8534b	9630.0	10
6bb0812873db99bd6401b89300fd5e43	9590.0	19
816923c95b3fa220a74ce4125f3dfadb	9422.0	16
1397ff9337a4b13dfa47502632b58f0b	9419.0	14
a0cc739014948a1ae4443a14f7e12acd	9338.0	11
70d64bb0a16e3e22721779f2a27bfc90	9203.0	25
42bcc12ad42a0aab47959a2b4f52fe74	9162.0	12
b0645cbec7653c887cb868a248d95874	8735.0	37
8ab0357dfd955963b831dae42b2dcc57	8702.0	29
1a18048f2e2b47b68e280555822422d4	8658.0	10
67bb059b308153c153754ec991b75d82	8615.0	27
8af1ba32a55e4f9cbbb8c5417b27ad35	8526.0	23
caaa6f8ade00f72d77cb1e8327a10981	8209.0	30
33f9226b33e1f59f71edc044bb947764	8074.0	39
b10627ff6db16c65eed2f21380dd700f	7683.0	38
78e2d7f265e221e0e3c1f24b25af17d4	7668.0	57
f0a335966b7718c3fb2e65118f6d53b8	7627.0	29
4615530537394cda8d5a9dc3b9ed4c03	7567.0	13
ea5bdec9af33fa082db549bd726b7fca	7521.0	12
699d4b4de178e2d52195830debfc3b1f	7341.0	40
46bda4564c61664d7882c935256e1ca2	7339.0	13
3eaea6032cd88394cba0e99c2836e64e	7331.0	29
1425e15873d195069187835070016687	7285.0	15
6724f95fc5ee28115138cf60daad543c	7138.0	10
bd517e8148bac1e3c47b9e9c41dc516c	7091.0	21
3b29cdaa8badc2081ebd2184e088ec4f	7069.0	6
257f582bba0259e52354f6f3fdd65758	7054.0	27
2b982979f2401a8bc447d7141879e9b2	7024.0	36
7d1b6078a666a38d750d119a5a40d1c5	6980.0	14
f13087d3b2f8c1a78783935fd112edfc	6852.0	17
04dc93236df5d9e2c8935ba141ee12f5	6739.0	24
619fd838e70620ce09875eb1230f45d9	6704.0	24
0a3a5e83b0623a6e267aba809ad1c117	6676.0	13
61b485d9df53c601ca8d164d4835c145	6619.0	6
8d021a40f38f2efbce8dc0283e281b74	6615.0	6
9cbf131035308d15bb5b732fb88f1561	6565.0	9
0277b63e70e7afb70778008f665f9655	6465.0	28
e2c3ff4f647112723741aa72087f1bfa	6450.0	31
fe3619753cbc617ff859e35af20dee28	6417.0	26
458157e555a80f9ba01d9da37ef787eb	6412.0	33
62c7c8f600567bd9399ea819e49b8ec7	6263.0	29
1a8ff4a7894d80fe58de5081e9f9ff5b	6236.0	13
6a14814742e591d00a78da0a3d761b9b	6209.0	12
b535a3a95162da6dbc5ed77697958347	6127.0	18
513300823f40b653667ceaa0c2dbcf10	6121.0	13
fe5c17fd17a9c77433f71b4898de0966	6085.0	24
54e9b65fefc26bd11b08a04958b28e9d	5998.0	17
3a5766ede95701e332ab0fec6683ea0a	5974.0	5
73b66261af9b918d72450b5fc7cea40f	5944.0	12
57544a3c8237707901de9ce9b45d37ea	5904.0	12
7acebfc9367d2e1cb1db37cc99a78110	5896.0	25
7fd554b8d9f20a3774bcc3dde012cea4	5854.0	8
23e5edb47f5a9a45adc62dc95d595ce6	5836.0	20
c076fef5e5e52ade435c989a9bd40ffd	5720.0	9
bc0fad1f82cafd4e8789e8dd26ea2245	5652.0	12
0c121c2064d99eb557ddb0cf9c67659f	5632.0	5
17460c889ad298529cc1db17a01fef76	5608.0	21
76cc3ac1905736509e491c4f25db5e84	5510.0	11
ddd5891fd9dca7e6c8e3cc0bc15d7983	5493.0	30
cdca9ca09e2b7246505e0b1f81ee730b	5455.0	22
f3c46767b5ee373204436a6c19151348	5445.0	37
f73c53ced17e33feb7df11374130a5b7	5417.0	20
c85419a2e4fbd9032eb709cf0a93a5b3	5341.0	12
5e5abb3090fc99ffb198ba07703d50e7	5309.0	6
a898ab63b699f5ec89883fcbc8d1c8e6	5305.0	10
764bb70efe70ec930379806d178319cb	5297.0	42
f3b0c2c0196b80590f8f390af119d119	5269.0	30
d56536a97c18adccf18eb08958d93345	5261.0	41
e62b0503b08bdcc495c6941a8383caa0	5227.0	6
ca43af98869e5c96dd9cfbf1b008588b	5187.0	12
52e90fa42a58e781d79808a8491a0167	5144.0	13
a680070709818001fc883f93a27cb1bc	5094.0	12
481099adc810d0454a74a502a58df07d	5078.0	20
0d0dea044085816fbb2afe70583adde2	5019.0	12
42a31ba5e1b795687e5063135a2065cc	4979.0	6
56b93078c44793877baeeca41b639fc7	4977.0	16
dae716d8eeb0eb017f82cc95afd4c4ae	4958.0	18
6e410de6e3a169bf4ba4d741a3f321a3	4955.0	11
25d4eb76e127fc3e20545792889934b7	4910.0	12
3798696dc2f6bc242178ae5a1c66ecb3	4873.0	15
6aa10fe3186bf9dfc8090278561005cf	4843.0	34
467ca8625177c7ec002584601450e2f2	4843.0	6
fd7286af9ee912eceba5cf32484e6fe6	4842.0	21
6cf61e3bb4f72aa837901516e4072e06	4791.0	12
201fc761e87e8fdd784ede1f1f1b7824	4768.0	3
5957a16f5226fb9bbbc751f1d70e2af4	4748.0	18
af432a1f834ecc1e9d392c36922b71f9	4729.0	8
e3262eb61a871d3230682c2be20e20a1	4728.0	20
26d3b0244658c13ba2f695da4ac741d4	4604.0	31
e86275cf1abda00a7ff2376f992f38da	4585.0	11
4bf8705c5d806aaf16e04b083f7984a2	4582.0	6
03d50e02fc62493b4fd08dbf57560b9e	4562.0	5
713899ac8760f4a738b64d7b1c8b7812	4545.0	20
aff80779499c8dd2b588d60623a919f5	4498.0	11
ac5402de1ddf427ab8d2b0a8a0a44f19	4468.0	58
61d8bbe9c7586faea2ab2e62cd68a436	4460.0	12
06308d44b87d67a709f6ff69aa6cfbc1	4452.0	16
5c92c3153789d2fd22345f945c917840	4441.0	5
a58444f6be72bd9f565c024615f3cd81	4440.0	23
d888f323dd43789b12af1db0ef69ba7f	4436.0	7
4e857f52e17427a87c2d79c2792d5163	4418.0	30
0ffb738fe9519fd22644d9f25fd20e58	4412.0	13
70ed0058b9614645bdd74a8cd92379f3	4383.0	12
9dd9cefe38347b087dd318d82962cc03	4341.0	40
36e67582dacfa3d78f2e17677bc2b1f6	4324.0	14
61b0fcd981b8d5bac1381fec5abffa2a	4313.0	21
0223084b43c838332fb08fd337b1c690	4290.0	17
7f316fd5708de7adedf5cced84b887a0	4281.0	6
893a8478566ae42863830abc26afc5f9	4246.0	17
b48f209d891610d70cd26bd23a6b8093	4243.0	16
d18df27158162fd066c409e08f0daebf	4241.0	39
38c997ad2c3a7436d0ecbe4d7ce94364	4241.0	11
7b3acc8e3dcbc5afcfaa0a58b956aebb	4204.0	11
2325a29684f17180b653df48f773c725	4198.0	22
3b79c55c6cd40199d909426184123474	4195.0	7
54caf590b739128a0996d491d324253b	4174.0	12
a2dfe3d3c06f67fa2b4338d5ffd57069	4102.0	6
03ca237674148ae74492001b00cd002e	4095.0	28
861aebcc774e48b7c4f769dbf99da4c3	4095.0	31
5034598009be77942a505e7c9978b06b	4077.0	47
2c3c7461c48f1b7ea02e2afffa7ae0cd	4063.0	12
3da057fa48bd3a691eecc3262f2ce861	4057.0	10
42fe4c241269d5348a686c41649659a3	4043.0	19
3b00ebf38bf63dbdbafd0c7a970ed67a	4024.0	10
932e1f2d3f75eaba13d2b2be2f2f7cb3	4009.0	26
902b2a9a48d2de84d2943f44dcb4343a	3969.0	7
911cb1c362da80d17bf135fd8a43d962	3955.0	16
28827e71da4e738e64cb4b6e449ef5ba	3954.0	10
7fb74567807dfcdc709dad87d7a83f05	3944.0	16
1ca902a9ac22472357333ba9b4feaf36	3923.0	5
1cfc3e962d8cc23a987d8f6e5376274d	3890.0	13
926bbf33e332918b920fdab7cbd530c3	3889.0	10
d9d92c0a9199f2b6825320fc3ae6b586	3867.0	7
50162462100138cd9beb3730fe3241a2	3844.0	14
672575cb4b23873d814dcb03e2c1d719	3801.0	8
ca9dec36ad0aa5a1473144ddcb74951d	3794.0	45
4842b8620344ea1f6ab30f58ca64c387	3794.0	11
0ea6e63c2452871422bdb052e8033e36	3786.0	21
7029eddc845e01d613a3bbc113ebeaba	3783.0	34
3719ed1304a10fd17c824b6a293222f8	3772.0	12
e0facdbc286b49c2c0353385ef59498a	3770.0	10
59196a586276f0be745d0e334fc071c6	3739.0	32
8f0a43d94d9717ef392e50acda5d89cd	3721.0	12
e84bea8ae61342674744560dd7de4721	3700.0	22
6a37324cc7da3d2a00c6a91b2424c82e	3689.0	4
260104321fe25280905a8bd660c671f6	3687.0	26
aac3fe006fcb830e4b9f2a9c09ac2b7c	3675.0	10
99f2cd7a3add02b1b5942d50df0bc5ea	3643.0	2
1f391cb2e0f25c562d3f172967790031	3633.0	32
4134227bd3932c9dd082d07b2410b560	3612.0	7
b35b71eb43f8a81b34e8975bed82a22f	3607.0	12
eea6b86c0c75e740670ccc50613b1b23	3577.0	36
01628f402fc6caf6b574c2cbf0a7412a	3556.0	21
1230fa8bad7320889aee41837c688297	3536.0	11
15d4527c5e27f5aa80849a0a6db04fbc	3533.0	18
0c9203679343591fa25cbccef766d998	3523.0	14
35b89ec027973de72cc3acb63b0b36bc	3511.0	9
997abc833f25b2145ef4d8f8b105a03b	3505.0	13
404affc514c5944707031ef03ca82707	3491.0	7
a74b7fef2e52380070e5c6f668422af0	3473.0	12
9c1c4d39074659e1416b3dff3dd09033	3462.0	11
23743a0d7d42a96ace5b8febebeda5b3	3428.0	8
70bf89d3792e0e0782220e9e0ab0ab16	3426.0	15
04905e342edff9c3228436698580f865	3421.0	13
a53bea17b30f4bd62daec0e1169e720a	3410.0	6
e6de2558b4e8d77d9c85ace81db7f066	3409.0	29
fce8a9ece1f0b0137119c0c4d21bff10	3407.0	11
e21d9f482315985036cf80d1b20de58b	3383.0	6
6d8fe4ac153ead767024e041ff1f0ec6	3371.0	33
6fd21e5ffa3c3e4e702abe0809c4cb8f	3368.0	12
992072d045462445dc239b35300af2cc	3354.0	31
24cc939311935b5ba3880bc4d612ede2	3349.0	7
1dfa50ba951b323700f56ae62118551c	3332.0	5
ecf0f4d51606a7b8e2d98b72561a2033	3332.0	21
81f21c89a8b928bd2c2a1807e6016fae	3325.0	12
43ae3b2eb14c126d1c253911af09e48d	3302.0	11
ee2e7e1ec3775388a6a1000c5de4c483	3296.0	31
959d48a11e3b26c9268f0bd1dae6ec40	3276.0	29
02623be0a1647f9e032202aa05f2bb07	3273.0	16
ae5d65b08b9cce92ba95d0e0db93cf2a	3269.0	11
178c1c983a1c58a5df9a52519761b74a	3267.0	12
a923e17c373860b6f142072f2321ea01	3248.0	5
8bd2e1af4d7291f59e9648c99a61de35	3245.0	11
2faf2da5fa1e0ca1fa5b30d6718211f8	3238.0	12
9394eec407745afeb6370fb2a0ee1a98	3229.0	26
77f7d276e3c8901a8ae115f29f097e04	3210.0	12
5d6258540db76c65ad86353427443f4e	3203.0	18
2264f44e6cc521c4fe19863be8c221ad	3196.0	12
eac399be551a37984a82ce4cd94e9c69	3185.0	15
d63d2fb4984af9c91376343c33a1312c	3170.0	22
edaf7d0d7ca10d7eab9468bd896c5aa8	3165.0	7
74debac28f342eafaa0293c9b0c8a1c0	3151.0	15
96c676890af0757a6782b284d6752a50	3143.0	11
4fe9469053115a9cabfa281e4569f14b	3139.0	29
042ef0057cc5efc56e11fa7595324db0	3122.0	31
b0d15b6e80a313fb69589b75be11ab13	3115.0	11
3f93ab5f2c91f898d9b95722558d595c	3107.0	30
b12170ca709890ec45543e9784f0b593	3107.0	21
adf32560924faeac94c85c525b64f904	3106.0	11
bd7ede6bf713360002955148e6b8c386	3087.0	2
264ab205d9b1835a3c4eee642c67ca88	3085.0	23
927f2fa635ec9d651d171e9fef7395e9	3049.0	17
7360157a832d9a7f6a23bfe0366ac3cd	3041.0	15
5739e5fd0f606794190c77add185dbf6	3040.0	4
c9e8ec27744c2a77243ac4290bd62044	3020.0	8
2a2cb761074aaac6fc46cef8109896c3	3011.0	6
ff3a161caa349c8974af5eb1cc55c23c	2995.0	18
dffe442574c400ed8a7c0da8de0318fc	2982.0	12
44dd6aed4465b1d8d212caa76e021019	2962.0	4
bae44218d8741bc900bf7be7776b303d	2959.0	8
8183f1e3f9806994e125b1d5c6932498	2958.0	23
2c381163a4b86c5c52207711d91f38cf	2955.0	30
d0c4d1c8819dad84a39666ed53d5edad	2952.0	12
e84f4e9be3dc0d09677134a86f4ab012	2920.0	8
5d87bf66e1bf780c1a4d38e3ef0314f8	2908.0	23
7d5d7d768aa5888d1b7aaf11fdc5c99e	2886.0	16
ec7df906333a7c31ff93bd365114b309	2885.0	10
4a70c69db5a93104eed7d77118ef23c1	2884.0	17
01efc729291f5f745be2d052fc6c7ce1	2881.0	11
df757f989fd702397121d69cbb7fe1dd	2866.0	5
dd32ce05418ab4a95a3bb571e0b4d6ab	2858.0	17
beef5a54aaee13f217ecede427cb3071	2858.0	38
47070f48cc09b179f42f3523f940baf8	2852.0	7
8865a6d7787c4834dd3f8436697775af	2846.0	7
e82ab12c51a893c6d7938a16632199a8	2843.0	31
8846e771ee81b9b26019393037423f69	2841.0	10
8a9f7499cdb85b8efa497bb56256cb43	2838.0	31
27ff966b30e0e0cf5209a49dc629e1f0	2837.0	5
c12618c5ce389efb36182de8e74c683e	2835.0	8
5819f14581adff53196eccf208bd75a7	2835.0	6
77ad88eed91eef009bf64f101c96baa6	2833.0	28
a68d44a530b57f815e960e9cd235b60e	2831.0	16
14d6700b85708bdda961dad44c64601c	2823.0	13
e2555248919420c4a2bec0c6dbbe9a58	2817.0	32
6ac525b0bbb97e959dce41a61efa8d3e	2816.0	8
e665d297683688779146b760a16f0fd2	2795.0	14
16359f21d0b2b5533a521d3acc0b7133	2785.0	14
231e070b968242269b9ae5be433a7ade	2775.0	22
a35ec7fe66f10cda31d1551fbdb38afb	2767.0	9
4ed574befcdc03ee2ea4526350580fbc	2766.0	11
52d50673e4a2b4740f5c79c61dc23db6	2765.0	7
feb25ce582b38c9266f32d0f725b0364	2760.0	23
8769dce0a5401ef4f471691ea3df306f	2758.0	14
7ab1bc6052053650189083370055ae66	2736.0	30
52221114384bb86f6d15c7faf0014af9	2724.0	16
f741a5694381d86e025dad1d17fcd71e	2721.0	7
92ba7f0209fd21d97db34e9318ae29cc	2719.0	7
b332ca782c0f06dae60fa77f3a90749a	2697.0	14
7c8edaacc22420fe1d5f1d71d47f9ba0	2696.0	32
7655cdef432b7d272962d188c003b289	2672.0	12
81f6ecc5c623760a87bea55409abaff1	2672.0	11
e5a7841806ba01f7577bc8523cbda746	2670.0	31
8241804232fea4eacf826dd3ef89c3e4	2666.0	12
3c3b64d369034f26734e8e50f1edeebf	2659.0	7
48f9a54af823aedd7a92b149b8d160b7	2657.0	12
a66dd8d31584930c2b0f811f572dddcf	2650.0	18
40015c372648b4ced90e23884a17115b	2649.0	14
d60214fe63d26fb864bc204da7a56fbf	2648.0	21
cf7f9d75de415960a58043254738ee9a	2643.0	6
26d78c5c3b45cfb6db8fd5df50768cb7	2631.0	15
4dd97588e3cb14454bc658f5040104cd	2618.0	11
cd6eeda4cf4ec749b9f035f22e120311	2615.0	11
3063ba9edae918bd1924a483d363a908	2612.0	18
3e203b90af9337a5f6dd84a7cd4d90a0	2607.0	9
be626482e734d375178a4d3c2b01e4cb	2604.0	8
9075a6eaa9c4a5e99b1771a97e3a64e5	2597.0	7
3be6bc1c25b2ffa1202a4e752178aec4	2585.0	32
ba3194ed66684d323006cca28de4990d	2581.0	12
86c1d625be65befeb0a4e20e47a46cec	2578.0	40
8cd1266f0a501ef43e3ef1ec8812a32e	2574.0	10
949a4bb4954501dddd41da527f2d2516	2567.0	11
495d7fd005b9e7f552eb05c577a81b2f	2552.0	23
e1152ece87ecb1588d3edb8fb7ea16d7	2542.0	38
1cd12b57ad9272b192469066e91e3a75	2537.0	7
07cc4abd75f37379ab82859f241884da	2531.0	6
10b7b4dfd48468a89fe14f8421524d4b	2531.0	11
818342ab434c2d23133f012448f9a707	2526.0	13
68cfea453e9e99cdaabd317a9f093660	2514.0	19
5c4d99bd0329eed63502c582d98ad0b8	2513.0	18
53c6d19eec042df8c5d3a29ddb56df08	2512.0	12
1a389bf765c8ff0f92600f684fbe7ad7	2508.0	29
4ddabf97294e188a8915c03df3e1c421	2501.0	10
21c705edea916ef31b4a59675f84e4b0	2500.0	19
2aebb34ca8ecba0fa899b32e91f46d89	2495.0	10
b164b4defe505631879ea5433a0c0eea	2492.0	22
dd41af0e438291c312029baf4fa3978a	2489.0	15
ed6d35ccfc7234f17bc7dede1c51274e	2489.0	10
0d4631df9607c975a75be895b2e42ea4	2486.0	5
7413a928fe58b354bc945837a4e3529f	2485.0	20
a73d7a2680ddb316b3b65c764bec2d17	2479.0	17
38e21e309a8cbc2f51cf998bd1610689	2471.0	7
af2404da7ce2c14a85f20051e404789b	2467.0	8
6e776cf456538390385e670561fda3e3	2461.0	4
ab4851f66badb87ee22aa83616c47ab6	2452.0	15
c7c46ef1d383bcf41fdf365b4e7f5e85	2450.0	21
2ddacdc389c32b34b167ea4de99cd09d	2443.0	13
d334f11c69e464c3e16467ff8b75d145	2441.0	8
282c7bcc333123cde6d3a5773e352a0c	2433.0	29
4f9873325010312d450ab3f70284880c	2433.0	11
afb9b9a83a9cce9a1c1b488f1d7dfe80	2428.0	13
b696a6a2ff1f6de34e946662a88c6a24	2426.0	37
022eee6e34a7c61f52638c7b10a0c13c	2426.0	5
98a4b39fdfde75d956d5f68b835a03a2	2424.0	19
f9d48c0240472b6c6e5a87a7c4241bd1	2422.0	10
971ecba14c80fc041c0bcd649cdae12d	2417.0	12
b5c3db6c7ce259650d47f0f9da83130b	2416.0	5
6ca75d7197893620b75dc93a3e83576d	2416.0	22
6e234329e8978857797a599d954353a8	2413.0	13
fd92db4dee3f7951516d163ac439f62a	2412.0	9
ea3af29626a95b6c7b89d631bf1a739c	2381.0	7
2b718a7728d989bccc241119ecd86a60	2380.0	4
480f850802fa300b01a5d3cf7255ff0a	2378.0	6
e2ea0f9e5b629dc97fa50d4ef7b95f65	2361.0	8
899ecefd415afe4bce96e057539ba56f	2360.0	3
31428b02a7c596c8b26f28c69d06895e	2356.0	6
5ac3b40e60aade76221bac252205fbaa	2354.0	8
449e572326af3828d47543fd1d987b53	2351.0	13
8f141920e80267223d57c08d50424066	2346.0	5
fa208a8ead70f2176021eecace1f1c7c	2339.0	10
bda6b6e7da7508c68057140e7bd6cd8d	2329.0	23
a332a530a146507d1b2ba747aa2497da	2325.0	36
d5cf3cfa66a9f601b4eef7b1772699b7	2325.0	11
618319ea95d0cc4510d87ecce92f95db	2325.0	6
14f46e8db7594df4959a9afb713b28e6	2320.0	11
3110df49701dbbbb17c4d3a5305707e1	2311.0	24
084c6991aba842c8b52fc78689fd9a1d	2307.0	19
9b0a2e496e6daa40fbf56d2958afd343	2305.0	15
37766a56fc9ee13b27a458c7ffe674f1	2300.0	11
dc747c77af0648def410ebd15b8bd29f	2292.0	17
426bd7119a31b73ef734771a071a216c	2290.0	23
bee3ecc57a201dd5101fe4e1657bb2cf	2289.0	11
e42c867bb7ae1168752d74e649d282c2	2289.0	16
3b375ac8e3b500649433a75738cd130d	2288.0	16
22cf2c34531e13a1f21e9b6af2cffd48	2279.0	14
600f628d66316c93a54e5c7d9a06d869	2275.0	6
2cb5cc1b1c401523fb567f37d272ded5	2273.0	6
546345ef1652f78c1044ecb2437a7c2c	2272.0	11
7201d53bd647437ec3de879774eba498	2263.0	41
6ef0c69c9e150238572cb1f83b04804c	2259.0	11
b550f122603aef8631a24d3f960c89ca	2259.0	11
3142761aaf53ef992609b756fbb8b6a4	2258.0	22
7eedee3c33244ecbd2947ba013d1124f	2257.0	21
64663503bcffcf0cfa5d4d875b927277	2245.0	38
c644593d3b0fe2082ca9c869d3868fa3	2243.0	11
6973e8a8b8766a3142fdc3cda99c2c51	2238.0	6
83e05095bbe68ebf2583155bea681809	2235.0	6
93943544353069c28be1df55d408a7f4	2233.0	19
15eff8bd19510b7ad2389684d2250833	2231.0	6
4b3dc3348c111a6555de346476b95e1b	2231.0	11
4daf6493881b353f94211eece4973e73	2224.0	30
411c940af8777c337043efe99b3c7e6e	2220.0	12
f4f65e45426e7fe47f4f619dc0988b81	2212.0	24
142236acf2a6d010eea77008ae3b8db6	2212.0	8
86dda09477a76754107aebda0f23429a	2210.0	7
859a0ef41c9518500dee5ae2b2dcf8e6	2206.0	17
af0d5943c33faa3658125912eb70ad1e	2206.0	2
c0f190068d84d1c15bbbb90196e8b4f6	2204.0	6
037482292080cee58f5225a197b342ea	2198.0	9
655ba5862953f86c588f47a837a51077	2189.0	15
c96bf0eef9c4381f537eb2c18ed9f593	2179.0	10
9f4ffeb183606395a469b48c5de051c6	2176.0	6
36a3ec3765e0a53beb17732e70101dbb	2174.0	10
67c3fe7f37316c752098206b80a170ec	2171.0	18
2f00716713f32163aca2baa96eb78ce7	2169.0	6
c79b3d87e705bf6859d8b3a8a57577f9	2167.0	25
e53253f3df25da2030adfc92e7c21185	2166.0	15
6e0dd636909b4463c7b497b0d6905653	2160.0	16
b5467d3923e336ef251feac4e5372a84	2151.0	9
6849ebb8fb5f9480e421d751b86fdd99	2144.0	10
337895e55ba8e0e50bb9a5ecbe1ff795	2143.0	14
4166ada532e914247efb24136a77e0ac	2142.0	5
387255c301b8b6c022bfa6682f54596e	2134.0	11
4286ce497c6d05f6d462e1586deb73f5	2123.0	21
68dcd2d0e85d42fb12e85c1eb79c9203	2118.0	6
c28ecb0877c56518326bbc03487a08eb	2114.0	12
8b9f41638cfe6000c6683a9fc9a3ce58	2102.0	24
2841c82b61a7981b71d8eca0e78ad5b7	2097.0	15
44d28470e89e17e9058ee3531315f355	2096.0	7
abb55ca20263b9051b890ceb1c6d6502	2094.0	5
a21ee78544fc4fff8dd99ed67298b89f	2092.0	12
af12f6bebd7da3ee5261d3a5f5f80ec7	2088.0	16
1502e0ddb09b7c8e8885cb1bef84a415	2086.0	21
55d2b4bdd4a9f3302dddeff861157696	2079.0	12
dd5f8ca13be6e66f8b4f7f292cb8e02a	2077.0	12
843ec2e7d782e1acdf4c33f382ba7934	2077.0	19
e3384ca173358208713bbc11316a380f	2076.0	13
59e537f7c6d8cf2c96595c618d8c14b8	2073.0	5
317d445f0dc5ef174a1839fb2520486f	2071.0	27
8bc0f653a8af4525aa313de93f8d24c9	2065.0	22
51a17861a807777c7da587ce2830ff7b	2061.0	9
40c85a458df8d5a935122ba778d4f334	2057.0	9
99cc482b236b854e84d3a555ec90f850	2054.0	13
1ed7760bfc7eea5736db80250990f1d3	2052.0	7
b842a8af121a0a75aa911897ab11c0db	2049.0	7
b5aeea4eadcd68930588972b4604b4c9	2047.0	16
b9024a1f377b62508864cfea59b16a31	2047.0	22
c942f59feffce9c3ab527135de234101	2043.0	39
b114ba1f91d4faaa068ec4b94436a12a	2041.0	9
88ff081714e55662cc9e2db0bfc0ba2c	2033.0	36
d8c2923bfc5be7351e0f9e0347445780	2030.0	21
0a4e3dfcea170c5cf56a3dd89c4ca54a	2026.0	8
e9fc0da425d96bff164d25fcbf73b2a9	2021.0	5
08b324c685ccae399c23cc05d34ba94d	2017.0	7
55c9a917f82de53cd92a793abd49ae1e	2013.0	12
f51074f15a313c76f56cb507468c5f2b	2006.0	10
9eb26e9c3acbcabe15fb761fe7467243	2002.0	16
89aabf43d24dd5bd0fd0f5aca189d341	1998.0	24
b672789adaaa264799bead3748b3fc7b	1992.0	5
5715949aa161e6d4a1628f24d5a09a9d	1985.0	6
a65e5a4700321a90c775179eb4d81d69	1980.0	7
318c45298376282fd83ed65bd436caf0	1979.0	11
a433d47699339fe9afef1e7376f3ce65	1975.0	7
cec3ea401752f451e96916005993eebe	1970.0	6
999a1f43f7dccbb4fc89609fd2e4f9ee	1961.0	11
30207d209491dfb7de83344e77fd6fbd	1956.0	29
41f48610bd517ef341542b70443f905d	1950.0	28
88b6629f63dd4d468526426969d752ac	1950.0	2
f1bab5e375a07abb1fc7921a3b2dd2c2	1950.0	7
c1fcb1ea4134b5b9736eeaa5cbb24076	1947.0	11
836cf660b00da3b2043b9f3ef145d87f	1937.0	10
7416bddb322e05c4a285e44093fffa24	1934.0	10
8533e01a19fc5d624e49fe95dc3dfb34	1933.0	22
526f52c31cab3718fdcb74fbf3dc5227	1923.0	10
bc9fa56fe9461b90c35d9f73d4beec55	1920.0	10
de925f7f601a96d7dcaf550040683e1e	1920.0	11
b39cb0edeeb1b899010b148af489eb48	1918.0	6
0b6e96cdf0b5c7bdbabbe7a2b8d68421	1917.0	16
d6a848f01e011ee2885e62ba6057e7d3	1917.0	7
17fa797737286fd13d3f8a9be6aeaa53	1912.0	10
02d755c9d707505e778e160ff7a34ced	1912.0	9
06a7a7e6f6cef10a11cc9510a203fc55	1907.0	12
b01b99df453856c314fdeefd125f9850	1905.0	20
21e93b4127c48cf7bd68942bde9ef5f5	1904.0	19
24d1210b54c8531ad1311144c9bc34c9	1898.0	12
160e2a9135c93de23c8d2274a7e5669c	1886.0	15
5f953acd5a0dc97d5f47182ca7ade28a	1886.0	10
ad816153f1193fbf04158fa2848c17f9	1885.0	17
8687ca0061d4e6abfc952d1f59547872	1884.0	24
b423592b0ae631882095792b27729b9c	1881.0	31
7ac556f1241bcb6d455630c816f64093	1873.0	12
35428192d09828371d98141ffabed7f4	1870.0	14
dfa788f81b4ec5ba05105791b8b9e583	1870.0	15
9264d09f29ae6d5bd8da2d3a457717d9	1870.0	10
3c15331b2a4f8c26ee64bce1c500b1df	1869.0	10
b37cdbbeb6358bcebbec5fe95c0ab8e6	1868.0	18
f9ff879225247aac41e27d38d8a7dede	1861.0	29
10da6fd278a167b80765be2837efdb8c	1860.0	22
0b448009da369974ea6d7a6599742683	1859.0	6
462da9488e11fca6b384e9457af32f8a	1856.0	11
961b5998e0275232bfba14847c9a8463	1851.0	11
f8d6808f06593a6e40e07bdb9b1a6174	1848.0	18
4c2189b6b5ced3cb80093414e9449de9	1847.0	13
6fadc15b4c9f0314ff2757e0aac8f7e7	1843.0	6
29d396813c10fa18e76626799b84355c	1840.0	6
8e0ef89ffc0bcd12574f24fb237c1051	1836.0	16
319d15e0d83603c706d81698ebf7349e	1835.0	8
a1705b1f21fd266bf9b6a65ce132e501	1833.0	7
f45b62ab6ec22fb20364a7e05088158f	1832.0	24
c4bf407e1e825f2fab14591b1388b4a2	1828.0	12
4f22ff892dc6ef26384d5e3f74134cf3	1827.0	19
758b4c38f729399dccd4eab2f526ce71	1823.0	12
6cc83c34d05cde929245ecc69fcd557a	1822.0	13
82a1a4aba10e0dd5233f5503c7f88bc0	1821.0	13
f8409b6ac5f448a8b62e08be9adf9a20	1820.0	9
e57ec0bb7fda917997b5bdad684d6c8f	1817.0	8
e5711c1ea529fb575f2c692551333c4d	1813.0	12
c032b276f32c9ea8a795b612edca3267	1808.0	12
021b5aac4761ab94e8e72175a07cd3f3	1808.0	7
abe0b6466dd1e1af5818c757cca890b7	1796.0	15
bebee2786c1024b3ba4880bd779b079b	1784.0	11
571a9c17ce529f1df2622f6bcfba5efd	1778.0	16
566cc73d4e6bb430d8b0b20150752fc1	1775.0	22
6df1abdd07537f5301abb01064a90838	1774.0	13
ac7f0c5e2a54971ea887937d50f3cf91	1769.0	13
5ec685f3d9d87e20dfafaf776efc2c53	1766.0	13
1a988a429808024de44ca5b19a9af7b7	1762.0	8
664d9a4c5056cea91e52d439a3172118	1757.0	7
0fe3202671610dccd7f69523c643c3b6	1755.0	9
2e30ed6e4b14819f5ac44bc57dbe7fc3	1755.0	15
3d39c6f7b8400581e3dc84e4fb843e7c	1753.0	13
4d0e082a6fec508f05b01b7c013cc728	1752.0	16
cd22a41335b0c9bdb2eb548c4f5764a1	1751.0	6
ecaa9f4e15a28f212d9bd60f749191ab	1750.0	20
cb31fc5ba6ddcd133fc10f1ae9957ba0	1734.0	12
2b4d8f34885f662081497ebd6cebe05f	1730.0	10
bb6a38a6239720067afaf2878cf4d02e	1722.0	6
2a99b23ac5ab782d55085a57de9ae4e3	1718.0	18
a408c9539ba77611661adbd20ab92a5c	1715.0	12
723d4b4276d73876483e02b28578e61c	1714.0	6
90eb64e7893df8f30f0379b53de357fc	1710.0	11
b30842df6fb8881a45978c3ccfe43b9e	1710.0	11
001dba9ad825d131f20565e9a56d57d3	1708.0	10
149e7d5e484d157f2ac6140a2111618e	1707.0	22
67c40bbb0ea2572f918850b1deff97d4	1699.0	10
ba1de3331d553ae1475e40a66419df69	1697.0	9
393ce3f3ee9548b706b765be49cb845b	1697.0	12
da5aec6212d31707217864446bb87fe4	1690.0	19
10953d170fdfa2a682339c573faa23b8	1689.0	17
df53f0f5eac0e1cd994bd26ce0661c28	1687.0	25
cc4375dd0d92ba9cd9173b424477d5c0	1686.0	11
477734397215c70bdacce28d5685cc6e	1685.0	21
45655144165299f377399b3a030bf3e8	1683.0	13
907662192ac87558b3e3242dfdd3ebb4	1683.0	6
0afa9feb2dcd0775904cd1657dbbca05	1682.0	6
9131e982902cb4c0003eef5839b2f055	1679.0	19
6d92c98fe230b729ab5287eb973d58fe	1674.0	9
40281b2fb91b43c8ba4342e23f47558f	1672.0	13
4ef3055d55d33546d5879e21c58dbee6	1671.0	8
afe0f962961d375e1d9d677b55479fad	1669.0	12
5162c08097199d4a85f654ca7d41af3e	1667.0	9
af2eb027555501989da1c81a8f7ea1df	1666.0	3
9c23bd52e8c8b333cbe86816992aab6a	1663.0	5
959b1d7421939385c01cd0a3a7162869	1652.0	14
2782b9fa5065dac88db1f1bd6b78b4b1	1651.0	11
9eadb65dc540c390d417669169854e69	1648.0	26
0a7ece2d4c33feb2953e09e376a5cbbe	1647.0	5
1db4a6ed9cb354ade723150463505183	1647.0	6
6696a5b41887a6a957d587fefeca85ef	1644.0	11
fe80c0245977bd8a413ece64a788a22b	1643.0	23
378d7f0d1da29b1e838c56ec3be441de	1642.0	8
e9ed2542e64758c0e9e5c6ae48ed9ca6	1641.0	6
e58793c9a3a92f558629fc7f35fcfa13	1638.0	12
dd836573c2d98af8c472bc256f323ec5	1637.0	7
4e95283a70a86ab3ba3777baa75e2aa5	1636.0	5
96399ce5c40536152dd9f9d076803879	1636.0	7
641fe21d4e15d5adc80cf1a4b0525698	1633.0	10
54c281ab1cf2ce5342cb910e7252db33	1629.0	10
9255bc6594e157ff8b283a59fc6190b6	1628.0	8
364193e6d6fc1dd949dfd6d3c265d7ff	1622.0	9
97d380f3a287ffc3df3a708d0e39d7fd	1620.0	7
8ff9bf88926b6e1f5ca935d6e13cf5f4	1615.0	15
3bc20133397339afa19b98b0f346c488	1613.0	5
bafde8b64dcd825d2c9263eb996b6b09	1609.0	10
adc5e16755845c1e18bbb17f606ea4f1	1605.0	4
fe524f71a08b32750758b8c64466639e	1605.0	3
caa59f680620a277b5bfe1432798d0c2	1604.0	14
ea6b31a7d66988cfe91597828b254550	1601.0	13
7b26e4d08642a3a6444cfcefc877e1fd	1601.0	11
d4c164fbbcad17d53b7afa135113cea8	1601.0	12
94394d63f43821fde2e69f850be46c0a	1601.0	7
126db8823e22309fe870244075a6e829	1601.0	6
3764a39f07afe16dd05c516fa780c99d	1600.0	3
f36de23819016e1804be0b3eccd4c584	1600.0	10
2a99ec1157a90661db7ff643b82f1914	1599.0	3
eadfe94cd8302aa6404bca074522b8e9	1590.0	7
15addf6517b9ab1f5a3ea8fd9e2ec643	1588.0	12
ea2b0e4a93c24c6c3661cbe347f93b74	1586.0	23
bd7e83bd61dbfa76d8a873b12616118c	1585.0	35
fc4fd66e794dd6dac9df97342fd473dc	1577.0	12
aa3d561eaae21966a55c1fc9330d7acb	1574.0	9
17e9130736b701a9c075165ea5a0a326	1572.0	6
83766d28ed6786518472be37b27679ac	1570.0	16
b99703a162345491dd112dfeeb2fcd51	1564.0	20
18b459d341359d0f618974394fed6618	1556.0	8
c922f85ebf984d3b9bffc24bd23db92f	1538.0	19
45e40bed8a616b49604144e7eafb892c	1536.0	10
4d04d759f5a6615dac43060726239891	1533.0	26
6465fea83446d9c2030c57bb86193dec	1532.0	7
00788fbceada55caed2d6224baf52b08	1530.0	17
1cb2bf68bf81d7b354e44748dbe29575	1530.0	10
fe2ba316677cf54d04457f56d2018615	1530.0	6
523558d4e31fb6a2b0406edb0598cf5f	1529.0	11
81e00d9718d7324ab540d28c2a20208a	1527.0	31
eccb294d748e7d9b68ae3fcee9f717a3	1527.0	27
b7524ef7ac9cf7e32222a3068c9891b9	1526.0	16
be62296da5a50ea41e33e5dc71a3f636	1524.0	10
7454109782186d0de683ea7b84e1b6bd	1523.0	12
cc58711b4f7deff8a9a1a931723badc5	1519.0	15
45bbc89a3fb4cd7438fc15f1216622e1	1519.0	6
995926bfc7569f39bfeaf67860ec46a7	1518.0	7
c4900434c3cc85ebbcb34b744feca476	1518.0	7
5f9a234cfeaa7136b6dc9a4ddaf6f506	1517.0	8
0701a48d0f7aee027d1fcc3ee66aa161	1517.0	6
d133f867be8a97500a73558476fcb050	1517.0	6
7ffb51d1265a9537ece1864ec09fe6df	1512.0	13
9f4194aae6fac1d38e3006f98866c3fe	1511.0	5
cd8e72be78b372081ca793d9670bdd3e	1510.0	2
9799796c41b78e2e4d2a7aeeb2264671	1508.0	5
48a3137cf777247decf83bfca309f489	1507.0	2
ce6ecede43ef803787875bc78514303c	1506.0	10
8ef31508d9a2fc6f83935de5607a686c	1506.0	36
57061b9f6957b66ec4a84d31964b655c	1505.0	12
c162a4f3943238810eba8a25f0563cca	1504.0	17
8720f9ecd2331ce68e2896df1bf2d977	1503.0	19
e150765b9a4a483c7ec513bc6284d251	1498.0	9
4e88bb55d702c2be70d20800ec56aa0f	1496.0	13
2422766d3ad3e4af0bc1aa6fac53c2c8	1495.0	19
8937656c16c20701c107e715bad86732	1494.0	11
e6277975ebc41376e865ca102755a3c2	1492.0	8
a890229e8b7b9816dc556dfecbfc60ed	1492.0	15
446d81077935e09e302d857ad27b6c0d	1490.0	5
089e0fdf11ca52a29c911686e3eb086e	1487.0	6
46316fb2c838fa78178de5d79134fea9	1485.0	10
1270dc5c3e8f9adbdcc91ebefe5fdc67	1481.0	11
04fb295fa9bbc4b0971adc3b84921cea	1479.0	2
b99b3f982ced77cc80eaece6527ca676	1479.0	8
ecb0a966ee746cb63f5666337933309a	1478.0	17
a49c6b570c1baef9b461f6bcf7965ce1	1478.0	11
c492de42a100746b833a7d4b69cff7ca	1476.0	11
8066ac8a8f3388bb7b83f991e35f4d82	1474.0	22
bbc79827f232ab8add67bf6e0e6b6474	1471.0	22
85a4c34499abe1068bc03a045cc218b5	1468.0	10
9f2e84dbd5b44a36ec656339ed2cb616	1466.0	19
3a1461e8439091ad6b93af0ddb3849eb	1461.0	21
5d1e1bf33aaf53cce2bf03310422e4e2	1457.0	22
6d5d606d108fbcadd7de59834c6c8da5	1456.0	18
3849a3f8ce0fefc501e0cff5974f9ca4	1455.0	10
ce9a775ce0e9792d5bdd35d1d11587a8	1447.0	12
b5f464512281322518b5f6ff1fbfbfdc	1445.0	19
4a86baaa7e5adb00842830155d3c7fd0	1443.0	14
c40193533ccf55c965ce3107390b3504	1442.0	10
da45feca5941e54d55512652e2d65c8e	1437.0	8
3b87ec53b598f09d0a16e620c6451a5f	1436.0	11
4a1b235264d7c2153228e161c68c4029	1431.0	8
762a7c21e38067549081eeddb8dd2395	1430.0	31
4b183c9afd03f7c3c6b739bd4a279953	1428.0	11
5b6493dddf4adae5b1eb7314e6a63627	1427.0	6
187b86bf419836d2325e413a45fb260e	1426.0	11
a798abb22f0cd02c6061ac9753910e3f	1425.0	15
29317cb808ba164976e82d3f7fed7bfd	1424.0	10
2d549f5141219b9c40fa1ff1bf215f69	1419.0	9
e5c67d4a73757253e743eb1cc11aa761	1417.0	5
a6bf93a2e5b09159134261bfae584ab0	1413.0	18
cf74b0347e8d21e462b627b4e3733614	1412.0	10
cec4260217c0080de9027e7e4d0ebe05	1410.0	7
649c3ac7f346bbffe07c8b41c8ca0d1f	1409.0	12
70135606ca09477f5837dbaed020aa75	1408.0	10
aa3e2d76e864d7909b51110e211ef36c	1407.0	29
d49d8bb892cc5619a2bb435f24e24de9	1407.0	6
8b42e83e916050ff375357d6314a901b	1405.0	21
d21a09420ef903d70842065433681b8d	1404.0	19
744a87242567ff98535920e09cf99f93	1403.0	6
3f9681bc6b6b8e238041c0d16644bb4a	1401.0	11
5245d247493e1e89c99f7fa80421a286	1391.0	8
27b492aa48528effa647a587eebec3c5	1387.0	10
4af256d1cdba0fd8fa3f07ed5fa6a34d	1382.0	13
ca9650cf027770fbb20e82f9a2e0fb80	1380.0	19
93a3aef63997c4b95ca91beb251c8f7b	1380.0	10
765a7457223d0e7923a7d85d9a6bc3fd	1379.0	9
8389fbe059e147baac4fd2e08269b13f	1379.0	3
eb434efb7dc73e9cbc696e3999c2d868	1378.0	7
a35267fa13978a8896f6d2e208fb2aa7	1378.0	6
38b47c0976bb34aa49e891f880f7f347	1376.0	7
98b0aec2f70733cc43aeefed6237b2cb	1375.0	7
1122e3e704b3328c5260229e1d706986	1374.0	16
426c03b2c4ba5ebf11aec57b63ddfbd2	1372.0	7
e5cf41d5e878b89169e8596e4b0718bc	1371.0	4
0c116ebff0475190cc6c9d135bdcbf77	1369.0	5
08a1598eb1ea4dca23db1135552cd5a7	1367.0	16
26152832014db6a9a423d64dc32e45c3	1365.0	12
b6f59c7debf0b592312abbceef553d7b	1365.0	13
490acf5f359a3d0e922d9a3fe8c07ebf	1364.0	4
c70baea37b9422915a7f95229afa6e4a	1364.0	8
b355546f8143ff69b361751f283a7468	1364.0	16
e7ffb12a7a706f9a8216afa0eff1c0e0	1363.0	10
8946bfb8eed3cbc101820f07e9ad563f	1363.0	13
0d31738f736f76e24c84f379d86a7c95	1362.0	19
45434600dd012583a6dbc10f284cb15f	1362.0	11
1d640006d2e424746d5ec65b8ca340ab	1362.0	12
c5e4639161b2f857c8cc423f54fcd3c4	1361.0	13
3c543b3313cd094efc4b6185c48d2176	1360.0	10
b1f5c0ea13abf695576845e9caec5ba4	1357.0	3
348aca0dca9ddedc98eccb9f2aa496e3	1355.0	11
378352d90398aabf67eec3769512c65c	1354.0	13
fbfa4004360da6f3cd72a2a3749ec651	1353.0	6
3e2db55495d9c26a4bb18cfeb9f2fbc8	1350.0	8
ce13c65b4b2b95ccc9fc078dc231d0a4	1344.0	12
594baee8dbfdf32d8bb5c34dd8d4259e	1343.0	9
ddbf0e90625df3e5ed4db8c35a109813	1341.0	11
40f601ace307dff700d7343c797f8761	1340.0	14
a404be659505e01988d16b8569faa9c8	1340.0	11
5b1954a083ecd9f5a611424a445fbd47	1337.0	18
34ad9457f9fd52d6f45bbb90cc43807f	1336.0	3
7d28c0c0264bbf2ad887391058efd9ed	1336.0	6
9a655c7a6a3657fadd9dcf0506f50e01	1335.0	7
1ac8da46a33e7c5c082d2a9188395d8e	1334.0	6
ebae26738814f99315ddde455fba3ac4	1334.0	4
250329d0cbffc2099d4d24920bd77eff	1332.0	25
ea3433f2c148c6fae4cc2e9ae197f5b8	1330.0	21
aa92b2178e645bf9cf518581143b581d	1329.0	9
a32719ac6f6372ec8caddb34250bb4d5	1327.0	7
bdf5c87dc5d371d90b8b4a1c87655fe0	1325.0	18
d34491e3a02cd6a3a1d381669d0dddc8	1321.0	10
a1e44789215ecc7b61d3c7b15f2ac7c9	1318.0	7
81bf9c58b788685b783a54a9e967cf98	1316.0	7
2ac8b2fb4ff7f2540bf5a64037f2ed71	1315.0	7
f93ab3e41258494a2b2c74f0d7c87c4f	1315.0	4
44df67e66c59defd3970fc6e5c00b7cc	1314.0	5
cee596933b6ed548ddafe135340bfcaa	1314.0	7
effa5a351b78ed7412fbc43bad8b51c0	1312.0	12
371b4c5d9c7e44f8d89990b8601db98a	1311.0	3
65e21780bd6d36511043601cd512bf48	1309.0	8
f44e80fa35da44bb8bfc6288d73b7f34	1308.0	11
94df2cf291c9039ef5c67cb48fc362b0	1307.0	16
84693ded5d03d5b9d09aefd11ca91f39	1306.0	5
3e347c836e307d255ef52b470e02fe83	1296.0	10
9e5dffb9601c7781233c8f8a157cab5b	1296.0	11
ff154a3816c2aa4100a7d80c7559d611	1292.0	11
5f59ad3567a0c840e0e6b53ab9afc5e0	1288.0	11
56e0f54116975104ec829cbdda321eee	1287.0	5
b14925d625fdd18f4b7b9803a399edb5	1286.0	19
6fcd7b34715bb079eef60dabd910775b	1286.0	11
72dfbbc5a881c99cd4ad02cab1800aa2	1286.0	8
d0e91f9c155e0a69f60f044c82b92b0b	1285.0	8
6407a8b762177a2bc73c8cf959e2ee70	1282.0	8
5e7858798460b761109fff68ad946823	1281.0	11
fea9d02fbe9ea5866715c0b4e52e7771	1280.0	10
66e721c383b34652f02083b6b7df5a35	1279.0	5
b431a227ee1d2f3386c168f332f152be	1278.0	5
8f10e987cd4d41c34162c0201032a9db	1277.0	11
b4e6fb6c13cd9e6c4ea9c4e5a435afe5	1277.0	5
c6622e664d267eff5fda9b16f5c5ecfa	1277.0	11
ab48f92b20a15e9ae250a144c7788297	1272.0	13
5fd059ec698be9367756a90675807716	1269.0	5
869cc65beba590d6d47988119e17e098	1266.0	9
b38ee1f6febe5bd4352de30703168f41	1264.0	6
f9036ddcb51f637337e9e3c452003e93	1260.0	13
bea64b97823727338048725c402db6ed	1258.0	6
0dc8efd8023c618c0bc71383be9fe9bc	1258.0	7
6544aa330ec6ca650def4e40ae77daff	1257.0	8
9eb58e6194061af44e3b1d87dc635c38	1256.0	8
a3973d5409098d620c0e310959e0c5f5	1253.0	7
59326c7a9e5998501820c54d57a8be85	1252.0	14
97c3cd41d3878f8f441190d5a9bfe578	1251.0	6
369d2871a2c965d837ada3d9153d61b0	1247.0	10
6f23952bd1b77802f8c09636daf49d09	1246.0	7
e37c13971d4d2130d507817bbff8dbd5	1244.0	3
59efce455b3a701cd5134556c6131e8d	1244.0	20
79280cea51a6fe8a3432b2f266dd34db	1241.0	19
494ae8a2bec07efc7edd38f22a3acc8c	1240.0	7
411892a8cab4f38ff090506362744ec6	1239.0	20
ca133c033c970b7a051770f78b98a8d0	1239.0	2
096cb54b348d54fab5564988e5c63313	1237.0	8
c2655c893236a77fb656eafceee54bc7	1236.0	3
7766c9e23cca8874dff77f6f4e4d0668	1234.0	10
632c8c337871b561e33090902b75f6ce	1234.0	10
bc3d30230a19482cba4a63e9382846b1	1233.0	11
c8bdf49e93af95fa225a5f6d0a4c58da	1229.0	19
f7686a74ca2d3729eb66305e8a26309b	1228.0	18
08c3ef5a7c8c63898a9e4ed7668ceb6a	1227.0	10
c0084dceb0e1a96961c654743cdfd32e	1227.0	12
ad16bfb1c19634519144ec13cd43d00a	1227.0	13
2183de565648a7e1ee5e172f691362fc	1222.0	8
f38196dc24446481047d5059a4bd43b0	1220.0	6
185afa24c404354b01bc6d60588271f5	1219.0	11
c8a3cc7179f40554c7a777002097d21e	1216.0	6
3ae763d6eae5e424384d117c6de909fc	1215.0	8
4fce604d723d14d1a01d12e94798d3df	1214.0	5
e4c549ce9341a21217e3f455043d822a	1213.0	8
0109308f1c76c8336b8cf051d2e0cff2	1213.0	12
3100a05a430c563946b8e57966fff0ec	1212.0	17
0aaad4f79a695b02934a4027b7c8b300	1212.0	11
750440c617149ed853f7fb496eac8d38	1210.0	6
8d40af6bc0786bc5991a6856f7b0dd3e	1206.0	8
06914e44819c1481426aab471d1acbd6	1205.0	15
a5d0fba7e7300ca0cc03ca38dc425192	1204.0	4
320a187ba75e2878ad619a7421523afe	1204.0	12
6333c65cd4acba0e93afa131abf66f79	1198.0	15
ce8ae0c3d1f40b14470db0f6ed3a32fe	1197.0	6
d2c7e0f2af2f5e4e4eb640b1f35eb5d3	1197.0	10
a7f592405a5bbcd930bf1bda1397ba71	1197.0	16
59677fba0973de98301c80ecd3d0c487	1194.0	8
77efe89c7c95eef0c66314fa294148a2	1194.0	7
00cac0d63dbed24ae0e13b01cdbcaad7	1193.0	4
bc59fb14d11a3ba1dab9bd423769000a	1192.0	10
44ae5e638b1993837e814931023aedb7	1192.0	6
f30dd67386e8a11730c27c8f514ca280	1188.0	10
f8b30afc60571f0e6bd8b9dd63e8b939	1187.0	11
368e35ef15ede0d91fc27fa052f8a14a	1186.0	10
47ad35356a9bfec68416d32e4f039021	1186.0	10
4b67505f5cfd1b306129485d492d5cf5	1186.0	4
f3e8b268513a78d7917902aad575eb69	1186.0	11
1037ac77a33a6fb3af4d956e8c2594f7	1185.0	11
56b4fc6470619bc3a26f68afbea88560	1184.0	8
6a9eecdad7adca84bf721d4acff9262b	1183.0	10
981de6a4bdc4eabaa7719482de9de123	1183.0	11
b3fef1e26b7b6ac20847ede4da68547a	1181.0	7
583b0be69b4e4e94e125c5fa5ee41fa4	1178.0	10
950d3821b8196fa1443517bb41128af4	1176.0	8
92411ad377888addefe52b0df4758ae9	1175.0	2
90e23ef4556cfd16d9a071fe3791e2f0	1175.0	2
f01483c754ef6d699df725b62a075ca5	1172.0	5
1ea6fc63c384e0e42b806e84eb561e1e	1172.0	12
4bb25a857d8b12a0f4144284e5d1914d	1168.0	3
062f42a82447df88351a95e99ca7b07a	1167.0	24
3d766867c97f511431bf97e059d6498f	1165.0	7
948f920509d115a8e4deea99fc96724f	1163.0	13
66a20cac5b92428e0131dd0abbde7c8f	1161.0	6
9876a0fc6302cd3a01402d147a1d58c6	1158.0	10
a94009d0de14339a39250a87e865e14e	1157.0	2
5cbe058d01227663e48644fbed0198e3	1156.0	11
243e78f4d924e01ab09fe8e826980bfd	1156.0	12
dc086c8d51f22c5b72834c16ab95e503	1146.0	31
ed11896ca6e2f33f3f666f4d5a017830	1145.0	10
1caedb0d1c4755452d45950d404341f6	1145.0	6
740fc06aaaae6d8c763827de73127bc2	1144.0	9
b15c2f466e16cc71ebf6253c21bed6ff	1143.0	2
9f4d14b114e7499772a797790d81c1db	1141.0	34
efb9d50338d52565e5db8e9f0b6bea06	1141.0	3
92b3c3419cd9f2d39dbf1f601ca6a26a	1141.0	3
e82f395d24b7b99c0ac696220bcaf879	1138.0	5
796def3634037a64f34d2b4181ff5fd5	1137.0	7
61ec0dcbad19907f2c719c39082ff45d	1136.0	10
d40365904a6c8f51ae57d2b799776198	1132.0	3
50b5aed8a1e6f77d11e44ab024b87de4	1132.0	4
482cf4e95e7f5e1beec0a433a490a678	1131.0	8
bfcf5646be6b0a74c2f619b2f8b30c3c	1128.0	5
55aee81442cfba9d4cddd6594996fb8e	1122.0	8
e9af6bdc350fa5a144f1ba20ec150e1f	1122.0	5
0386e4673a418e25a280529219130fa5	1121.0	15
46bef2f880669823f64c9bfd862d899f	1121.0	10
16a0655d9f2d6d566a02c341b32a9f7d	1120.0	27
94b76baa7b76d9daaf9f375abe87b6db	1120.0	11
88b983a3a3cdbf79a5e4226b5e20ff73	1120.0	10
eb0f655873f8735bfe4109051632cdf4	1115.0	11
48782c75b05eb4fcd8724e4914ba783b	1112.0	7
0bd5da4d890c980d765430fac15c78bc	1112.0	9
2c744de0a657ebc9e55beca477392702	1110.0	10
702ebef880eb9c4a4fd0a2b7e6e1342b	1109.0	7
e9ad916c93ff127ade2a8283db7603a1	1109.0	18
26f7427b678fe6f9d106e607e0fd5190	1109.0	20
5187145018c14e3cb518eeff977f4839	1108.0	13
eb7d3744fb0e53933fb5aceb0e76d2d6	1108.0	12
5fc34be86ee3eed1c23462a1579e3790	1105.0	8
4a68605bd79541cbffa2a739029d6bc2	1104.0	11
1ccb92adf12c0700ae14c9575adb13cb	1102.0	6
67a1122d40d243fded1394dc073f6512	1101.0	10
ed62fcaa6fae816c5bd611cb5d69a3e3	1100.0	6
2fd0d7c27a2fdac34d1084951a0a1b4f	1099.0	13
12f45c0c81684a8fe091abcdd762645b	1099.0	8
8972a4ba5fef74dc145221484dc51200	1099.0	20
a8d610c4cad1e7eafdb6bdf999fb7583	1098.0	6
fc63d4b0f0daad171fe412f68921aeb1	1096.0	8
163fe9d47ba896dfd9c0c35fa842a53e	1095.0	13
8047714dd10e9987f6e91cb4717e8579	1094.0	10
883a1cf48c9cd20216f74d961cf1e46e	1090.0	10
2c06105fc8a8c61858f0e9a33493bcaf	1088.0	16
cc42ed01e236e8f05d25a7310d47e354	1088.0	5
32cc9f21ca80afcb46adbb90e1cbe18b	1083.0	10
a7cc555e9edcf1e5642f404ee6ac2b87	1082.0	10
b50da0560bbba6ee48302b3438aca5c9	1081.0	16
c74dae628f17f729b38026ee81438705	1080.0	4
ffd46a862d148bdb1268b57a58838f75	1078.0	18
d1c8065634e61ffd4e51f6004dee969e	1076.0	6
6f08813b55371386db25606ebe74c944	1074.0	6
39170f4ee60cbbc2a0c476adb480d644	1073.0	6
89da4b0954de5d59e8a2ca02e4c7dded	1072.0	5
2c6bffeba50127e79315826e4e78aad0	1070.0	11
b0e6358460dd92ecc81bf4d2e71ce2e2	1069.0	14
4ea6d840024e7b3422cf563dace732b2	1067.0	17
428449f8f881c22e07506c8fabffb82e	1065.0	7
e831da6aeaa2c2d9ecdfebbc16fefc0e	1065.0	20
a9ed3a06206f092171de39772179fcb1	1065.0	7
1f715753428f33d89296600080a47326	1062.0	6
4bffeb9d1d9fdb001a8a7e14d00d70ef	1061.0	18
82b6f19a84531d3ce6c57bdd6c708398	1058.0	11
6152551b4a74733b7c7161f04e56758c	1058.0	6
5f954c451e9a9a7a882dbe5fdbf17011	1056.0	10
d111cde8c903aa40d896e396fd1ef7ae	1055.0	10
c173f8ebe4db5c0024bb5954d2c2d020	1055.0	21
44bc01ed2486a6dc8e1128491946fb12	1055.0	5
08c12fc99a4e31c6683c5730f8f4dce5	1052.0	6
9b5e276a319cbd9c70cf88aab9263984	1051.0	14
910c432967b38f35eba8eb11a8b63fb4	1049.0	2
5eb38a7137c9f88fb341dd004910d3c5	1049.0	18
2e543ef186d36389f07f55c5c6939e85	1044.0	16
55756fef8d97501839a6191b6c2b6ee2	1044.0	5
8421c0e9d5a940705a74312ee5532446	1039.0	10
dc398671180dfdd6b2b24523f4c85a77	1038.0	9
279e441314e1a9a5837e9828859b0500	1038.0	5
7928184790f1ff6b650c9375d17b04b8	1038.0	19
6317f337a327062e49f475f1a0265e60	1036.0	13
0cab777c2092c12f197664bc36ff2b7d	1034.0	6
b96547b56c96606b4e055edb767cbba3	1033.0	12
413ea77358cd52ef4119be18a454b812	1032.0	17
9e71d7b3eeb1141cd492e677660d6163	1026.0	10
35f2e7933101fdad543f6e2f8318a768	1024.0	9
5231888d590b56ec6c4111abd8dcbcc6	1021.0	7
ecc047ad1324e0f8948214f958d5589d	1020.0	10
e8ef94f9b7b8c1cb5001b1a849d01a0a	1020.0	11
2fd0b16f9bd3b2eefa212dcb2cc277a0	1018.0	6
8b4ab3254768aaf8c87f7ca020e242c6	1018.0	8
188d869ff5fe20b3b3254f0ae78b7bbf	1018.0	9
52a0064d5f77e6af77ba06682860e599	1016.0	10
be875f3829114108960a87b9a2d97ca8	1016.0	10
54b70ffe5eb984aee837ee839d20c310	1016.0	10
0ae3707844c63cb546f2696308b4f57c	1014.0	24
fc78ce070517630df3b57fa7d4d5ab3c	1013.0	8
dbeb2543f6f53495b82f033d0ad0824a	1013.0	10
a87e090efd597c63f5934d5a03dcb9a2	1012.0	7
629f866164ba54bf56edf03c526d258b	1012.0	9
9ebe8b94bddd7840df9bd3e70f6be75b	1012.0	8
c4b4459edd193903b91bddbbc9302f93	1010.0	7
2e6688b015533dc4c21ccc12afa8067c	1009.0	12
6c4de756c45fa6e7e5adfe196f9f0039	1009.0	20
b6123b835a1caaef760a65c3efadcd81	1008.0	11
123230bea74f8acce91bdc424ebfe030	1007.0	6
1ba91e2da4a5a9b125454efa4c7c9fe6	1004.0	8
b3d7a4b9feb2c0184fa6f74e6f13249b	1003.0	7
ea0eabf76c2915302963bcf7091a6b86	1003.0	6
0678b3cda98cea989ef35932ac93d0a7	1001.0	10
42dae1c16fbccd35480027fdfcdfb147	1001.0	10
f63f709971226d6b45a295c7d468401c	1000.0	15
64481cb17f824d343f6f11d9f8412205	999.0	12
83719fda53fb0da2517cb5c389afb185	999.0	10
668e72ed77b8890cdc3116f1bdd381a8	998.0	7
877f27b47c85f6b2d3cf8a6aa86def40	996.0	21
03543e5428064c215c529d34654a70f4	996.0	18
1fa555f9a74d47a6ca7a65a347bc885f	994.0	27
b5020c2668f833831997c76f1fe67075	994.0	6
1c6ecdb193cc75ad123788bd91380302	994.0	13
f596fa835cdfdb22d6494b012f61fff2	993.0	18
1bd8aa3ddc8e9d592243bc370ad47061	992.0	9
67cf54a3dd4dafc44a3afe2969669f6e	989.0	6
059c8f8bb468064b134ea6d3661761ea	987.0	18
87533b22e068c380ce59da78f0058ca3	986.0	6
f8d890d0634f53429b6eb05af577cb79	983.0	3
49eaee25c7f6eaa234c87307cec337b5	982.0	12
375a3bd2a45cbcb4b7be4f6e704bdff0	981.0	24
4f409dc944b62934abdc23fd3cfc76a7	980.0	7
26bc1bd6fbf3e83361c758fb54385ff2	979.0	10
28640a909ed9232688a989bf1c069611	979.0	21
9c9210d344e78f933f4aa6da483f6683	979.0	8
94252ea5bc0588916403116aa318c2b5	975.0	8
efaee5c487d18d947078ac6a492e09de	974.0	10
719154ddd203494c8adc7dc6d9872673	973.0	6
749e49d47e863053c7cc093f6d3d0c5e	973.0	8
ba6cfa4fdb87cca651606fd185fdc220	972.0	3
7d06881de47953f1c3379a406d109ad5	971.0	12
6604924897bac024d812215b6d5f83fe	971.0	15
4d249787a52ea8aa913b8f1dca235800	968.0	8
65e59a8302637b7d94be4085cfa1b952	967.0	13
9a537a323b2765b304d5c4b52171c68e	962.0	6
59a2cdeec2e28e73706dd4b179678c87	961.0	11
04dcd2c77d6bd2bb78eb378f61f72589	961.0	6
f1f9417d207c79cf6ce9281a81d83480	959.0	5
540ac4a93848bc0772128d0dacf114e7	959.0	6
e32a90f7b56a14251f479065ec286a9c	957.0	2
728944d66e62fa5c7f29fa69e2313aab	955.0	2
ccb24f647477188a1452cb6aad28b0c3	953.0	9
c3a01237159b8838f43def0573707d0b	953.0	9
a13a1a2f090430eea06b2ade4dba39fb	952.0	12
155480aebb44a0b9fa1f452490c37dd9	948.0	10
957a128bae73ad602e6afeb7b8d2aa68	946.0	18
8a6f6ada5df220e324c2cf312d05e44e	946.0	10
cbff84a09db11ad3e4f7fbba603ca487	946.0	14
43919ea1305d0ef66cf803453f5a2b80	944.0	7
e66b2589eac89c6dea89ee699cc74327	944.0	9
daae1ffd416d13e67c07922e3871cd4b	943.0	9
256515d71e2098cbebcf4ba5fab55be7	943.0	7
cdf645f1e6d7591b80c1fee0f49ee78f	941.0	9
e166768908cafda68b351151fab8efa8	941.0	10
2d1b7714bca9bc4bf51939dc2f0e8e88	940.0	9
2274bb4929a0b324c7445da1b8b2bafa	940.0	9
2c7373037aea18de27386e3af6403906	939.0	13
52e021bd394cf03c0534f53f98326e30	939.0	11
5d62137a2d05df0be8d6b7e163a3ef08	938.0	6
85c3fdc2c9586df07581da1cd58264e4	937.0	9
0ac7d4cacbb81c9c8182426c988a1c21	937.0	19
1aaf2c649d232853e08b43039741efd2	936.0	6
feca934b87b8b16a36de2fd0907151c0	936.0	17
394d8ccbdbd21813b3ae7d4564fe120a	933.0	7
e1e7a0c1c7145d30572c19d1c73f262a	931.0	11
bdd9fe40a8f9d95b370198793dd3e202	930.0	9
74051291dca7519e45960f1a4a2c4a77	927.0	6
3e25a7619c1aefe8228440f3b89750ad	924.0	17
d90c0d8b3cb572fb281fdcab334481a4	924.0	11
f09ca081a69806aca5de24d404ad4c6c	920.0	17
421ab086e164cbccc8ce9e732a1a2205	919.0	7
c408112009ff3445a5c6faa75f6d5f0d	919.0	7
778c2c2dcceba319f5ca8d21c680bc05	915.0	13
6936892ee3078c4c1f2c0f49d82f5cb1	915.0	5
f74c08185d8a2b0c911a5243c44410dc	915.0	9
979578981da3916b394bf24c32bace21	914.0	21
685a034e0be50c13868b3f059d3acb2a	911.0	8
9d32f738de2bdff3c77416c8c2610489	908.0	7
e72acf8e3939d07722ef4f6f930a0a10	908.0	8
4809bea0dbfdf1449388e6e1cf02c813	908.0	12
c1cad39687c9e6d1a9ff9f33ec614548	908.0	18
e2f630b3099170054706214b62986bec	908.0	14
88913569f37bfd9069f1f1cbf0f3a352	906.0	14
efbd576c56cb4449556178bf808e8e9e	906.0	7
98490dc03743efd6c4185c96c4a2c86f	905.0	12
90efde72023291ff1a15d3ce86d9d8fb	904.0	12
41b608b947420e3dc6e62bf63e4c56b8	904.0	10
0c31c08e8ff0743ab270a11075d9687a	904.0	7
d42e2567e1c44090de1f8f6a5e867357	903.0	11
01c2e0259e947e0c4dd73f54de75c37d	900.0	5
9dfd9ad6bafb8cf7589e0e730a831a90	898.0	8
dbf6f47f0cd253642757ea66b08c021f	896.0	6
889d4545bc21e57c52800ff90dccce06	896.0	7
15af5c43fe9a64476fa7b4ad4bf78ee7	896.0	18
b2d1b987196153305ddd096a42ca62e8	895.0	8
11cd6f52abc41afb8564d5a95501ea1b	895.0	9
f36da7b769544daf684b1ebbefdd74bb	895.0	11
44eda700f8a2eb7822bc7df20ea690a7	895.0	6
7a2f721ce7e12be6fe1972ede584c55e	894.0	14
59597cd430deea6d8e0908dcd6db7e50	894.0	9
3761847848a5132301f80088e5a7326d	891.0	12
bfc7be69674a2dce75d74512ef4b319f	889.0	21
9ec6cb387614421c15bfb76e6289caa2	889.0	10
bda2088387ece90b43af8ed61c641b93	888.0	5
5119d0be26f5d5748c2241a58bec6cd9	887.0	12
6a5c45031114b39ab6ff76d101e81d74	887.0	2
08f86bb50dd94ab70c2d02ec4d65797f	885.0	3
f6abd7dd8a28a78362fd7554996ad550	885.0	5
4f114639d6466553b0bfb531b7a81f5f	884.0	8
4b12fdf54d28541a25771e2c1ef87d8c	882.0	6
9df2b105eb322848c1dbc46167bc818b	880.0	8
3938251ad2ee16d94ccfbedcffc77e11	880.0	14
f797ee00524b01da9e42873fec779eb7	880.0	6
76fb2ac4cb9119f054ccce964313528e	880.0	10
66e48dc12e64cfec4bfec52f38d2c8bd	877.0	5
1398a3041d2777c3479bf156c8c88bc5	876.0	3
75a839fd1d8849e25ba76bd388ce5a22	875.0	24
011ce262fb169af46817760394dd1fdd	875.0	5
49e92eb5fb856dc8902747a55fad90eb	874.0	8
ce31bada1ef54b01a76ed192eb2787fa	874.0	7
08348028c82d281b5e58135b9e94f1f2	873.0	5
5d5d96da2b203b1ac9c43a2300860898	870.0	6
97915dd17c84e1faf418ffdd0e98a055	870.0	9
73b17670a772019931a795b8cd848936	869.0	12
15d015c48ffda2779e95d0eb136268d0	868.0	7
06a34f95edaddd395a0bfe1d296b3882	868.0	2
564cac4492536b7227a26cf832793816	864.0	8
c97220e6c4063a029dec2f8160977f83	864.0	19
810c8d3a928b9db404f0d0646325a479	864.0	20
d084bc8694859ae6f7aaa2b9729821a1	864.0	11
0c6a4cc06d1131ceef3ed171b3cd7c17	863.0	9
a7e993612f9b474547479f9955bfc0ab	862.0	7
db55461b86ac8a8bd3707b29dc6462ff	862.0	7
82c0f149ae808cb0bd8fb6e3ab0307be	861.0	10
779e2ed8d6d897c0bc01a52bef5664af	861.0	10
285bcb92051049cc9457ffd0cccd58f3	860.0	6
8dc012ad5fc01f8c0f8ff85c8c802ace	860.0	6
1a011df7117d2135f0467f6b6a5ec27a	859.0	3
1055920acb53e0b6158c445ab9abe446	856.0	11
ad52a0f6646c574417ce0b13b84acfa9	856.0	17
474b08d4b3aab06300545b59b9135f4a	855.0	19
863700a4effb1936b473881001886247	854.0	7
2f81d05ad182b72ce5452795dcd58ef3	852.0	13
16fdcda38b2a67364e6679f6b197a774	850.0	8
57102709e0dce3615f148ab029a92b36	849.0	6
1fbba8baff62dacfeb35d42108999faf	845.0	7
f6bb751604e5c2379f01a308d6fb9fb7	845.0	7
b95e86cdab3967694acd78a97a30c310	843.0	2
322e06841166832956b0a267ddafa149	842.0	2
38451635308bb47e8cdf4b9f99b51c0f	842.0	5
d1067250e5870d011608cef7326452e3	842.0	11
c65c85cdfeab86ed4b327f4cd3ef5538	841.0	6
5f73261a595e0e3acb052c3b629fc005	841.0	5
28bb502265419a0e86626d75a1183ce7	841.0	26
6f27483142a9a7f763f6422dd9996e75	841.0	12
e5115b00e93d61c0c0d7efa703c0333c	839.0	10
9a2a18c7b857656000f19d17a73de635	838.0	12
8e947f15a26cfec5b5f13d35479e7935	837.0	6
aa6e9e282be74fde5916070761f03bba	835.0	10
ac2fa4f99d9c8f83531f6c7a591552b2	835.0	17
e0cbbe0c0c2f90a45776b92dfd143b77	833.0	15
83b5f45013009120632c6f246f9f1725	832.0	7
9b751597d0b07db8baa3542b8c08dbea	831.0	14
635cab68d8a30e809a3a4e24d9cf1078	828.0	8
3fee8fe76579cc108f11642f56c0f82b	827.0	10
aedbca9c4081f879c1fc97c8a3068bb3	826.0	11
ddad1b6f69f42bd965a635f224920ee8	826.0	9
e1849a46a91f6225776a9120e2b13df6	825.0	9
decdb65d7fe9d367eb02bceb9a2b9145	824.0	19
1f61b6a1c07889785ff4ab0e15f46ca5	824.0	16
5203d49e395ba5c2c809255f6b0b1b10	822.0	7
15c610a71739d20cff848a8acf2430d0	822.0	9
7bb4d1ae137656345f9bcfb4d1f93a3b	822.0	11
2536a5e138f9f7675f5bd3972a28cbed	819.0	3
1c86153e1b13ab5322c96f2602b73513	818.0	13
17caffae045457b827e71a3213773bc3	816.0	22
d2230e81045bcf5dad92f1f66a4184ba	815.0	17
ede9ce9e1104da71c59565ee09698687	815.0	7
1224101a42d574e1b886657e03d3d629	814.0	11
c83f5c7e7d2d00d0a05553f2c66e34a4	814.0	16
30bff083453aaadb2b2585a3026b1d96	813.0	6
be2e0b5b6621e0136989b888b35adf79	811.0	15
feff55dedcac9203c59fbc595fb651eb	810.0	7
edb62e360d2426137b5d1e17608eeb52	808.0	12
3584322f879e74f599b68e086861ca85	807.0	9
2c633a747d47755f6e4fc3c7826671ec	807.0	9
0e354c016c0ef9f80aa52f7a73119100	806.0	8
588a5b51a0a4ff8352e6792f87342c4c	804.0	2
1f9c2a40779ee415530fc111f5045373	804.0	4
96391e20dc84448f2d8bc537a3c237e0	803.0	2
74de5c4ab702e96cc3ab37679f304690	803.0	7
eaab8bcbc2e50d1fea203ead8eaf57af	801.0	6
a5e1ad2608bb4db24f7a2f080905ec7b	800.0	9
bccc61fa40b7cc947a71182e8e9c6401	800.0	13
94a72b65721894ec49930568af2af563	799.0	8
14c582daa95708986fb7c3b0f04ed98a	799.0	6
03e2c89aaaafed3a7255cf3eddc568ce	797.0	9
9fbaa21bf6e9c90732dc898b91944df7	792.0	13
2c7fde67104f92f4f8722b7e0dc3eb1e	791.0	8
4411c16f71dbe97865191935cca86227	791.0	12
c18afe570abfe82d2f746ecc6e291bab	791.0	13
b9c65ea5179a1bc7371a9d5cf25930d6	790.0	7
8a1273043d85908e51e18d9b3259328d	790.0	6
2864542698ee9408b3623e6c0d122fbb	789.0	7
5c3ed1073a1aeab72ebec7d7f31c2500	786.0	3
5a726906b17555b372d661675c1dac09	786.0	11
1c5c06c95e20759073135a6a2f7129f8	785.0	10
cf368c78532c6f3a212d322916f371e2	783.0	11
ad17581932984fab9b157c4afc9759cc	783.0	7
9369a9d5ec994dca97c655737b90240e	781.0	12
aa3ef5e9d9ba1e96eac09fcfe128eb68	781.0	7
6cbd865b209bce35cd280ef83c94da24	780.0	11
46c572e1d542a496a19e9eb9082edc52	779.0	7
76d63ca7ade9686e317526276f4eab09	778.0	18
9337ebbb22249f6cfb380d62b9c08c0b	775.0	9
ebc67ae68705407814e5bc93ba4feb5e	775.0	5
1cf44f82eed4e4d917954f681fa8fe2a	774.0	15
c0adc3e104aedc49cddb08971d581d06	774.0	11
39bb3fb5b2257fd2eacca408dc42c5d1	773.0	21
c3a0b684335fcc5550798f0e631b1b10	773.0	7
063421e3bd86541a8f4e2f2229c05831	773.0	16
10155b2834300619ce0102110a37b057	773.0	18
376917760e5aa918592416e980809536	772.0	9
6c7fa77831ae630967a6fbfc8ee47901	771.0	6
dd7d6d0d03637a4ab4d99ed4dfd98183	771.0	10
39d30d6456cbf7d639d3ff3bd3b36038	769.0	5
80a9c3f28ef6b766c3455cd91796ec12	769.0	14
f8b5fef9efe1515fa0929e09b442a660	768.0	6
9e4790fba47496affb0aec84c18dfdea	765.0	5
42df640149a87bb6c3a6583efb62a3c2	764.0	9
9abbabf0e56465ce34a0f7bb5e1b70e7	764.0	9
97ad188254ad8050b51fd4a4b6e43244	764.0	13
fffa9ada9e79c638b6b43d469cebc093	763.0	5
cd9b6a1528a24fc4e581b53da7edbfa4	763.0	8
d0c00120424bcbaa7e84ac230900085f	760.0	12
69d6829a8ae1d3d13d91475dfe903439	759.0	10
0554b48862acb367e8825f1087be0ef5	757.0	10
4ce0afbaae4138f34580aa9f62b7a0fd	756.0	27
3134cb695ee6b6924d170813442ea246	756.0	13
df87c7b88687372198e13a6ea28f5d26	755.0	5
96d33ec6ee3f09fefadb660132fda691	755.0	7
94b000e59b7ac160b0416c9ab45ff0bf	754.0	10
c536d0021cf56cc382aed684b627996a	753.0	6
d08306663049500852d9eb0c66fbbc11	753.0	3
1401818fddff664a716bded08df08e96	752.0	4
cd734e4c92a9f373a6d29449eef9e9f1	752.0	7
cd7423c650c6038cf8566405e3f280b4	752.0	10
f9ce26f2cc04fb911e4182dfd5b7b5bd	751.0	10
befd284cef7d85e81496add6ee55c198	751.0	6
90a2d65118e14879c2205f7e1c800395	748.0	5
6279a5e00f5277b5ba26ce51fc285c3d	748.0	5
e3d87ad8ec9b3fe072aae3552ed4f54a	747.0	18
f40f096ddf10fa17d07a961a0b7d8bb1	746.0	12
28dc8ae74e810c46dad78dba3d07a5b7	746.0	8
0f3b7c83a74dcde1401857ae16252abf	743.0	13
ee0dc9e0ca3f46defe49f589a627091d	743.0	11
42ba482949399f8210eb3abc2696fcb4	742.0	4
f04aeeea3f45cb3e464ddcbe48fcd96c	742.0	10
430564e834b0875b711e5fc4aee9339e	742.0	8
dfdc90ca8a55f51e5f6735826d7ff5c4	741.0	3
9bc2e1c204d732cee47feb0fe1a58dff	740.0	7
3e81c071c5656c5fea1a03a025e71db4	740.0	17
3f8f2ac08fb4222005403b97e7b9c95e	739.0	8
f3b62dcb046f73d601893278f32199fd	739.0	8
fcebedcdd09b7baf2a2fbc6ec8ed6327	739.0	9
8c74b62abd608daca6aa91f23df2fe54	738.0	11
fe1bd772a1ab2fbf1923ee8189ed8d32	737.0	20
e91f1c5b67ffecb5ca3ca3b393a50f00	737.0	14
06b22cf46e95cbb074d733b7f9fbbe87	737.0	6
9feb162d79e10b8e91d0563084fb9ee4	737.0	3
fde1017d8a752aa6a3c803ebd20bd067	735.0	8
a474a31fb864f9ea2ba225e36c72e287	735.0	3
199e38ef5d6923ba165649d2cbadf3e6	735.0	3
c9204dfffd21b33d24af8a67803ef338	734.0	7
bd4f60d422b63b0e6eb30fcee05e0f43	734.0	8
94690e59e053157471541e6f82529057	733.0	10
e595414b83a246ee32dda053a01460bc	732.0	6
85e3162851e1b35461c6779b028da540	731.0	10
cbd3d0041028b017cff72ad1536f48a8	731.0	4
686d42b9552375c3b61301ae5605e3a2	730.0	9
eed8c7f3f337d6da3bf4047933d42522	730.0	15
6845a3820a05a855138cc60c08818a89	730.0	5
ca61a891819daf971ced3a03746eb7a3	730.0	5
f1d96288fc9c7892eb0c71843523d383	729.0	7
c347f2f6ac362843afe1ad6c9200bf44	729.0	5
48ca1cf6e1bfeaf343725f8b0bba4633	728.0	12
c3735d1df667e5300507c078e397db36	727.0	7
b5f7fd2c345050fb8bc3d952c4841254	725.0	9
2cf0e5f47be519588e1adb932ed78651	724.0	4
ca104788c3a5e43fd244c21cfd147375	723.0	17
216f224500477af00fa21813c25cf6bc	723.0	9
efddd56ec66297febd0536327a25b671	722.0	8
42a16ff5ac231633ba8cd77c1f4fa822	722.0	9
6b2d07e53487754db05194f702d6e54b	721.0	13
84ecb325c40b83a129d013362c3e526c	721.0	6
f7c6ed18a6a6a6c167673d4eaa6503c4	721.0	4
a9c59064aeb48fee925e11624694e67b	720.0	11
81d13ffe9feb4fefeb922d792f00ab04	719.0	8
b09668129d4a4c5a30de7821ccf2446d	719.0	8
d8a61029c6fff8838fe41aa0ac46e244	718.0	12
a5134ffb0d9c05e0fd7c306f2404281f	717.0	11
a23eef603b4f3092f6bb26367d7b4765	717.0	5
131e01322d8e018503d7c488b662e368	717.0	5
d992caa475dacc5905bbab195a926c30	716.0	10
db3a134c4981b720d295a7caa59c0838	716.0	12
4a6b780f492e52849f2544085818eda3	715.0	9
fe41789ec3fd12e4c8ea335e279172c0	714.0	11
7f2e7fee99ed093e4898c520d7ae2275	714.0	2
cceff16214da02d3e5734afab5efb36e	712.0	11
a3a3f4980ef15579090d0f081fa94363	710.0	12
ad0edc1c73534a6961a07ee1aa4fd619	710.0	9
984649b593fc358024c03cb375ec8f87	710.0	6
26eab0634d45d1c814169e59df247ce3	709.0	10
ad2e3c00dfcc35835ef5aea67451d58c	709.0	14
f4ce389a646723074256641b68d97eb4	708.0	9
31b29418cdde7a37b784ce9690bfa5c9	707.0	7
70882cf80baf5e46b1929089229e4f69	706.0	6
48707ab67ec95fe3f0d8097b6339fe39	705.0	8
dd5c4c669850aac8c0fd1392ed4ab8fd	704.0	13
59dc21883a34e3c624ebf70ad63e9455	704.0	5
2bf5cfd6ffcf93237f075fd6f976b635	704.0	9
a36ab9a31e7515fb8cbc20d5af309287	703.0	3
8aff935557eab67b0baa4553b8518105	703.0	26
2a6c5bddf9386d84f9ecf31c2fb7951f	702.0	11
94789834bb68f2db5ab172f3b740a0f0	701.0	18
9a84f257b34adeb6c71b1571ddd164a9	700.0	6
35d788d950ff5715a41231c4d1585985	700.0	9
8549725c93b46a9ca8086f244bb4fcc1	699.0	3
8e91b4ac39f5639386632600e9e1038b	699.0	13
35972703613caf86ab455a49c16ac8d2	698.0	11
9a6b3fd8d54f72166a747b08b5bba9b6	698.0	5
0cefad839732349a85d23e89d306cef8	697.0	10
fdfa02a204ea4f65998078d291699ea3	697.0	5
63728ecdd08aaa4171bf7ff1b9894324	697.0	10
b8e4cc5bcab4835496b234d1f37e45e1	696.0	3
eb7e3fe2fe77df6e5e536389b001f82f	696.0	13
0ee86b0ab652be087a31603e5fea0614	696.0	5
a5655d924b5c1b14ce1e9727e9efd486	695.0	16
1053630398aa4b345345c6c2801bac6c	695.0	7
5348b80cd064d8ca0f08a56d6326b5a2	695.0	4
142bd9bd514cf796fcd8d1b71dc60961	694.0	16
eb25d1d0b195591685cb02e49d0b67aa	694.0	23
60f280e15b943abb8e4bca65a2ca2af2	694.0	2
a39219901d602464db7208cf7c3ba12c	694.0	8
d2ac49ccf06f04cd68e8dc9096bfbd33	693.0	3
1bacd8a4ed47d90ca65c1e6797ed3b10	693.0	6
f702fbe4eea25e04c7709807c3ff20e9	692.0	4
14de53486750da07ed6229402b3e088c	691.0	6
8efb658687ef519ac6f656e6463cb419	691.0	10
a8e1e6b0dcd566c0e15ec85db3a68824	690.0	11
0868232af6927a861eca818df3655f8a	690.0	5
4e22d5e0a417a8a889226f582e82f0ef	689.0	8
1296eaeae85db4510640a688ea18053a	689.0	12
68c6dd8932e288b1b5de83ee9221e13d	689.0	9
82acae0094e394150e7e5eba1001ba2c	689.0	7
f1cf90d7f567e3c318928800dddd2f58	688.0	10
b796b2132a5015f869c8b5ac44a0e2bf	688.0	6
31e5e20d2c58cab9ed85564f64088305	688.0	10
866f383f9d913ebe8ca21fa6c9a1569d	688.0	11
6b18d2af57dd7645000ca75c6a7444a8	688.0	13
5e7b3f26262cbcd06b80fe76f579350f	687.0	4
61b91927f0cc1d6783427b7e8c4c1ec0	686.0	10
50c9b82f7fbc6327f5c04a43a966e664	685.0	12
7e7232b09c6c8366ddba60646fac049c	684.0	17
0c14917bfd893fb5738b9266c4bee60c	683.0	11
cf55a3470ff434bfbab2960e7303bf0c	683.0	7
2610046df400db9b2cc86a85d680ab27	682.0	10
0e8a0cfd8c4c4b5b967e146ca0b64976	682.0	2
c33204a1e956935ed62ef1a667e4df10	678.0	3
096de63919f7de48ce10feaf5794bf1b	678.0	3
a417d532d31f606feb308c9c1b29cf2d	678.0	11
65824c9ca54e8b78283b362afae16cd8	677.0	8
115c6662dfe4c463b68f83233e7f3f36	677.0	3
a1ca48bbbee4bc3bfe970443a209df26	675.0	9
6f4eb01b9e4d50a7e5c2978551654850	674.0	7
3ca34c1ae39a3287121c422fb3b9321c	674.0	13
bcbc1d3070859a346c80fe43424e89ba	674.0	7
dfb8441b452505483e751fb74774dde1	673.0	6
06faa6d94b6dc744a6051dc2b870184c	673.0	4
3bd1e17fcdf070cb4fd19e2175ed0563	673.0	11
245bed51e87c97dabedbb244cd82335e	671.0	12
f85be592ad2c113d3f987d40e821fcc7	671.0	7
81ee14f5cd1d12df2ec8cf82baeaa76d	671.0	11
dff1e1852c612349d10e5aeb2e8dd8f7	670.0	6
0ab28b5742af210e9081bfa4ed54443f	670.0	9
a24dae6b87885a55d81df1ea6d1abaf5	669.0	8
c8fce068920feb387167d44c01689295	669.0	21
fa193be840aaaebd1acf7d8a376b3b8b	669.0	6
83d0c4dc1452eea93caac0b58854feb2	667.0	6
81f98166183a61ab9ab463608724d1d5	666.0	9
e971e391d2750a1cc383f205b3643206	665.0	2
69ddb36f48301e96b64a6b1774a56045	664.0	12
5f54011c107dcc91ed77719933c2e666	664.0	8
6f4cefabf0863a272e17580ed615a2d5	662.0	7
177ee554ff1570ba1ee8bb4a921078a9	661.0	6
15b5bd4b233b52870afe6654b99d4c51	660.0	20
ac2a35850227c33656577eb03b3176ba	660.0	15
788e6a340bb2924f821cbc637c676a2f	660.0	11
36a42ec9e27e62d36c9b89a4cc952015	660.0	4
5b4cf900b79a935da04409d27e7103af	659.0	11
081f2f9c691dbb37fac6c9b29ab96a45	659.0	9
7ed4addad76d4941fb3af46e275e14b9	657.0	14
b6949fc50c4d0dea7753656180d267a2	657.0	5
bb8d28ce3ce5cc16fb3ce3e177abd2ce	657.0	10
2b33955477d7aef86569d0ed31940373	656.0	8
0fb008e08820899363d1327cd119f6b2	655.0	10
c14b1a5e1e070ed0823dc785dd0b53dc	654.0	6
99391a08bf67f0d913e4c550c5e3a359	653.0	4
a5f27502075e3efd4fcebde2638afe9e	653.0	18
08c5341720fde3615808eb90ae56fc35	653.0	10
d6ef2a44500fb3a3b038066a0a1b06a3	653.0	7
c792321580438251f2a6bbd1efb5ac5e	652.0	12
99638860e7ec10ae72f6683d64c33692	652.0	9
f73a904bb873d1f88e779deb50189d28	652.0	5
9e16577087b1549279430d1d7f6fc74a	652.0	6
2778775a142a86544f2d0956b957e8c7	651.0	18
7ab6b50a8587adc903339034ce6ca257	651.0	8
c54848550ca0a13aa824770339d5e42c	651.0	3
3f3129a8bdb7f05155b5fd28b056955e	650.0	5
4729c3c41864827d8405b26fe852dfc4	650.0	5
bdfc5260020c290357d3bcb60e1326d1	649.0	9
d6c46ad81c01997055a3b713c0d5ee1b	649.0	13
77f067d6941bee1c13e53dfca8366579	648.0	10
e6a34eb113dba66df0b8bbec907a8f5d	647.0	11
8ae766cf191bd0d1b5ff229b640aff3b	647.0	6
d3d99580d90cca486a23372a474e9571	646.0	9
94755494bf765f82fccb3df82531b89e	645.0	7
ef9ea859d6daa12b76d04ccc5e5108ac	644.0	6
b5b89e7faf0f6c8eba260c824b16ddb6	644.0	15
ca25a9ed94377d4fbf1aeade08021ab5	643.0	6
7071d27fb38d4361d56d31fffb92cce4	642.0	8
e72157ff38bec7ea641729ee6778c251	642.0	8
1099d184d8652e32da19e2b47fc1d22a	642.0	7
e9301f204619eedefc03d90cd153a9cc	641.0	2
8a2e7b64391b56f15e3766af235dfba1	640.0	11
461fea524aec643a4debad4a8430e7ea	639.0	11
6a129e8ae637c96e7bb56223913911f7	639.0	14
4881d2ff71c65f82dc2eabc37c9546f0	639.0	5
2dd63a03f2e2cd1606f2678f59dc40eb	638.0	10
eb580951f9072c39ba02ea8150e9b9d9	637.0	18
010e9e46142e4648ab49491714cfe34e	636.0	10
7cf3ade8963b4580f486504609c6c2ae	635.0	3
eb2fc5e4e3e772fb737fce2302cbc2d9	634.0	7
18d83e888815be3308c273a62973a73e	634.0	14
4843a4f2562233337ac5f40b70da25e0	633.0	4
ab60b8bc652cb77f0c6f04d40cb17141	633.0	6
855268adacab509ff0846f177e79dc04	633.0	18
23b06c81e304375dd10e28daf2e9c85d	632.0	20
25d55ea56e53446ecfd45a328a89c25f	630.0	7
3cd1b8a831641cd50ff6274a032e635c	630.0	7
bf1717cd83e88245cd3eb796431817fd	629.0	10
5bc910157a049856e8204e4690fda3b5	628.0	9
0320bb19b1622d1da7b01e64ae9e4ba1	628.0	7
85c4c2be294980168935700b979d5158	628.0	10
62494726aa8b571cbdea4e0675d36775	627.0	6
cf2595dabc0b4115fda1aeb0c0ae9306	627.0	4
053082580022a8d091240e9d6cdd16e5	626.0	12
4cf3cced7ca1513c0588aeb08e84a5eb	626.0	9
2476f0a65504db71a190dd0d0b63f39a	625.0	8
ba88d4e4e6a24ecc2a5aab6bdfbb77f5	625.0	21
f230aacb96a742e811b75c5e740e73bd	624.0	2
3a62982e171df65005b07d9df3d6034d	624.0	6
b261d4a46309774f1e4ea88b7d1cd40c	624.0	4
7219c09301c0cd0525644bf81e7a4def	624.0	11
832801b206e3f2ab1f8ffe19b497319f	624.0	9
fe0a75f3638e20e10f6eece7ab8f9f79	624.0	3
b8836fe307ffd6d91130d0143a338132	623.0	33
900998b109669786d777a0d850403f20	623.0	8
1f533eafc526d541cc3c9d6ad4049afd	623.0	8
86ac20ba6c527ebbace7b7c11fafbdab	623.0	3
c028bb0054fd44798627f6ac492828c4	623.0	10
0f6b3e764452bc09da86c0f3490294e2	622.0	10
b9788903b0ad5f218e0d1c2b0d9e2c98	621.0	6
efef9e21c2b74213767a7be57db8ce4b	620.0	18
1666f2045cb8447b4596fc8593d76ca2	620.0	9
e66b1eb0fe8c30df3e9b665cd58bf2bc	619.0	5
17dc88f375740628ffea747d3329329d	619.0	11
03f26e519735da32608f25b1f198fa7e	619.0	12
c261fa75e3866112a037c60d034da16b	619.0	5
977f1744ce21d12e3c2c2199893bb2e7	615.0	11
ad137a6bbe54246091b32a9b3d908b73	615.0	12
7e9ed2c841e64976eace4b578ff56a26	615.0	10
e9dedf6792eb211cc0549aca46166f78	615.0	8
e16fc33d7ad598d16dc58dc4d6cb2bb2	615.0	11
741398ac1813ab5ff41756b81d08afc1	614.0	6
f31f6875ae44b8c5ce4b72a23699127e	613.0	17
c564535bfda0a436b2a414e3ec44c8b7	613.0	6
5c2cf05ea05604e32ca2f8bdd76a4b1c	612.0	4
2f925ec12e5c75370f140895eb77e5a8	612.0	7
e31d7e0c40076cf4ba977dba8992d337	611.0	2
cdf4debbbbb2a744044e8575be13767a	611.0	5
c4ccd2d1e973e22da0d110d6a2c8bc03	611.0	6
0d155b2480d54b81bf998e145afacec8	610.0	3
78426b7cf553e7768c26fbea3e81f2e9	610.0	7
2782e179a806ddbdc41e0ae447078332	609.0	2
fe6fdbdc86c239c7b1d3742f988e39d3	608.0	9
7c94c0099511c728ba84b01d4cfcdf1b	608.0	8
4be0fea4bffbfbc09356cb619891c2cf	607.0	31
54bb2c34dabd1cd9a61f1d03e461c306	607.0	6
d8c5eb45383ded12616a72d6b6e27308	607.0	2
d98793af8008cba1bfb7795a4f444453	606.0	8
8c2d7310d527ab5ef1877ca0cd41ba4b	606.0	5
48db843bdaea80377900ff2720362c0b	606.0	8
04d285e2e61119429cac6cf4a8b4dad2	606.0	6
547becaef91c9c3b5f46246b5296dfe5	606.0	5
434a58e396504f870888fee34931472e	606.0	2
aa2810a7ed8d35d994ccafe55e2bcb8f	605.0	6
b5c2e6275647001858b6beff080caef1	605.0	11
242cdf69c0b8bf303f7a50b2ae724a15	604.0	10
68fd006bb6f270406aa3803da64727e7	604.0	7
5957300723da05850c18c98c95cd9973	604.0	2
8a9210beab429134d390de4620032cee	602.0	10
0d109fbf46234825fe1ed66139fd074d	602.0	7
895bd1fc9891bee4d0856d51f557d27f	601.0	7
26eec72ba23e343635f1be694c5e786f	601.0	6
cba12f07d7f0f5f2076f8d1e008b79ac	600.0	3
52086d32dabe52ccec17f87c2e2edb86	600.0	16
3659ad6d8d55383b5a6eb7fb18699ce0	599.0	10
25a776819e217764eab0a0aebeca8607	598.0	11
4328a4d53e860987d5504b7e9053d2d8	598.0	6
59d3338298bb1f867f8dd1fb2eb0aec2	597.0	4
d42d6b377a41994b5ca0af73ff468b96	596.0	4
234018acf4317b82c0b68707b4f0e5bc	596.0	3
741fe890e8db003935ecceec22958a5a	594.0	7
5baac6cedf38e4c90317651858101b2d	592.0	16
ce5751818aa1a980a73474b0bf170d48	591.0	12
b48464adc014787a2e38cc102316cd13	590.0	12
a3f5391adf2c0ac137ecd184d6f62a76	589.0	8
94a7f2abab7993f71077d7aea119756c	588.0	9
38654e63e3a22c661daa14dde813710b	587.0	12
c1efa0c6e8cac6bf09b5ec14add43cdc	587.0	10
9c5e49166265634ca4113df825473ede	587.0	7
088537a629107b43a3d6d18ce74c0fdd	586.0	9
4d41aa5ffcdfbece6d036ba5bce5be72	585.0	14
1e7f0774ee435be7ac7d6359a29ded55	584.0	24
ce3c1fe7504c10d93bab58e56a66805a	584.0	13
6575a9544e511c718862d907783271c3	584.0	3
d7c7476d8d95d2fe2c503c893ac4c164	584.0	6
b1990b6768f3ff7920a525eb2aa4ff27	582.0	7
8da7404e02816582ee1d3322b107268d	581.0	9
b0ff7894c53307195cf31c93542e9193	581.0	20
10cd502b01abafc87e2ecbad86389286	580.0	10
b464d8811de9afce037c9cf28feaccd4	580.0	3
8ac10538f7feab14a7c459ac31c9288e	580.0	6
0fddfbb5e813a1332c1a8c20d6ebda59	579.0	7
30a7b6cad2c060e4df2bbb14ceb112aa	578.0	7
e37e238d43916eb6ff043dd7b114c61d	578.0	6
bd85ec332face813d0305b66b3dd90af	577.0	5
d4d404dfaacbc64b96ac2f94adfc3979	577.0	8
70ef4446c97dc95513b2cd5ab241ec8b	577.0	10
2ebb66abdb3f7b4c9aa3a2421334c311	575.0	4
c70227aa8462ac489e77cf671112c555	574.0	8
93fc9dce7ad0792d0f8090462ec0be34	573.0	6
d3bfc5fd11b39891b1a2e30eb92eb517	573.0	4
df3f8cdac76c62baa98469c33b82d8df	573.0	2
b5400482cbcb81bf9e2fec205169bcf9	572.0	18
f51aed2a9d075416f0352a73962831e7	572.0	15
95b8fb2cbe84020a24b409fd9814f7d1	572.0	9
ffc044c1a5f72e626ee8e21f76ddb37a	572.0	13
47b1ee8a15bd8f2feb9bfa0b2822e483	571.0	13
9a2a18e9fccbfd89072c4c47c9027de7	571.0	10
a16d43a961a216023fbf7c4e3785f52c	570.0	4
96cda45d9aa556072b86c3dcddcde569	569.0	3
9707883a9fa371c84a54460aec8adf2a	569.0	12
461627e6c2453506e7ceb3bd45252676	569.0	3
ae5f03c3300e0dcffc2af162c183a181	569.0	8
d7941d8323226a9ed11513c93a653e7b	569.0	6
49020284c43f8f63703b9097ead528c4	568.0	7
a40493794173b761ac57c7f2bf12e923	568.0	4
6f7bbda6e48bb53966affda3a58e1347	566.0	9
ff8b4c915af985702214a859f9f9e7aa	564.0	4
b7c42b628bad07ff3e4df716524ef5fb	564.0	5
118d70086b8ba03fbe8d8bb781b409be	561.0	12
cd76c6acda6351092950bd58ce33db59	561.0	9
4d37fb1e980833416dbf04ac09048946	561.0	13
762172a12de97bb53b0e471dda2c313d	561.0	14
44bcc3f2359c9fddd2cefaa298b48012	560.0	10
ad527fba4a022cd8da8d549bb2483b08	560.0	6
ed5952d1e022067b212146b9b3bc6812	560.0	16
0ba2ea8640511f901318a84e5b886505	558.0	4
3170b7fbe19a952a94df74392d20bf00	558.0	6
f9b52205cb2d03153fd394a290212a10	557.0	7
a0a7b405465da4e00a1f632a8457f01d	557.0	11
8b2bb509dbf3c036cbf7de2c0916ec76	557.0	9
f879a8f8c9dba995b851823c5e9ba540	556.0	5
ed5b2f8318964e2bbf83e4c4961c3b4c	556.0	7
6786a5926e1402757615c3fb67b80883	555.0	6
bedd047654ab1aedb37ccb34b4d363b9	555.0	8
1867411638671554ef1ece17225d0798	555.0	18
cbec26b594288e4cb2e6abc233e5c6e4	554.0	8
7c82a2ef7685c5c6dc3080f56033cee9	553.0	22
2631f12db753da77c68cfce166d1c910	553.0	4
b6df28f0c28dbe5e5fdbdd00536c92b7	553.0	6
6bdc82c1d9ddf42852f6c42a7100f852	552.0	4
7abb6a927221f77384071216103a0551	552.0	10
f73cf0a1cfa49c43a18265dc3680561e	551.0	7
4f67fded82e8327ee497f2ddfa7c015b	551.0	14
db9caf76f81e72dac22fd1a55da6d5ce	550.0	9
0e61b0cbc07451a90e789d2dd3c21104	550.0	6
a984c221a2f4e86f2f2b9faef180139a	549.0	6
be909592ebd1ccf570f24467f6a09255	549.0	3
57877ee0976890e1ab1cdc54504b9df9	548.0	14
b38998aa572eed765a1192211c0f7bd7	548.0	14
167f3b7c2aadb9e2fc84730089a86e18	548.0	12
1b2056b7c2fdbb78995cd2052c69894f	548.0	11
0284e01435d37079866abc4b78e68505	548.0	11
ce7d6bb755dfa7c3d8a613c228301ea1	547.0	10
5e177c1bc453db74e8963cea5b95bcb8	546.0	18
c1210319f3b9450bbd6d68f209389ec0	546.0	11
0422a40085b84173a522a4fa89531cd3	546.0	14
aeeef50a0ac3efac1a92376a9681e2c6	546.0	7
fd9cf86d7054746f306c7ae566f3eb17	545.0	5
6c1f9cd6b403d3f56c3b514adc556b91	544.0	9
f37a8cfbfe670c4986d7cf7a119f5a1f	543.0	16
0f3b6460969b00d25d8676de5967cb1b	542.0	10
1d5e259787b2ee1b8746442bfbe4cc5c	542.0	5
52a092e69e3e2ccbb4722fa9b86daa46	542.0	6
593130e1018427c127e07f807403259c	542.0	5
056490e761ce3c448fc1e3ff6ccc037b	540.0	9
4c731267e801c2afe253b5cbb58bdd24	540.0	11
c2923ec3615e1873b46943fef44d3a31	540.0	2
9ff2bb00c19f92cab6e98534d5856a6c	539.0	14
b83f082867daedccf05a49f0128e099e	539.0	12
9ae8d595eb36d991db7b7014f10ea662	538.0	6
0b7cf5d504279ab282db0b94512819a7	537.0	6
d61978edabce3d8a7111293d066b7896	537.0	10
a6924e88081a308e3c03196361a3b89b	537.0	13
1748c7cd4b0449fa1777871cbc9c81fb	536.0	10
4528692a1bab235f6a935bdeed1fc6c5	536.0	6
a92aac8218b7b2c7f9ce24b741b40a04	536.0	5
9586d81af9b2d5695fee2ad372babf10	536.0	8
a21c8c324a7232627b72c5ec039a5370	535.0	8
f41bc12d92287bd92356e4877b82c04b	535.0	8
4424699f2f0092f6e23a216affb784ba	535.0	2
2f548cd9285122dd7a0995aa1f1610e4	534.0	10
54499311a48ad82f409218325f3963fa	534.0	7
6bfe344f19a8f1df9dd976467aebe569	534.0	3
4fddc5aa6e10bc51b7a4e10ffae98572	533.0	15
58188c7c8d2f6067dbbc35c282d564c4	533.0	20
841f2814d3b26ff53afa8a43feb0b92e	532.0	9
c5a4a3c6945e5096376437e14fff55c0	532.0	7
cc9657458cfc76bb6425cdc8335bfee2	532.0	9
c948b20bc3b1b821683b219fb35a03fb	531.0	7
e3ac7b9ba1cf5867987b197015b9d657	531.0	6
8b39b38f802e11a032faf334e061f414	531.0	4
28220f61a58e87820cc01994987aa328	531.0	8
42adef14fddd02c4fb3523be94119f3e	530.0	6
c94a7d9b0a55201069634dc64e78334c	530.0	11
ccd45e959449452032e486d6fd640be4	528.0	32
7586de21f68cba19db210c7873ca9284	528.0	5
e210f80bebf15afd175d21d4c85c0eb1	528.0	9
dd5880d428a639d31471df07daedef55	527.0	9
3a98ff68d7f2e8ca35623c67dea43642	525.0	8
6dae9d66a6fd6522673759532b23238f	525.0	11
3ea8c45b78476d1ca086b096fd6242db	524.0	10
d7483f80d5fb428e3e4484e9c59f3f7d	524.0	5
279e4ee377257351e01c60af8be05a91	524.0	9
a7fc18db2349e712a58a7c1609842307	524.0	11
26dcdb1d95c24caf474eb295831875c0	524.0	13
ab71ee68a503c976b39d9dff15bbf9c6	522.0	8
0fd91e1e2d158c515626283c41c735d2	521.0	15
8d576cfdbf0766b97ca514afb0ec1464	520.0	17
6d6714bb409d495e4dd4bc5275a605d5	520.0	5
a9f8fd44f1418dcb9739c38c11b4cbc5	519.0	12
75c8f2bb0875a5f65b27e84633720783	519.0	7
569d0ac0033402a1a4b8974babae6fe8	519.0	4
93db50209be95f013556cd0ea6d8c259	518.0	3
e13068ac63b7d242c9b8391baec1b2be	518.0	9
5bfbf11d4bd90e5382f857c34dd25249	517.0	6
5b13aaf0ee3e1f37724b2cd02760e70d	516.0	10
a3b09341b0e289167324668c9fc76d60	516.0	8
0c0877456b05c65d097f079ac73ddb40	515.0	9
c0c365b5a32a28b8d2602de07c5d0b06	514.0	12
6202450e9cc95bf3a3774a0059f7c9d7	513.0	12
90b709b83c26b558c1d64dbc0cb0146b	513.0	6
608a29a76c864c0dd6b7b2ba9c2b65bf	513.0	12
737f20eadeb1bebb47dec4ce2dc31938	513.0	4
1dd2cb18c7136aa0c76182076059d744	512.0	5
2189edb3764a738094de850a96d4e256	510.0	3
594e581c718424e2145986d20f2fa390	510.0	15
d9a14504a6e350aec04f60e6b0b4212a	510.0	4
5e235b5f89869d447f7b183fc84efb27	508.0	9
d490da63dc92208b8756e5ad3594a876	508.0	19
5d3ed0fd5006711d8b2ac02e15167ee7	508.0	7
667fb94ce9c28749ac03035101360339	508.0	5
a3e202054254a8903cfd730a1d5e034d	507.0	6
293e7b1e7eff067dfa5f1c010cdc002a	506.0	16
37cb0557ebe16955b6ebd752ab3ee954	506.0	6
2604eee9196652960befd6655e0130c8	506.0	12
1a30d06c92ac931e60454ca6d7b74f4d	505.0	4
e543591a5933dec1a36d4efb3ea2f9bc	505.0	10
2764a9a2781995a3fc17748786b9d1c5	505.0	8
6bec8c4a6be8f7a544eab8a058f4ce5e	504.0	7
30112019d06c0408968065b16684b9d9	504.0	4
7b3f3ea0beb9a4f0c7f4b854f046e965	504.0	11
1a665b907c2aec0649e73efcf92d6c3a	503.0	8
305909261c8b8111acc06332fc436010	503.0	12
b1b932ff67f1232e05f99c47f0fcf141	503.0	5
ed69605141255f6ab7cba2bc4e9b55d9	503.0	5
d0e5b0bda262519cc59c2191688ee7dd	502.0	5
2219cac72296cbcd50964d99b8f4f435	502.0	7
3021464720cfa8dc52d091cf07268e77	502.0	3
4b5003b666f55936bebc8a71f3db97ce	501.0	10
3f5acc28d3e256f0ec8bdfe42e285b77	501.0	11
9550ecd5a0aa39174c257347cc0a877e	501.0	11
852d30208c3ab190bf5b228bd8b4fd9b	501.0	14
0ce620311164121c289b3a03aecac123	501.0	8
73695c7b8163f4f71121c7355a840747	500.0	3
ab6e5ab18e6f9e0d1afd0500924df537	499.0	7
76cabaedec6b3a569baa48facdba872a	499.0	4
504bdfff68b4f506dd39d5852b64d1cb	499.0	8
7f47e107ffaf8a52377990ef49dbd972	498.0	7
e78a16972ab7187c0d088aebaf82f7d2	498.0	5
7d1c9e185071b82c735ba6d2d5ff9dbe	497.0	9
636af47fbe35327862fc793b1e45cec3	497.0	7
0fc6ca4b362f24ddf128b7ce96e8c81c	497.0	10
dec87d7869c6aa4cbd3072586c0a3a4a	496.0	10
f9765bd9332162f70268554ab318197e	496.0	12
6b40acbf0670513aba159853c18b7e9a	495.0	9
f564444714f98406d1c0a5307ed180e5	495.0	7
ee07539aa7d014638c7ae85f73fea06f	493.0	6
59a71102eba27ba69f1774112538a8ee	493.0	5
673b3a83b99c3a854f1743ed38042ddb	493.0	6
0209f9868a22059c659df474a746d8f4	492.0	3
269e1e52bdb73c805e760ef1a384a436	492.0	10
8b82629c4a9f73732541b3383c9caa65	492.0	14
884bcd0d9d60d875c77de204348be19e	492.0	11
113011ff8a8327e94d2783351db0923f	491.0	6
98d650de48dcf2c9bcc1789eb14566d8	491.0	7
51372dac7911b391b002d6113191428a	491.0	8
271a7bad9e813d3a35622cd2e77568c5	490.0	4
5d4efa9ff84c38d1ec5ab7fc04963d03	490.0	3
846b433f433cbb20d6208bd54067f911	490.0	9
64d53945007a0272e72afbfaa4814fff	490.0	6
119b15c7ea5018f6986968232bc705c3	489.0	6
073308318ba7ead417af0e936621b3b8	489.0	10
77f50a7b03580e9ec2a87513fd6eb441	489.0	9
9d33b7349930e31be451f51ecb312230	488.0	7
42b085b1f2e72f62d51fc8c0565daa9c	488.0	10
9fa49550cf5b793a56226a92dc778a76	487.0	28
73a33e8e37fa491c4780c43ae4113784	487.0	14
63585227fdf29cee6818d70d094e37bc	487.0	13
3073ff7b7e011ed04ca798f83c2e5f5c	487.0	4
08ba0ffdb1ceb1cf44aab9dcca58575b	486.0	6
e9d1a03628c3148cf53ab5114587473b	485.0	7
667e98a096b2982c0498295d5ebbcbe4	485.0	5
861547df3102caa7ce285f08b4e3470e	485.0	5
efe3c29a4105061994b6ea21f75da264	485.0	3
bd5baa1a0f833c814b9bb7e63e0c6e17	483.0	6
2768c6167880334ca82287274af2adbe	482.0	9
495d2acec309136d07cec7e14f6293f3	482.0	5
c996e7f87455435a915d71d5730ca674	482.0	6
b4a465de14d0238060d7d5ae849a7f4f	481.0	2
c0ba7607ea32fb2f504c8f4b03c52b47	481.0	7
bdbab59dd8f3522b064c3b5387648231	481.0	14
df960450abcc203ea08a8cec08892c2a	480.0	6
54feeac7d9b83f36b9d7ee5527313d3d	480.0	5
033e085ee4673f054a98ebf74742ad4d	479.0	12
8dcf2dcccd83f0cd2b35eb02b3f2338b	479.0	8
79f4e85e7675d9fe560afcd6a833744a	479.0	10
216ed7d400d264d649ca7f611d11402d	478.0	17
cbd4c8bc5b78c6d9e0cc09276c966647	478.0	12
5c3a52437ea926e9136278bf50d0d6c0	478.0	13
352d519968db090732b9273909f40860	477.0	2
276f1e719a8bd80b26e331cd3e1af2f7	477.0	5
cbf7cce98cb8a8496fb676ba1882673e	477.0	18
a9019bf0ec7c3dd47654f9ec59821f77	477.0	7
09ee2c2d76be17c9ede2d4c57412adeb	476.0	26
196e92e94264d383236bd1b9c77e2ea0	476.0	4
f7e7046896677a5dc2812d521537a53c	475.0	16
00fa4429f2bff758fff635d6b4f81a6b	475.0	10
48c27efd47ce7f6630730d2e2206270b	475.0	5
660c922508b8df1e5155b710aa55cb8c	475.0	8
4ea71e2380629abbd1faf184f7b191dc	474.0	4
2f9fcdf2292c5892352bce6cdb11c46e	473.0	7
3f017acb1cf9e0e38fbf7296f08c3464	473.0	10
a8e26310630ed74609b20a028c05405f	472.0	3
8e86465136ed4bcb7eef02845a459177	472.0	4
78a0407bd3956446bae978142f779490	472.0	6
5e274ebaaac87b0c4918aa1403a60652	472.0	5
0d922940f8c67cb859e3efb965e700d3	471.0	3
a7ad8488406787c9cbbfe3ddc8264fc5	471.0	14
f159bf93916af85961c92e8e1482c259	470.0	7
da7714c229ee13478c8924f80ff5358e	470.0	5
54a2be91013bad0b508fcd30c74dfebb	470.0	7
407b3909330cc03debb2d88082379c25	470.0	7
30e66ea3bb33ebe38f8f993780380550	468.0	6
7b51495f700434c41af27835c50bfe7d	468.0	9
65e7eec910a47fcfdd21e077fbe93fa6	468.0	7
a60bc23422adf833dfd36214a6fab8bc	468.0	5
0bffbb90a4c9c82e72dee819dba8a978	468.0	3
55ea39975611039da1307ecadb6a84ba	467.0	10
859b75cc55f500e81159b63f333443b7	467.0	8
e18f02b31299b8688ba1a73c4b0982ce	466.0	7
5bda4fee8a5cc1b9362b1cece042e05c	466.0	14
846c021059d9ad092c287f8e14d2a3a9	466.0	10
5de834ebd7ed6878abcce8d6b292e96f	466.0	12
ceb63ff8dd9e9002c7ad39b4cad71b2e	466.0	4
cba7d6dc45ddcec0454146a1e50e333f	466.0	18
16e8a03eb72cf1b5bd1677117f974bd5	466.0	5
afc0995bd0d36287d4dd2ae70b8cacfb	465.0	13
636a16e3032ddaa572e7c5a7b7b85c3d	465.0	4
a9ea15f544cb2ecb602963a264585697	465.0	8
52f7672e905b1d14ae2f75a526c8d5ce	464.0	6
9f916e0c0c989228499bf4d75bcd34dc	464.0	5
93a992bab7c0bc10bf3d12d319af9677	464.0	4
9d79ad9b444bdc3947656cf3451fd544	464.0	5
34ff9d27078daed30467bd5b4ce3b056	464.0	8
da7666b8e9c96db4803ecdf72c055375	464.0	10
94b4c4c00ffc87b9da7b5fe00fb4c92d	463.0	8
84363426a9880ff6aa27ec34ff9b37be	463.0	4
4be8ffee109c354f5e19e72e77bf8cf6	463.0	3
678d107983b9514e02ee58ae08c7646e	462.0	9
b3fba20819ad12b9e0db09e690c5d66e	462.0	5
2514f1150e5349a8d47badf08a88a582	461.0	4
096db825bd438b96171e0a56649dc1ba	461.0	15
0320371e96b018747c0c9715cde29b92	461.0	4
b0606c8af6e611ff0b31f27a59146ce0	461.0	7
1c8dad6af4bad898b3bb96ae79dc83e4	460.0	6
4f32ecdcf945492e0a79a41c0848886d	460.0	7
8d3e4a0e7fea9cf70fb0d2aee1041371	459.0	11
96bb72ab0d49fac82281dd85bad30b8e	458.0	7
765b001970cd6731e1edde261f1068fc	457.0	14
23185cbc9bd4fd7a779182c62ab33f61	456.0	8
b1cc61423f9cdd7009e52e461c8d09a8	456.0	9
654cf5306f658932721abda3fa9f91eb	456.0	3
fec220c64cd5f878a753554ddb5c13d9	455.0	11
0c14cdc9b889e1980260bf79ef4786fa	455.0	2
a5f28ac6cb2609737f7c94eedc08d889	455.0	9
7e54570d21f03dfcefff07151a8c2d54	455.0	4
d32627161d829a1488c2a047669cb29f	455.0	12
e0582e0f5fcf8647951b85374742692a	455.0	6
74569b9940b0808fe96adfaea056da1d	454.0	8
cec0726ad2e1a44d389156034d5548b4	453.0	8
8f5927368b18333c9f559841ce1d79a1	453.0	6
82f9f335f661d11cc419e0f0d7ab8920	453.0	5
8a0569cbdf9d8488d07d398efed0e0b9	453.0	7
dbc1144bdaf89643e0ba8d7a38bc2674	452.0	11
70a42c37099a18630f9d845ca80c0f6f	451.0	6
6be6b738b3b5665e27652fbcbaf7a4bf	450.0	22
6707bbe4bc99d135a59566b32af62a26	450.0	6
d39f37b814ebd81091a949f8bd9d1710	450.0	4
d09192f8ec38d50e36275a2b870e2ade	450.0	3
9e66abbb1483bf6f79b052bd7a39a12d	450.0	3
8d06e4d4164830d337cf3a3c1550ab5a	449.0	7
faa59437074bf8315678a6dcd66bc552	449.0	16
26fe09051d545bae05b7ef8111a0040a	449.0	8
86124c7987536c7236178add9dbb4d24	449.0	7
937f55eefbe69fa25ebcb4e5c6a7bf6c	449.0	5
ec5a3c0ba269a073ce79452ef30d9346	448.0	2
da46f2eb49634188c36686af5a4c7f87	448.0	8
dab74702ab9f9d2eaa07d991fa1d0fae	448.0	8
79c83476ae7b1e170aaa2e0a1f64f816	448.0	4
16e0afd476da22c741a6f550a18acc65	447.0	2
0d3070fc8b167415b2805f257af542e1	447.0	9
5c00b0e648a321b07236514fe58ac63e	447.0	8
3d0116fdb0e16fcffb099a0b38c49d29	447.0	3
97dcbfbac480907a0c3e248fa90717f3	447.0	5
f3c30aa47b3639f25d168a810ee07fd9	446.0	11
71910a6148a6d933275a02149802a024	446.0	7
62bd11842ac68442ac4fe7372f5e2fba	445.0	5
c828de26bb160d51d1e33d21484705df	445.0	10
6dc7c35850ca3f448619dee02f3dbc2f	443.0	7
b4a40c1cf850633e8f30600193f8395c	443.0	2
3610bf83a8896507ca70d9d99045072c	443.0	5
7180532e6fb1eaf74c23c96ffe741976	442.0	8
f9018361f7e00550b9b400b936d4e3f5	442.0	11
1daa79d586b5df2b583f18947eebce42	442.0	2
172b569e973d6c0a1b36549048887128	442.0	5
7ef58f0e54bc8315c5a49183c0b58cc5	442.0	8
aabd47a98136e24f07a036b9e7668c98	442.0	4
37167d240e0812c12f5380e0d58d5ee6	442.0	6
1ba50888af837612845e225113fb0b71	442.0	11
f713b64ca10de3c1283791b333bb36ff	442.0	5
8fe118e02257f67d7bd68e7e4033f72c	441.0	11
b067e3bf4451c631f4733f9a2fbb7bb7	441.0	5
13210f45625e8bee8811ceb1c538eb2c	441.0	8
032809a674442016d4da3ced80eef1e9	440.0	10
ba545bafa134d1d1ea3418bd7c11bc53	439.0	15
361ef5403b473cd04265b8dc41d57af6	439.0	12
38456fb6f0c8d91b6ad7c08be8219fd8	439.0	4
2d7fc1ad6434f7702600e2d926d0e83f	439.0	4
f7194c7d552bfeb75c8552c7c7041721	439.0	11
b3664c4355c27c333266783abf4d9c71	439.0	2
743c9cb4913443ed309428120e96abc2	438.0	8
8be0ce5a179baf2e3480a7b4ba738f24	438.0	9
2b11b22357a4ff817bf258feb9cef7e5	438.0	6
0db98255f13ae4e032d9acf691740d1c	438.0	7
c31887f77672af59075f89190ed28066	438.0	11
5c730287e8b4e9cb396b646b6d06f81d	437.0	6
6c2b75e02c568da4db9785371d314ad3	437.0	7
b1c10eefe0b694f8efa0bebfa3271d12	436.0	9
3ee4418a66c09256ebeb4a47f7f3e37a	436.0	12
8780ade4b87ef096caa638bb0613233b	435.0	4
3d5d1deeab13ee5a44fc6838da4c5124	435.0	6
32bb1fe876256cc31b5fbe9f28e0d50d	434.0	6
643025d541f8102445753b7c70e03947	433.0	3
ea6705d0f6df5f089e6c413d6efcac70	433.0	25
f0f6612fc1ec5349a3b5b47d1b77ddbc	433.0	5
0ef0cace2fb65b60b69b73b897fe63d7	431.0	6
368ceaddf25565e90674edfc6169c975	431.0	5
680e287541534f7e9825c2916342dbf7	431.0	11
0bcbb5384c8d8dd74ec8faacd796aa4a	431.0	12
e1bb4318f5d56e09d124078661167b0a	431.0	12
fab80abc33d61e8cea16a2743a0efd43	430.0	12
09eece16f9be5e03447ae6f01c558a12	429.0	5
100f6d072a08a241f81b18361e34b7d4	428.0	6
cb2fcc64dde8fdbee6185bfd8d185c7c	427.0	4
41a7d9032a076ffaf1cc4e0193eba50a	427.0	11
4901df3c8ebbf5f54678f210a1e89d17	427.0	3
6a8f8f9deb2d47f2ef8543bd4ef75210	427.0	3
905b50f8c944c187817334b55d18a1f1	426.0	13
ea15b4d6dea4fabb461f6b77afb296c5	426.0	6
61c9f9ecfcd211cd9c59c1400d217190	426.0	4
dfe6a1edfe10fb97d0fba5f64bc1c36f	426.0	13
a049a00c0969a2beb4f67275d0f45163	426.0	10
134009ff448e2e191e18eb145bdb0fb6	426.0	6
758942010e8bc2d7582380d03d750b93	425.0	7
9987d108e0b7c1f09ea584009dd2d721	425.0	7
d4e81ec23a2f9366811bbef1e2a5f6a0	424.0	10
68c6d72d140dab488778e7c0febdbf41	424.0	8
e565c4b3df16982a934795564f4ee8aa	424.0	11
3351cd14cafa1f858594388468826188	423.0	7
ac51b1d8407370168ba372a741192d46	423.0	9
bc3cfdef0780042f37819c82eaa7992a	423.0	5
65958ff4fe78d96a2316ff66b630a1a6	422.0	10
8eb822c950162e722ae722abfcd52790	422.0	4
e71b1904d206612ce9b10c2580f903c0	422.0	7
5e4405e37412f415c47c112a0cbc487a	421.0	12
befc821a020eee86b68f5d37e11b2222	421.0	4
d208cad7c585049e04076ac7df960e7f	421.0	6
d08ce1210f276643803bea4d9401f732	420.0	7
0f1344068dd7c7d6f85ef5fdfe6151b2	419.0	7
ca8a7a53e460169a83343cd84625b867	419.0	8
1012b6660576ea7ba898c8dec21641f3	419.0	6
6d525ae4d9e0d2d61373c94d2f90234e	419.0	10
69c24f90f1b9e72b1dd7419a3c8c6cc9	418.0	12
be3f7d9db3bcf5088544a820336e464f	418.0	8
fbb1d3204eaa53ea805fe2d2df3da399	418.0	3
61e96999ffc196bef29faacd556ac0a9	417.0	6
917845c37cceb11658afcf669db1e77d	417.0	5
0c39693fcb14d2864f071ae9ca2b0968	417.0	7
e27456340431323e0e9066d66551523b	416.0	2
8f0ceb98a80b248c9ebda87e93070e27	415.0	8
5e2b6321671bd313e5082ba7e409efd5	415.0	4
d7c3f1413e6782fb1fa05de470f26206	415.0	6
3085963904e1c95bb023a6f820975b9c	414.0	6
55ab1bdc33dcd65d76c904af407cfe4c	414.0	6
177a7fdb5299557419c485debfb4e243	414.0	14
af486ab07942dc299701cc3bf5782b3e	414.0	15
ac4c096b026b4bcb68151c8a8d7073a4	414.0	8
39f6ab99e1633cb02f57b3b767a553d7	414.0	6
987f40d740e743e134246fb2ff2984b6	413.0	8
e661f3a193d72480460d8e8212fb2a93	412.0	2
96a935a0b5cdf07d75679f9c0412c4b8	412.0	9
017daed1c8fb900bbc49faf191f59d8e	411.0	9
6c92eaee36e97f78d053854d49810711	410.0	10
921d87d45413e637e3c2060f50844026	409.0	5
db4faf5d4e61a35ae470f8208f0f3307	409.0	4
d356950cc7406f1cbd59ccbcd4bc1254	409.0	8
42d8f95f1188c15a09a0c36c5b21f451	409.0	3
27aaea1633f64031432d60f2eec8b942	408.0	5
79597b823994fcee3a745b9dd5a7a3cf	408.0	7
e09975e3c75552917359678544aa4bcd	407.0	11
26d016f8c563054de2ffdeb95dfb6a4c	407.0	16
750a320e2440e97c357d73b14165dc31	406.0	6
f7540f79c9e93be2cf9d3d6d829e76d7	406.0	8
314e5c196fb5e6dedd630aba9d1dcffc	405.0	5
2ae26e64b192821c3f436d318728e368	405.0	8
1fea630d2f2dcd2bcd3fdeb43c3fdae7	405.0	13
496fffe92e7fccc34c260da5400ebda3	404.0	11
08c70266f3fc0613634465465bd0ef12	404.0	8
9a6deedafdd9652f88d18290fe221253	404.0	8
963e1cc398bbf7fca9c85c504c57084b	404.0	5
184198b1647c20c5dc067f066549659e	404.0	4
72819b7d9058e57820a6e0bc5b4b9b30	403.0	10
c4d0759f501772671ac4df8407344851	403.0	4
54b9c530a3263d360d23631b46810240	403.0	10
c4e3814664313992033acf89137034b5	403.0	6
63c678e64da856c0717248168d42a08c	402.0	8
2f4a23ac0033e9857aa452fd6b524e9b	402.0	10
42c4df98f85ec992ddbbf8b518ad0d61	402.0	14
44001b4a463c81f8717bc2013c27400f	402.0	6
bd9c5941a4f9539c169a7fcefc884fcf	402.0	6
8711e05aa27bb2eabc5e58924140160c	401.0	9
2943b435691b5b7d6c047c1bf35c3a54	401.0	8
ca010470a132c913b0857934e90f9818	400.0	4
ff15be4cfecb23835a372e4dba72ee7a	400.0	13
77e7090917f8e59cf945519d2931d05c	400.0	10
32af4dee9a4adce7db2c30abfa0b9724	400.0	3
2eee55e08ba6a1a1e619376de3626e5d	400.0	4
069ebbe77d7a9b5c409c2aa456e503da	399.0	7
a2097b5f1928e56fac10f5c459e8aef8	398.0	12
beb9d1aa034aa93818ab7c3cdaf09707	398.0	11
52b65f0b8f966f44f85333afde8eb997	398.0	7
a47221e0946118101b5c8760ca6a2af8	398.0	8
a9a12944dba4b6f8c92b523d194e3204	398.0	9
0f2081b3890b76e98a10b5a43bfe82c5	397.0	7
10d3ac6d069f8a9f8f726e86d63dfa3f	397.0	10
f4d546122a2d02b90049b5a5262c7275	397.0	6
059838532ae0a16ddb4181fa0a3056b2	397.0	7
be1cedc66c637aa3f46b71acfcf23c8d	397.0	9
4b3770f41f4deb568185c95344fab5c8	396.0	6
c28dcaaee6c85f1df456d3abc2c72cfe	396.0	8
6aa30f7a30fb840f06149cc750202597	396.0	10
6dca813387ca4e80c86cc760e630ee81	396.0	7
c4c5851d0c781cea4cfc7a1f1ef65252	396.0	5
f36bb7b5f64ad7011f305a0e3ab7d114	395.0	6
dde956cca472aeea6f585345cb2b3f12	395.0	5
bf9d7625a293cf95f1cdabc21f3eaaa9	394.0	4
0909e28337b0efdda2cf27ec11968955	394.0	10
fd35664ae7671377d9d883e2305e47d5	393.0	10
a1b726901d57f9e00927c07fff427f45	393.0	4
eb9e9f793ca12288a12ed12a3f7d8a89	393.0	4
8864401da4d5663981f4d309258008f1	393.0	8
a69cb5449347a9b7b7a4b0373131a514	393.0	14
f2602093cd0eba09491f50d1dc593499	393.0	10
ec6c9ea52e88226c339487585ea02f42	393.0	13
d653b8b7adc9747902bb8ef2483625dd	393.0	6
2bc6c585bcb7f78cf6541ec1e165a302	393.0	4
aafce01b956a3eff79eb46a68d17916a	393.0	10
bb13772964d65fd1f9671a296a594b2d	393.0	5
e7131364c0f75b2c6bd8de661fc347c1	392.0	7
4ac1cc40c15353ae4afc8a9f378b176a	389.0	8
ca6d333ea6f150f683b7bc9d5abadb07	389.0	11
0635a6fa3ee82e3082435d8b170fb4a2	389.0	6
f470be1f4ee1ae0c353f834b9bd503e0	388.0	5
ff203532a402480998ab589d1e2d3928	388.0	5
b0aa117c7108f6b3190ab945a387f2fc	387.0	2
0b51223edfa051524b8a95c4b4508ea4	387.0	7
7da3f6ea2d795e6f6f6d3c7e218c0c64	387.0	10
0d23634bb6e6c2c9074a34e2afceae73	387.0	5
95880b863eb9614d84b816fc8c3b9e7a	386.0	2
511c4a52c42a321f66bfe1e60ee620e6	386.0	7
be9febba3d5693f049d017337e522fa9	386.0	11
fb730898169b5406b3bb393eafa3256f	386.0	8
506a0bd23573927555b3dab7b1b4d599	386.0	6
907b49f02ad2be8be64b7aa85db4564f	385.0	8
61a529596119ac54773c77dcbed0e3df	385.0	13
6c70d7a5d4139a240c700f64bec6d6c7	385.0	14
b69d7a198b202c5ad491a93de804bd94	385.0	10
98e7d8426ee6de0211703a896f86eef2	385.0	7
4ef777e79f6cca6b46a6c52849aeaabc	384.0	5
c91bb33a7025e9846625d95466a6338f	383.0	4
24193508f045e00fa52f7670a81610a6	383.0	7
5ca5ea401c8d3569e69626d2f81d5578	382.0	5
ef9f63cd396591ae1deb72ff1720317c	382.0	11
2c5c5d710e1b9229efa72f98ca7b4e71	381.0	21
b884037822bb605b4838a31912541576	381.0	5
0655b61382673782b65c4210c25f1eeb	381.0	4
2520db9264b6ecc35c96f5e2a6d50a8e	380.0	2
03dba6538f55ac45f067d8d8e3383a8e	380.0	5
61547bb01fc731f0a1425d5848285aba	379.0	7
85794281a4485b7ed5bbb632c868970f	379.0	2
ed80c184fb3d31c07836441bc472bc43	378.0	7
e23f12bce5b084f3a25fe2c8b945790f	378.0	4
fbdedfac2500aab58adee492f292b7f6	378.0	6
04fb10837b6a942fb88912a35832b496	378.0	5
94893581a87b054eca65b154e52b920a	378.0	8
965d663a8d3ce8ca02a673d46172b8a8	378.0	2
25def15fb42bed6855ede4893d27a21d	377.0	10
d5a9e0d5f7c8301b53dfcd9cb0f990c3	377.0	3
caf6bdd46fc960ff527c34ee5edc63b3	377.0	13
9292da5b8344ab23e13ed2b69b3106b6	376.0	4
60c57911662a9159dfdd0fc05d975a55	376.0	5
e87500e472e3b24da847e4a25ad9599d	376.0	2
a83cda47e1fc91452ba013222f6f28ce	375.0	3
8fe7ae8111a43e06c6c27f6e7549e55b	375.0	2
cee5c42a007bedb4216ec2087ef34b9a	375.0	4
d647b2958768b89d3ba343d41f7f3390	375.0	9
1cf454def1eb7872b4894e66ebd2b756	375.0	10
cec1f4af28b94c36296581da8e468254	375.0	10
8c89ff22dd16518c9f6d39379e1c0d93	374.0	7
9b68d85d6d313d39aba2984b8257a667	374.0	4
847fa5c2b3eca67a001b1e1954ec2051	374.0	8
48f4e89cfbd7bba88bcef33313776d52	373.0	3
8f1f2ddbf1bbba239e35d3b15b66d835	373.0	6
653c25e6f548b599fd16584c3aa3445f	373.0	7
9bfe66e3d203c6d0d4e0174c2dc13004	373.0	5
2c833aafbe96d679d76ecec3d75d0c6e	373.0	5
e025bd0fa0b8da63dc60876350c7886b	372.0	5
4041dfdd59ad4819e55b7c89a33144c8	372.0	5
9f02a51435bddde7d5aabc929d53f636	372.0	7
3a5a9c958c9911f7ba9c74c9bac7bccd	372.0	8
2b9e162e102c6408ab59c9260bd1bc6e	372.0	5
dbff316efe740b3d8386a9ef5eca6a56	371.0	3
93651b1ee5aaf51f9cffed71ef509fd4	371.0	10
fb63b68d6e643c70f7fed3452e8b3e25	370.0	22
357c3404e7fce28ff974f55747d7d77d	370.0	11
56c779eac7b50c3b936a85b3bd8f9a16	370.0	5
76fa934e00951391e305e7e9086c0c26	370.0	11
6ccbb45bbf2b3d524cefa3110b7051b1	369.0	7
e8e3d381a529ffe9d3ec896aae90906b	369.0	7
e175dd88e6f8b578aa0961a8a7296049	369.0	3
240a1c612d82c7e9d68aff5b13f0a84a	369.0	10
0f046731886c765e2f297ab9e6030651	368.0	12
528838181f5d7c9d02f4cb043e5021bd	368.0	7
321706ead4d1e778c290a4795de4e2df	368.0	6
e822acff3b7b2839bd3563d97fe7ea50	367.0	3
5477674e15b91ef7296cc978c85df997	367.0	5
2275fdceca1f05b86aaee66a441d2706	367.0	9
0c509a74b595f9a7486315c426bf63c1	367.0	9
0ff83f194c2690d10bf12f2bb74cb5ea	366.0	6
c44cce48124eee56373e89ec74d057d6	366.0	2
d5ee36509245a570c38e7f89c1250dcc	366.0	5
2e45d6f893f97fe676d075e726ac8794	365.0	11
2d3395155497be7f7d3147985702953f	365.0	11
b213aeaba34f7cf8e52b1c8fb2190e32	365.0	10
c9fdc8428b22818728e255f5d5a6d3d2	365.0	2
17cf51b76f2f87b64ef939acf771061a	363.0	12
2c1f3b65b646141642d210988c521b71	363.0	6
215c3eaf5d64d2c7cad0a8d121db1cb5	363.0	11
b7ee3882a27bc0e11a3aa3de962292a8	362.0	6
e2de1213650a471b42bd02cdb3149f74	362.0	4
b1d96dc14509235d0fa2d445a3107cbb	362.0	11
5f60ec954c7a58e199a28d3acf6ca7dd	361.0	9
5f8cc113f36a18b02412d11c9e9380bd	361.0	9
4289ba1f719545ebe7b8da2e776a6a03	361.0	9
abb43ccf4e4a2b3d934d7261d85cbae2	361.0	5
2274a794a986effef9747ff4833b7859	360.0	5
037a25e61cfcc7102026ae31d72a2255	360.0	7
75e2f33edf4d2b7d34f0b0bed63e4b0e	360.0	7
b2dafd4ac470a7bbcb1e83ab8788ccd7	360.0	9
6dbd395932d1102cf14d700f646c6aab	359.0	12
89246086da365304549df42857d921e4	359.0	5
701506485049d2e2d28da19654c34516	359.0	4
3ddb2f3193bca75ed97dcdf53a3d5254	359.0	10
fc018d72519d35ca4fa055b131cb0364	359.0	10
11de562dfd7481e7f890c449fe1f2edd	359.0	10
04d7a864fec2a77656b78ecb4f1b96c2	359.0	3
8d3c5e4d2711000b927e78d7718c468e	358.0	2
dd0c96d1351bd6739256644f897b03e3	358.0	7
23d9f729003f1c2eda7caaa3bc749127	358.0	8
cbace4abf31d6399fe13f5f7805c0b7e	358.0	8
957a1c2a537d343b5cb5cb5c02a4fe20	357.0	6
b583862f336ec9e689587edd6374134d	357.0	9
5010334724a1b648676a6b2b25c97fbd	357.0	16
fbd0f069dbb967dbabb9c3b7db463486	357.0	3
c4b0455f8d6d59d4caafda4b3aa90622	357.0	6
eb19a2dbfdc6586451e14d51eb7a2749	356.0	6
0a21364ecab3d266c631849ebdc58c03	356.0	5
2853aeef604dd847ac253984ff9586fa	356.0	7
3579e0b4ad334eb7d5321e4eeead8ec5	355.0	5
ab893119d369108fe5f09c3131cecffc	354.0	9
ccd0a20d00e7757ecc418a269e0e13cb	354.0	7
fc6784fa2122abf5676dfcefffb5350a	354.0	6
ec94cfdab97f89407ac338d46e8c77ca	354.0	7
90ab3cef11e7420cefdd79033e253b9e	354.0	8
79e4a83355f818bc06470ea8305b1f5c	354.0	7
b562e69f2cca67c69918239a30b11c80	354.0	9
1ac407b4d940bec1c5b86ddfc22136e7	354.0	6
b43a78559014cbfc360e29e8d917da32	353.0	9
930260ab95c34ebb397334b9f04d9701	353.0	9
7ddf93ed9c9a60f175c9ee0b51d2e1ce	353.0	4
8a0d81249fefc0de61867246bcb49fb3	352.0	4
ac2e087a57ccebbcaf269ba034d38fa1	351.0	4
2887c41408b3f190662d8b58f34d188d	351.0	3
12763e678295ab2c9404dfd8ac96f3b1	350.0	2
46be62d4268760a9361e4e9cfbdd7cd6	350.0	9
ae13cb9e22596fa3509d9f8297ec1b68	350.0	8
5758e3cd58c13ef53b34082b01cd6b30	350.0	8
1d567135f7dc7dd884fe9157642f9fa6	350.0	11
7a5c6bcd554338b2a7adeb4c7f761787	350.0	5
ffedf992b6ca61b76fc35a56b146c2e5	350.0	6
0026fc1661bd9deea06e7494cfcf676c	349.0	2
9f7d80654f86211e2812bdbcc06f49c2	349.0	3
098cb67fd396dc47e35318fa756c74d0	349.0	6
99e034b6956a41c7b6eb7d31dc4abc58	349.0	7
0d64c7115a6e075931f42caa892b5adb	349.0	3
b8a3783c19e7006d1d099d0d1cc8136e	348.0	5
31e04abba2145eae705cd44f385526a5	348.0	2
d917b668c1a284b1ace7ccef1ffd3d7c	348.0	5
5ba339813ae7235641d2f1ff581ff2d7	348.0	5
dbc6e63273e4d80becf9b153487f21a2	348.0	5
deb275081dc5a04daa35ead24f8d5685	348.0	3
2fad39e365933a7f925040cb3c2a5ef8	348.0	15
ec76841da0f7580a4a4b02701dce28fc	348.0	3
06611c12fcf6911b1ea16e305b30e491	348.0	6
694e110a606570224671001afef2545b	348.0	5
20189ddcd0a1fe67b30f634e7d0eb474	348.0	5
216c529da426d1e242a03177b456088a	347.0	4
2a8a90cd5770804a5f23f425004de7e5	347.0	11
10c0aada163edbc6f86fc4f7109e53ba	347.0	9
d8aa2618309220d80682ddeea941f69f	347.0	8
9600dfe9f313221fbcaaa692514cb5d2	346.0	4
47c322b9d6230ee4f8f84f88ab1aefeb	346.0	9
ad9b6941e2b52ff12749c01f292901d4	346.0	7
f90904dbb566e3d44a22e0d48e695838	345.0	11
abb0c7aebf65b52a99bc6146449a5375	345.0	15
3c336adb6e05b48373bb4d591753d043	345.0	9
77a7fb98084a5583eff39f615433fa6c	344.0	5
af287dd3e658032d3d633d7904eb8ff9	344.0	5
986d0809eb32a8976c99ebd5f23aa7d0	342.0	5
e5be1f65747e700cc1fd27ee7bdb58be	342.0	11
3a72ed963231ae238e6d68f0e3fa33dc	342.0	6
355b0434a03c1c09bce02bff97b435a6	342.0	5
a12325c43e3ef336696013fc0b979aa3	342.0	7
d191bcfa08aebd540e941935c0172fe4	342.0	24
5b3fc8f2e737f21d5ccaae7186f1152a	342.0	7
5108036dc774b0bd740d8c650c19d81c	342.0	5
ea6f8099dcd0c602ce8492aeb95eee09	342.0	9
49f497fb06ac082fafd99f41e2f42fb4	342.0	6
a2d6b5e55b05c8687460eb2fd69af281	341.0	5
d2d9e4294f953af5932bf0572b6f116f	341.0	6
979256c6751ffb11ade8dd1f8a4c9f21	341.0	6
25f11b1caf3c0fcfbc5e4f9d486159e5	340.0	4
b1379fddc38272a0b2be0b74cc486348	340.0	2
fb32bfcdd4d377d06b94ae248acf3fc6	340.0	9
0898eaaa01912cd0300a65f7da4f0977	339.0	10
2c725d5094b5203cda69439c2766c859	339.0	4
502fb0cc30962072438fd4f6ce0cdfb0	339.0	5
8c7feba27023ad564e4e5b47702f6d20	339.0	8
1db083e40e7c38eff5da516ea47a0da7	339.0	5
00033910e5c9bb52a3fad60a27abe731	339.0	6
e195ad37655226ad32d8c2ddc1e22f56	338.0	13
d15950c6badc4b59fd9798a242af1dd9	338.0	14
9e2fd831a7d0049aaac92ee11ba4b626	338.0	3
7924c9f4314e581652a53aec7bc5528a	338.0	4
e199cd4ce433b90fb966cecf9471db56	338.0	9
7752b155de763ca72ff76882f5f59f83	338.0	12
241aa6f6521d9fb60e2b760446d5c8ba	338.0	7
85f12509b92738837d7a640a075733f6	337.0	2
965985df82173250c1ed56c6c191638d	337.0	9
f4ffb9f96b9d0fd5c61458bb11d21031	337.0	6
f83d2887099a91453fdc3653ad1c8e19	337.0	2
e60aca8cc5397600125b43ff441e1306	337.0	4
ee91e904c86efcd37e6e7e91a19ff7e1	336.0	12
0a45029abc6ddf76fbd482c769318008	336.0	9
86fbb195fbd70a745a063ed82f83184c	336.0	6
c17e283683f079911cad28034917ed85	336.0	6
06f3c3237d8cfae4dbd6565da7bb33cb	335.0	8
3a0e00761e8113458ccd7d13af71b4b0	335.0	7
a02b0f2220b03630f90107047fb25fe9	335.0	4
6a96885251132dc7fea674adfe3cafbe	335.0	10
6945aa34049d831d1e9dd1d0881ce766	335.0	7
3daefd1ff00f5fcb02abadcd27b33ce6	334.0	7
56534884e62d53a6b6fdf33c0280124e	334.0	5
84e2d57a5c66fc9273234124565ba27d	334.0	7
42c922f74d025fe0d4260a546cee743c	334.0	3
d2fecb30c9989ec1ae4c0816d5ccc780	333.0	6
bd4d6b2ff3f83cb3e5f80dc4ede7a808	332.0	2
32657c57c003c4240f29cf4e3849696f	332.0	6
858c348adffc081ead6637569457a337	332.0	4
f12af71b723d5c61c5516ad245b9e3cc	332.0	7
18f1b3651c41f22f65ecdd190f5c38e2	332.0	5
7a0724e16143029fcdcb69d12578e980	331.0	11
359641a87e57d4b783a53688db24834f	331.0	5
0c137426452af6e010d190193a091732	331.0	4
41239266f2952a56a313fc4798f28a1c	331.0	5
3d8db60fe69ab2aa6fd6d7fa1b6fe778	331.0	2
64820f8b9cf1f5e4c8e54bd43da5a3d9	331.0	4
d23f24121e87995d47ed9b83460b4c0f	331.0	3
e2291634087d6f7566bf438c73f73c89	330.0	8
b0bb367ca34412c0220e5905f7b35b8b	330.0	5
61829b7189f2d89ff2ab14fc7b00f10c	330.0	6
50f8aa59bc6d813d24e5927afd382815	329.0	4
023184371dbf6a8fc7d3962abb605d07	329.0	6
7ce7dd5aa36266e372d37505c9b62648	329.0	6
bbef855b914d76b0e61e8858d4869059	329.0	9
8ae159b036e992f9c0f65b6158b9dabe	329.0	3
ee4660d19f466941d827636dd9856fd5	329.0	12
c94f8add88b9a5d932fcb5283efbb395	329.0	5
1b67f2055e242811f1f8e597d250f135	328.0	6
7375d30d255c93b742f6dda6986b9ec6	328.0	7
48e63bd455ce3a87b533a3ce8619bd52	328.0	6
e922ebb19eccf6cd0edd09144a53134a	328.0	5
7db88e5ce047f4bdff7d5c47e4b1b21e	327.0	2
ab5299ed7eee15805ba735dc6c2e2f37	327.0	8
6165e9b977a533f39c50d702365c8ba3	327.0	7
0374dcd6007bf2a768e9f77baed27943	327.0	10
e48cf56bc90806951df7b724470b758f	326.0	6
7586a26506c5b0b4213095da1692f100	326.0	6
6d7d40de0365bd2ec190f783f953a489	325.0	2
d053d565b6b904a32eb2039586803475	325.0	5
856458c0df5f2b79080c5d5472bc287d	324.0	5
31289528348b27ac16f7bb48b229a2ab	323.0	8
6a32e4d9a8d9223f9b9d0bf7273868ef	323.0	6
319a7fd5a6d2b20c53078b19f9016402	323.0	5
ab5121b7785dfa9cc81d9c519fb2c891	323.0	7
c166390808f21166230a77bc4f0ad40b	323.0	6
7da3fb4984ee76aca32f2d6e583088c1	322.0	4
5683435cc330c88ad24f849afe053b19	322.0	4
0e27251d0c56e57a2607494679b2f918	321.0	11
68db16fc1ad242dc13fab6cfb5982262	321.0	6
57f4c417f93bd129d760298eb63318c6	321.0	3
969c8a356ea8c261f32097717311b9c9	321.0	13
0c9acab862bbfe74273c2acc17aed52c	321.0	6
2e83d9c20c9aa86ef73ebdcb6c01ce04	321.0	6
2d9c18fd1a4bb88598ec3db14412b6f1	321.0	3
010f0ac2691bc0be12d0633d4b5d2cc4	320.0	4
69d052e452e79d571cba042af265d50c	320.0	9
bb286f80b42aedce3fc601e25e983fd8	319.0	4
59ea6acd96078bc19b22dca6a105f577	319.0	5
a5a3daa31f9edbdcb3570ff4f1f81c6e	319.0	5
c5ee5dc44c931aa008f7e8691aa40522	319.0	7
779a061b9280afcb93d9372f6e61eb16	319.0	2
90a7af2e062d31d02954970da8a27091	318.0	12
ed5ab9ec2c9936138b70b4c5494e7c45	318.0	8
ad8faf7a60458b46bd61288f51ce6d53	318.0	4
bd6bd88ff6d756cc33c3235e6f6d5fa6	318.0	5
f73a3b39cbb4a3851366fe496b980a2c	318.0	15
d5e14d5687fb0f9b569961c5354ff19e	317.0	18
3073eb3f0b61b2e20872d545927bc480	317.0	7
5cdee3da451c2ed50bbd8fc8af5b7321	317.0	5
21c8a0db093ba4e34bbda98778dae3d2	317.0	2
490dd67067fb72675a62ba260e0e916e	317.0	4
0528994d27ee7d53f17fc89d71a73609	315.0	3
50159bfd270204af1ebe401108b0508a	315.0	6
9898e9304033dd9ce472c25e0f01cbd9	315.0	9
1d0e449091a785a7beac6b504098fb71	314.0	9
d7080e490a861836fc412f214e21d2a4	313.0	19
a1b1ef73fd43b32a7fb47d3a6b1068d7	313.0	6
3d597348b3f858a4c6f80101efeb772b	313.0	5
25ca049643a0956d6c27f212370f5e88	313.0	6
1441abbd426fba2d7dc4aee66eab95c2	312.0	3
0e25949e9c8d66c4a859bda8cc43c676	312.0	5
4391dce0e251dd0c106b53aa67a39153	312.0	6
33ab81b8da5e23c52d6932ebefbd6021	312.0	5
75664492df0aae574962dd369632d6bb	311.0	10
950d7b2740c7d9cf11d11c8871b89bb6	311.0	8
5f6efdce4ce66a01e4169f7540217544	311.0	4
a6d3bd7880f0de8299a9b0547b688eec	310.0	4
9a5f21542591b3164d66095f6faea1aa	310.0	7
f7fe88e131d4359eeef8feead0485655	310.0	5
c946ee78694634970c4b7502c817ba39	309.0	4
3bdc4a16188cf7e60bddc3f979af5cfb	309.0	8
729b13a8af8dee4f8190f9a11eeddc6d	309.0	7
6ba0e1ba5dde32fe74b5155e8739ca36	309.0	16
475d6c3e7c45ab3b72c93a3a6d959f0e	309.0	6
cb711b54b2387a667ad21404a5821bcb	309.0	8
c9f27aa43bd484ed75f60c3d12a88e3a	309.0	3
33f6ac5516f7ef2a14e9d7dd7a0c7bb2	308.0	12
e05f52783b4efca0a1ee0f08d843b0e5	308.0	6
a19773b4f8e2d76e90bf622140061fff	308.0	10
c8f245c2d4c6824106b9464a3328009d	308.0	5
f0229420e56751e312bb98e6075f34b4	308.0	6
1a5c68b3dbd2e928db951dc4274c6774	308.0	5
8cba8c84664904f09dd145d6163b1a38	308.0	5
105ada41230ac762d1b600321e5aac03	307.0	6
7f239d1e5ec0bf18dca5d5041c9176b2	307.0	5
5a2efaad6cacaee13f38c5e92b8bd814	307.0	5
63b19eb390bfe57f27bac947ae116653	307.0	4
65e8ac56d4875370db585e4e786e1f9a	307.0	8
8598e52aa7a1a4bacf39c8b8db45ab8b	306.0	4
e18ddaf93ea5d13d384f08a8d8de1473	306.0	5
8fedb65928b3408d3c285c4cd8a4e72f	306.0	10
15d849fff8a939da71cc78c673bb38b7	306.0	6
4328ef164914175b2a00c182a1ca7d18	306.0	4
6c9b9a3fbabae1b8a3a50b7907017abc	306.0	8
73d50c6cf07feede4baf6f481dff5cac	305.0	7
4277ad42a535cc4933a4ea8170953c01	305.0	7
cb6f0207a88551d4837ef52f8f47dd81	305.0	8
0d95020a796a16f7e94574fd874fb4ae	305.0	10
f6650d9c5dc5396b38bd359067d89bd3	305.0	9
5962d06abb94232baaa028305c35cb68	305.0	14
85707281a5046fedd1c5dacbdcb624b4	305.0	7
bf21f27bdff5ef7a11bf4839775a089e	305.0	4
a0bf945c94f94304728546daf19ce1b4	304.0	3
82fbe174339255b73f3c584f13874b44	303.0	4
56260d1d030d832813a75fd5d6e115c4	303.0	15
305d7e187f1a3152e3695095f0e9c490	303.0	3
dcc8ce447267e42fcf19eedaeea2c598	303.0	2
9f04a743940231aa93dbdf8ac9ff604f	302.0	5
1a5ef95487e9b0b630fa8b4174249495	302.0	4
f9f97d085aeec90dcf3e865d29e18ae6	302.0	5
2c93969599fe249646cd975ca6a2d087	302.0	7
4f8b346c52de7c452fe4156327feac00	302.0	16
36730b2e136b1f8afce7ad30b71b5670	302.0	4
ee395161cb5eb2f3f50eef7f718cbb7e	302.0	4
1f5ad77c6929c0f4e6a9259f3cc8a6b1	302.0	7
16b615e88161a53b2199ee4f1db9938d	301.0	2
42c2a01544198d98948069cff321213a	301.0	3
2e8e2acdd167394c145d2959980b294a	301.0	3
d328db131a43a2c01ca8055c0c2aa98b	301.0	3
4d03023fb93d1dd547e22132d482fba5	301.0	7
4c746cc1b31917b062319cb2816c8e0b	301.0	5
636040f39bf00528cbea94f72b5eace7	300.0	8
140d59164dc038687be82d72b6fea57b	300.0	8
5534466a4ce7fe19f31fd5d0d6b7850b	300.0	6
be17b29b03ed02bed133932284568d16	300.0	7
6b929dd754135a1a2236f48e8862c693	300.0	5
e9df6d020eee34752786a243322fc579	299.0	16
100aa5b1962ff205ec93a677af0f0f46	299.0	12
a6b513dd78016173988245d9fb8dea43	299.0	7
aa337a6a9a3f5c1fc32a8cdfde8d2c44	299.0	6
0677e183573191e1a7108d7718cb9369	299.0	3
2c7188767850d2bdeff2c438979c0228	299.0	6
3f108d7c39eeecd71dc2220192980467	298.0	4
58d7741e24dd227c58f8df14a1d2baee	298.0	4
183dab0580674900820d57279fba4aa1	298.0	8
233b5a8467b620e3c5a31595dd748ff4	298.0	16
b0e7cd1c86c3c24aa440d77855aaad22	297.0	8
bd4d18a18f5c9af3e591776c2cc9b12c	297.0	10
3abed81353f84819f084a4d580285087	297.0	6
5f11a0c75a1bbde749baa88673b1eae0	296.0	3
5a4e76067c8ac69ff4ba14175d0cf8b3	296.0	3
9abef748b19e3dd8ac9c82ab00df3e8f	296.0	2
c8e956475e1bdfa919ddcd7c5e7b9102	296.0	5
88099d7cb9cbf8998d3e3a91b170de9e	295.0	5
7963865304c0fbb8e198d299317edd42	295.0	4
dc73e67b7a722ac609fef619053e6909	294.0	7
2ba780a1da702c22b0db896f74889bb0	294.0	9
44f5bcd17e911e3434eac829b96d8586	294.0	6
80a3cc530b342c314b185d98d77d5676	294.0	6
93b1ea9704740be71f65d451d207aea8	294.0	6
e346e4c68b8b2c87edb4508d37f5fdeb	294.0	2
b3bd0a1876e2a13f925e56637d969de0	293.0	7
b9df68722d88040150bd9714246950d7	293.0	3
7c594cdbddeafce8760a252193d4be89	293.0	10
fe209f0cf7e0ddad0e75b56249c8cc60	293.0	10
73f76b2278f3c71e65ac66cefb837dde	293.0	10
ad55d422d0f801342e6ca2ad5d5b1207	293.0	5
c3cf879c3550bfaa36fdd9d8b1949d64	291.0	6
d38fe1a72e5042ab17930dfbcc7fb991	291.0	5
9cbde526ca9e71bdc59e68c499306669	291.0	6
19207fc9d0342802322ea7ae09551fc8	290.0	5
cff8730a9a73ca9b4e6659a56e14b8b0	290.0	2
ffcb5fdaf168cede98357d4ecd590a1e	290.0	3
6dd47a00150261eaaa4bc00ee9ce7f50	290.0	4
256dfc4293b26052a25efb75d0fb6720	289.0	6
5f5d212d13b1b5cb981b2f5f43bd4464	288.0	2
3492fd0d9b6508e7e8072ffd620d6da5	288.0	3
44ee7b193df241d45bf31c7cc3de714f	288.0	13
7ff06853d8469c3e2c8d881f4a0c982e	288.0	6
1859d773e8056b90ed81a52737ead2ef	288.0	16
cd1b271e564bdd2ded7674f72eb10ad3	287.0	9
72625935d8bb6bb33e09b35dce5e8abb	287.0	4
b1c38948c0d4d2b6f1e0565d6fa97cf0	287.0	8
02c6da5aaf78d99d65bbe357981c5557	287.0	2
878f82f5c886b72402ac6c9dea0f25b7	286.0	7
8de1624707cc08f7ad58fb901e64833f	286.0	3
c4f9d95c604fd7328f4a931fc6c1a189	286.0	12
21c963cd50023660722b39eda837dcdd	286.0	4
353e5c338c960d651795468f0ec2960b	285.0	10
af1818c766734ad70f5b9e68cfcfd6e9	285.0	10
48c86e06160cb78adcb466d7f57b9169	285.0	6
c55010976344dc9c38c83d8794110211	285.0	12
bd28dd7bbc3c83bf0165674f5211b0ac	285.0	11
a70220e94a8424f1e448cea706904dd0	285.0	7
df892719b744a6f920e98a444c17a707	285.0	3
0089de3b6cb5017ac3bd09dae15c78e2	285.0	4
f7710d2181e3076fb8f4101050500e9a	284.0	5
33275da3241cee1db6bb43fd1379a4ec	284.0	5
44ce360fc43d21d0f1fa64fe1a680f1c	284.0	13
7b3955abbbab823752a97f4d7fb22879	284.0	7
55bce082e0b1ebda7a3fbca62167319e	284.0	4
c89c058706e07bf03ec0f92beec1c86d	284.0	6
9867a61c43b76bafe02afe808e0bfde2	283.0	3
04c7d3ebbe05b895af9e97697871473d	283.0	7
1fbdf4a041fd07021ffa3ba84236e4f1	283.0	11
e8627f876ad32c5061d18820c7ac4c7b	283.0	7
29d0267b80ae176b96994bcb1ba9aaf7	282.0	6
8512c03d45926a7540ea6b2a98db6628	282.0	7
a2885b25da5355cab3f2eabc0d1af7fa	282.0	8
1648bd20c38273269d5e62c647d5911e	282.0	6
0fe2988431a8417005181a75043881e5	282.0	9
0e0099405fdba60ce7d43a9d2774a657	282.0	6
203b59cc95b85c564d7258b8084231f2	281.0	3
d4662752982597f6bb50d71277c3e021	281.0	3
6a1c907b19c005a65fba97c071827561	281.0	6
dabb78b8706a9b7a3590cc60360598b2	281.0	9
8787cc18092e1cec2334357fae910afc	281.0	6
191bafd9bab0640061f9ebfa06d43e58	281.0	7
02a22d70911c89da62ad58af5cad880d	280.0	10
21b2bc9a2163eb5e83f1dc99d0cd6126	280.0	5
49fccfff821771e090f3f1b85b508c2d	279.0	21
1841ad59031e671ee5c5ac935d35c1a8	279.0	12
3437db1860afd13cf4048c7fd9afed32	279.0	6
7cbafa6056e6798781bd5640a0bca075	279.0	10
7dae737bb5dc2b5bbb8f0883c1ec07fa	279.0	6
fcfa13530bcc840da931e69ed4d6dd34	279.0	5
2e7c823b88c7f3e1d6f1b1f2a1b456a9	278.0	6
f804a38211e100caa0681717340d1601	278.0	6
796816b0d375ac5e1a99e470d4001d2f	278.0	10
5980baa627d2bdd8ef05cfa9edf0feea	277.0	5
a143a8c2bda02b000f27c9cdfbd289da	277.0	13
64a58286fafc29eff499cb0be6365de8	277.0	6
648208e04f329d2116d2742699b7a484	276.0	8
04c8be5a3a6ba2d70446812e99318905	276.0	5
401e6331e63081307c4a031ac55436bf	276.0	5
b1a153ff5a21342991138e7f7dd2658e	276.0	6
4f9cbb91f370aaa5df6da04b589d0572	276.0	6
e332e053423966171d3bcff5066ff943	276.0	3
e91621a46424e63b9e5bf3f0a7490c0c	276.0	4
0774b78459726a58b01da1e520e7a8e7	275.0	9
98827143752bed81bfd79dd9f415ed74	275.0	5
5755eb42d3ccbc84904e940758cea859	275.0	11
8df738dad42e474d446bec1311af1dfb	275.0	4
e75e00adf56ccee9b5b84d3b0fb14029	274.0	3
5a188d95a5e1e08e4c2c7fbcb346c9d2	274.0	6
b4eadce2d63c5ce2f5c605395e4e0bb6	274.0	6
0cf86462b45382da531327e4186091da	274.0	25
1f0d9278ba51c026d32dcbfbd1d07248	274.0	2
fd8457ea91f489f7bde70d20efe8059a	274.0	6
3e8fb46353d0844d5a57d23f1fb93878	274.0	3
3cd567619abb2f23b10bd0c2c833d798	273.0	6
ba8585737c50a948f032cc36ea7280a8	273.0	6
9ca41afd2497cdffbf2ebc1dbf23fdd1	273.0	4
72db88ef906ccbd709ff54391a26711f	272.0	7
bbb05fce15e20f56c3248ac1e4d3b72d	272.0	6
158e9ad9f381f9597ab1ded92edb9a2a	272.0	6
21ab963b276a54191c9639d101efce74	272.0	8
166a62cef02394283c8970f8c44a80ae	272.0	4
d13024f5695c8ed034d12a922c9aa544	271.0	5
a933513f5d0c4d9ad992658e648fb68a	271.0	3
91dd7ea72afcd207e750dc2dd0242b88	271.0	11
23233090436a7db7f290cdfd7954892a	271.0	11
d1b1b3d263a59e33421fa15517567573	270.0	4
8290700004ffc90fef1ad3a2f0117440	270.0	6
5b4b699206f1fa4e8acf6e5480aab706	270.0	12
81ebe800aa5b37d1a4d5ad53a152717b	270.0	4
5c2d35ea12e7b22532d17fe19b789c99	270.0	4
c16359e39ab0e6cfae57d6b40f78f809	270.0	4
0fbfa199986d82636f905540ac5aad3c	269.0	5
ac66287bc9ee129e945edcf2609aed78	269.0	9
8aa2f9d96b45ab148da2b8c63af176ea	269.0	6
392078a42d82205122750dc937415902	269.0	3
9d5279e521d0cad4d4679bb18588951f	269.0	8
b2ec2a52018dd407dee6f6d2ed43427f	269.0	5
b42226bf9d0461fbfbca479a365fd1ec	269.0	4
b819d2a0c41fb8ed77a625786d781899	269.0	3
daaa8606bbc69461316f469c166ab090	269.0	5
51c87bcb6075cc4b04cc103485d133ad	268.0	3
f931ded452fa1f2bad889e8de90b2bb6	268.0	4
15fe1fc8c1e226d92d1ec05f5eecec4d	268.0	5
f986c94f001f87c2b303c6f112a5b3b6	268.0	10
e275883a9b6f7cac5615acbb6490e229	267.0	4
90232c689438a38463bf7fafb584736e	267.0	4
bcf73bc285e5615dca1c1be60a8681c2	266.0	6
551d21a819b73be8464da05721b071dc	266.0	4
567b858253628e1d4d45928bec829a5f	266.0	10
ecdcc2e960c1bc8852890eace255d4a5	266.0	4
6169d94ecafecd44aa1c8717a749dd92	266.0	7
fce269214e06f209c1e14e0b64fed255	266.0	7
4064891b2fc84bccc1ae430a8b34be10	265.0	9
43fc21bc2c46dbdadba54c1c0248a31c	265.0	8
9acc238746a1f2aa7745a0b5720c4eac	265.0	12
f5e142058994f1489be4bcce012b3b8d	265.0	11
d5f103e791b488238868512155fba707	265.0	10
b3344720fa2d4e8971f442343ae672d1	265.0	3
044ee7f2038db74cbb76812fd173728a	265.0	3
fa09b814b417561651db81db34860ea5	264.0	8
a53936e4610c0a335e20e44db689f21c	264.0	7
890d9d8abf768a181262452985754a04	264.0	8
9150903d98f673162785aac72c44aff5	264.0	6
c24c38759edbf76f3b7f9971cbdf3a8a	264.0	4
9e5ff78219be4247a7cd10397ac3a6e8	263.0	3
6fcde65b1f985555876082f0fa2c5fbf	263.0	4
ca67ec4711a49f444d9a77f4bfc39eb3	263.0	3
618a8b87baff52cf840edf53221c904b	263.0	5
606f944d2f2157ed1ceeb98bfa5be525	263.0	6
94729542f628eecd2b8e38c899ce11a1	263.0	11
83aa3c37774b8e07aa803a139619e81d	263.0	4
cffd1d28eb04ba55891ca67e70e304bd	262.0	3
6bc4dc9fb8e0add11db38da8ffe55c2d	262.0	6
9c039052c70ef05f0e3c6d3bbd892f17	262.0	2
8ffb6dee91e521f8e04d9c03ef4bd412	262.0	5
f0251fa1b9da2b322c5399e7c6b28aac	262.0	5
7883893c086419ba801b5a0a404f9a8c	262.0	4
ae5a0be1b88eb5dbf190ec37efed16b9	262.0	9
71c479ef861d0322307ac616ae857e52	262.0	4
0b8759be2bb99f99c8caca383dfd1e86	261.0	8
67e370c61af10eb8da1e6b4e647d5c4a	261.0	10
0fd948ac0a98ad2460ba273c767080f7	261.0	3
f23147853366370805bf101e4a629f76	261.0	13
3607fed054ece59acba604e5be50ce7e	261.0	6
084f1b6ef163c3385d83ef0e0c3a8ead	261.0	5
445caa1868305a4e419610e4b8d886f9	261.0	7
d931fd0e154f2dd71dbb88634ff6fa91	260.0	7
d897258705c4219c12839111265640ca	260.0	4
53ec261462ed422b85cdec6d0b13c7f8	260.0	12
cf9726fcf623aa6f02f30d100144eed9	260.0	4
eede61c88c83e50aa46766a7db4c3386	260.0	8
a6f46b5128456be70ddafe27f6e9f78d	260.0	5
9154240053687e0105d5bc16179dda32	260.0	4
3b0ddb1cb10350ea8b0eb5ce1f1857ce	260.0	4
40816885ec36813ba8cf60c1f6e17be9	260.0	6
54379a2e51769f3cc7798b2280b53fb1	260.0	6
b38b3bee8bcb2e8c957357d35c97da8b	260.0	3
f5bad5381d7175773c492d3db590552e	259.0	5
292233cc2e3e7eaa6eb37e17deb49cac	259.0	6
cd46408fecc132c64be8455e480b6329	259.0	7
7b94f63be776e09b15b1557057baa95d	259.0	4
7d60481837b3466c54b451b3381a0174	259.0	11
ed1528f4822674c9e1da64b84c778e9f	259.0	6
c8f75e339230ff18e317e444f242eabd	259.0	5
cc968157f7691aab95df444e8cd103e2	259.0	6
993fd91003c1ab282f0b2f8959ed2eb4	259.0	9
89b94ee66a072f4cca03d3c8672d7c58	259.0	8
f9f5f08e8da4cc9740518223846563db	258.0	14
66a91075842b5709cf1fa3ce208bf6f6	258.0	11
abc40751bafeb06598976a7d37e57b4c	258.0	8
050afda47ec174a2439fae7b3fcbcb1d	258.0	7
7e7a18987406a6c73e37125447b83162	258.0	7
a2e32df813843605e497832551f6a2b7	257.0	3
e9076ed365b3c12e9f5b92d672f57159	257.0	9
f1eed757e7d0162f52463f47d0d76ea4	257.0	13
8a6f31e29e16a8a51b0d7e8ad916a5b3	257.0	9
51edbe0d7266152566ca06e271fa4947	257.0	5
1562897cb39a17c2e133d1e6714ae10b	257.0	3
9c2cf6afc94615c21f40710396ffe3f8	256.0	11
f71c92a00082bae2b8315c6af668c988	256.0	4
b2806587623d7a4dac3817ef50119f70	256.0	3
402578f80e7d1f24ed65099b92d47194	256.0	6
7c9ed2a39367c795cf275e22a00d9f26	256.0	4
b68650a9570cc9e2c20d2db319cfaa7d	256.0	12
5f52813d7ad651e41a9aaa134d3a255c	256.0	9
7e3bb35900026aa1bde692ca0ccbaf12	256.0	8
32cc9cb940312a6dc476cabf165e3de5	255.0	4
9a9cc01eb42b3c4123d6cea2600381bf	255.0	2
bde0f1fac49c13bd1b9c98df197022fa	255.0	10
b9041089df4883db4881f15287de6bb5	255.0	5
f1da4f9e6b1bfd87963f3df6e865e3c0	255.0	9
ee4957e120757bfe88407e0767de9b84	255.0	15
abed38d1151ed01171cc32be9fd99cef	255.0	16
4a1abfbc4fc60fc6f235cff32b54066a	254.0	5
0a58c594f843f7907aa51ed971294ed5	254.0	7
4dac72ecf938184aa78b9cb0a9cc4e66	254.0	3
67be91ac9d26da75645ec3de88e66138	254.0	2
f787a8c7062e3dfb108203e292460da9	254.0	11
4710a2889fec155f75a9b40a9cb23ee3	254.0	5
4958a330049898cbcd80c40ec2dbb68e	254.0	7
98ec52d7e12bf53b7239cf8c6c833803	253.0	11
78cfdaa050e88099ceb028455aa0e6bb	253.0	4
1dfee96883f188a2236ea117c0648c2d	253.0	2
be481c3ba0a05105c45b13134387d62d	253.0	6
c063790cee06623e291e965ac4594eaa	253.0	4
1f0ae738472d91009bcad0793ef226b2	253.0	7
1241717e4419b5dfedf876936cdbd229	252.0	6
67775dec1b742538adce25b271eeedc4	252.0	8
4d8138430ce59664cc211e844383ca12	252.0	4
dd0c7142843610ead3bbfe03751628f3	252.0	3
63309c97bd77da0930ff28868bb620e4	251.0	7
b70b019cbe2082cbc7beea502b855800	251.0	4
8e50a0ed1397ca81a93cd67ed3ea3e86	251.0	5
8d6ea2dfa45f6312954a6fa63576ef84	250.0	11
6e1ed9dc3505ed2ec614ef6db8dc79b5	250.0	11
0b5b97ddd55629b6c3de537761988a54	250.0	4
bdb8f8132bb88de148151694dccd4955	250.0	8
8421fa929dfe7a4694509dc48ff4a8fc	250.0	4
3123d3930ed70377cd166a3667be6fbc	249.0	8
112442c43054f062b06f5222e72ccf64	249.0	6
9fb8fa911050e78178ba0c8a6016c2dc	249.0	9
19a9c15cafcf43d369a277920645e730	249.0	2
77dc639054cfc0c964b6894b6f8fde58	249.0	7
3d5a91c0625287b22f6650f4e106b284	248.0	3
a0907cddadce5ccb99d8c3a599388c45	248.0	4
3979af9c04cc7850b5bb21faf82bd5db	248.0	10
6e3e79949c9cee730521c8d2667061d9	248.0	4
34f78a3f04f079e2f7cd0a89b7d0ef27	247.0	12
6c69fe9fee941e59e0e217cf7ccbe29f	247.0	4
90edd1e902e95eb40e6fdf27955fc44d	247.0	3
d7466ab97edf938c5ed46f6bb1649b60	247.0	16
0513fd5c2894a9159ae7e74729a50bc0	247.0	4
4cbc0d4052fc392d514c7a7efe4a1ac3	247.0	4
52a68fdae6afd3af7f016572983a0728	247.0	3
3fc683b25ea2314671f299f0effc6e8f	247.0	7
498a599ee91816ac4c011d1dbae86ad2	247.0	6
b64b5869a3c08b26d2cfdd76481a2a64	247.0	9
a95af3e34f3431aaf0b31f0abc9e18a6	247.0	7
1bf0ed2a079d29b181ba719c2b55e45d	246.0	15
e2ceee7309425214196f04dccd7ac520	246.0	10
4d06845a74c46f696bdd4ccb642d539a	246.0	7
806201a204d14db836228d5904ddbbfb	246.0	5
3d1b76b70c7ed4f1d573b0366147efaa	245.0	6
690f6d07ceac58d3711434f895ebe261	245.0	2
be88495608835bafecac9c4fdb65ffc1	245.0	3
5253d2d2f3e1edd6dbf1df59c8496e8b	245.0	5
027d09a0b7832ae94eead1478498dc3d	245.0	2
e37c06adf990c25823c238ab6cd7bc5c	245.0	4
129eaa74341066a58e416f1b5e3c8774	244.0	4
369f18bd937ead85a8b6a341a8c00772	244.0	8
5b46cdab199ba5b5699ef0c79b81ef62	244.0	6
465b3496107ad1c52fc3d4f116dae592	244.0	10
eddb19bd6d31e765b636180529dacfab	244.0	6
1141a16bb22d77be57071b6ac68cd908	244.0	7
45e0e673e9a8f195abd637f3f7688904	243.0	7
1c4d127a10814d1d28be169b4807f27c	243.0	2
6fecff6d6bf18107f54bcb6e174a03a5	243.0	5
8716e2098eb23229b655f77aa1aa5724	243.0	10
e610c60c7c80de9526ee288de5b8cd41	243.0	8
1396d6bd8979a6877f4c37785d052ca5	243.0	5
1040af265f72b8a8a7f691fdce24888f	242.0	4
630d635c04b2b03d31399ae776526356	242.0	8
c14fa689d08095643349b65625b64edb	242.0	8
84cb00438d7524e25526db7c83a1bd7e	242.0	7
ea09b446e8a7b5cb005b1aa586311828	242.0	5
fbea50dec7c5fee690375a8a6db983f2	241.0	4
f95398633117f1302b592fb13ac785c8	241.0	2
88956ab21ebb7e44b2dd317dd412818a	241.0	7
dfb04664c0844f2a39785ec2acafd3c0	241.0	7
297c46ea97d62af7836ac37959d4942a	241.0	8
4a5e6fadd2637a596812eaff281e2ed6	241.0	5
2de73405e8bf6b30345e6958bc6553a9	240.0	9
d97a97d4f8974683e4a66de090129c1c	240.0	3
f1a31df3c3fc25c18ba202ef021c3c41	240.0	8
209840c6cff9ff6aa439cef4e836a79c	240.0	2
4746c4ee401867b620025e9830239a20	239.0	7
4bfe323180f573a8a3c0c6ee8ba7fa3c	239.0	2
217185aee687740c4fa3cc0aa17ee4ff	239.0	5
42d6864403a5f495f3184d8cf2e3f78f	239.0	7
ca0454015cf48f0f23f2cd584c9d92a6	239.0	5
cf9c7dc9fca0235de574b5616f617763	239.0	9
ea94c27d9a13c1ad91c0cf461e42f9eb	239.0	7
3a7bb28558cd0b6fa3e731b357ed1411	238.0	5
be5cc9dbb765ef756a1e59a2641964b9	238.0	7
7a36b4cf0f594c6904684319c5dce7c0	238.0	5
75e094b19bb66f0a27a5f8ed46f6c37c	238.0	6
ac695f23f5ef6ba01f88bb97efdcbe86	238.0	4
9642d3c3cbb6cace9142e172429876ea	238.0	7
8e710e2257c997e7b329b46e9527316b	238.0	4
76d558e6a8426b21ebaab67da168bda7	238.0	4
f572ac2f2666a4a121ff2988405fe3f9	238.0	5
d5f37707e6b1ba1635ffb5c5dfc4e07f	237.0	7
dd55670a7993a5317059df033d09d63f	237.0	9
f63d5b658a1d78e278ae45daa6988971	237.0	3
810fbdc893752a5504ca653baad8940b	237.0	6
6f13f816b57703c3b547597184e22049	237.0	5
a35be85b3d125b4b95dab7e74c7dd3d0	237.0	8
05758a8c5207b8001f49d4b414115b68	237.0	2
4a543052df68f14afa6e420a0d9aa032	237.0	3
137290c104a0d56891927846a0721022	237.0	4
684f14dd819ed377547b568f9352bc87	236.0	8
7bb16c7ed91d5524cb6448436518a520	236.0	7
9d3ad1d24784426532781114c97ea5fc	236.0	3
fbbd39c968e5ea1facf21d6be08d8600	236.0	2
a260eebd0b64a30abc4e82a12d0f4cc6	236.0	3
b37781287b7198bdd395afa4fa1281eb	235.0	7
7162579b10f7759e0372909eb4196b75	235.0	6
6a35a9b557dc509f01d4f6ab0982d99e	235.0	7
7bfeb2034d714388c9c29a22448f44f7	235.0	13
8b1b1ff7a0f50561e0b2bd2b44c69e5e	235.0	7
eee280f42c67119e94fbfd4e8b52438c	235.0	7
78ef16668d0ecc2eafd8d8ec1391131b	235.0	9
9c1a7361aef2d1f441e5703bfcbd2913	234.0	11
570ff13bc579a841770954a4e6a52486	234.0	3
b8fab2a0394887eaa2eea3bc0049ade7	234.0	3
59ee976acea13ef4bbfed3fdf7a70fda	234.0	6
56281713dab7c334d4f77c2a9ac6c9b9	234.0	3
a374291f3312e9690f172f59338b34f7	233.0	4
c2fac6a060e7b6e4754ff5ef30b49b56	233.0	5
12ad3ad6bc0a782bf06248e394c47df6	233.0	4
8d9244fa5fec0c6051cfe6ffdfbf706b	233.0	3
226d7503ab3d1ea0ae84d97fbd804323	233.0	4
3d6c116af664b5d45be238ff0792b39d	232.0	5
9167e80eabb96a052002ccbafbd29257	232.0	3
a2c95f3b43179cc96fe61a2339d85b9c	232.0	5
d25ff146d2af8158b3d73ed46bc74dc7	232.0	7
d19fe137c086503b0a10f4af24ee90e4	232.0	2
265415c85e2d2a66045bd9b7fc551e34	231.0	4
8bca00ce441c5f58dc7d2c720f8b6f2a	231.0	9
8ccf4006b63ed0f3b3e3d1b84f9cefd3	231.0	3
3f682440f731bdd1615a9762bf80455b	231.0	9
4c4f70f71336d1bd78ff0f450beb15f6	231.0	9
5d691dea5bbe92cf12f84184e5811826	231.0	6
ef804d3bb0d0a7772d536e748f335c61	231.0	4
3487d6c6f48b515bfb1d48a80b885dfe	231.0	3
1ed6a36b306623e27df2d64f31e85521	230.0	3
19a8884949b10c372565c7becd4ff8cc	230.0	5
126a793dc4ff1d7b62942635a2c4b291	230.0	13
04afa8969c681c28d7c963f48905f5c6	230.0	9
25bb94cd78045ea60531269c363ea6c4	230.0	13
bee1e90fd29eb13d0a5478a607420861	230.0	6
4e1758e81adcb1107024ee52c0113a6f	230.0	4
a72be263326977496704477831d4f84c	230.0	10
bd83ed356511ecfcfc41ff8497ca5a06	230.0	6
0f4124738533ad5b9ce71076ff72c88f	230.0	2
3e18a03d8bdcf0ddbc80b64979ae0a40	229.0	4
2f8579738206555b651f4c0e4f028802	229.0	4
613b5e01e4f056c7aee5f5fd87839332	229.0	4
0a55606b243a011443ba7a061b23692f	228.0	4
2604e65c7a0ff27230783fa46a9d2884	228.0	8
e846935aec56cfd17dd0feba02a3e144	228.0	10
5fec7e85aab89cb842b052d2783ddd87	228.0	15
8dfcefa246e4667bf89cbd2011066668	228.0	5
2534c2d6394a06a20af69cbf7023eb5f	228.0	16
1506ca213dc7063e533093105f6e8630	228.0	4
b2f45390c2f75f210f0055c8b21e2148	228.0	5
7c4c1e889ba64583aa31c4015caddbda	228.0	5
4da501b741d41c096452e38d28026694	227.0	7
4fc75323aa2c8f36983f08ecea59b163	227.0	5
d873a3d214fc36bcb98ef9a5f4a0d422	227.0	11
d588940aa2c20e0c3200c51813b50c49	227.0	11
4c11aa09db94cd82f186f3389c750b13	227.0	9
098757fc3e75ad89f5c45c97e5fb8a07	227.0	5
814fe23b3c0fe8eaaf20822ac18a532c	227.0	5
90141fe19fdf762e8b1ee92ee04da998	227.0	4
757159c4ddc9706e1cfb66c5e67aa123	226.0	9
96ed408e83ee31bb2821060268895243	226.0	4
a43318b813fe01f179c1de6aacd8d18d	226.0	5
0183487927f6e1ad022398deac99d61f	226.0	6
d21d56ecb663533ef8e445035cbf3a5a	226.0	2
93970a2a2dbe18f444d90dffe8c10cf1	226.0	2
795cdf76685b59780db26d622a6fec50	226.0	4
5599abe2ba643f789d96baedced98998	225.0	7
6944a7f0f831ab1b45b254b56892d8f7	225.0	5
98d2bb786b836979bdbc087f8b137eeb	225.0	5
d2d4159734c9cdc1d90785b89a6154f8	225.0	6
a6063618715d7bd49e270fb244ac1112	225.0	4
7a9f8ca555fc05077fbdb1424711873d	225.0	5
d0f53b88107f30450fb8f16bc4e39b2c	224.0	7
5f47092755dfc88e9ce3243f9a1261a0	224.0	5
af31a53d8273d2bf7f10580b1235cbee	224.0	5
512ebcd139775571bc6d940a82957829	224.0	2
02f41dd8218a9cca25146484b8275542	224.0	2
1f78ed94f44d8b4f426fcabcc71aa132	223.0	2
13881997aaf883fddfa992ef299f12bd	223.0	2
3120385bfe581e4b987bf8830171674a	223.0	10
5860dac317300b1fe6094e958240cc7f	223.0	15
a6e5110ee7834687b35cb8b914adf3ff	223.0	3
c0934698421f97c54b9da50cd0f2cabd	223.0	7
b4aa26b072ae7dfbdba4dc325bf5cfa9	223.0	5
25e1ae450ba6de2780389b421444e72e	222.0	4
23994d07f1251e7207e111282d574625	222.0	4
98f4804ab4c63b95d3eb6ff691649a73	222.0	8
8966dbb63fce64652979499779d36555	222.0	5
967ec830ea14293fd917e3a4502ca775	222.0	5
7275f452df147e6e4e8efa2858ff791b	221.0	9
5a0b6cfc5fd273d08237e53fef92e2fe	221.0	4
f57f298cd2319d3eb9aea6969a5bcfdc	221.0	11
4f2eb16c314d2f32ad10dcb4ee3c8453	221.0	5
5a77cc1fdf322b9191376fd8894ca601	221.0	4
7a65b081641bfe6e58b936f3c745b1eb	221.0	4
62563e7dd48c8d58227bc3cca2981167	221.0	11
b5662dbdb82335ba6676cd0602e297e9	221.0	5
6e2430ccb38425b3d0fb411037b040db	221.0	4
5c7e498059a130a9ba2bee131312f946	220.0	11
12bb0c9249480c4cec2cc9f692018806	220.0	6
c5c3550bb160cf15bcf550d831737f6a	219.0	21
2b871c2ffe6b443761916d5dc80a1cb7	219.0	7
572f4fd12e97d35da8d805344c7b4529	219.0	6
9934942352efabfda7cec91767de9c75	219.0	3
80902a999a319141ba944e56ef367119	219.0	4
4b27a41c70dc61124101419d7d288a17	219.0	7
a6ac1bb5b27cbce58114ecd1efc972dd	219.0	4
6ba060384f314ced128a95c0f62b2ec3	219.0	2
74b0640ed3b17e7495cf49ca926bc1a2	218.0	8
c8662dbf24cae8356f0bf6a34519a3f5	218.0	6
7f2ed3510083ef4b2592f4f0fe88054e	218.0	2
ef46efc9ca6d8cf116f00084706c131a	218.0	6
96b00ecd426b8feeec37215a73bac253	218.0	4
3807c2ff4dc23ff65e1a349cf02a8614	218.0	2
b281d642f2fa3a1f79daebacc879f126	217.0	5
58cb25e829b0f853c897471551d2a326	217.0	4
148c7eb0139bbc1b8c87dd31464742e4	217.0	7
a208184ca8d1817c7f52836523bdf8d5	217.0	27
602dbd70b5527ad64de178464877b6a1	217.0	6
474f204de5b750911a75136db4210fc2	217.0	4
1aa595146a47b6691e154856153e2ede	217.0	7
7696d8f914ec7bf1da0ad7ed62f394a5	217.0	13
a96e2942447cce26b13720da4e3b58d9	217.0	6
b6c53db684cbbc7d718612cfec65c5cc	217.0	6
64b17ce55b253cfbe1ae4dae4e53776e	217.0	2
1a75a40fdd6b8464cb509d0d6cbc7cbb	216.0	3
29f53ed4037419a5121e77253ba67ceb	216.0	2
4cb31740a14c872d67b44105cb801e26	216.0	5
971c089d5e8c32b1f9ea9e8493b283d9	216.0	8
d17f05dd2e1a5f198176bd7efccd1d7f	216.0	3
a9e9ee620a65301c9a4a38fff0d5fb11	216.0	5
b07ec6b98c15b451db36aec1cfe91b48	216.0	5
3ccc8d898a6d97eb1badff31b6c71c87	216.0	5
289b0b850b157c83dff18697dca90339	216.0	6
7b2c9fec029c4bfa77a28daffe52ca74	215.0	5
7661a8cdc27d30347a5dc3334d25f94a	215.0	8
aa111fb95e71ba429bed5ccf4fece735	215.0	2
e71461ffe18aa4dc3b1f7ba4a1011cff	215.0	7
754f2616cb28dae1114d784bcf0f68b4	215.0	13
c37576d693610e0602a1ff5e98016108	215.0	14
07b946f8708ff0d575c8aacc6627f881	215.0	14
3fcd48167e4987f78bce5fdb0daf2fa4	215.0	5
655567445bee1faf735c0aa2f32a0f0b	215.0	5
1f704fe6f8cbf48c6ab4cbcd3a2ec71c	215.0	3
0f42e943746a6df89865e0a87527f43d	214.0	4
e3cba921d15c2c6ca392fb29cd177522	214.0	4
b814834c3ee967d56b1451a37890d432	214.0	4
7e0d8da876ab85b47d434a6d5c57fd63	214.0	2
6a6210dd05615ce0487f8398f8b5b64f	214.0	5
27980f85b4e3aa227d7f13e150d1363d	214.0	4
2282d6b2b6fc0110ea9e390b9f13b127	214.0	9
b2ba93d53b13546a492cb6defa4b2081	214.0	3
1ac9cd840b7af122769e20423e3cd159	214.0	2
4a4a144ca97959aa91dfb264497ed525	213.0	6
ce3c3dec841c8c3872e04ce585f05f29	213.0	2
8155d759b5abc283f95bb8e67756ed57	213.0	3
1f9d183590ad016ee56b586bb70f20bc	213.0	5
4db315c5359656ec6bdda60a1294d136	213.0	6
e7811e701a17f0fe3b3ec1afbeceea93	212.0	6
411023e105707d264fc2ef89c97a1021	212.0	6
d8e834d6efb8fa8545d04e21d28418a2	212.0	9
111a94119157acc7c090d826e230dbd9	212.0	5
2086666afdd5de098b04a94247040c11	212.0	7
a2a1c0609d2efc0b9a5330c9235fa7c0	212.0	6
40186fdff5b3eebf6c8553fd8b24727a	212.0	5
62427fb6fc83422205aecdcc79f16d74	212.0	4
386289233ad87fcbb4878170bc46c2e3	211.0	10
c1166fef060ba6f434f987d18f1c1d5f	211.0	7
980b01dad977788bceeaf2049cfd2172	211.0	6
f47f8e690205be8c0572db3c32829f43	211.0	10
bb1da23869be53be62ce54167b036904	211.0	3
3c0b27a3436f846234b02698d91be475	211.0	5
c201f3ee6bcd9b69e2699e6d73c58cfa	211.0	7
37f7b8c5b76d30069297cebe58edc2d0	211.0	4
b24c5ca3fdfb7053b731b854acb43794	211.0	10
f6d6254afe4bd74a09bc0e23d61c2899	211.0	4
5fe13039191699647e8a0e35f1f7db46	210.0	2
4c44570858220c1d69fd746fdc395b87	210.0	13
406911596914040653818b609b0057a3	210.0	2
c105253beb030bb4759bda59985189c4	210.0	3
add4cb033fa2fb80933d8e8f31667c83	210.0	10
8bfee55203b1695a9087d6c9ceb233a9	209.0	2
1c86104283788a064ba6319b59b159e9	209.0	3
772532305d3ad5318862d30a1aa58d8a	209.0	5
4355c3f086c69fffe013ed0a3fdc8b66	209.0	4
18c0c3f182042ea401a390f8b4c387e4	209.0	5
d5dfe57b46eb62960a1bd1ff5295f92a	209.0	9
f3382567cac5bb8aefa3e2009a7f2c58	209.0	4
d09f323fc59e012d688f1b836a0ce1e1	209.0	2
c1bed7e950eae78b44c4b65c98c98236	209.0	3
e5989c6c12b5ced7c454a6018bbff525	208.0	6
bde84676be8c349e928eadaafa6fdd45	208.0	4
df429ff78b64e325f658e67367f6dd3c	208.0	7
054b7c04d120e058468ce9163371498d	208.0	7
4d787c527b6ed3ad617f33ed77f95505	208.0	7
563f29a93c237f11b085d59b254cacb5	208.0	7
7578dd45f5e06335d4d205635fe37f1d	208.0	5
8926feec7d0d3ec7721ca6d01e982e9a	208.0	2
c65d72ae806f82f0c94479d879718200	208.0	10
53f38364583cce2ea8fd98ccac6b9faf	208.0	6
8207250bd82bbdb40ce596f36b066732	207.0	2
2cd823c24bcc3934f537a39f3c100372	207.0	4
972d4aa7ab3b36b5f905d3e7aa57d974	207.0	9
c79f0109cc322a7717eefafa29afd7e4	207.0	3
84998927ee250404d25ed793119c2f20	207.0	8
43b92daf5b284e087225075b8af7df4d	206.0	9
457ae720371bb1ef40876dc95c6872e2	206.0	9
48b1ea42685f73478961368ae16e7ac9	206.0	3
5d328f9c7c84322c63d8f7c917fd8b80	206.0	4
32f703df76d42cc2ebcc7705094d4a98	206.0	4
89e384a4c266232031fd8a0e05401990	206.0	4
7c3e0d95b341824420fa68eec06a034c	206.0	4
a574d99a866f19ebf14dbc8a35ca692e	206.0	10
23de95558852260cc1136690709c5be7	206.0	6
4f9f2cfc28cc0edee1c96708022bdde0	205.0	5
bcb1df30a2855db962fb51dc60919f39	205.0	6
412fa1efd5e97b4180f28fe1e27f4097	205.0	3
833d92b1a8bae9e28241caf5a7b39cb5	205.0	4
90c3b13e836c7b8c30a3677516ed6afb	205.0	3
de0d843ea61c18a5a18805bddf8a0264	205.0	6
7e333560a839671dcaeb17cec3c96787	205.0	9
149953a6030ab4c78d78e615ea99ee50	205.0	10
74be4ff26eb00f721a8ad64ad81d3c71	205.0	7
a808d33dfc0344babdc0bc76bc5024c1	205.0	5
8c860b7425fe41bcbbb557969a7ad446	205.0	2
d2a900a0d26cdcc06339944859225421	205.0	3
e6862464ae749575a7d5d6edf5f77c54	204.0	9
420b7c4c95479f75e3ff9ec12020c14c	204.0	3
cbd919016fe99dbeb8200b15aa13465a	204.0	10
1375e5ac8887022ce36bd925a95ab455	204.0	6
0c74cb9fed7dca16aeb3e29f22286dc9	204.0	9
e0455052a9dcd9eb32b7c9a3951ae332	204.0	6
5bc8e9c5fdcfe880e90ab51d49ddba25	203.0	5
45fc15c1de398d3ac708aebf0a722f55	203.0	4
e567eab3c2fdd7bf52a8fcb70f2140cb	203.0	7
ac0a160a14bb7351104ef1ad73c94a67	203.0	8
746f0bf8d0a08fb4740d1fdeefcde3f8	203.0	4
fb931b850804ccb6ef97790f145830ca	203.0	3
7ff965edaa6b7dbf0a31c193d991bbbb	203.0	6
b57259f9a54e192362030aedcfbd1c24	202.0	4
d75b7080930e7a77ef3de8c6154895b9	202.0	5
92a84950c16610a1ac3ef344cd479c0c	202.0	4
c71a4b9d879fdc80845eda52eb5eadaa	202.0	5
2f1e3e13fe22a40de8d1ba90a09a5014	202.0	10
1576e47077c936abf1b7b62c68106b0f	202.0	3
1543129e10f9930e24da778050c9ae5b	201.0	2
3187171834e9d9c97eed44f21eed43c5	201.0	6
97136f4a5b383c1cec38fe6122abaf31	201.0	9
c2c4db6bf89b99c4be7368fb67e51b05	201.0	8
f7fc38cf6646716b08991c3573412a98	201.0	4
6d9d42e95ddffbc7a7cb21be9f332069	200.0	9
802404f650f0e856376ca0811d6438f8	200.0	4
c0209d9587414e59a76f0a8d2cc7e855	200.0	9
8bb7e335a27bf51f0c53e082d54d66e5	200.0	4
f0e43cd6bfb8f55ec28f1107b7bb83e7	199.0	2
e5636e220b50900e860e993e10b2ac04	199.0	6
2630a6e5a4853f737eae5f6e3da470e8	199.0	5
22a6646ecd47ba742cd923700c6edaea	199.0	7
fb7cb91161ce900721d21cb20f174190	199.0	5
f8783411ad5a4c51bda278afcffb2f7b	198.0	11
b6ceab20ef410af5b8ddf726a769a890	198.0	8
378b06b88d67fd237a506dcde0353214	198.0	3
21a4fcec700a33128a6ade1a88efdffd	198.0	8
1f3e4b658364c38e3c48b3eec0a46c11	198.0	3
27167637496164532b1be46137d41f03	198.0	2
06dea49200194f4e2dc60fed7f01710a	197.0	2
34a8b88529931973ae6f856a564def9a	197.0	4
816aab6674e05e9b329fe6ac9a6c5df3	197.0	2
0c431209f5b4260e779326373d7d2f2a	197.0	5
d7b816bed811fe47a690371523668ce4	197.0	6
5f8cadb28f4eb999d912c1bacf0e1934	197.0	5
6ffad3785fe6761896eaeb289f6b2183	197.0	6
58c674e92a6dc4024eb43cc9610959a2	197.0	4
a9b74fb0a47f970f7595a0f6368eb82c	197.0	7
35a02eae3f516c601c666319f13d4d2a	197.0	5
4658f709e21ddfe79085b373da967521	196.0	9
2476c4db4f3ab2127e676c085521f193	196.0	3
6844b2b6a8f3581070840087cc7280a0	196.0	17
704adab2b735e6a788256c4a22a706b3	196.0	2
6f06337d72c8d268bc6f40e2ee5d2ddc	196.0	5
c7d9d0450e32615d53bb5c4de9e25e2b	196.0	7
ff10db830dce8c5c52d64afe9e826b8d	196.0	3
9ba6c87295712df56f126dab90c0fb72	196.0	9
c8d63a5da5badc38ae24e84085862aa6	196.0	2
5a5dbae054db9609e16323c39c12f6a3	195.0	2
b11f1c9b3e1b4274f0a9829be4773c43	195.0	4
e05c321d1026ed4d22c2095f60eea577	195.0	3
ab7a9dafe53175eb7c41c151d47fda07	195.0	5
26a90bef1d78b6bf4a3e3ffda803ec18	195.0	5
27ec1f2da418e2d45d9e11e56269e482	195.0	6
6ad2a417db78bbca522bc53ad453fd37	195.0	9
d69e10245c57319454d7d568bb4a7635	195.0	7
136fd5d2a6a3742fbb29945f4bedc60e	195.0	4
5c4d3bd22017259b6a08342657678eea	194.0	7
45f4fb63b970cff87bdc5b5af4a6ecc3	194.0	4
c4bb3a8656e978ceac63d3bf7d9c779e	194.0	9
83aaaac41d604215eb73ea225ca2b5dc	194.0	9
09549e3791eca4785b7eb69819fee019	194.0	14
3566d364573b511ad93f3439434b2cab	194.0	4
32321ed7ed436b50c1fdf5d31645dee2	193.0	8
9a5cf9d1610b4222205580af74b8890b	193.0	6
c4f9ef34bd2919511069f409c25de6f1	193.0	4
3d714e6690db215f32ceb63438af46e7	193.0	8
9464e66cfbc7af6fa5f0fa09e27b5c54	193.0	4
1e5410abc28450600f4533a04c6d6d58	193.0	6
5057db595a0bf2ef7c829fabc17375e1	193.0	2
075f8821bc5c57034fb74afc07233d97	193.0	9
36e84bc6d8e1632e7e75b6fa7dc7f3cd	193.0	5
3c196d6a5f6603c50b2800dfd178315e	193.0	6
73ed0b01c389ecbf3b48a3cf711cf248	193.0	5
96d587521cb9eba2809476c70691853b	192.0	4
82b9079aa1704a5e3b702b77779e8af3	192.0	4
94f2e49323e2e90ae1e16d8ed4f875a4	192.0	10
49bccd1f08c902c1917e8d0ad5fb8a89	192.0	8
963a5e34119c7e8d8b7c8d609586f1d1	192.0	4
6e311e69c6b28c8476f14a0b1a3496e4	191.0	6
650cdad959e62e582ebfa404aacfc551	191.0	4
3f59a7811e97a716cec96840792cf9de	191.0	6
205008b166e624b7b7b495ecfed8b02f	191.0	6
2484f0c7d64efbfb4791711df88eafd1	191.0	4
d917fe6330533159d23035ea58dcd4f3	190.0	2
cda25957c5597059565750e86d4292fb	190.0	2
daa2557e482e98f8571a754f79b2b000	190.0	2
0f47b17b9b4fb563dc989ad10d5ee11f	190.0	11
b88100ec502b2ccb99987a7feab83436	190.0	7
e7b90268b5fe64146dac175e05de0357	189.0	8
8968d618a9b25e631486b6de5e92a825	189.0	3
cbe92613af8312f4bf54f5e4ea8f7662	189.0	6
281ff55c72652f6631de4b83292c1657	189.0	13
97dd7d37605e07d7200b3d1efc521bfe	189.0	2
a7cbfd27802c34cc47a56b2b89961603	189.0	5
81877e0d8e75f1ce373100e923971280	188.0	4
152650a17b95750e78097acf816b63f1	188.0	3
88f05f092b0d1ce5dd5e774c9334bab7	188.0	7
05d4926467b505cab8ab8547317c22ab	188.0	7
1b091f95ce0ddf55b82c71fec68368cd	188.0	9
653f4d4fd43b55e973f3a88607f2a33e	188.0	3
2a65516193d4243e0c354e354a1b14e6	188.0	6
eac5d2447164366c80ce69fe72c9d6db	187.0	4
5781ce30779b024d307b18e39a13ab86	187.0	5
a44898b99e3805db78b5c95e307f5302	187.0	10
e59e792fa5192f9ad05370849404e8d4	187.0	8
d6f5d36411f8f38bf7731cd71e2828af	187.0	4
c4a47d655583473a1376715b13050f49	187.0	9
e5ba83fb745f506dc73701b3c1d02483	187.0	6
d8d5c07cbcc0cd4280c8d4afddbedabf	187.0	6
ad3f740e064e539fa261812b33064be4	187.0	9
987998f891b4e30a6a1ba055aebb6d8b	187.0	3
48b89475723b459a93ae267c276e0360	187.0	4
73550c2c23a84d0155bff27f74c0f179	187.0	4
fbf433a3e65efb300f42a8315bc0256e	186.0	9
873bde87f9ddfc599ae370bbba593fad	186.0	5
7a28adbc65ace46e60d5438a3917fb3e	186.0	5
217b1323ce0d7c68af83c359fab7928f	186.0	6
68ab1a0e3547724081b11ab7f0fd5133	186.0	7
ef8e3585c9751f89775d0bb4a5e1035e	185.0	3
ec9c48899403341542bf5c4811926efe	185.0	11
65ecd8c9cbae44967656fac0d8db8e17	185.0	6
5a25a7b61f09fd223a40385f06196d1f	184.0	3
44e6ec02726d6328dcf67a42a5ddccab	184.0	5
6aec5246e999efbc0cd2f45474ce27d4	184.0	11
4d360539d7482d4284159d363ecb5071	184.0	2
2ca2229c3d5f6b3cd6957618e826b073	184.0	11
0b946c54c8a8b7f6f5244d59471f7488	184.0	6
eeb1b0b5d2b8f68ed294d15463961237	184.0	5
2f25f98a9109792566a321a2a3c02d16	183.0	3
b19836ccd0ab70a541ec5627baa93225	183.0	7
711569744bfad768d46952d62d4cc4d9	183.0	6
46ffef7658308506106c1bbaa41c7141	183.0	9
0a668a589ecc6b61a6fe78d1e8a139ae	183.0	8
db31b08b0999d1e16954f747db077788	183.0	3
89defd485a1b2f33b3ec7c8538667379	183.0	3
4b96d67f5b53c00433af9aea7cb652bf	183.0	3
73b2473c682772072239ecef5f17e946	182.0	2
9316909f76d51bfb4fb084a3d0f4df4d	182.0	6
ed58660055cf9641bde239877539b512	182.0	5
ccfacb3eceba19ec1ed7115caa3e570f	182.0	4
16a32fcbc441e2bbed3afa2f98cd2f64	182.0	5
7bb5c46058defcd029d579d1070b720e	182.0	4
b44ac1183801954333273ccbde9ed643	182.0	4
66c51788763a141388ab7ed428808cee	182.0	2
f6c6e7419ddde1e2e1d4a790ec6babfe	181.0	4
a49ab7ae331e7eb43e1539774a077075	181.0	4
e8b9bfe5e0a7772b4c6e18e61a0abbe3	181.0	8
c46174fba83c319c469166ada7ae0525	181.0	9
c555f9dae3de108980f88ba53aff1650	180.0	7
71dc63ee2c31b7f9d30b787869b64f87	180.0	2
60c1dcd8f066bcf9c643e67a43a32348	180.0	3
5438ed1b599825b58da699ff5373ea93	180.0	4
cc78bcd8fe73755e6dbf854af701ee92	180.0	14
1c759e98e0b0b0a6e91f2247789adcb2	180.0	8
e0452a2439fdf2136df4c129de9b58c6	180.0	4
0f83d5c248375ae51e741e679ac02e50	180.0	4
0f42bfd00e871207c3e2bc92a79f3456	180.0	7
fcc657d3b0260e354bd4a246b8fbec91	180.0	5
457286253840337cc12ca4ccbb633cab	180.0	5
b5ab6de77fcffe83490c47d319e6e428	180.0	7
cbcd3737a5a6ded7e1f960065deb7e43	180.0	3
9563df2fd15a7766278ef45363be41da	180.0	3
06cb403548edf27908d9822333342ff9	179.0	3
15e194b99572dcccee858ec557541cbb	179.0	2
7af0eeb33ad8673c14bd38fc959c0fed	179.0	4
30e75eac31692b6f218b21fc39bbb0d7	179.0	6
30a93c4ff2624ff8df8fee74376c69ed	179.0	4
f6515d3e326fbe3204be1de453c0acb6	179.0	8
409f6e7449c0a3511e319dee1985c02e	178.0	3
d55356c23d11ebd5c05de990a20cf772	178.0	4
f4a789c92fdb4cfc69e626c3503be0f2	178.0	7
1c001f1ab8e90e96771316e077eb6c73	178.0	7
7e35e95cb08153898b7af8c9f834e1d8	178.0	4
6325c98afc2a533617d95990beb3c565	178.0	2
3ac24fbdc5014625c9a3513483b79618	178.0	2
10a9d2450858df5c7b45937833c9d93a	178.0	11
694a7f194b36a87354ea6638fb692460	178.0	3
3a46e68306ce75c760e4d3644b00eb6b	178.0	8
5ffc0c292ead070bf7e00792303a9f09	178.0	7
53f58ef760619fef6a31eb786d1c5e0c	178.0	5
83c387260e6223b19794fc1a531cf632	178.0	3
8064a35c61cd085c2085f36709441577	177.0	7
a0e3d08152f5d59fef71285ed9f039d3	177.0	4
c21848dfe9cf38c05feb16ec7fb80247	177.0	10
b2a7ff36ea5341fb5e5312c89fe438aa	177.0	5
1aedb0c010ed6cea61cdc71f4996075a	177.0	5
43a368c483ab6cb0f2a713eb23e964e8	177.0	10
f764acebaafce2d3e382bc6ec77f6511	177.0	5
8f2275f945026b47949bf4f3174ea21d	177.0	5
990fad76144777b9f03078137e88ae13	176.0	3
19a8ac07f3553d289cab7ade77aa2a9b	176.0	3
a3d864ca69d986eeeeb1484f69c2e61f	176.0	2
43deea502cb023426c30154727b2968d	176.0	4
bb8cd42775d7feb5b54059f90e5ce9eb	176.0	7
fcd8c55e22b3b8bccb13b8448e30ef29	175.0	4
dd9d493a50d0f98f2afd89358415072a	175.0	11
16f7752e29a63c0b305acab96761b076	175.0	3
562bff00fcba1830664e6524d2cb6d56	175.0	7
3b66b930754e62ddc21944001c377820	175.0	4
239426774d4bcc10522815f28e2a4a1a	175.0	12
478ee9a8626b10a57774b81c443cdacd	175.0	7
8008f876ba877d5a9d64e1b45b58c67a	175.0	4
ef5e3b0d5e2abbcd7e6a2ffa39aa9701	175.0	2
eb700f8dbe81660f36a9e4f42cbc8d90	175.0	2
f82783bc734abd60b819de7d139c72d4	175.0	3
87540a20f1f68ef08b32729d05ebd8e7	174.0	11
7c2b1309d65b3dee78bdce286ed1d904	174.0	3
84ddbd0755e7ad1cabcceb6210dac3cd	174.0	6
bc7fd2b53b63178bea96f8ce5261692e	174.0	3
22ab600e6e7ca0c51acdbccae31710a9	174.0	9
56058e0975ea3016321393c7701a932b	174.0	13
ee164a04dfe42e1868ce991de7208dc4	173.0	10
2c08be0ecac990e4b8862d1dbd6b1d3c	173.0	2
35922253229c4ff0afd0d7cfb18c1ac8	173.0	6
dbd83cf5e42fbb866845bdd188515c6e	173.0	9
a47ab122925ee319ebe25fb8c7992557	173.0	8
3e4b4f9931636fb19c067783921a75d8	173.0	3
143b8c1d8562e0034add46cf0256c5e7	172.0	8
b1328719aeba17c25e77976e8119cb80	172.0	2
9bcfc742c9df20bb441b7fe0ba9f6bac	172.0	6
721825454fcddaecbb77f3aafc96c85f	172.0	7
8d517f35c8695afc206e00f6420ef377	172.0	11
b95e8a18a13b5dc3e61f8b370d3a7fa5	172.0	5
26c0e93c27bccb70c1e5ad8c10d2668c	172.0	6
e3e2bafb89d6168e1b8660c0d5a5e1a1	172.0	6
759aa74f1a9b6dfdbcecafac20e68277	171.0	11
337eaaad6b5494bf63c844dcf52af84e	171.0	3
34fb3181efdf396ecd1f8f52148b5e86	171.0	2
733c1a48913f032354c0157e3c63d4c2	171.0	4
95ef1832805269192921a34eab25ab6a	171.0	11
16f36e2f6a2a5c62edd616d47165279f	171.0	2
54eef97d63d8282c01e2b87a0fec74aa	171.0	8
a8efb0add294fcb473c5e6360560cd65	171.0	4
8f5959f21dc9ce9a281656f8d699ec07	171.0	5
2fe3f60bbba823ab607b01729efdc1ad	171.0	4
9308e1b5f1000803875f4adbcc00a1b4	171.0	2
45499f00efbf91461d5cfda14227cfc4	171.0	3
527ea723f32c9d3f3ebc09dc99b00308	171.0	3
3033c1bf418e147d3c99bb248845d68e	170.0	5
9f883b8ed038987f06efa8ad568e38e9	170.0	6
1527fd8b14037f53b8edb26b111e1f72	170.0	3
c80aac56f324b9cf8dc98562e3ccfb52	170.0	2
b9e2e134cac7a4b9a001af18eae34e54	170.0	6
898a26499a0e7f17e97b05e377104446	170.0	6
05b2dc1ab7b29d3c7effdc844e3a348c	170.0	10
83a61a62a69f37da2cb948211d8b5b05	170.0	5
e2223632bdded1a2db87c351028f8c0b	170.0	5
384d301b69caa33c58c76b3f0a30317d	170.0	3
fe23cc105b082263df376440173105ef	170.0	5
6b548019f313d22d704f245e28ef9ede	169.0	10
0887bb1032bf028fd7d7d07c13c1dfdb	169.0	3
a9851c5644970786b4b3dfbccd445161	169.0	3
3b3543f8462bc3acd39e1ec7af7552a6	169.0	5
fe28310be8c82d2f098e8d49e2875c24	169.0	3
e7037dc2701d6b9666d2c0dab6110ae7	169.0	4
077e7b0c801797870d9a558f3b49eb07	169.0	15
d582890228ba02c72e2168c145efd7d0	169.0	8
b3f06665b90a2d333fab406266e1d06d	169.0	6
c7bbd339437ad091d07b0589325793a6	168.0	4
7cfc73728f4054780904f5dfc3064019	168.0	3
35a9b60a2fdab791148e582e8bc08447	168.0	8
97db7c6d758f0385a93588c3844fb76d	168.0	10
5c8410929c458f36327cd0e9086e35c9	168.0	7
f17ab658b9a0fff169f67faba1829e36	168.0	2
15c5a1d0b0fab3612cfe2c76d0bf6329	168.0	3
d5e8cd5171eaf1f400460b7e760ba872	167.0	2
785b786cdcd10a881611e75b848404c7	167.0	4
f535737cb0d51f5664ed78cd0e7f11c6	167.0	5
8c89ea6370327580d9b60c2418b04144	167.0	2
d02df2aeeb83ac7034bd8220ab847421	167.0	3
1b6cdfed3b5f69f38766d20764e1ac49	167.0	3
9dc201f7d3ba5241eda402dff04975fe	167.0	4
ecb1ef9083d5c2da3c14c49c0d9b7caa	167.0	7
c491289ea504f7448f6e7e3af02eb7ac	167.0	3
b87f00be234bf9353269d78da135bf9f	167.0	3
788bfd85629b635c1347d31ff07f28a0	167.0	4
72af9cafbcffb3d538655ebe5f615305	166.0	3
4c096e0771abc464c0c41672c64c485d	166.0	7
ffe483f7ece4cb714f55fb5db50ab5a1	166.0	6
0e42d35933cc05b2d938f1efc507b73a	166.0	9
0c2f34fec7c919b35362d87d257819e0	166.0	6
b25e5c5a355188ad8ef8bc18c65499f8	166.0	3
461cfe73b05e4956cddc87a07e962edf	166.0	2
5fbf21caac56f7bf4e05e5bd9ae63b9c	165.0	4
eb506e830666f16adfe600f53ffaabff	165.0	3
607ca6407390af948b6f98ab41bfb970	165.0	3
19dfb05077413cadce10203eac015962	165.0	6
a53c67578fd55ea242d1633d2a184bf1	165.0	3
7d587263d4cc3076fecfc04722f35a41	165.0	10
df012b1a0a2e52eb758946d3a25a9467	165.0	5
dc5ad6476316caf0fad3c226eb0518d3	165.0	6
149c5b84358a86425d185f36894a1f38	164.0	4
3c2c65656901768d1f8b3243c09cffb0	164.0	9
e3a0e122ba21f814cd625e2ff0dd3a53	164.0	4
bb10a3808647a2f09d9324145e7a5f9a	164.0	6
51c89add8ef9f51b0649b9d45b5ab705	164.0	4
3c4388ac6c0b57e85f43ad71a43d8f6c	164.0	5
3eaf33a29e474e6395df0004c3505055	163.0	4
21b24a2f807b813614f1e911854290c6	163.0	2
b41f34fa414d9f5d02c899317616158a	163.0	2
6000fe24cefff1b697b967b03a27ae07	163.0	3
3c30931066effafcc66fa9cc3265d63e	163.0	9
4fc1be8bc8560c46d291d629972ff4a2	163.0	6
5452311e9a407148908a389be3085078	163.0	6
8877671631130cc4c514f57120e99695	163.0	3
b89642618a8feab4369e3952de988aa9	163.0	5
3f2006694c3bd62238e7936184950625	163.0	8
d0ac8d143547a162c8740f7c7f0bcae8	163.0	10
d5200e44f90d567eea6a4fb5531b26e2	163.0	3
48255c253c38d277339c79ca28294053	162.0	5
d897c826202106d9581ee3fee5d6d534	162.0	4
8eedb564d4aec30af3f22d35e77ba68c	162.0	2
77dd71acfd170a9a75ec88d777517241	162.0	9
dd81598b9f3ed33b97530548079b58c8	162.0	7
dde2f514908a4fcaa80827346c7b7a19	162.0	8
592e274fd7f2da45e8e107427f1d5f73	162.0	7
df2e6c3d1cc85b1cf815c817eaf574e8	162.0	5
131abb88923d0aead07f317a3c0f6fec	162.0	3
103669ca80bdc55389df391c758c8274	162.0	5
215a002283b3902769606844e8a4c82a	161.0	2
7a0bd2c75267f33fba3d6ab1a7ead73c	161.0	4
cd1d6d5ced3f2fde1520aa2e633af5ea	161.0	4
78445582a8bb1269c9fd126a0756567f	161.0	5
cb87e4f7e4aa0f753c533cd36efb2e67	161.0	3
5f6ea61b2e7adc38c51f7299b58a19f0	161.0	5
4cbd95e86c172d60685a3a3193fa8b09	161.0	3
4180a66304ff064e50a5d653e33d4ac2	161.0	6
b09fe4fce8bb2ba13d2355a0dce317e9	161.0	7
3017a47a620637b24df97f50486504df	161.0	8
ff32eaef3e68719f26ac74e84d5278ed	161.0	2
6f968f5c4b5102b2b8e892e9f0472ffc	161.0	5
754ba0cf6655af57753e41eba2c7c127	161.0	3
637f327a59fa5dc5c6dd1ad4aa01dbb3	161.0	3
f301c09c89577ee685bf418e9bd35def	161.0	7
60470fb7df86c9077b24021cc9f8999e	161.0	4
37ae2d1044c21314db09b447937b20ed	161.0	5
61ec4ce22660334492092bab3d3ebb29	160.0	5
1c2560aa47df808879804eb2159594e9	160.0	7
9914cc0f9890173321c671dc4a12d936	160.0	5
60f20988f182b56b1a64b0f71f79f658	160.0	4
64422f5c5a353495f8144fe66064052c	159.0	4
4fed6825c0162f05a69d3e3441b57e94	159.0	2
6f4610809ee9cb7a42a980bf48666165	159.0	9
366d946af70123eb676953295562fcb7	159.0	3
67877947d43e34b18458db17bcb79e37	159.0	4
9ae3ed711e51db1a9be5c743778db0a1	159.0	11
f297af5b753628c85557d98a7471c641	159.0	3
294e0f28171e23cef69cf7b313863591	159.0	5
b254cda8634d827f4f4ecf144c222910	159.0	6
c63143ddc357fc4beb6bfbdd7828a8f5	159.0	5
da386ec5187f1a0cd13e62bb66673eb9	159.0	3
047e9573fbeb89ae1c16b23fe305119d	159.0	5
93a9affe525a4ddda933fce27518d7ce	159.0	10
2bc5fa64749ead37390498481125d03f	159.0	3
4acc36d268585bc3834e627756313b21	158.0	3
c33521e5e453c61ea9e99a4179991362	158.0	4
e8a2d51492c3edcb5ec0fb7926df3fa2	158.0	3
c35976d00e0914aa7823da037b45c0c2	158.0	2
34af79084971b2ff5a5229f88c77b815	158.0	3
2de983e1ea1bfd934f737b96ff43f1d0	158.0	4
030ff8883a7dfcd2f41abc4b4c4a8042	158.0	6
f80cc0136d42149df3b8a12be3f5c74b	158.0	3
6fc765c81c8b663cedcd799094894748	158.0	11
f308d3df3507581d8c5f4ecd6f8c262c	158.0	3
b97ffb6c6e894dffac16dcfd7ef0e63d	158.0	7
c8a12a2e54f9ebf02dd2d7c95c3d9088	158.0	3
c653df20f9be7cf30cc0d6a4795dac20	158.0	10
b46ad5053702cc534fe1a112b2eee51d	158.0	7
fa5966393db6fa10bca8167a64958157	158.0	3
44160c458ea4679e67211f84795b2a06	158.0	3
df32f7b9525a78a60d9bf2c4d8c9d459	158.0	5
eda9c92cf64e72a27c3bde58e131850b	158.0	4
5d08d44772091db5aa9b073ae40d42e2	158.0	5
c7aea7552449d2a008cfc0e9c8b66800	158.0	5
90071ffa3f5401940368258391cd17db	158.0	8
0b2e740b9349508340f9a35f9f47d96c	158.0	3
24031ef32b35c142ce2fd56bbb31667a	157.0	10
aa304354b91920ca1b65472f1a92bb33	157.0	5
4afdf0b176b470fd156518d5dec05d79	157.0	7
7de2329bd4a47c4083cc10272efa560f	157.0	7
77c6cd8861e74389771ffd49079f4da8	157.0	8
4653df91ab498f44e994ce734e9e2acf	157.0	4
8927ec05974183957d7206483083d542	157.0	3
8f998439e1ff5b891537230a5e64dc22	157.0	2
5a4dad5c129ca7752a38ae7641abc729	157.0	4
3e6d3d8fe3c904952a038fecf33392fd	157.0	10
7ca433270a153fbfb7515a5497b7a401	157.0	11
6342a0af0c6b50c43df28d3322976c88	157.0	8
2c9c92dfea01325cee89f282accb5511	156.0	9
4d2a1d8a528a7c3ff6415f570b48b004	156.0	4
7ca1cedc3d122dc17c54c4be6807b342	156.0	2
fce585a77da064a49803205c10710055	156.0	3
0b24047067bf29ccd1ee5a24f12aa90d	156.0	4
127b9729b0204a1b09cd012f25218e1a	156.0	6
06985d539f2616d9496d7056d12bed86	156.0	3
e7fcce287c9ce1b990c0a53c460edbd7	156.0	6
a0a7de753175ae65f4a9a1dbbec49468	156.0	5
ee495d341aecdf95e4df58b57fc9f834	156.0	2
a774eb4bd8a4fc9907a65a9f3901201a	156.0	3
5ffcd6418fd31a2482829df1e5ac63b0	156.0	3
e59c5fffa3135137c250be1ed80d6631	155.0	4
9613b236d7d447faf7d57a7f151b270e	155.0	7
639b359deb5caaef6e33b273e1b1b305	155.0	9
539446e2d7ebaa88710ac3408f8d37c1	155.0	4
a59ef14ef24225469de44a9b34f16dc9	155.0	8
7dfa96abfa7484bb6c9cfa90dc9b606f	155.0	5
4b53fbafdfc7537f72e4cd2c2cb683a9	155.0	6
7eee1c6aa88afde0cc09e48e81b3ca64	155.0	2
d8040bbd488ef18d7b1db5135ea4c7bb	155.0	5
41446aed1214c2c77665a56b5f07b4f0	155.0	2
eedf8f1bdd8be12170d2b8393f7fcb61	154.0	5
33258cc94a94e2c734041dec60f38279	154.0	5
2d5f1a50da79ac849d29b0c4cfeb7841	154.0	7
14c71769f4c9bf12ec3ba6f04b6edab2	154.0	2
14ddb1f584accbd8a433618f280c0a48	154.0	2
3cff01a98cb8de23302c959a65f172c4	154.0	3
6c46270cc9bd020eb742d1eab6f975cf	153.0	4
662acb1ab88afa6d86e1469d70fd5e53	153.0	2
cffc67cf8f3327d84b40ad19be4775a8	153.0	5
bc50919a04eebb37f0d05cd41c1dafb8	153.0	6
5d33435f7f0d268b7c20914c3603de3b	153.0	10
f1cc663f53d6e66976d3bf2b2d80d622	153.0	5
6b3e9d9fcc4173009fb6b1c9db219e8f	153.0	7
a13b8de2b144ba630de14c70c91cd3fb	153.0	2
027fd5edf675cd586da919ae713f2405	153.0	3
64369a00975d4f2e91664c664faa1b39	153.0	5
75b5e8ff31ad74f7f0a2de2b9f0b3172	153.0	6
8d9f306b3eb06ec1d7ed0a333c076141	153.0	6
863fe22f5b4329cfaaa66112c3dda3fc	153.0	2
7ec4ea370d9896acc6f139fe57af12e8	152.0	4
f827d8624eec7fa5cd7830b9b1b62f17	152.0	4
36b4fb3e537923c6360f6cf238a84469	152.0	7
1ebf202e831696b5d230c11593844b02	152.0	6
1c2fdc09f531dac71c10de952e45bdac	151.0	11
abce0658163e4db2351b3d8ccade8d96	151.0	4
8c2eb4a147fc24c257798f3fbfc71803	151.0	4
7d81b97eaddefff408c1b849e71267d3	151.0	2
04f58b399deed91763d145b634fc875f	151.0	4
05d2b668435bd09433a9b57af38968a5	151.0	7
bd25145c56a0791ad39d6261a6f00f2a	151.0	3
9c989ddd984f6bf50b6ab6e51c17ceb2	151.0	8
c51747fe88d18111721d13ebf0f4fe06	151.0	2
ca350e2e29cfdd4d8237b8ffeda6d658	151.0	8
b2bd0b1219ae360edef3eb24064b81b7	151.0	6
c348a7cc121fa43fb14ca92cc4273c2e	151.0	2
810f3fa57de6675aa49b63ff5108be97	151.0	2
eb84d0f63f39177c7fef7b5df9ba3c37	151.0	5
0f2466a35b85099daa2ac43090ba56a6	151.0	4
ea3c1b4ccf680fb755cdd3d2caec1a15	151.0	8
663bee363413aa46f6b774db10ca2ebb	150.0	5
642e964da59cfd840bb699c790a589e9	150.0	4
1f0f2781ed77258dbf7028e9193c4a05	150.0	3
30f455042711d534bb48da53b417846c	150.0	4
91f20169cf5dd31a6bd99baee70d6134	150.0	5
a33eaefd2c9c0fd127db22d7a05df513	150.0	5
2212a76e57eb2112c67aa16aa8b085b4	150.0	4
de0603167782121ab0e8d3de1d5d1fed	150.0	2
5169dc5621562cde354ee38032a642af	150.0	10
2beee00d6c4e084d524818b3b3ec56cd	150.0	5
cbf48c716fae182ff536917772405cae	150.0	2
0bd8538df9bf19c0ebfff81c00dfa7ea	150.0	3
c161c1387194a306cd76b73bd79ac408	149.0	5
4c472e7886f87c1318c07c34604bb635	149.0	5
607fb0b1adb0c20e5b24dae9eb577c56	149.0	3
b60ee3e3c40c58e2d1c81c1a303e84ba	149.0	3
106b17837996288368277aa21c06c024	149.0	5
7a0d453cf5cd335872243157ad8e66b6	149.0	4
bdd01339b377f2544395c441140e69ed	149.0	3
0e4b86927264306a3c5b289a9ed6b900	149.0	4
4113da69d9e70f47f13775252481dbba	148.0	6
06186a6e1fa53577376744ff6a82c96c	148.0	3
1689bc2373d1219c91957369ea3633d8	148.0	7
75e715df097172ca4664c5e961b6c08f	148.0	6
cb26fb2b97ff8cd970f910074d351ee4	148.0	4
4d492dd24dfda5873289ca879ed70d61	148.0	10
b197c528e998217b8ab0474f9948eaf3	148.0	3
81f880317348afa2734ead648ad98667	148.0	4
05992d2befeb4bd87b626698a9694ccc	148.0	6
48642262ffcf546756e7b1475442e850	147.0	6
28e86c3d865adb68c7dddff409ff354d	147.0	3
3980c287fe544a424e4758c612ac4d35	147.0	4
84b6333f58c9f939d157b83228ae745f	147.0	6
7ce016066a58ba4a3923a9f5c1b07562	147.0	9
6357d5513e5fe2a249d48bc7210ae6c2	147.0	14
b9a839eefe225a6be6163153a6f565ca	147.0	2
2780c4007c8e5dc0d4c0567fb0b3bacc	147.0	3
ffe431811ed9b2cef85a3c363856bd75	147.0	6
62c7e265b3cdc33a0e3e581f0c107a5c	146.0	9
98b51f5f656c13af902dbe68ee95908a	146.0	3
449a1848eabd76b1c4f175a413c27a42	146.0	3
31ebb433ebf0b3e83259d826875b4438	146.0	4
8081a1ac8e2e1e6af27d21fcdc48407e	146.0	6
abd5c056665c6fbb129635f6055a8fe1	146.0	10
502f9028cd6f0edaf8fd9e1c6ba0e6f4	146.0	5
32861a67232f559b28d0502e26e175f6	146.0	2
f8362cddac5dd5a280b3406319b591fd	146.0	6
2e8bac984d10bb3bab3228707d2a1f58	146.0	7
a1b333db6fe822b32e69085f0e147cc6	145.0	2
efc097d344be6fbb000d7eea1380ce48	145.0	5
7d29b91e7e4693463efbe9c7f509421a	145.0	8
ca9cdeb5b89d9d10f1faa9eab35bb9b4	145.0	5
20f45bb12110469265d8496f274b3727	145.0	3
0f0a1f8c92368be6e8d3145bd4e94cd1	145.0	6
d87f249b45292f527647700110e52798	145.0	5
363c1c39d58bce4fc3218659d0944258	144.0	3
2fce3033e02f67031b29150c8871556a	144.0	2
353a683945f07cdb30db99538365103d	144.0	3
fdbed06b4047239dc666a6e080f196d7	144.0	3
0d7c8391049d2c2dbb5f628c672801cf	144.0	8
649cba184e05e5f6d9094369eb137358	144.0	4
63cefc1154d630e8aaa5001b9dd3083e	144.0	3
95379f605a92ba09270025850c4b6c95	143.0	6
a0da9dd0fd1f91e7099cd3aa0e425176	143.0	2
850c3f86cf91bf5cf021242769d977ed	143.0	3
c6635f9c3446d745bd6416b99a7ffcfe	143.0	3
a97c3ee14a94ff5767943bcfb0d32c98	143.0	3
77b136bbe233b2465923c92c91c24685	143.0	3
2924d06d5372d6232ae5335a40945447	143.0	2
eebab9920660ebcaf24dfb39ab585ced	143.0	4
3ad60f46400e593137f72e2b27580002	143.0	2
e5aee2abe8013a29bb6fb9c9f5c6362c	143.0	5
2c0fc01297d9edf036a230b81361d2fa	143.0	4
c83da9302e15d7846582d4c84cf2b4c5	142.0	3
d7ecfe6bd8ce81897a67a8bfad971934	142.0	11
eeff065fa4f42c7b9dccd22a04f7b817	142.0	6
c29172a27111da616db8d6e3af69e513	142.0	5
6208cd123328d00750d7013c640da58a	142.0	2
34a499b707df18674046b3ce02fc2fde	142.0	11
fb9561cd1d133020c2f827d5cd1029a9	142.0	5
c2721b2edb1f235c11c6d76b87d318a3	142.0	4
ffe3d53c5cb877e6810c0b75789bc134	142.0	6
d9899d87d272e028b108d04457e55942	142.0	2
65bf3cfbe91cd68bde8e720d57fe1c0f	141.0	2
7671d1f433fea6b987cdc0fcf1f817aa	141.0	3
34c8b9ece955c03645ae6cab506cac33	141.0	5
849de8a0262531c78dffbd2223e16c56	141.0	11
c5ca1940efa9607693b744bc475626da	141.0	3
7b722c9f48cb42c7c4a687066469e489	141.0	4
cfaa6ce4021a34a4b95f01b70a3c6f6b	141.0	4
75aea9e42002a1f71866b169df4b747f	141.0	5
2652de6031cadd1b3f3e23ea9038a853	141.0	6
93f4d7f5139245d54ee00d0c59a124b7	141.0	3
8e1e522d36d57f577c35a0a8f5f2a359	141.0	10
edb083f600fa1a5b92b8fa0db90244ab	141.0	3
0177b8beba21ee7bf947703064d10c2e	141.0	6
581ccc0c19910c96d94de8239b654817	141.0	6
3eccd18a3754fff7aaf7d8d57daffa09	141.0	4
dd795fe001c74324848d09c57e6f9ad8	141.0	3
e664b393df764e68a46b41285f33d845	141.0	2
75f4a191be4d032222fe08f52e531edc	140.0	6
e66bba234daa92f4e0d04e473a5410ad	140.0	3
73b0ea24e6dedd0af4dc73e238421dfa	140.0	3
7e7d23d6de726d607dc846278d64508b	140.0	3
a83cb9fd9efa5f580c80053a85c6d3ec	140.0	3
1c79c4499edb421e612583a1a35eacea	140.0	3
1e325da7855b2a29de0365f27f96eb89	140.0	4
ff36b67e1553256a8babcaab5b5f3393	140.0	2
97172156a307a221c45f1028b4a28afc	140.0	7
f234875d7996e9d93d5cedc262420b6a	140.0	5
b024f205e036a0b112c86f7290f7c585	140.0	4
8018cf352426c5af1bbcda6e69d3a8b3	140.0	3
78eec33a41123e2df0b99bf4d2168a17	139.0	3
e1a4ef55d3bd13c3e6549ec35c1f00b0	139.0	9
a9ea07bb58e3261cefeaf7bb97747781	139.0	6
26fb0e1a1e444dbd79e8960118d14957	139.0	4
61662bc49c5ec83fa2bc040e4502d038	139.0	7
628c2f4111439f73939e907be8cbe474	139.0	2
2f9a438c2c44046432c107d10a649fcd	139.0	5
a0247708b48e9e3cd414c6a4a4726cad	139.0	3
3304df7ba976852d65ab2b3bc265e6cc	139.0	4
7060568a5aca8a1b3fe4695e85ec3f46	139.0	6
c1c55793a1164d188d449d124015c09f	139.0	4
361eaec7f66057d886c66121fe5b4c33	139.0	5
7d9dd09238374853fd242058c1ec9d8a	139.0	6
d52c11445f5bf116933279c2d5077019	139.0	2
ed650902f8915cc841d960f16c7f9a7f	139.0	2
584f1fedb131401171a84aac029ff78b	138.0	5
0d548b7ae68e54797532108a74ea78f7	138.0	2
cee9b570c48465b509157533a61e4053	138.0	4
b196892ed7215ee23a9e12bfda53f507	138.0	12
878baf0b18a4f36a4a872b25f8ccb1ff	138.0	5
3645ac4e365399d2257f09dd4238235a	138.0	7
64583836e1e1fad97a69adb3fd892607	138.0	3
42f40b187f70574bd14e03085035bb01	138.0	6
a0d04b7716d01aaa01937f8529b085c5	138.0	6
b12a15d30e6612eae743c1122b6abb7f	137.0	13
9af68339c2ac434e0b37eb3c4a94c7bb	137.0	2
61bbf3170f4f16e1e076a3f70f664074	137.0	5
f2e0cf7ca8d6320876a2cc59f709a932	137.0	7
be6ef6aa148bcfd5d58d4bd3ffff0a35	137.0	3
a4abcba0aab32248e381db6ca9f167a8	137.0	4
012e037e3820ebd33f574ca6e7c64225	137.0	6
e4029bfaac01a93d2b67a848f6c349dc	137.0	7
ee09e95e52b1b0b00a91de21afbc7b8b	137.0	6
f631d758c7d0e1bbaaede9c68b2f95f2	137.0	7
e053921db232dfa54179aab54496f5e7	137.0	5
75f667a616f1b6471ada6c6df3f59631	137.0	2
17db82881801a25ad989d38989883839	137.0	7
4bf6d7ae46431820d46dc254075ad79c	137.0	2
629a385188a483bf4392937946a99aa4	136.0	5
8d70730621e0c34b911aae4c185a6621	136.0	6
854fc6f9b93c1b455b6f728c0206fbc0	136.0	4
7fe52ecee39ecc69ddf8433f942065ca	136.0	4
fa2896fc80fae465055446b7a41cecc2	136.0	2
bdbfc8322a4e93a2327a83142257912f	136.0	2
4b9e7ed4133c8c9b1c44f417bd81db90	136.0	5
67ae736255c2bb8cea045ebda229e033	136.0	10
fd2c11f9af7635a50912e4c8a0357b04	136.0	3
9b59b5b6863d3ecfd682c6318d474106	136.0	5
90ca18fac66dd3838d798e11776214f5	136.0	5
c5577570f89f6cfd355e47ed2c804771	136.0	7
89ced6268c1237a3a6a1260b9c197c70	136.0	6
5ebec085320b1b767991e4da96b21285	136.0	2
5793e9d6a44b9d17b16b74ced68840e4	136.0	3
96fd234541d4d9f22f42334cd1dccb14	136.0	3
969a46bcec37503358168c9c3f9c8858	136.0	4
537917d3416dd26aaa7dff5f7b137607	136.0	4
2da839b3f60b1d0da1e309e6ad6277da	135.0	2
7b36af497ded230ab29ffafdff76744b	135.0	4
e0eaf3573a1426308cc889d775bd5895	135.0	4
687f84464fa394215a9388fb5896ebc3	135.0	2
d75ee8697d4828740bc9220d498fe3f9	135.0	6
17c0d88264fa676664c81917bf3ec69b	135.0	5
9e5bdf028e0934ced41dbccd803b79ea	135.0	2
2e66a6aa62580b4350a68bbf0e71780f	135.0	3
cdd87939406a0dfbf65a2429412b37ab	135.0	5
ad0c858ab8e0360b04c59af1df394fa9	135.0	7
511fdd82b944143124d2e8de34d875db	135.0	5
ac465b2a2e5f544b1905e63fef7c2510	135.0	4
3e273792616553eddd538fb5848ece44	135.0	2
e0d7fe1126ac9144a4bf2ba573fa2cd8	134.0	3
d5e22e300e586222db1b6648a88dc67d	134.0	4
94d77dcd238ff895b32ab35f63fd2718	134.0	4
399bcf0feb12a20ca0731d8d65268dae	134.0	3
ed6938485bfd1e02410e027ea6f8d66b	134.0	9
38de2929c4bd5785a42ceb307b336cf6	134.0	6
68efb9830aaf28163c006a3f0f7a95f5	134.0	2
e85d0ca84116fb9db78ca12fce629f10	134.0	3
f4cd813a1b8a862f7a285466b25c6302	134.0	7
b54cb6f0a3823e0b93d0190f8e629600	134.0	4
03a688a21765ac40d21309fc9de73955	134.0	4
6a6880faba39965be0e4b7d88966d1c9	134.0	3
86b3adb00f5766adbe4198994dfa7d6c	134.0	6
aa330eb362afd913d39beaadee188b10	134.0	5
023a8d45312391ea3c76a775af09fd8d	134.0	4
61dc14bb66763328e2120819b80cc640	134.0	4
90d9be04e0c21e447e280f601d7f530e	134.0	8
8baa31a317281ae1a35331cb47804dad	134.0	4
e297bd8d9bca87d97ed743725ee279f3	133.0	3
f2c94acf4d0bdbf65a88046890c7bcae	133.0	2
18be7d3f238f844699512451baa13528	133.0	6
bdf019e81caeedc27a211a86d5a6aacc	133.0	4
2303fe899ee256f58282123e25633bbe	133.0	4
f43532a3f583c9279be3d039e71d9dc1	133.0	2
c8421444c3bb7b921d5f73ef8208dbab	133.0	4
9ff4cae56188c4389e45a856345691f9	133.0	6
66b270238a6d4ed6bfbb77dc4cc58785	133.0	5
7466bc39b3892ca254790cd94e772211	132.0	8
738502027c2afa137d1346ba1d9146bd	132.0	2
401d8b8a917aecfc63aae87b656b69ca	132.0	2
a650f349bbdffb95b3624519d1ba72b8	132.0	10
1dd669535fc03b92ecc4f4caa4c7be2f	132.0	4
a92350e8028ea492eec4efb8fac5bddc	132.0	2
f51799479c1aa7c6f957cb71836efed1	132.0	2
f66b6443a38c4c9e5835e21954f0f47c	132.0	6
e9e1a97fabadcd361fb1898c27997a54	132.0	3
be9eb15986b4bdfad6c474a30e7ce4b9	132.0	6
0a2e329531958d8edea0d50fbafe3370	132.0	9
9e5f10976f88efd2eee14cfd28b7f207	132.0	4
ec4f22c0592c61e57f1ab3da48afe6c2	132.0	5
b53a823ffa16a9d16373e28cd05b9e21	132.0	3
4d1126eada0fcb1d78fe1b0f13b357f1	132.0	3
9494733a6da171b105688048819fbb4c	132.0	7
af3af6abcd05f2933e1057b7fe5f6373	132.0	5
b805ac6e77163f8d2c7a5a46aeaf1a8e	132.0	5
afd75c497eda774743c338bad5058645	132.0	6
2ede133864608c3b1a387e43614cc94e	131.0	6
2cd5c001b33bdfb655d6bf7b09397111	131.0	3
2901e530a8fd02ee4e2caccf34dd72a9	131.0	3
278289e806474c0d3b3068bbafaf8b3e	131.0	2
f859b96d6c592445be5f6c6963950c6e	131.0	2
a1620d1dabf61a32eff452493670ef84	131.0	5
b29b7637501739fdaa52e9b3ff9633dd	131.0	3
094c4942d5b1eebaa1a29dcc44c3c8e3	131.0	2
686ffc9b632f7103cb7a1b996a9f8607	131.0	2
4b4c9cc9a1440a6492ba7dd4d271c115	131.0	4
a52de316804e9d401dbee5e2771a3c58	131.0	8
1e05394fac04ed0ab3e8eb46a4962db3	131.0	2
08303e90e4cc28fe1b7cc1933c2ea792	131.0	5
6a3aae0947882948bd969ffbcf98deb3	131.0	3
0514a6f0ce3995d8a446ecb8714e54ef	131.0	3
6e8986f8088b452f964e7968bb8bca87	130.0	4
de8dcc7acd7aa0be8261ca8418260120	130.0	2
96ccdfa8a65cd1cf94b7af48e84f09b9	130.0	5
2562a191b340a9c72e630427268085f1	130.0	3
e79f8e82441205c895beaf04bcab01e6	130.0	10
ee0ee1a5cbe02c2068af992af2fa9c0c	130.0	7
d526d244699e7e62c39369c01579686d	130.0	3
878dba260276b83633e2285a535789c2	130.0	8
8d0d19e40cd7305245e34bbe9b7a4f96	130.0	7
3fa1fe6e9a8981102fc3eb287c1f05bb	130.0	2
6930deaac147b18801e683e5d1ff10fd	130.0	8
e9fc1910165a1eeff83580717cdb88f3	130.0	4
ec0de66281cbebab0613e931546df61c	130.0	4
a1dd0af388e0e9d52518b92325a9632d	130.0	4
4c46ac104223ac729c252ed9cd4c27ee	130.0	7
f8330e1f3a70174220f5a20d69b7d1c2	130.0	2
551a971af79c4fdc9c41064d5588ed23	130.0	4
ec9d45ebe9f8b00171d6716bf0c6947e	130.0	7
2b30c6121b683ab970da69db78073db6	130.0	6
f8355b3573eeaf6aaeab2ed8a41fca02	130.0	2
9c277a51a7a6bed33a2f04c48727b4da	129.0	3
aed5cae09403713a82d4fce76621c25d	129.0	8
aa1e2e828084e5da37bee6a1793dccd1	129.0	5
ea0d7836902f23d8b79a46d1671f9d5a	129.0	6
a28739b246a86ed27ea0ce62abb73920	129.0	8
abd3f3400b4bf51698c9fabb1970dc76	129.0	7
1c91916c9f479f3888a5b2ecd4bdeb1a	129.0	5
caedf7b67cf45b7dbc6cb878c9d6fcea	129.0	6
4748c067f2954a0774f292e7f5721fed	129.0	6
011ef5d33962d1291a8490e74d581a54	129.0	4
708ee473a7b602694d3840dec1711906	129.0	2
620c3905b95f785225583ddde78d0ce6	129.0	2
33133fdbafa239fe4ae57af7d7330864	129.0	2
0211b52f6496938e0f512be69975d24e	129.0	3
1215837f1ebad4b5814f584fd5360f88	129.0	3
75dd877f8a838b799e69859cb21d7426	129.0	4
7710b6ef95698d9cb4a99e8015f5e928	129.0	4
b5704e155ec870d9716a03e04211ecc8	128.0	3
f41ecd5908945930fa47696e8fdb9dc6	128.0	5
14a999ac116871041248e75a737e4362	128.0	8
56dd716625ed05bd5af7933e2e721f25	128.0	3
0f6ff10cf3d64ae422643ad9f8b1eae4	128.0	7
bbb4fe1cb119b8d874c4aeae9649a6fa	128.0	5
f49efd5bc5321477578eea10742a29f4	128.0	4
ad2c43cd389f6c7f0de2315e3b0f9611	128.0	5
7749b705b86fd8b6431579daa33a8a42	128.0	3
1be38b755892354654d82fbc3021af34	128.0	2
66532825b618be1476c212ead4369f43	128.0	2
539c940d59e61fd66892b037c2c17dd9	127.0	7
e90abd64c5e2c32ed3ea1c5f22643cc5	127.0	6
8319953e0c685a73e68ab82d2d7573ff	127.0	6
dd7912f513fae6a4979c83d46a52967d	127.0	6
d4aee7c696ea625c67530b40bc27f227	127.0	8
32382a0f5831da5faee464d011b5616c	127.0	5
2dc9144bb9798415846751e0623277be	127.0	7
bbeb7c9cfe3092c6945ee34e169371ae	127.0	8
9c689d68d20b142234cea9f7b294893c	127.0	10
b34a57a7fcf8794849279810458de436	127.0	3
282fa683e87805cdd412fbf9396fc011	127.0	3
65115a56d674260e575bc927c099e965	126.0	7
6e0eabd9d9169671af82d21eac2313c9	126.0	2
ab153c3e19553cead3d76fb9e00684c2	126.0	5
8850388f596bb882d0fd5705ca4867ea	126.0	4
8d26ff494ecc4ae84ccc737293ed471f	126.0	5
900796592f0d3574ba3c250c5b899d89	126.0	2
43e3eaea20d5d70bd88a51c044cb2592	126.0	10
1c6a5d142866a6d839a339f8a3c0eeec	126.0	3
9ce15404f34403404c76d8a6a30c526c	126.0	5
c0a93863ffaa11a2a26ac11314d7dd7c	126.0	8
5e3866c274cd4d7c7ea4f88bc2e64c24	126.0	2
d2e8a81911c2f4feb0bc1116866307ef	126.0	3
261e59398310bc5c22e77d339c2d42f7	126.0	6
54d13c6d1953f1d880f56663159bfca5	126.0	2
893521ca004c94a43cb226caf35fcf1c	126.0	2
13b528b28eed22b2ca8cb2715572f314	125.0	3
c1365ec008032ee718dcafaf5ac17adb	125.0	9
0b70219f4e28b3633821dc498b567078	125.0	3
9f2378c4afa6ae3948c6aac8da339701	125.0	3
a354d9b998dfbe93efdb9b43e537d4ea	125.0	4
cefa5a62da5f52d49958443461cf803c	125.0	4
e2d14c72c66fb01e21720108bf7a343d	125.0	5
92d7ae4c949ba59d3f516ad209f36db3	125.0	3
7ca5acac235a5963ec73d8006b43d23f	125.0	9
b85285a082ca6d647eefd7a85a746d59	125.0	4
675c3381d84697d0f0e333e8d155d97b	125.0	6
77efb39cc3f675b7ce14f28d03db1238	125.0	7
012458b9050e020a433f1cb844082536	125.0	4
19cb3add28813b2bf3e1f40a000d33c2	125.0	4
c0456511e42e8e5f097799d1c81eb49a	124.0	5
18767c72cc59da443214e925e9875f30	124.0	2
e49840a22844a27d82e13eab58def44a	124.0	5
6eb18e8784533fe1a753b0bbbdbfa7dd	124.0	2
1c85fe6e01899c1b9575734197172ab7	124.0	4
af50afb24123c0cb2b04af187445d900	124.0	5
382ace05800f6e405b52a197c0c97a57	124.0	3
f83f53460d131c82a6f3b5761b5b0047	123.0	8
9e615f78cc480ea31f54c258b2f69294	123.0	5
8fa5054e5c7c5b4a7862416534880979	123.0	2
413fe51ead8a027df1e19611f7e13621	123.0	2
5b229bc282325b7d935872d8181ba99f	123.0	5
d07753405acd62b5f8cc76a1ef99ed22	123.0	2
0592b3f854eb2473ffc9a665e2f22f00	123.0	7
aec11b757682d354c15fdbeb504bbfcf	123.0	7
0b359de1e717345ae628cc2ac25060ed	123.0	4
9d83cf5079601496374127ed04132fe2	122.0	5
b23d9bc886d6e1625522547b466fb697	122.0	2
678b4200a64ac0c2dd0133a6ca05d815	122.0	2
3d2106e1f57d6440ddace157bf1cbb53	122.0	6
ca07bdc42766b092f0ebd2cc1080222d	122.0	2
ce3860283c05723a4e62c168b6f8c232	122.0	6
17b64fea82e67423454024cd2869d0dc	122.0	3
d3c55b0221caacba490fa094e40e08b1	122.0	5
445d07541564fe8b78eedc9bfc75a149	121.0	4
9c459deb97bb2bdaa9d25f94217bb40f	121.0	2
46d8ab5615f60d7b522f3590976668be	121.0	11
b5fd14122ef7a7c55580591ec80c70bc	121.0	11
333a4c391c6425243df4ce8a4479ad96	121.0	3
95cf7d4f6ed1e398bef5e8de5ac56879	121.0	4
aab704659d08c747b9531d9ffb3d428d	121.0	3
6fb1317b9cf78da6093a5f548d3785b0	121.0	3
39ce4fa9abfb9ea46f5f15cb185a784e	120.0	3
389baed1340babe3bef26f450f20335b	120.0	6
9446d3c04e81cd831b2db7bc664cdb8c	120.0	5
74962b3f80ebcd3ced6be9325ce0d152	120.0	4
c3937c933413c88df1db4b761e0e3ac7	120.0	8
2c4740f31a77c8ff1097e137d0150cce	120.0	6
5e2ca91ae69d6f294047b329e97ca4a6	120.0	6
280f4eecf65ca18622bff599d57d3990	120.0	8
21c248c9ce18f9d415c9f5325c20e414	120.0	4
3fdcd78f3790262f66cb618c8fd24ba3	120.0	2
6bbd1a0fc9789ffb178ba41af1e60eb1	120.0	2
926e697f109c114057cf04a5243e9011	120.0	5
a7f292376f29dd25d0544da1272d1fda	120.0	3
b01126874e8cb729ce0234e5e493af20	119.0	4
61b362f3e179fd06aaaa8ae0f3f134c5	119.0	4
251429848560a80abcb96640ceb102db	119.0	3
8c2ad9886709b554bb47e4c5f9b8a1de	119.0	3
65fed9b031f763522022999aa67de99a	119.0	4
269aa57fe0b362374dc61b28eb860f64	119.0	6
61849f9a19c1edffad3ebecfb573e50e	119.0	2
6453c5a578c893c807247661de7df87f	119.0	4
0392ef3d48e8729761449a076d055d9e	119.0	4
2bf558a8ac40b8c5e65d2a59eb3702c5	119.0	10
9aa707698a0b403ea136386b5650f0b2	119.0	10
322a0bb7edca5b6161001686a8f60201	119.0	3
8f3000589df8b43e4a7d3df2ceeb36d8	119.0	3
cf2f10e5ba4333b7f48a24a8b4647984	119.0	2
446d513cc6461a1def76f184e7f53a45	118.0	2
4f731936e81169c7b63dc23d1cd90366	118.0	4
b6bfadb9a9e4908576a534a5b259e790	118.0	2
b7bb753db56936c52abb6539e164af66	118.0	2
ff6bc186e84a544cbd0eab51c4bb57dd	118.0	3
344dab2f52925a723cf8b09a5d785ed2	118.0	4
1c711734e87bd5b93d6ff61be665da02	118.0	11
3fe55dd5e59267f275e972017302459f	118.0	2
ef9a6bbbb4de56e0b8cb7e0c4c532897	118.0	6
b490c792d37809210c23597f237daafc	118.0	5
ae06fe90572f45af5617f556a2d328f1	118.0	4
fa232922d65dd39637972fc24686783e	118.0	7
322e9eb1fe497870dc7010c60caa0bf0	118.0	2
2a98db5ccb5eb082c430bb4a0dc1819a	117.0	4
364c2ac31f93d9b80b6c2e0873b2b52b	117.0	8
7ea3064729501082f6b42c687116d2c5	117.0	2
f44228176836aed2d845502a0c93f32c	117.0	4
3f8c8aa1c736702c362f73c59874c323	117.0	6
3d2ba8e9f30c3d24c7e832b5c6f121f6	117.0	4
21025611ac4fd5f48260c9bf34c8921b	117.0	5
d44a89e8f6d39de30cebadde86f00891	117.0	3
195494e729e09f79e6db4a391e0f4051	117.0	5
0fadbbdf3d5496eaf450547c03ca9e20	117.0	2
30fc2ee545ac814cdb08d4ac3bfefb0a	117.0	4
8c307cc5cdb9802d9a9d5e4c4787274b	116.0	6
f325e0d2518eccce20deb5e036ca80bf	116.0	4
09190e140216505790501c5a5610c700	116.0	2
c09d6482d37e3795627a28b0550d09eb	116.0	5
2e0de4d70a4863cc70c47402a9d8c32b	116.0	2
c1a64703fbc6ed6a593077ee9a0cfbd3	116.0	3
fbe7729cef8a7662ab7a3de05664c0cf	116.0	3
d85e4d17021ce9c95014151751858d1a	116.0	2
ca381cc742d2d56e3b6f6c32afb43f53	115.0	2
c84a3d5ad1e28b4c6214a4c58095c342	115.0	7
07cb24e368e32d67cd2878d5284fd1c1	115.0	5
89b57642bbe8414db2286f8ec23903a5	115.0	4
e8513b4ef0fa654a16d8e0d96c7f5e89	115.0	2
e85392e797d964f1b1de8f89563de769	115.0	2
aebb8333a799c2c267ce5a9a8e866cc1	115.0	3
7c5154e5f4fd2a9dc2ac1ea85fef7693	115.0	4
45de6343715a25a54eb558cd6faf1a20	115.0	13
138aa8662b92c8f69268b87c7fee41fa	115.0	7
469c187979337a132ba8c9e5612de958	115.0	2
091a3a9d22eb994c0ab6263f7fe33306	115.0	6
00291d82898f37c588c8fe22575f045b	115.0	4
6a075600d0a0be054c90cee2f672da70	115.0	3
8bd81809d90713ea8e75991d3f94b1a7	115.0	4
0a22ae0fa154e95201bea06cfb46e7ec	115.0	3
1db506c0b2c6401cdb9765fddde61895	114.0	3
02c987f08cd840abb3b661b33ef68601	114.0	3
a5bcda0a9bc25bb576d132a2aee7d578	114.0	2
d4e52549882de61751ed3130f9683705	114.0	4
efb9f0c0a79cf59869b270547f72da02	114.0	3
a99d54089cb04e09706228f6e40893bf	114.0	4
90577ba0ebe055fe1181b962bc04090f	114.0	6
7613c75c1a609f6acbcb14f4bbdd414d	114.0	2
f23869351dddaa4b90bb05f2897e8977	114.0	3
f00abd77654dcc765ad2d5a07f453857	114.0	6
1504027eae860ffecd2acc9f78e7dab6	114.0	5
e60e9795fcb43b5a9bad78894729e28c	113.0	4
6be3e89fb03434239c296b2a984831e6	113.0	2
27985ec9ab4ac8b56818e90feca05700	113.0	3
2268b83b6cb307bfd1cd008dae1ce4b3	113.0	4
44401845c4bc1ff336d904c17b5e2fbf	113.0	3
1dc1c0c3cba65632c2ae512bd80122c0	113.0	2
962d7c88610a4514e2e85d4b2f964914	113.0	2
7e000a94fa5737e702989623e63fd9ab	113.0	6
081f567b80db3bb2e119d53a60d3ca4d	113.0	7
44a3e790b13d9cf7672756b82eb9d002	113.0	6
183f5ec110cfc3cd5186569432d655d8	112.0	6
5428f763fe17986f3de641681395a1db	112.0	3
aedac9880f4da8f24acc442563d41af1	112.0	4
1670c449449e3f93268d0e6d3d7bc1f4	112.0	4
108f00b876fd2b919244ca58016a5ddc	112.0	2
b72abb130134b077c7cd2160a5a1d813	112.0	4
3fd2f16b9ef2a59efeef2ace50fee171	112.0	4
f861bc0e307698f2e1c9db6b92a397b3	112.0	7
e88f420b02d31d85aa43daf88eee1ade	112.0	3
f83425a5f002ac595690bcdf9a2222c4	112.0	4
ef85f8516ff141c414b2260055f8e133	112.0	4
7314600d407df7d8124f6db6c8ca230d	112.0	5
6fed5076224a4581e3417bb1393320b5	111.0	6
55fc33c32a8bbd0de3efc51da0493eef	111.0	4
83a52b9a839b6043be901c8922b340c8	111.0	7
e9e5d6f60731068b74a08cab27f2efdf	111.0	6
ce4eec9555898a7510f20348dc60af5f	110.0	2
73fc88f699468f255625c4f077bada14	110.0	5
927f36960a31a2ecf8ff4a8141f5a0dc	110.0	3
eac1d525e24b9df6047d8e1c619bb087	110.0	2
ba71af7297a0646ccb13d67b38ab4db7	110.0	3
3debe1e132b7563ee9286d200ba0e1d0	110.0	3
9d5a9c79e9739a41df4a2c9fcbe7bdf8	110.0	5
04b1303396978f0199110708f4497f26	110.0	2
e00ee17d926d185845be51164b0a7918	110.0	4
d96276d6d8557d9fc48f1630603de6cf	110.0	8
bd9d9806bfa69852a1eade337d3ab6fb	110.0	4
79dea2c7cf7e9f4dba97a73cfdb686cf	110.0	7
81d3b2b3a2d3bbb7f3f02f5271d4eebb	110.0	6
20740f53782a3d7996012e103f40c2a8	110.0	5
8308ab58c237ead19939b017e9227433	110.0	3
c372235f8b8b77eb1076b4485aa4abc5	110.0	6
f462c13cd134904ed1faf17fa29afed5	110.0	3
f9f4e105c02415f30f39c21022e14399	110.0	4
6d8e0a0802b4d0f8f2aefefb3ec60508	110.0	2
290307d78a41183d6da1063d4784d5fd	110.0	3
a1cd1b2313b683b1868ea4cd64d0d353	109.0	3
822788f900f3f5a7891433270338f401	109.0	7
fe3f1a146738d3985d43328911d31c74	109.0	2
57b69b58fb287567da3f4fd6d455c85b	109.0	3
77e548ba2d7cf4603f86db72e51656a5	109.0	2
b84faeda8fe4104ab3fb308c521e5122	109.0	4
dfbce3e2750b3c5c82ceb43960aa71d2	109.0	4
6c33022a4a9eae459e05b7171cc1749b	109.0	4
48146b261f0ad982b4262654d96e18c5	109.0	5
3d385266cf5b2e57a31df423352f124d	109.0	3
bf20c72ee6c50cf2fa1af3a312c149fc	109.0	3
3f027984fee79f5fb158487d04729c28	109.0	4
7082c6166a634f6d78c911d13aaca5f3	109.0	2
c626d00f2fd7c4005035eeb783a5cb8f	109.0	2
25a9341a91a326b530ccf1ad009d001b	109.0	4
31f7322f518714095911beb231c37168	109.0	4
99f2d558565f877ea20cfaad45bc215c	109.0	4
63a2de21003c952fd04b694d8444e66f	109.0	2
fd32e3282696649ed9eb635ab9595339	108.0	3
d6451c12a383b78977a06aa879bdbac5	108.0	3
a7d4844f47db3dcb36335c3434c36d70	108.0	2
e9121cdbc07def006048ea8863af603b	108.0	2
d994015714b7ffa8481c9e82c4c1355a	108.0	5
507811063bfa675b4f74ba29c1c38be8	108.0	3
c5b1e61e01da1b9978610d45d34916f5	108.0	3
0cf3be5fb67006cdd23d55811a76ab3d	108.0	6
e7aaddca475d4e9169507f802e6f69de	108.0	7
cf8eb2fb3d885d1919ba916bc0975347	108.0	3
79d6827f4edaeafe843fc4f55072fa3b	108.0	6
bd14091659aaf8ce77aa7747a5e7b8f4	108.0	2
e835eac2563c9b3178c7e810875175d5	107.0	2
7ea99684a5aec46d14dbf94007fd615d	107.0	10
fd06ca8702aad5072a65d386ea0b55c1	107.0	4
f230da8f569b012b8997300fecd8c57b	107.0	8
9f7bd05fc521199ef6d17958985d2712	107.0	4
f67a4c5f4453b65aa8e2eeb287a502e2	107.0	6
8c680b052c9ffcf8f2b8715f9c1d1586	107.0	6
dd23521c38c3227af8c88b34598f96e7	107.0	2
f478b5f5a21d0ff01ecf6ab53f38852b	107.0	3
0539f2fef84c38b8f94820962c31a752	107.0	8
9fa1ff268a1b3a7b351b3dd041b6d40d	107.0	8
5afc8eca29fad15a4faeda82f9f021e2	107.0	7
205f749eb6cc0de35999090328de26f0	107.0	3
d4ccc75e4cfaeaed9b56de15ef5e4f76	107.0	2
9283a69412030cec4710df4d879d693b	107.0	3
f2c4cb649e40118a3c2840b7f86c8d69	107.0	6
66187ab5541419b4a2885193636fa7a8	107.0	3
9b81dbbce8ed249f41cb43a8a46649cd	107.0	5
446116e7838b2ae10e080ab1060f2dc7	107.0	3
a5c0360f42b61b14faeb53a32c6901ec	107.0	5
8a35e8672ff1f1cc61e4afe73041b87f	107.0	3
e40d2dbb634a3d3dd561a9b98142da28	107.0	6
8fdc029f1ceb74604dd5d595407880a0	107.0	6
d7738c7210dc282fa051af4f9da7a547	107.0	3
487cf2973b8f44cb6a4fee33a917b071	107.0	3
52c6ec6deded3f2b5ecfc98ce0106020	107.0	6
bdbf0a1542beb23e48191f2940f0ddfa	107.0	3
dbc8abe8ea7e772cb0dd5e66206221d2	107.0	4
5c936085d9288f6186c7ed65c5a7c3fd	107.0	2
75793616cb04b7c4f6c462c16034c883	107.0	4
743fb626b147d67fd88ad9cb9386ee8f	106.0	5
9dcfc4c22f9b28fbcee8a1b41bbffc8b	106.0	3
02ec4b1b59bb7f86b6da0326c8c4796a	106.0	3
459ae2edf41621fb1b0188161e946662	106.0	9
81aaf67c58dfd6897bae673462adf2d8	106.0	4
a3a27790fca876f6e9d53ae81ee7c0f9	106.0	3
79cc57276bfbe51e3f3143d95127bf17	106.0	4
a9782a4e8d4159c8d356e017e00d1e2a	106.0	8
53c2ca6c7b94a26ed278b73093a33745	106.0	7
5beb3ebc59b84d788a3d82aed0c46daf	106.0	3
7d86a67cb14f33ca6c1fceb9d11a7611	106.0	3
285d1d483efc3bd9ae60621120c5120c	106.0	3
95ebb3f2cc2b097a8a9df9fe74bbe9bf	106.0	4
630c7727674285235b097974520532f7	105.0	4
c957da8a147a3dfcaae3b849ba2e7dc0	105.0	7
fedbf220ff1798cad9e87413ec25bd9e	105.0	5
04428dfdf7b1bb1e7f0021defc573143	105.0	4
f2dd8ea3a3b83a3f5b6824d3e07e02c7	105.0	5
10251eed87086c0f8d58201e99f685e6	105.0	5
8b127a562907eb057a9bc94d532fc1f5	105.0	6
c73be7b5d91337a396a80398ba20c8d9	105.0	2
6b26045905ae92caf68f2fea0b4191b4	105.0	2
71b81a348625911cd139c0d6f21b5e3c	105.0	9
a14941d263918d0c95f6db67b1f29119	105.0	2
597bc9503dc23e56176ed6a131afb3a1	105.0	5
67638d01e967d8cf51dd26ca41778cfc	105.0	6
ec07c8f1d3725c87dfe329f77c0ad373	105.0	2
8eac9b1690ce7c91812259fda2b946f6	105.0	3
df391fd57ffa55176d37fcfece7c47cf	105.0	3
e2dfeff1f9739d37778862832d4b8e9c	104.0	2
2029b933d02e5f362277e70102522c4d	104.0	5
e866e15477bf3cdb8b663263c6d2092a	104.0	2
84553f1668963adc4f39569830429dc9	104.0	3
8279300acc9fe6cd6e283b65a0edb58d	104.0	2
9d293919d276a66770aa594411f34226	104.0	3
64b68b371fdbedbc3f9efcb42cc9438f	104.0	7
aaca48fe21ad9246742718afa5ec8b13	104.0	6
73d5eb88a04b85daf026a7d160b71d0c	104.0	6
bf8dbb354172725f19c7ee96bdcdc08b	104.0	5
d2075a524ecff1c06ac96c44255a9ace	104.0	9
d3232ee5e814ea84202fd512d0e549b1	104.0	5
8ca7d3eed354b3850be39f98addf5310	104.0	5
f211e23fb356b16e54dcf6f1060483df	104.0	4
d5f8bfc2f604e5d655561f2b61957011	104.0	3
87ac7ff3c3e12999b0c5aebcfddc767f	103.0	2
bace8d5431c11e75808b28a88981721d	103.0	4
5152e154550b71c68b69f1b30dc77650	103.0	4
d61a784015e580b1e5f3dd59d21bf629	103.0	5
bb725b9cd9132374add159d7d4a8ce78	103.0	2
b45caa58d61c661c98274db6fa65dd9d	103.0	5
865d57acf65241ec85171a46194aa5ee	103.0	3
04f449437dd56bf3cfe58acca3ef6f76	103.0	5
6f849c1996035405ef580630e3f1252c	103.0	7
488fed6ad5851297b2013cda1105c636	103.0	4
b933144efdc293d9a7d04057fe870de3	103.0	3
e5f0d0e14168bdf65f8f1bba71634219	103.0	5
0dd72bc3ec428f2df7d52021d17d939a	102.0	2
ed57530af6f0668108d61b876546d161	102.0	2
1f54fd23ba010a700bf0a667b33f06f2	102.0	2
9c441a6198dd2fc89be3136fcf0b91fd	102.0	2
2736244c608f4d814174360eb9345811	102.0	2
5e7dac18f2d61bce7ef62846655f4068	102.0	2
5f9d9f52877f6dddc85cbc0f5350a794	102.0	8
0bf2fbfc8800281bb7bd24301124f07a	102.0	6
2b5b72ed074545bcff5e58a778db6a1e	102.0	2
0794525203824578792400b65a392cd0	102.0	4
3b8cf9aaa97eaf3d8522c6e26a91153f	102.0	5
54a35a835f2b4054983a075349953bc7	102.0	4
06c7a573bb1fcf9dae1188811ba2a826	102.0	5
f9e42b1024533a4bd6fc4e1ae313ca72	102.0	2
ef8ed7e8b69b95ebfac53c03c651829e	102.0	3
a8304012d9e5954f665fe6ffaaba1b10	102.0	3
64ae76ac1efc1c0f2375ba93c4ec1ea0	101.0	3
6a79e8aba46922ddb879f2f4a3c33091	101.0	2
b6608f80e2435c8482f732bfcbccaaaa	101.0	4
e540d4a7f08b8a0f979c7319016cefce	101.0	8
0a3f23ff24920d6a62fb2319e8ed660e	100.0	6
3495910b959814b26077f8ecbe687465	100.0	4
1d1cc696801b91f9763ddc6bed3707f7	100.0	5
a757f5ea99bc18f01552119ade00064c	100.0	5
d6524c1afdaf51dc418f8543b9577952	100.0	2
94dcdcbf869393af4f7830828d8b9cd4	100.0	2
0ff6aede3e1f2d9bc1e9570c313e4173	100.0	2
a204ad85227a1a86f017814911aaddef	100.0	4
7c0bd8580ef4a564905ba7a43677baee	100.0	5
1495ad9fefac8a607799a69a8a22da55	100.0	3
f05ed61168fb4cdc63aee4387ae08bc7	100.0	5
09be4839adb75f48f2a1bce51e914954	100.0	4
d773e87b5f3d324fb32bdd86aff78856	100.0	4
dfef3ce84583ba535de09b9ab6d5c75a	100.0	7
135eb7efd3e46567c01dbf83dcdafccd	100.0	3
9c831045ee41328aca7bbe0c49a2723c	100.0	3
f40f2407302860473854611ebc9092cb	99.0	4
9f6f7f737789ffc8209d93b16c0ab5e6	99.0	3
0fa9fa0335898ca24b570cf722c04470	99.0	3
b2485bb3268d2d6f872f72a0e032063e	99.0	2
ad62a165d0da95211add90c5b80d63a8	99.0	3
e411575a8cf93a1135fa8c2497b80597	99.0	8
5ca3d064f18bbf7efeee1ac4b9542836	99.0	2
f270443c827358d2102bd65f6df50c4c	99.0	3
09169fd7ffa3336e00c87c9e12d66071	99.0	2
b2cf1dc4e743096c87028b44d5cd73ca	99.0	3
9512bd0fef2430797a1249d0a7e9489a	99.0	5
966f29ddf51add80f88d1e2c1029ecf7	99.0	5
05f43f1fedfa4c01b527a79a8fcf816d	99.0	4
04e13bfdc56b7f39045417145b542485	99.0	8
7d479eec3c07806ed0fa3c88ea30142a	99.0	7
b4e4838b2d51ef1186f8fa219a146264	99.0	3
82c427abf47b01be5dd8435f03ea15e3	99.0	4
4b8690321dd066046f1efe4cc427d5a4	99.0	2
ee160797e242af1803e284e6d436b07c	98.0	10
18f0bf7b7f08dd736053643c85e94a40	98.0	5
df18c25acbdaed54e21c575bf25be523	98.0	4
9f40b6cefa6a383e564ede67631b1260	98.0	9
d55c722a01e2d39b47618dac116b305a	98.0	4
574906e75d833626a50874d3c4b22b5a	98.0	4
71ef4810c22adc359dc3f97c252103d7	98.0	2
0c67aa484f0c2f9484c6e3b134cbd862	98.0	7
70b4e23ff85b836a906e912770d35a17	98.0	2
934544394135bfe48f9e93d8708c423f	98.0	9
997ffb1de88609ea32689ef837298b9d	98.0	5
1cac16dafbe75ac144214d3b3e0b387d	98.0	3
6a5c725ec4990f7e76f5cc95605d9ca2	98.0	3
4fc2b483c4f4bdf717cbfb12ba8f4558	98.0	4
29cd86f834af2c13b66ac55bb8934e06	98.0	3
07861b004e74bd0432ed37899ed62a2f	98.0	4
f881f223c9bded8a1522a32f69cfa5db	98.0	2
2ec673c38bb4aa932e49b34b6b3cc006	98.0	6
524a1b0273c13635e862f19233b7e35d	98.0	3
cbee5aff36831f3afe2f6c527b042991	98.0	2
81f33eaaee0bc157b58d4d462628c248	97.0	2
69c9e466ca32f44f5d7cdef049a8def3	97.0	6
66711dcfc8ee62a4ca7d3a4040c8421e	97.0	5
4a650e6a13354f203029e0bf296a5553	97.0	3
f81149aa6b1b169954d4a1d589f60714	97.0	4
d36be4cf4a5022c7a851077b66bd354d	97.0	4
2079f9435d2c4d2c7b27a6ff0c230cf8	97.0	5
91d03e78dfcdb911b04d0202f3f22a0f	97.0	2
df451e3cb00508417280721915565db7	97.0	6
f64415f0b16d266306797842ce374072	97.0	4
a5f3077ef2afb73f42ddd240f548e17c	96.0	2
dc7ec6eb849e5aabbcf07d8c2d1c575e	96.0	3
8ce47c6a1a6689df5247f412f831d56d	96.0	4
ae7071ab8e156e5834054f59a5221248	96.0	6
9dc692569efbba4a0fd48236689ce899	96.0	4
3c9020d366326c2bde566f15af08a0d1	96.0	6
1df3af7c3cc53aad7527b5bd74f6b556	96.0	2
5d6bbd5843ab0fa527b6b8c69d98ae8c	96.0	2
bfc514c314557dcb865930136594f7a1	96.0	6
f1bc7b680ed3e1c8f3bf953dbac8c2d6	96.0	3
b3ea2eb7a97748f4be91cd283fb94064	96.0	5
fd416dfae1e741640352df3dad09222b	96.0	2
fa99bd1efa3ca557a7882ceb55bba59b	96.0	4
a3cc1b36250725e883dfbe9336f5a99c	96.0	2
6b9b1ea5470c1cc8c03edb61e2f446b6	95.0	2
15d7f7b6e2e29a67592b74aff16f2edf	95.0	9
c9d992c14679cf2292fdd4ba8a0cc338	95.0	5
925e56c65cae6ca645de5b98f0dd5028	95.0	4
a71493ca1b38f4959f05c658cee4a9a8	95.0	3
f773058bc282fd329aa8b451c96c51e9	95.0	2
d940a6e5af8cc3f0a94fa1faaeb3c716	95.0	4
6460a1e9727e88b634e29d54abee0d64	95.0	6
5d0921c53edf5b2a62d4f758ea2f1705	95.0	3
5388ee70f254034634b06475761e40db	95.0	9
82fe9fbed8078996cf1deba8d8580db0	95.0	6
0f118e3bc4286695ee9e0da2a9375ccc	95.0	9
3fe93932d7fc358882fc0a5994216640	95.0	2
1383e0cb611d48fc6df93b333b5ca745	95.0	3
41faa6e725f4a8cf25705d3c4824d36f	95.0	3
ecabbce7fcaf05e3a06dfb6b5f1320b2	95.0	4
f3a3cf334b56bcf48559a404f0d0daae	94.0	2
e55f5d8b1b39c8e54706ac3775b52fd2	94.0	6
30346485331ebd82d8a5cce80155a2cf	94.0	5
8a8b296ad0f041047a32bd74949ccd75	94.0	4
8869fd8646314c494cdfeeb03af86b20	94.0	3
2fc5a9bfbc63bdaaba52c9295afbe8bf	94.0	6
f6c70af34bc449e10c0d39f47c5f9d5f	94.0	2
5de4fb4371d8d206d1614c50000cd523	94.0	2
b57b4fbc71c8f40564fbe24d2bd8911e	94.0	6
c8438f3e406d412b69f229d7876a2d65	94.0	8
ab333f3dc6c55e220a52c60825df82ae	94.0	3
2378298929bbe7cd4788c1234788a234	94.0	3
8896815ab6813fc6ecaa4786bf9a6ca0	94.0	3
4a0647a9c828eca5cdde8ee1bdce262a	94.0	2
7fa70aa1829c20d9e99b8a45b27deebe	94.0	5
41b5750d47f0dd194b6c5dd4936947b8	94.0	2
b9a585c47becaa3b157ece22b0771882	94.0	3
a430075422b628a7e58b108e5f4a3eef	94.0	2
370d0b916c12ed00d76b8566a035d816	93.0	5
0a5ca0f2655ddac882369bfc47133e9b	93.0	6
1cc48d6920902a5ba5ce9bd110896bf0	93.0	9
2c0141b0e6d7147dc16e78116b25454d	93.0	3
674ab302c5fb588ef6728c671881e951	93.0	2
4e215417cd7f1bd93207a02d751352a7	93.0	3
d47b89ee8272b90fa32d73df7e553ac9	93.0	4
611f4fc6d49d8583f05eeb3b2a00c364	93.0	5
adb94583bb495bc8907a8a3bdff83bd2	93.0	2
8877253ec7ca67c68bc5e7519c36a52c	93.0	7
c6caf7c527a4a59123156ce36792f3d2	93.0	3
453d8c269d0e41385b7c81d9d5aea1ec	93.0	5
bd8a290baa8e27547ebac692e21c82e6	93.0	3
2e603bc9a92afeeb6943039b642d83b3	93.0	6
080c5a725521fde760876bbd4f8a0be5	93.0	4
808e4992a8b75503b8a4a11e9c912c30	93.0	2
7cb62a6462e6816167e5a45511a677f8	92.0	4
41df3b4c55182503ecd97c6dbe47966a	92.0	2
a967949703e01b7ee46dd6585307f290	92.0	2
75a1c024b0833e749931725e2fddb03f	92.0	2
6b30b6833270ef587ea1c6cec77ac2bc	92.0	2
b697dcf8cf6aa25d8b0ca4457ffae12d	92.0	2
c0bde2d2f59b32894114e31d81c67062	92.0	3
353a3cb0bc2acb15fbded41ba9e7e2bf	92.0	4
d6424880c9f05beb0777cb3e3f47782f	92.0	2
a3607a88a8ed64e24a374847b23e404f	92.0	7
dd145fe2e7f80a66f0688487c857e45e	92.0	4
a8b4ba31f16445d812eb11b88a3018af	92.0	4
bed9364837ff274cae7ea3cf1364db10	92.0	5
2730c25423bc146a64af8c42f3bb112d	92.0	3
c446ca165cd7e13cf022053ea9de3461	92.0	8
d7c770d325ecb14420cb340a1964092d	92.0	6
2470b7e70e2fc2171facf836794df908	91.0	2
30a0f054d999a66f041991e7ee31fc9b	91.0	3
b949d01bfc0b3883a9a856dd9dbe4fbc	91.0	10
c782a79643cd24c496968064dda0dd0d	91.0	2
03569e3fd843f501355f7853b0ec9361	91.0	2
76601aee352436b044a782438488b6a2	91.0	4
1bd0c0f288a0d147dc26c97e1e11f378	91.0	6
171b30900e58d3f7c9c464e983e65e7c	91.0	3
e18f93178f56f613a57d54a6ec8d40dd	91.0	3
9ff7a7759691b17ba4b3e8635764601a	91.0	6
608c1c9eaf8271e0098887e51f44973d	91.0	4
c8acb8dbf1ebdd469009a4ca843a85bf	91.0	7
8b781059f2e325cf791d6846a933ad2b	91.0	8
eb16bcea4510e8a2e6407c30b581e47e	91.0	3
f46519d48581f38a23419d7a53b6f93c	91.0	6
5e7675627ad4caa9f5f493d34353fbe1	91.0	2
e0f998623aeea4b2a102adf95a8b944b	91.0	2
b971ee76278a2994160ec55e613da8f9	90.0	2
20dc8ebae80f91e0715d2e2c6787e6f0	90.0	2
af46fe108338a7887f323fe6e14dde43	90.0	8
8bb5ff097e0707dca3fe5860af20f4a6	90.0	3
7b471fb2fc15f1b522062d4514a8e872	90.0	5
97d6ea1023723dac3ced2b4318ba3d3d	90.0	5
bfa9526e58dee2305162bfe21e535128	90.0	3
5b97a01b911b5581e5ae1b26855d1fa7	90.0	2
03322b0549af37d476ed0348d74d2805	90.0	3
adbf1878671799ee1b05ede1f7641482	90.0	4
54b2b7bce9bb2b3d7a8b4d1545838b38	90.0	3
0e9497922b779bb512940c194b63fc32	90.0	4
90503f05bde7a9184d880f917909c2dc	90.0	3
5a6623f745f11eb82538f315409c70d4	90.0	6
8edc805d08c8fcfbc948515514bdb6bb	90.0	4
f497a3d30d49a65c3ee92d8d26260901	90.0	7
38af51ffe009fb332ed7ca87a382b98b	90.0	3
29db17dae7a13d6080c719fc8201f5a8	90.0	3
dd96ee40f0e804929ec4d5c88079a6e2	90.0	2
116bc0325fe0cccf8bb68424c2364686	90.0	5
6aaed5205f4cebe042577616cde2f673	90.0	2
0443c4059f8a826356a18ddd26b54c36	90.0	5
afac236fb2e109b9f35313f56eff53c0	90.0	3
f71e89f6c147a9d56d3ee9a907e75d18	89.0	3
0e991bea887db9ea66f5563e591aa8ee	89.0	2
e17829bb91f84a9ec836035325307697	89.0	3
4d59beb0003d6cc9907a9a34866ac614	89.0	3
760fa18f792498e3cf28f59ec9882ee3	89.0	3
c6e24bd000b652acac1e002ffbf74f77	89.0	3
0de66aaa34111df9301248b540117294	89.0	10
f9e42db98595467cb7bf8b93c8dbadab	89.0	3
ee9e902b9efc1dca92e52632cccebf9f	89.0	4
ff8f1b7598e7cf20e6e10947f9223143	89.0	2
4d8ba8221d3f3184de8fd9cc6bfe3198	89.0	2
2210f8e484c097f4ba2ea0abd948b3fb	89.0	2
e11cf62c65519b553b5aad26f9a84735	89.0	3
e96ab545086703309a708cc34efd177d	89.0	2
c764eda12e92f19526c7e5a78a38c615	88.0	6
0c34e20c0982f8b61681a4128d580069	88.0	3
07fd019935f88febfa48dc051cb1a8e6	88.0	5
51ac8de8106d7f13e5417ea4b6586e3c	88.0	5
01bb444a8354f2e12471e5b60035369f	88.0	3
8ac6c2bbbf9eb6849533b0f6202287c4	88.0	4
3fa6800c3dc3c2c0096b65983bf7c2f9	88.0	5
27c585e95c6c2e3d74895425c69af62a	88.0	6
c31eb2f09a7ec05669f9d4cf7af98530	88.0	2
3822d15d9fb1b06f4e1b6c3ab201a7e8	88.0	9
ceaf98e084a3087de40e7dabbe716c7c	88.0	6
f0db001d084a029066a8751f1771647c	88.0	4
9505f1d0b972eb1ce2dc3a73c04ab68d	88.0	5
07c9bef5218c4af7d0e39b2935445d41	88.0	4
91af61b679a6a632c94ac3ec00917306	88.0	4
e6b9aa532d2666cb8a20b19a5a68e7c1	88.0	3
a0a62eaf238a49bec2cd6e94711c2487	88.0	4
c2ef4fa7071730fd57bde9159366c609	88.0	4
fe0751c9e99ab5bd080f466a5d1ec180	88.0	5
31573fd0738fb9be564e24de270f8444	88.0	4
8a3ca6bd71d6aa57151d44a7cd6974b2	88.0	2
eebe74aae6e4d3379956824feafb7f9b	88.0	2
8a747e71ba71e2b098a30ce909ef46ea	87.0	3
1b6ad882c03d9fcad2e3741f88329030	87.0	3
d0739bf4e524bd6a33fc6a230f840b8d	87.0	2
b3e08487a99dbe635ca60202d29464f4	87.0	2
f810bc2c5c53cf64adbb041a66b7baa1	87.0	4
63406005f26a1ef3ac9a90cd24fb68fc	87.0	4
a0e2fd703e513bd38d420942dbe62a7d	87.0	10
9c216651511250128c2c94d070bb1121	87.0	5
0e61c5badbf93a4e2971a10e795eecad	87.0	4
8f132103a326d30bef10983aa63ad02a	87.0	8
faf169899d92290695a071b140f7e321	87.0	5
84c07b28c8dbe9d797a75565e8475db4	87.0	2
233fec941a80856535d0ecb0a676c158	86.0	4
fe2a1f2b6f247658881254d63fd68b74	86.0	3
c854bd503c68d90d81e650147660a26a	86.0	2
88538f780510b7e4125f92a5c7e78d1b	86.0	10
52febb27bae2d220a78b0a1f9adafdce	86.0	4
69407bd8a757b755345dd2dc01f4bc6f	86.0	3
90adf8925a8c247f3075155a0b2a07b1	86.0	4
0c7839bcea5aca60f6d77878faeae58a	86.0	4
8340cb392d2768e2e99cfd5f1d19f708	86.0	2
fd98f4f16c286ddd2c7e991561573830	86.0	6
279ff4f1a15a8368fb38ccda6476553f	86.0	3
086581f7af4764ef5f2a6354be7f0e63	86.0	5
bd60f4df8ba13bcb9455834565f00230	86.0	4
0d903cea4599b273cece8b56cc44c575	86.0	6
b80972d9e16f3aa7666859b612399f66	86.0	2
88916d3a182bb1e2586ba0aa7c42aa99	86.0	4
2f2ff425aabf368cfb09b0a5b93e3c73	86.0	2
345ee73c7a4850a92effe9fa7dadf0cc	86.0	2
737ad389801a7eb7d93f60e0425d9c8d	86.0	2
1eb183676162d04a546fe89d7702c476	85.0	8
e15f18c8ec82a70f3a4b08687f240595	85.0	4
5ed74ca43e695a21e668bc8704c4e833	85.0	2
5ed058ad4da72756bf3a4d874c7dc615	85.0	2
ba6aa17e006332ea404916c68a61842f	85.0	4
c3abfab1d6a10f51e13b1c8b1f3b1bcc	85.0	4
4318d3d2f79227c2de5cfb8aecc1a32c	85.0	5
1c91a1eace3fcdb4e5543c39dc350d3b	85.0	6
0079ab9f4f6b14d88c116ab1f1ae0b48	85.0	4
843b8c3a36b94ad74939c644c4498632	85.0	6
bedc1c5044044b5bfc67d736e3efe3ee	85.0	4
af5871557de4a1ea6e6f1e2f2fd2db52	85.0	3
db0ff40a0c66323db0d821d1f62c36bc	85.0	2
ccebd95ba6bfd9124abc81860cbce45f	85.0	2
d9cc1f87f9480283e14c478f23fd779d	85.0	2
de7bdf6eb34e7ba45dc987931b8b391e	85.0	2
091a27181fbc13fbfcf746d3656fec45	85.0	3
6e7f394fb31549edeb1db095adeb6d42	84.0	7
f99f7480a9ce5e1073d76f48ff0c6e6f	84.0	8
4d20bac5e5d380367f9d5e9c7e8f871e	84.0	3
ad7bc2bb6e1ec90a9bc3c8949bce80d6	84.0	5
6fdcc24d88722667cd988c9292a97457	84.0	2
1c6fabb186eb2750966b1557a7006976	84.0	3
ad4ecb14f6c93d593fc90e3eb8ebfe91	84.0	3
9142bda6593d0297707c164a52acd8ae	84.0	2
e4b9ae1e9a6b7b5a02ab4751e7c15fec	84.0	2
487fa316d7a3c8230bf3bd8c59c7b3e2	84.0	7
72c4c9436ba2ddd7d360ee483c91bf88	84.0	6
43c5a83688e3fa6e1e9ef920c11a09e4	84.0	8
8c74c66ec72d1f73069c8486ac960f04	84.0	5
e774c13ff5017759bd539367d7fc9e55	84.0	6
59c6ed04d2faf081cecca31f1eb2e42d	84.0	2
6f8ebb055e9b8ccb4c7e59b5f219a4d9	84.0	4
14064fd8406bb44e804109220bb9bc3e	84.0	2
41144130a14f7b7d7e13b6fa271a9db8	84.0	2
198104459dec5b8b9e7f28111d44eeac	84.0	2
3c60167d93c8f8c29343909c819d4f8d	83.0	2
63eae7f7f5a035ce493c875be6382724	83.0	3
b14dee010bb5f103e98d17f8538153c0	83.0	2
99ee61b6d1a218db6d240da0c2167011	83.0	2
d0b4f1755864e2495ae51d40c680d4d0	83.0	2
3dcb56e886081ec63c360522013d50fa	83.0	5
a6b81d1dbf55e1a5a17c6770544b352d	83.0	2
81e8bd4ebcf530705c22a033ec909590	83.0	6
e3cc6adb8339be0fa4d68c553c746f68	83.0	2
b19ae8a75dd67cbfd20f896b6cddc0f2	83.0	3
5c7e88943de8358356f6144d37fab8cf	83.0	4
f39a54f8b95dd247041f4505af4fd910	83.0	5
6755ccdc01a64c55f61d56d798f434c8	82.0	7
20ba8d6a9d59387966ae9828c7a671a1	82.0	2
06637783cc7026d634798ddd23afe7c4	82.0	5
8f1c11c7b732265cbfc1bb7dbd0241e7	82.0	3
5e48ed3cee2d7edf99fd342072c96c1b	82.0	4
943ee5d3926fd434f35f88e22f1d9b11	82.0	2
637b38bae7ea131d34835369a4b69e8a	82.0	4
4654719fbdb34a076aefe96b5c1c136e	82.0	4
323abd38a6256c38061dbbc887003e5e	82.0	4
7ac0356578578d4a2cc89eaaae4b2dbf	82.0	2
cf47b01e32b056391cae16b595968bbb	82.0	7
a85f61cc6b8facf2929bcd50c1862180	82.0	4
04a2504462183fac88ba880d2744059b	82.0	7
89f12155e4b113e6751829487d9e7a7f	82.0	7
46fdb49c712829d296947f2cfbe16ca9	82.0	6
38958155824019c61922f3227ed9fe89	82.0	5
180906bc24d1d10aa2fd21232c8ab683	82.0	5
edc72a1865267fa57bc3909945b6364e	82.0	3
acfc0bb7b32cfa0632b6a18518cb571a	82.0	2
53283e600524ac888b4a6835cf091e00	82.0	2
2fd9b12c86ce28b7b12512902c27748f	81.0	8
37dc9ddece8f7111adeedddf3a74b5a3	81.0	5
c7440ce516e2170e4fa6704433e9d8f6	81.0	5
f9f7f17628f72ad4b7c468113eb24bf6	81.0	6
15678ab9aacb25d89f718bbfb1a6ea90	81.0	3
91c434cbcf1c695d9fced0ca72b04532	81.0	8
f0ebd51f3ae228ac37e604b6b8f2ae4d	81.0	2
78f0d14bd20627fea52fc30db50fd1ee	81.0	3
f6364a7b14f75079e7242c948801b40d	81.0	3
e55bce6fbfab82e6774c582a82518d0a	81.0	8
c4a76e6d61aecb7cd75186ebeba350c6	81.0	8
8599fec1f5393795688ceba7054123f0	81.0	2
ea26d97ac054bb74ade048ee9ee45170	81.0	3
edea045855549d5114b4c588a76ec9ec	81.0	6
c02fe13a59131fd602b5d6cc4604d9bc	81.0	2
ab3eecfd5b2c76313fa88233fa1b303f	81.0	6
fc1768a3d0d54cad300da79dc58eac75	81.0	3
d0e1b79615aa70b8d25a9aec7e1219f4	81.0	2
a84c1dfd4541f4c1a09bc7382dd66f2c	80.0	3
9d45da99fce55f774339d4adc0383c01	80.0	2
214828eab0b4abf2ede20a4ba47e82a2	80.0	3
7d87264b41eb3b06d4836b8b1f09c27d	80.0	7
325ab23a728c28b1fab004d49a7d6b0e	80.0	3
eb9f620894d175236817d85b598f259f	80.0	3
68248b5adf153064736c3090b8a93c76	80.0	2
494bc3eb2d502a4d4a3b10868c1b0ff7	80.0	5
4a2b1d73f0592d640b37ef79c8d4a086	80.0	3
f6a0499cc86dc28716710b4d09b296cf	80.0	6
f97282a88a6d88f9f2be28e8f2cbdd89	80.0	4
2fa466a43c7ae3926dde5165b462e021	80.0	3
17acfefb0cc57760996593ca61a21210	80.0	2
bd69ad3e1f9c8238916803fb267061ae	80.0	3
24fbfa7e25db4f5be896dc4723761f84	80.0	6
5d39a41626d8bd237594674cf0367dc8	80.0	2
e4b4f563657b8f6a6f3b4f8616d2e349	79.0	3
92d7d95b0ae27d1830f9ca667304b031	79.0	3
46529e7fe45c7e6b9451009d0a8920d9	79.0	4
42ac6d34b293d442987af367e2eb4f51	79.0	4
8951cc9103140b71bd50c0932e096502	79.0	3
b6cff9862900ed9a6fd25b155e034e87	79.0	3
6328118889731a86fcf2ce99b85053ca	79.0	3
68d4200306e014c420cab9eee95b748f	79.0	4
93fbe73b31d3a3073f8c63677fa50db4	79.0	3
25646e8070c267a1c5430752bf5f9d28	79.0	4
0af1fef83946c8084c5b24ff805062bb	79.0	4
0f2919abf529d88ce343ae7bfc289824	79.0	5
e77ac0e76cfa45c067796bbe7263ceea	79.0	5
d1ebec27d0c561fb2cc64215c28333f9	79.0	4
e68c398b579f31eb4a5239733859323d	78.0	2
0b3f85dc572c0e8b358030d0aa062aeb	78.0	3
05b0e734259a6fd247449bb49ab81f7d	78.0	5
01ea05e6a579cfaa737c0211b946b4e7	78.0	5
a230f822c06cc69f1b82bf0caea7dbde	78.0	2
22f5978aa491084d6f2b56806231e3e6	78.0	4
e1a4b8717a29feb3877a44bb557bf06e	78.0	2
c557909df1f39cf6636fc0614754ef8b	78.0	3
14f756b86fd78af294c12d3becdda4cd	78.0	2
30eadec8d26c478ef007dca4da7ab698	78.0	2
afe175077a960bfe311e6f1060a08b04	78.0	6
d9b76ee51ff2b6961430bf352cc578f2	78.0	5
c344c79e1286b6bcc67ca4d074031128	78.0	6
6a912b0136c1b380039fb398ccb108b0	78.0	6
6e3a6ff32901850554ed5f82d22fd91c	78.0	2
35010999c57dad98a671073caa37bb86	78.0	3
28c7b7f92d667f45c96c56dccb151de6	78.0	2
7fedf5f0ddbb4db2bbc8ad42d5275474	78.0	3
349f3e74b568ff21576a39a4c9f35d67	78.0	3
99e09297e543286c60387a9903a2ba77	78.0	5
343f74b15fd90dd5f43df909efe0073f	78.0	2
f0beffa34b39e517b08ee9ad7b304d8d	77.0	6
6c6426958cadfd8bfa6acd7dd7f2fefa	77.0	2
7b0c4c30e3e9348105221123952bf547	77.0	8
2c9a3c7a6a64f58205b7ccd2c71fdac0	77.0	2
e1ead2174b322b92e05cca6f6b877d03	77.0	5
3e268647495791a34211c82ef70b125a	77.0	3
bd7470d03bfa005340baf7cb0887fcdd	77.0	4
5f028fe995723a68ec350239d81f58c1	77.0	7
6fc79211355af43d47ebbf44431f0fb4	77.0	3
16055494d0ddd8924c9c0d3f86929623	77.0	2
f48d94671658ffde5a500573fe7c9841	77.0	3
fa863d6231f31b3566c5f8a51cb7fc36	77.0	2
a0a9ae2bd3bbcabf32cec962f571956e	77.0	6
580c5b609aa17283b43f0ee5da887c2e	77.0	6
61677c6e1df6fb8e08c4a60fcd5066bd	77.0	9
c8d4c565b23d81680dc274dd4d84dcb1	77.0	2
79d6ad981a06fa144c3bd3c2140b7acc	77.0	4
a5c86c82e77706831540866a7f375dc8	77.0	2
22d24ed0ab7cbaed5229d0def6ae4ea3	77.0	2
0b34bf27fdf1cbe94e4824659db98417	77.0	7
3aa54003ea6c46520524e4b5095c4f2a	77.0	5
a2fa111c24dfd7a57230aef2b18f7241	77.0	4
4b4cd8a803ebef35c254070d2bf24ff1	76.0	4
e40edd3c3372858b393cc698e5cb9a47	76.0	4
f748c384ff1cb1e6cd8d2370862465c8	76.0	3
d50c670d0bb14ba65c6edc76fafb32dc	76.0	3
94b185c0e84191c9bbd8635de49393bf	76.0	4
0968409ae9f8e3019d96fd2b7db53860	76.0	4
6551e9ca8330f003a73a7c245646b0c7	76.0	2
56d86ddd51366b7fc51128f5d7e64b77	76.0	7
07c12d8dfe457800487727e2ab397982	76.0	3
da5c18a530c45d4e37622eddefb1db90	76.0	10
9cd7dd0d13fba948db6570abe6b61f49	76.0	2
7028d135475d242b5986e841e5f64b02	76.0	2
4fab66f7cb4bebcb3b71024beccd8606	76.0	2
0976b2571772221d4d1395850d6570af	76.0	4
bac0f7521a0ae58d59a4ab88f34e8f59	75.0	6
d6abfc7bcac7cbb3452d2f5cd1b7b011	75.0	5
6b008b280c065f9b18aceeced87da4a0	75.0	4
926b0f134a0b99289cc15ed5e53a8a0b	75.0	2
c483e1561b268f84dc3df81939dcd724	75.0	2
077b2e239121450974ef97de25d7fccd	75.0	6
b1154877c4f30092dc9f9b84a7c6509d	75.0	3
bdc1ce87a6a313876526a6cee0bda05f	75.0	2
2026ffc23400f49aa943d73fafa9421a	75.0	2
a56520f7ab98bfae9991124cd4973119	75.0	4
c3f4d7601ff27738bcbc7d03e81cefa0	75.0	3
ba6a2da478333c1beed4220885c864f2	75.0	2
27860e7013e0db27352ece4e158a8a30	75.0	3
4c21a4e5fa549bfd9bae5f659decb719	75.0	5
6a3d4752c155975bbbac8dc75aca40cc	75.0	2
946a9a57b35bc2183ef7309332d37092	75.0	3
b17af84b3abfa7067b41faa0217dcb07	75.0	3
fbc6cb106d998277e7952da6a8d857f4	75.0	4
47124e56bbf9cfef18dea5d7f1383de0	75.0	3
ba1b4c3517e21834926a24db70bbb5b1	74.0	3
0d96243f0ee269113964110bf2f11320	74.0	4
6e95a7479325a44207012afdd4416bf2	74.0	3
582f75d41c505452bdcd0770fe878322	74.0	2
8c744bcee4bb438ef5a8391a72ce5a11	74.0	2
a845ca447d0620d345d6eace8ed24492	74.0	4
b7ea0af652f910a303d6b3a7dfe6abd0	74.0	5
aeb2047184295d3efc5f42d8461eebdf	74.0	2
a43c08629edca06c995dcc1116129c5e	74.0	3
22709d905f999ceeff9dac1cef2023fa	74.0	2
087a5e755aa594a7f025bb6890727794	74.0	7
4c65c5cabb32dbb5722d4d16dceec3fc	74.0	5
a43e8a10b70a973d8d99ee87a774c646	74.0	5
481a85b1dc82f7fd127590d0e51ca328	74.0	5
d9943b11837b1565cc6704000c9b067b	74.0	5
c394ed70b67348cd56ad91ea81af9a99	74.0	7
1824ff58e94e941abd923825e9f80d41	74.0	6
300cda47e0a3e64a6081ab60a8a21275	74.0	5
950481713d6552c464fb47f8536f8b2a	74.0	5
e82faa23bd2c819137b25d3d40886d4e	74.0	3
b64b209b3b78760ac3d25428149183de	74.0	2
4bc667bdfa2671709151673a2e044da8	74.0	3
df25dd56c33988131bc9d976281bddb4	73.0	8
aee6d20dafc6f78152afe3c420528bb2	73.0	2
9dbc09fd246d87194bc18b671f344cab	73.0	2
bc92d60680810f385a83e35115c888ee	73.0	2
38dc361aefe74b79f58c23824f9f8a8f	73.0	5
6ee9282f70f616c66721714e73fcc40d	73.0	2
03efe9d58d74ccf84d81d544fe8968b6	73.0	3
6a5cbbe41414b650de24e229e16d8f08	73.0	3
31b0ed5d5700af0692e1b29bf0a718a0	73.0	2
935762b2d73df83ec512a8accf4c59ee	73.0	3
adbe6271fef0ca00758fa5859f6ba35d	73.0	3
dd49b96ece96ceba23a18363457b6db6	73.0	3
5c8a7b0b805b8124e2e8a92dc22329df	73.0	6
ee98e6c94e679cac0138a9866ddc522a	73.0	2
8ca722dddbc8c4791e02d117c29078e6	73.0	2
d4e1bd5f9d1b97b2a9546e4becc3e7a6	73.0	2
b3a2ec4ed5f6c6305db7e0ea2a5462dd	73.0	2
c07a32f222f7374529f44217916bfb0e	73.0	4
8c4dd744f51bf7e2adf0b906ae47e654	73.0	5
030bd477b3b21e916fc7d5c675eee6aa	73.0	2
1c5955b7f9380489da554fe90f4e1191	73.0	2
e07f506fa9852b2bec7be7c9e0c94a8c	73.0	6
711741ae6d059038b4d3b75bfc34e46a	72.0	3
04d34636be64c956198cb4f8a4bd743e	72.0	3
4da8b046e0aace61b9aeef3137c63e71	72.0	3
f8921a1895617f09b1770d5fbf98db94	72.0	7
07937b5a3462a9793d5615a94fda405f	72.0	4
621e17c83ec947055c52914aa5cee2d8	72.0	3
e47d95d54098520e252b31e120f1329d	72.0	3
5ee1ac15d9a63c2b5b4c82dc51cd7a24	72.0	3
09f8b030737a690e2b118b9cfaef5b9c	72.0	5
946c0e0ab5c23653df4f5d69a5b8da3c	72.0	2
62db4311b7b9104c7b9c086cbec664c3	72.0	2
9c25197937d1f54e2634026fbca6b55f	72.0	2
49ccd6f805f21abd03ff665fe5ded119	72.0	4
75bd227659994041f39a8ad4f9dc48d8	72.0	5
614ce67e90ec3877ae9bee8370e26019	72.0	2
6dcb915f3f79c3394e9f669bd4babb98	72.0	2
df200ef61bfa2033f9d45e3bc0d0a801	72.0	3
74440ace7163afe46c8d7ec1131b0165	71.0	9
7891f07b0eee73b9e772d6b8941c4d9a	71.0	3
4311a44a7d56ce4086afad3e75bedd6e	71.0	9
5368320932eaaee9bddf9af0f715e0d2	71.0	2
9a5ed69f09f16b06463dc903783536ae	71.0	2
fc79537ca98e19da017eb8056f91f5b2	71.0	2
b9496841107425b4d750cfbc6b9eb174	71.0	5
db82ac42312e7255e5787f1e456d98b5	71.0	7
84c9e50eaa853d2715721eb204e07b6c	71.0	3
fee83000b22d9b843f9ae95f6bbceb9c	71.0	2
6fe4277b370b2fc281ed855316c29bc1	71.0	3
7d796ad48b67ba18291902b6914a4acb	71.0	3
4972fcbd85f2915686f41a5fa398a02e	71.0	2
1b6943a38c366fc71d84c62b4567de3e	71.0	2
91ee5f0f61323e1f210e215e6c7c1f17	71.0	2
a1fcd78a8e90a2e1cb545596e4042de1	71.0	2
f8e2228addb4c5fbe7d6418d4b53a539	71.0	2
583b48f629f40eb547c6b0ff88b6ccff	70.0	8
a8ba9a79b2223baa5ea30f25d556d141	70.0	4
79cc3bdb385a65aaca52d3a22fa3b292	70.0	4
340cb9e7e8bf06d0fb7851a5c471c4b0	70.0	4
764c80314c0a7b91aeb85f8dcff9a804	70.0	4
fb15d7a51788c840daaf18c7e12adf2a	70.0	3
2008fc41a643ec6b170c4ce1f7e4ecf4	70.0	3
d2d7cd0c7e385e1716c939482cbab91c	70.0	4
1ff137b38da2599bcc7201b15ac4a42e	70.0	7
21722eede670fdf9f8fda9897d4228ec	70.0	2
fa2cf60b39b3c5d3f00da8902c36b7d6	70.0	4
950391e452b47f91eb9e2051c144a248	70.0	3
5b00db3216a94bcd5c4842499bf6bf6e	70.0	4
aca749828323850d7cac4342bcc653f0	70.0	2
90104f2fbcc925a6619e805c7a625c57	70.0	9
103062253da900b0091f90a5b4f34c90	70.0	4
3325a9d4f965d30fa8b0375eb561f2ab	70.0	4
bd2db8b7815183da7684e27514ba4e70	70.0	3
639121aabd674245b4b98ed42a14351a	70.0	3
ef0a8a550cd0897a523dfb992b0191a7	70.0	3
7187710ed85b8f151ffdc6c9840726cf	70.0	3
6b8cfe6037c3c997d6d782e2962a4a2a	69.0	3
fc5ce829e702c4a9d3d26029ef9a346a	69.0	3
7fb8b50adbed668a961670dc6a7bf29c	69.0	2
1b3991bc8dcfaf9ef802869e55507778	69.0	10
06bff12aa97ad659ffc3ef6eca022bae	69.0	3
76233b02ce7406d1b500f275c2c612dd	69.0	5
90567bb6e1c917460ccf504590344a87	69.0	3
180b74e94caf35fac5e1f0f4b7ad9d9f	69.0	2
1b22da69de26d034982ea485118934a7	69.0	5
00b05ea7d20cecee1f95f995382cbf63	69.0	3
ffd71de17dcd507e866822fdf4fefd1e	69.0	2
d6e5ce2e084a8d655694f3eb3549f2aa	69.0	2
3bc8927a0688d1720b1a63c571c77c01	69.0	4
70d1446479278e7338666d44ba3f709a	69.0	3
4d276278fafdf2d6b55c6071c6ac7937	69.0	4
fa0f95a591744f250c6fef96bdae88c7	69.0	4
89fa7798ab0147d9f53091dfc4bb9971	69.0	2
f46befe82afaff75355e8317950b431e	69.0	6
0602b57a43f3703b1e013686b759b700	69.0	5
ec4bdc97ff486a38318a14f2855a729b	69.0	2
332161bce2bfde36b48eb9f71cf5062a	69.0	3
a2533fddad2722499f7da46ce053a875	69.0	3
11fff816c90865fbad9bbf9f115e4320	69.0	6
2064db953861152cedf1bd2a43af87d8	69.0	2
174058ca4ebb7e71aa6a7a4a57e9a620	69.0	3
dda44fc1b5e3a12d2aab70ffba1e231e	69.0	2
61043bf9aa845091a72f57c7e7cfcbcf	69.0	3
1c0a4543498c38cfc2745dda20c54bfb	69.0	3
5c14eaf77bc4e47cf13bd525b6156b77	69.0	5
6f647d0d17fb17ca714c4be650f2af9e	69.0	2
66cdd69d33663887fe6dae5c5d9ba506	69.0	4
98d8b6e23bc81dea85d5abf6b80e9904	69.0	3
afdb0a8369b9e871faf9854cb07585ed	68.0	2
4522bb9f52d633ad1d2625ed62d2358a	68.0	5
b801c26515b0023b19916e19449ee653	68.0	9
8cf356205d17e414187b0929dbec7d30	68.0	3
201ccf65e3da606ac668154f6cd4a678	68.0	3
799cd0c6c68a36e0bda51e7da24230a5	68.0	6
13c456c3d1711948d72853244259248c	68.0	4
9572f4f60ad5c1330b54f2fe777984f0	68.0	2
71f6879bdeeb8a93f75a19b08878d9eb	68.0	2
aac27a7c63b584b1f01e2b8266fe5d01	68.0	7
70a5a50e86a0da9a20f2f19e0679396d	68.0	4
98ba671164155064c9bfafbe95cd6acf	68.0	3
8d18fcf87b840f31f3f37b669a510a3a	68.0	3
9c4e8aa46e857855301ea09b5f730171	68.0	3
30970417fb7fe0cc7cc90b070fd68f88	68.0	3
d17e251a05ade561f45eec4e6aebae17	68.0	3
ceab6a6396677d95c7fe29f667ab4149	68.0	3
71ad2a8b9cc669bb178062b699d8e652	68.0	5
ac173a73ccd78c95a5429eec95f0adc0	67.0	3
ffe9ae77f80aac8f384f59d86099a0d4	67.0	2
e1bd79f06e1116e2992387de9f66a24d	67.0	3
a709dc28b4676be443500befe69007d7	67.0	7
5d2395206893fdd9e64ff2281d358c31	67.0	4
bda2964881ef8c42ba17723948c58f31	67.0	2
1bf18473d0c2365be73821d7e6c54122	67.0	2
e72bf5661348366a9e9aece40887c1ed	67.0	5
045317c1ef43793a5ea49e63881a0641	67.0	3
f5c09480c91118d54e27ca8fdc043f97	67.0	3
d7281702d05c063c37cf6956cc049086	67.0	3
51525810a933e2970021c47d8e6e035b	67.0	2
84714c5129893cc9e695164d07b9a71b	67.0	8
2253d2b9778af746f32606cc988a8b2b	67.0	3
d640d49a2f70cb1215c9e3d8a9e1fa41	67.0	2
e7e74960c5ee1984f2e60f99081a368b	67.0	2
49d374e0e110dc6d4c608c848c629d60	67.0	2
277a8bf7ffd2ffb8c653c86ab4400787	67.0	3
16970a57eb95cfd4fc0d18f8382a51e8	67.0	2
71b9e4b6d8b3d5ff0e5f3180ffdf1939	67.0	4
8a67508d569c888f9eedd0a8c76311fb	66.0	7
7ff7abe98c5d671bf540c83dddb0e313	66.0	3
705d76b5149431d01088533ca36fc6fc	66.0	5
5d6f00e1009a4b9ff237c3e909ca2449	66.0	2
4bbdb74ae1db297c6aaf9073c714e3e8	66.0	4
eb4e163e30c3e8f6775c4b2e0bb02012	66.0	7
03a88a64e7a24784437feb03566668d0	66.0	2
87f4e4f7ce77dd60ebba0d0881df35d4	66.0	2
6b76ea5c61a60d1edc1cd99f77ebb966	66.0	5
43ff4ec79807f19085cf6d517abb91f2	66.0	9
730feaa6960cb2b680f6ac52afec9eab	66.0	5
181ba727369cd369c3db60837d85008b	66.0	2
c052cc7db62bcab7d36ec0d6366d3b6b	66.0	3
a01a5db0eeb77e89d101f4375016df7b	66.0	3
8f5a05f7bb12014686918c2560b6a768	66.0	2
97507c06ef9741eaa90457fbe588753a	66.0	3
6ff491fa10a7cceca615cf0da6444096	66.0	3
fe6678964e063ddab85af1cb89f4e6de	65.0	5
a6099802840e60febef8e896967b7747	65.0	3
46eb5813ac0a2cb135898cf54842afc1	65.0	6
c6f88c87d4c67dca20e26f213d1d2c6b	65.0	4
377abbbe1cafb775d14861276019037d	65.0	5
6c97b4dc4c92f023c76d967873bc34f2	65.0	6
f24a610b6868b92c40d258b509dd9c5e	65.0	3
03698a377cea6a08feba5c0919d12c6a	65.0	2
74a1655ce5403138ed7bbd4cf5851591	65.0	3
54874f8f5df39e11d01460dc8371a00e	65.0	2
e855954d48231357717f7d77258538ae	65.0	3
8b25de83d6e2e9074d55b69d60d22b6f	65.0	4
85392f54d6afa1ab28d6ff14be53bfaf	65.0	3
c61231f34e5c253c34bd65e5d899b82f	65.0	3
5bcf604ca6b558828f70bf6719af4e1c	65.0	2
d7f8fa99d9f07b9aab8a68405ed6f57f	65.0	2
c73a40388639a21753c31b38dba9ac93	65.0	6
d986f618389b27c03aec5325e7e528a7	65.0	3
96a169b91ea2908638cc635da0602cbe	65.0	3
41d076b46c368822184cd30b6abd3e8a	65.0	3
3a6f815267feb58ea5970f4849b9b95e	65.0	4
cb77d626820568751b07602301c8688b	65.0	3
1477ed41e07c1096b9eeaae0fef736ce	65.0	2
f995e15ddacd3fca7b7fc3d8d661b20f	65.0	2
e308975ec516ec82fc0897feb982c7ee	64.0	2
782a2eba0bdbce6032d2097536207b5e	64.0	3
f1b81ada3d5b592b76e0d1a9d08eefd5	64.0	2
293a73856cf8a4e55af49925a505bc28	64.0	2
b5651387b081468956d41ab54f804903	64.0	2
3e999e2782aba171910eeb1cde946520	64.0	2
05072659c3d2ccaa18353d26f67dea47	64.0	3
d459ca491112821a14a6f9c6d7065d87	64.0	2
1a5067ebf63fac2b4234dc6d3615a229	64.0	6
2b862b3a576ff39e56092dfefd8cfffd	64.0	3
d1d54bf5d789788401d896d08af7679f	64.0	5
00396388bbd9087b0936849274e718e5	64.0	2
ec90f14eb963b2a03b616c6e82f56fd2	64.0	2
e5b8f2d16b8a683a82a254b50077e262	64.0	4
bdaad3ab37de86cfc144c77721955dfc	64.0	2
f4025b5c47ae253e8508a15363d4ddbf	64.0	2
046362543b4c28d47b4711e8f40e9e14	63.0	2
2f20db1179954a580d38ccce6f956826	63.0	6
c6360012fa9586b4b79f50bc29c368c3	63.0	3
bcfc1d63b4e995c9e7d3c5f57731c301	63.0	2
fe99c848596666bb6ec995403446d7a0	63.0	5
f3ce842957d12ee49c40e64b1173900d	63.0	3
83e31fc23b4314b5744499252f0977f4	63.0	2
4536aa83d378acf856fd38ddaf81e028	63.0	2
2e621516b0e1622a1b38e5421f8f8260	63.0	4
1a43fd11bcf4586c16a7b2b67503a4dd	63.0	8
72f2df2cc184688e0d9398ecf847fedb	63.0	3
97acd82efe0e58be30c77d368a075502	63.0	5
7b74be8837267ed73bf6a9c2a8648544	63.0	2
a8aeb539a67abd83898ca31c4d045e39	63.0	3
b0d98f509cf72e3727c456dfcf754eb4	63.0	2
fecfc39908de0bb8a96101390d07f2e6	63.0	2
43819ca01123ec800d5aa39806767142	62.0	2
fdcfae5eac5a916bb866d005f472fe33	62.0	2
d810e067f3b811f0b651ffb5bc3e0adb	62.0	5
dc3e2c057a76e005deb48a3500e92cd8	62.0	3
e464ce8e8f7abd390ef71783d675507a	62.0	5
95b127d6789c4ba57af3a099e27d96d7	62.0	2
2a2759613a54f026d41d6106111cb0b0	62.0	2
86125a778ebb1d121d124d922286f662	62.0	5
69ce824a9ea056c98a6598101167cc7e	62.0	2
f1c3a973821d25a33e7c5ef349d6c9db	62.0	4
161551008a744871aa77a22127bc4369	62.0	4
e125fc0f22cfa501c504f07ff34f5eff	62.0	6
5a3a3a2b48f83f808e5fbd24e5ba6e45	62.0	6
3c6dc9834a9107f303b55e3bd95c25d7	62.0	6
5e4c88f1620405536bbc863dbc08b093	62.0	3
6717bf78296395a64814ea5909b6700b	62.0	4
5d09866db59aa4ec503a43e92047e1a5	62.0	4
c604af83027473e7b698e2c3c1172d00	62.0	2
18c67113963ec754ec7dc6be2561a64c	61.0	2
531b726178aaf90058eab4c0b1c2681c	61.0	6
fdd5b2ce5bdbde9d0f66ac45acfc1a12	61.0	2
18a2d4ffc2f4ba00c178fa54b8a88b02	61.0	4
a0da1742e7879becbcaea4f9a7a72520	61.0	5
ef138c3a0e5320c9f53f3e726383f707	61.0	3
85723df16c3386263d3cd55e3f4a09de	61.0	3
f2b79b072b6b1e51e58191d7e8a268e0	61.0	3
839f36468fc2d8ab1943ce6f98eb59d4	61.0	4
cd33c69ad815b6c9b792354dbd422cab	61.0	2
9246607730421bcf63e3b02446845796	61.0	2
0ca1667f45c4585337c89dfe91daff50	61.0	3
c2ab277b0f7ca19135eb87e77974b6ea	61.0	5
616b9c2a1464dea581d73101124dcfcc	61.0	3
3b025606c991c270298949ef18eff4e7	61.0	5
b34b4500805498945473f59d6316afe1	61.0	2
4093795759d7255a8cbfcf2d8f5f6a8c	61.0	3
cea1829206dc57089acc4a7caea028b4	61.0	5
34e921961ff340dcef204bef4db6dbcf	61.0	5
cb9a565473210d9d60c9367cc2104643	61.0	6
305f77f140817cc55175d854c238e172	61.0	4
4e9d3e3267ce73097b79d21f020cef81	61.0	2
85dad4e3a6dfbd63588d9be1ca7bfde8	61.0	5
d36c5373fdec326ca23d9c0c1507f041	61.0	4
c3339c1384901c20c9503337ff5763eb	61.0	2
0bfb25569d85c23cc3884b8f9f645759	61.0	3
3ec1c80de36e9c7151d504623be7f4d3	61.0	4
8a20667bca2eaf2a0687995af876a84c	61.0	5
bc16d349eebefd5aa3c0145e0de0bfe7	61.0	4
dbd5ee37ec37003ac136011865f216fa	61.0	3
bfb2160bb917908a690c5b5778930e1c	61.0	3
82b4e989e101f82564b78703dae986fa	61.0	4
5e7b20fc4682c2376d7904bf2f1fcbaa	60.0	5
8a29bbe7342e91b8dde33086ec2bb310	60.0	2
64a4bb171fcd1a02dbbb329d808fe460	60.0	4
5eba11a280b12773853f18654834ac66	60.0	2
3d9a342ca4e8fb01fa1e8d29372cbc2c	60.0	4
97f56e68f535e44ceb53d05f269e82d6	60.0	3
3b092a59cd0e2d57483420cc994ec49c	60.0	2
45744c7147ec6032e5d43560d86bcca8	60.0	2
d5e5f9d07faee2a75cb4154b7518e90a	60.0	4
7c8404a2f5f0888379c8a0bd1dd05075	60.0	4
272dcc1f545f915d51f51886ca9f712e	60.0	2
bff7b1710486d740eb887b4b2dba2794	60.0	3
18acfe500645cc9e0bd6a080d62df70f	60.0	6
4dce9e6e68bf1c0ccbfad29151d135f2	60.0	2
5b6cfb4114ad0629c215c123aef119e7	60.0	2
0a917eb3942e09e6956088c9ba33b3e9	60.0	2
21a7690c563f8ef68425bc4a15664719	60.0	2
ca37f7f12d9c25e92b66b02d13396a2c	60.0	3
40662d7e884a40c10221f7a5c561b03c	60.0	3
eb8555768fbded30bf34b160059f7526	60.0	3
b382bd52f887aca944a9d57641a964a4	60.0	2
1cba52a9db0c46eaa9148953a6983f1d	59.0	7
ba789dd5ac4523e9f83d3ef91578278d	59.0	4
b05edf88622cbbf677aa12607b140a48	59.0	3
03c971bd37ca92288aa2ea03b147f9d8	59.0	2
7ee992b3748572f59642223ac31dbc6c	59.0	2
0a7f6e85452dd7a56ae91040c262ba2c	59.0	3
59c37659ceaaa3f8b2c904b0de11e3a4	59.0	2
1b17c1fbf9e1cf572bdbe971e2e64490	59.0	2
3664976bd03c91877ef76a45cde61939	59.0	2
2f4dbe3f444f5c240da103918ff3fae4	59.0	5
4d9bee0ade3600a5e202f95f12427815	59.0	2
cda1b98bf66a0319bbe7a4694584ca0a	59.0	2
eefabf86d15041de60eff076936c6e8a	59.0	5
46a4266d9a823bc0d72f1002c357a594	59.0	5
33ae84ea12abff9bd30b011fd505cbae	59.0	2
98525b51f61996be52c2ca60d3a34d6d	59.0	4
9737fe6cda5536f8928dd928fab815db	59.0	4
0274b7e764a74f40f9d85f3cff2edc49	59.0	3
5b886d1d871f9e52617a5dff2e69edb4	59.0	3
2c54177d9b2c071cdc22e386ab0970d8	59.0	4
425bb8b3434a7bb4a61782a8cf7d4ce0	59.0	3
e1b46920229f847252ccc0e6836d08d4	59.0	2
9c45eaa4867d8efc01a0c9f5b86e17b5	59.0	3
ff2d051dd249480d7e17a596a7d7ed8d	58.0	2
326b4c418b208b1a39e0e401e9289e46	58.0	4
ee90bebacf6867cd5b4c487cb587ea9a	58.0	7
92c9ef68aef5103de027f78387ed7b3c	58.0	2
8d36d605b47c8faf3c9420ea45950275	58.0	3
c959ef963b24f700fce5d9d5e5fe2d46	58.0	5
c813ec5343265e4a07fb9a9d59f45d0d	58.0	6
c595c704072ceddc6144db0f13c9a88d	58.0	3
f0798e36dd0adeeacd5990184dedb6c8	58.0	2
2278f4ef215a2a92a13b7dff99eb66d3	58.0	5
f580eec2c3ce804da49f14705a3eec55	58.0	5
f088ba0e6a81251d4d87f74b443e1a00	58.0	4
89be53c6582499c043322406b922e12e	58.0	6
c2b8e00dae3b239f386a6b07e536994d	58.0	2
1b8b33a4d86c51a213e9947aec568eb7	58.0	3
d0309ad131312d425619892c703b13ad	58.0	3
8136a8a001576d1a48eb4b756eab4a23	58.0	4
b87b5624ec38da06187e97ab6bb86334	58.0	3
c10515cc62f2a3c9b313b205110c389e	58.0	5
2db58b8db65254172ace765d8a16fe2e	58.0	3
cc613a9f22ccde121a6cf7efdb004b1b	57.0	2
d5902b1353d3aa0effaaa81cba1d1516	57.0	2
66e972ca5533c021fab0f9b29de22850	57.0	3
765708e9081b65ad946e34fd5fa2d51c	57.0	2
e2c5083d63be8147c8a11909ac7c555a	57.0	2
17bb98c5fdd6cbef0dcf38412f8e9877	57.0	4
8408b3c7aeed2b134f7898db6e0eb66e	57.0	4
2bf674013f20b676fdc9d51a31cd39af	57.0	2
6960136620dc76d06415c40dddde72c7	57.0	4
821dc303920ecfc0b00de0395006f6c4	57.0	3
c45882b112edc660fb3c42c5289629b4	57.0	2
2df3b75fb2ba808cad083a5c5f7081d5	57.0	4
5fb18523eabcd22ecf5782415e30cbef	57.0	3
a69e68fc1d67abaa625054eb1df7f587	57.0	2
73cf864eaa63c230b8e4bc887cbde74b	57.0	4
02782c2f0919207cdf77b0d2b73f57c4	57.0	6
ebdcb1dad9c06edce445c045aa46db61	57.0	6
ff12614a92a31972445dc1aca3f9a1ba	57.0	3
23c255ebc8ee7ade6f683a1bea0add23	57.0	5
393123b2e4f86d5f9da2d5bbe0ad2130	57.0	4
5da6a25083277d7149de5e513992c95c	57.0	4
2f2fe67bd815a4f6cd5f02d9e8e5b90f	57.0	3
2d273dee370721d368ed3534c76100ce	57.0	2
77b47c94212176f42d5492c5af264583	57.0	5
b0bf835fc1e7a4d07078c9746239b504	57.0	4
2c9ce97acbf20d671c1aa935a3d867ce	57.0	4
5de43f392c684127362b888eca5b5fa0	57.0	3
746ca43133779b4298e1d952be8a9fd6	57.0	2
ea9291153ca56e93ecf3c8018a1afb65	57.0	4
dbab425c456d3f18a78a74ed65b39070	57.0	3
34643b560642ecf36405921906a05164	57.0	4
da47096f326e85bae8f3e3e683fb4b0f	57.0	2
615f40067f4600fe50fe5793a054b169	56.0	4
efde0cd84153df1cf8606414800bcb81	56.0	2
9e7d2c47b29b15f14584749e0efde808	56.0	2
a43b989a23b29d4daa6e2cc50228acc3	56.0	5
1a87b361fba2c8b62caf814df79d1d1a	56.0	4
aaa10e42e010eb7d2e211b03032424d5	56.0	2
ab1df8e4eda0a48c978a5a8fba19204d	56.0	2
d032f7cbeb92d5c010a0c43faf7d2959	56.0	5
6af031a0a4064092ffae4de87b557fa1	56.0	2
04210a564961dfb64a022de71277405d	56.0	3
3ecbbb3e81182d962ae1ed11ba570271	56.0	2
86c964f207023719c21eab6dc36b13f8	56.0	4
8b1bf00e162ef277cfb5c55ce1bc4709	56.0	2
f620bff67499a1c20c8d298c7580e2c5	55.0	2
46317bbdefabb6ccc25760ae9f9101b6	55.0	2
ce4b7a4539597f20d01e2ec34febe441	55.0	3
064a5b841ba834285ba079c72be8f341	55.0	2
82e7efb3ea01498901171ac696065ec5	55.0	4
2d951e16568369a370a69306ea990428	55.0	3
81cdc3cb2a3a529677e8404c1755d615	55.0	3
972cab7522ae1b290231e625027699f8	55.0	6
b285799d27a67a0450565c3d511c9689	55.0	3
87ae8d3ad78f1f59c3f7c65790550930	55.0	3
61a5a32954b58b80f1d3b399b5bf18f4	55.0	4
1ffa8abf6d018d5c1c9180f17722e4bb	55.0	3
00761e92f524cfa2543c5885c5aba1b9	55.0	3
56f1d6afc921b21d25624c949f860ab4	55.0	5
570bf30364f11029f21a37b6677df1b6	55.0	4
6539d87b24532587db8bc4eb7479912c	55.0	3
c04130db3fab48b7c0d44f9e19de1374	55.0	4
fff4d446b5dd28f8716ef622d8a34465	55.0	5
e3a622354c93f1e66b0ed9a9be7c4e33	55.0	3
da17667814d478926bfcb6b033dc26b4	55.0	3
92d4da64bfba68b48cec86ffdc29220c	55.0	2
fa227de831d1c28355f5ff29f1505c18	55.0	2
064eee8b161d6fabad2450d2be8492e4	55.0	2
d8d6d1f9504ce9f8fc52621eeb7a1acb	55.0	3
14e7c259d28cda6e8a0a4481863661b3	55.0	3
c043a809bc1b05ccc38aed1cc19a4df0	54.0	3
7c88755cf3f0a3ce1abbe77d6077640b	54.0	4
6c83fec6e8d03fad51eabc871853c991	54.0	5
4234a529c3a0741e5406a0000db3abb2	54.0	2
f7885af714ce34d1869d51852babc467	54.0	5
6f221ba16ed9aad74d24f473acb83dc0	54.0	4
131d3b899e72f19fcae1b0f9f8f3a009	54.0	3
74ffe0df1aa05264b7a8fc3f8356a87c	54.0	2
7b810ea8ab051b28bc04e454c05601f9	54.0	2
f740b7d96c60532d05b41660607af6c3	54.0	2
f4e64da3f91bb9d9d6512d39587d7014	54.0	2
25600072d2ebd090a205ae712771fbac	54.0	4
865efeac4dfb8df04b87e212be02050e	54.0	5
9f758478872e82de6ffe7f5e271ce480	54.0	4
e69e4dc86d8af4016783049b64194d5e	54.0	2
03d4b9274c5037b419d92bd11115996d	54.0	4
240be289008845dded901e4216f71561	54.0	2
b8dd7f70ca2187b299ea15745b5c8590	54.0	5
f34645ef2d7e55a8488f392343ab3b55	54.0	4
2314faea121355f400b29765e5d48ab2	54.0	5
e87909844c6ff57817da2de34ea5d928	54.0	5
f0778e2bcb5cc8dfdb4bf443459f21de	54.0	5
2be21bc8b892108e51e7889489df381e	54.0	4
7a1963de01cf4eb1817695702dfbda22	54.0	4
10c319dd9a9b6c2946cd436f720b363a	54.0	3
c19341b5c314a61ff6f94570ffce5c53	54.0	3
c720b7cfc87b93869d995c92149fa17f	54.0	2
e7be5dfbd2d7e95e57d1337d58bbf054	54.0	4
477e89d6b51531add1dd9c31fa9a35e6	54.0	2
cc2ab05db06cf1615b0c5f696da06f53	54.0	2
167ec3993c6c957f6beb371c9a3d2b4b	54.0	3
2171c033db9f4c80704d3b954c82f124	54.0	3
ad8991870b8bdd236d97d01487ddadc6	54.0	2
2e4b73fd7b25f569462f90eb13c395a0	54.0	2
7c9d3d2949e99f9c94141bddb773a801	54.0	3
cd829369fb914f1ddd82e55a55112cac	54.0	4
a8860d72a35fd7bc4b0bd1f7e407e42e	54.0	3
4a69fb6990cc6531433cec55ca813dfd	54.0	5
f947c125fb0147d781ec18efa74e2552	54.0	2
e01a8ec188b70aacc146c4f8b7ab81a4	54.0	3
53ce9f9d867b26d0f2c1000bc2d6044b	53.0	7
ef7c8af53de2ee3385027bc6b4bf0883	53.0	5
680aa27b59511e465b9a467c7e51fb23	53.0	2
22542e42fe9983987c0e156367ef5cd7	53.0	5
507548c6b3dcf0d461a58d42078ae12d	53.0	3
a50324880d96b04fa9e5e08dbb509dd5	53.0	4
c7f124a22fae0b5e777f7a0d30e32263	53.0	4
38750ba2d5b1e959480ff6fa7baf463a	53.0	3
0c1dca4eef01c804c78c5fd1f5793f70	53.0	4
a5ba5f0fb3292ed102e0229e7bbd7d7c	53.0	2
adb4ae459313de43daa3dde02f0e7a21	53.0	3
3b93de3c89be8a8ea95b7fc5b065752a	53.0	5
2db2a8d8cf0894e5b23e750d3a4b78fd	53.0	2
2cb9f56c6846d7e9470713a0d51e4aae	53.0	3
766a05266ef12af016389cdf933e6d07	53.0	2
7dd73899fa1f85cb362123c58c0ecac3	53.0	2
abf33c84395d60ae42c1979683d5820a	53.0	3
cd688ebb10111cd2be59c7eb5fed07a3	52.0	6
4bf735068141857a47f176c9d10ddfbe	52.0	5
0baf3c370f6176b9cdbda4d9f6ebb45c	52.0	2
c895d687bfbd96e24025b60735370d9b	52.0	3
2d7c3199986c0b0c5013c0dd74909935	52.0	2
35513c8de34a49ef37dde85737e6aef9	52.0	2
c6424c707b9e8e34671fd37c5e4205c8	52.0	3
10a1202d5614ff773d5f3b6de29587ab	52.0	5
a20783d60777cc7867b796187712cc08	52.0	3
5ffa9ae0e9c186068672f64ad72e3df2	52.0	4
214e668f326043dfbd26a2c4ad7afc6a	52.0	2
d0198dde5797c09322645594b6f34f9b	52.0	2
968fc273856258c90863823f2e797b8c	52.0	2
daa4af4457bc1c06fe70d346b48fce7c	52.0	4
69854afc75d034a2c1e887b3cc228158	52.0	3
5a780d82017967c39d04333eaceaa7eb	52.0	3
0956e1fd54d80d129ea55d9460d8c3ff	52.0	3
755a9448fbcf421fc07d53ed855c988c	52.0	3
f9fa9562a7dde787bcc2cb6bf26d0ff0	52.0	3
daa9f814288ad4ff427593bacaa47b7d	52.0	2
2c9bbda4ee62038bd91ee069f95a87ac	52.0	2
f14dc151b23c6947aa425a5b9d157c24	52.0	2
6dddcabf284b81e8323be4e346d75c96	52.0	4
a5907e22023b537f52a0213179b31876	52.0	4
22dcad4d807635d80f3f2a1697483a8e	52.0	5
ce2191c47a7f0f72b416a26d46b922e6	52.0	7
34e18cdd4a3b00fce131f1882b4e1690	52.0	4
9143612769ad1aee22ce113e12ef625f	52.0	3
340a5698fe78713b785c3bcce89df73b	51.0	4
7a1b0acefb04b6a876cfea3d632b79bf	51.0	3
d818a6a96b25ef0d85dc73475d112386	51.0	4
1e2199b06f2d66e41f0ac62dc665255c	51.0	2
af0befebbeb65eacd30b77f1365b43cc	51.0	3
695ccc0ebe95870dfef0cf9d2829c9c6	51.0	2
fb3bd38dcfb2771bef1627b4b6eb7904	51.0	2
cb358ade82595ce043bddf77e8fb2f84	51.0	2
00b5696651f0942a7bcd937056f1b648	51.0	2
5f586a91f78622c344dc69cf1fc3e72f	51.0	2
0b01d056df0168b93a138e9afe4b0f6a	51.0	4
ceb9cfb68bee9c1ff9c373b290c2611e	51.0	4
2a1beebd2813912a087ea53b60defcc1	51.0	5
e7b69361a22238a5f91fc539d211a8d0	51.0	4
87f0069aa2ee7d9e72761eb321cc33be	51.0	5
746f8566a4c421b7d6d12c25931ea58a	51.0	2
4d15110e30d3a574accdb7a4b86527f6	51.0	3
cab0c6a8ce0a8fbfac11cbf5d8c9aa5d	51.0	2
416b72d0264609d728a9f8efef59c693	51.0	2
9158a09a52e17a53d761dbc4a6a9e6f8	51.0	3
8df1cde338ff7306605ccdfe9eb45997	51.0	4
d224c80a3f7cb10c8b90d3f1ff737b98	51.0	2
1ebd2ebe81ae5ef53a70b475e13284e9	51.0	2
914838a2795fc62a2f412b05350847ad	51.0	2
67f2a3614378d7d5bcdd7d2767b71cb0	51.0	3
04dffbed3b0bfa10eae522045d9193a8	51.0	3
8c9b421b8bcf08b52dcd0145ccc79509	51.0	4
fbbee9a7c7812017f91f4b51baff3189	51.0	2
3b56f977ed15eebc82414e92bbbd91a5	51.0	3
371b9c9c77c32bf3fcbe2c8414cc3ff7	51.0	3
46f546dc9a515694e2fe2e91380f97a7	50.0	4
ed9fe7818658f484ea73ffdd49dade38	50.0	2
2a21fdfb1c44fbddce3933417cf83107	50.0	4
65956a81da5073d4904d29dd48d42780	50.0	2
232383df64e7ddbb5586ecf5e81f46f4	50.0	4
43add216e53a1d03670e802101e78162	50.0	4
0a7f64e996779b7a2da05a3a06656376	50.0	2
7cdd962985e6473796c0993143d2887d	50.0	2
7f42f9428663b7c561e6aa95e3742b68	50.0	3
849a5d462c4ea62da1e9d0e3c856475c	50.0	2
b0183dcfe4d36a6389cb44194d11835b	50.0	2
4d850f81a06b32354d3101f660fa3098	50.0	4
de31abb7a159fb68cfb3d9c1cd6f993b	50.0	3
551c1eb387f8a48fecb810537c2a87d5	50.0	2
521901b84de13226b2c7b817e69cb89c	50.0	3
0148b7ecb24ff90652ca720be954807a	50.0	3
35c8d655e9c1245a6d0e3fed61fec921	50.0	5
b1be4d2101cc960b4e738a392c0acf9f	50.0	3
8df7d04a505a1aeea030172e19136341	50.0	2
beff7c7745e8c9801e281b7541ffbad1	50.0	2
51beab0d9869068c597dff9992b076e6	50.0	2
06e37223f3da232296c4bb5a0ee37faf	50.0	3
f9038d6000c3eef25e7e34f6658bdb1d	50.0	2
53de2247ce214f692e0bbcbd8d7503b3	50.0	2
1e61afd30a4275718c960c867a55ff3e	50.0	2
a947ed4ccb5275d3948c75a01fba2212	49.0	2
1ba09da532a0f9985b3caf72a47b42e3	49.0	5
d728e937a7c40b8aca41448fc7646939	49.0	3
42ddd097937e014b75fd3dd6163bbf0f	49.0	2
300ad97ec48610780496a59ac953ae9f	49.0	5
5fed1bdb2573c73c9c8bb6c3d6ad2b9c	49.0	4
be60b2b3350529f3beda35e088c979de	49.0	2
7d1f7964dc4303b9c76699fd993f08df	49.0	3
0c9aad178a103838a13109f82d260384	49.0	4
2e9f61d9f4c15f9b5ca6fffeb0297afc	49.0	3
2a24779f989efbc77165c5bdcaf99fbb	49.0	5
7119da08f6ffe9486980230deaf46725	49.0	2
a290100602d8f9f579c9b2e726747d9d	49.0	3
1d60731d051e5ca2456a9ae7c68a15c2	49.0	2
a0ad10d880c7d6699760da92c9972990	49.0	2
6108f8d573e6ec2d3c127f9fe2529d2b	49.0	3
b3dafd81e787d16a541a0004f880891e	49.0	3
35fd7bf72fd3c75a9cf9a1657e7a40a4	49.0	2
cd53c46b6f2af81c02c6e6a5e4de5dc0	49.0	2
e537ff36cf388163b490fb81dd37fec2	49.0	2
fb669ea335f85cc7b0ba24d53c9b3825	49.0	2
91afa0e78ead8850b7e364fdf3e9ebfb	48.0	3
41f6b701b7957cdc6c3893d16e3e739c	48.0	2
0cc2420a6a4698f8bf664d50b17d26b4	48.0	2
9828f58eaf910927264c204ace9caeed	48.0	2
b21b2c816c98cf6df1375277bcb9c314	48.0	5
33e654c364efdd77f3a375ec03daf277	48.0	3
db879c97d766f1762b2329f64eee6fab	48.0	2
144c8115fd43335d8e4479f5c485fbbb	48.0	2
b3671da0492d5a091c259fe617d871ad	48.0	4
d65ea5cd1996e680174882ebbd08b36a	48.0	3
0b12fb57da74e5ba90a4b5f4eff2cac3	48.0	3
d69416a4c1b79034974704b12f427f8a	48.0	2
5a25931f353d25558db0ca1b8908c6f8	48.0	3
9ee0d8284fefbe83d96e0d1e68ef1146	48.0	3
86ad13f644eeee11a3b663e1d349fdb5	48.0	4
44d5c2817a20837efe59a99e805110a2	48.0	2
46a30416766a0dc46b906fc4bf9d43ed	48.0	2
a538e0c72f940bfe5957d13756d7b83b	48.0	2
c740a2ddc8f368068e914817dc5535ce	48.0	5
3950fe55c9d109b986e327da3ab3653f	48.0	5
06e1211c67226f5b29df8f76970e458c	48.0	6
76c3f76efab7b5a18c2d186cb34e8be7	48.0	6
c8ba82ceededf9eb4fe401df575cbd01	48.0	2
56d7bc1dfc5bd354309f62f593a414cc	48.0	6
674d2df9a54d36a4b143fd6da915e9c9	48.0	2
98003a499b9bb57327c33a9957eabab3	48.0	2
19d180935f2056e68a078e1d071d6e28	48.0	3
9b45be99cfe049e4a8d6e276d3ec10c6	48.0	3
fc22a236cc1e4e4a8fcf061dd436b850	48.0	3
bb370f2eb20788de64a16e1878402c52	48.0	3
63569d1aab3748cfe3f989e4cbb2da4d	47.0	2
275ebe813db25c7aab3f9898295305ee	47.0	2
1264ac914d010d7c663fadca9c5904f4	47.0	2
3de6fd5a783c4eec457bd467467c41ad	47.0	3
201bd40d9c1714a8da5398c23d70014a	47.0	3
75c6fa854c3036d4e55aa1f2dbb0f979	47.0	3
476b433e29335d30abc3467085abcd45	47.0	3
e720819d905cd91b08cfc3f92dbf7157	47.0	3
0456009c98353a4a0aaeebb201218e3b	47.0	2
b32612a30986e25caa2d0b57257bc0cd	47.0	2
8784ba6f0d9a3b19ec6c87379adab39d	47.0	4
2fe4eee7536a582be222b91fd6e09957	47.0	4
c3269043c3c34fdd537e5ce6a412cb53	47.0	3
23a0a5a997894b9a235f0282b7d9cbb9	47.0	2
6f5b152ba6291dceea4c629b7a7751c9	47.0	4
81038cebb17883bdbb48ba5cd283fc80	47.0	3
5a9afb42ea92048a228e47140f71e841	47.0	4
5d254d262adf3f07f5b41eaab1f3d8de	47.0	8
058d70a251e413542edc411a2dac4998	47.0	2
77b25f7f6aa1b7dc75048cb07400186c	47.0	2
f5fa681c4cdbe10b0e95a718ad90ae62	47.0	5
7382d07c988d363cd3f6e308634ddc33	47.0	2
8215ea94b86c9ca5d049e49c2869b4d9	47.0	3
5e1bf8ce75f4d80a0ecbd66de17d90f8	47.0	2
474751f64e55717d731a51a08575ea0d	47.0	2
d5c2403a555a59ced5324333d66ab4d9	47.0	3
ef3facc7c876a427adaac5dca43d284e	47.0	2
5b1c5a7223886dc208c0b3371d9669df	47.0	3
59fd2be2e3083dea83bdfd10318916dd	47.0	2
06f2996b226fccc6b47e265823bfaed9	47.0	3
7d347011ed1afebae376474de7aa02bd	47.0	2
3331cf8e336eaa5a00285e23e9547d41	47.0	2
32a0d780772ecf547438dea8fcfbccd7	46.0	4
955eef95a1b7bdce903fccb02471cce7	46.0	3
a473c5bc31a04fb2a9ebca6b984d124c	46.0	4
0892736eb2aeb489d5b321bbab2a81da	46.0	3
6a17479edbe461431433bddb084f731e	46.0	6
9f74473636e6874853d88dfcbcecff49	46.0	7
27885f8d452e8d6c17ce2ffc48232762	46.0	2
d2febbb1d083f01cf99e2d9b6e2da8a2	46.0	4
25048ecaff66158b02dc21d7e0e2c8c2	46.0	4
8eb2b324659a3099cb0ebe0a30b5774c	46.0	4
50569633cbb1654d8b28051a9449f45b	46.0	4
d981fdbbd25c47fff66700be083ef171	46.0	6
925f2d83e9e520aec5af9d68dac0d693	46.0	5
69494c27e35745a67c59fed84d105dc2	46.0	2
65fa9d9c01bd077ec7344bb4655c4928	46.0	4
685c3af9f4d6667815b7567c0f4017fd	46.0	6
36c9be5d86cdffd2e711744049f9132a	46.0	2
2d617a9016d00777c97260550acd7946	46.0	2
db1d3bf815e5c8af5601e5b860bb3df3	46.0	2
df83039408b00c1cb5fcdd16c58e69a1	46.0	2
6ad53fc895894816ebd85b135bf4ebbb	46.0	3
a84b9285c6f4337a1332bf302dc56ea8	45.0	2
444be8c5680a3118aacd41171f49f5b2	45.0	6
053c4d5b8717b60387f777efae437b40	45.0	4
d468197fa39d10f30b464452a84961ea	45.0	3
075614efc7d3dd61cd64a4e5f17078ae	45.0	2
e5e3d9e246bf4d07fde1a15e48b5f440	45.0	3
8337a1fc69d1f90f6ef29b056676fe52	45.0	2
bcfc2235136b57174de8be94108febf3	45.0	5
2c43e6775cb796f0063e7362da23d59a	45.0	8
0d82b18501bb9d00fec8d4fcca6d434c	45.0	2
16168b1e0b69041645063541a471ed1a	45.0	2
64e5a2ab1244ad5f8344f0b0882ab9d8	45.0	3
73d706dd98453757e3464bf6dfa672d0	45.0	4
4901c86fc370ba08f8628ac752dc12d9	45.0	2
dbab0bfdfe551d67571d1f110173f154	45.0	2
733d3aed2a5f4c7935770fd461a0d874	45.0	5
03f6ad04eb89c8055c2c8d03fc6d78ff	45.0	4
f6700f8d6e1a1424a2719514236318e0	45.0	2
897932e0e903388d190cd4fc504b3185	45.0	2
bc4f6be472b0aa6b2d09130ccb4df6e3	45.0	2
1a66556211750a4e3a4b381afc9afb57	45.0	2
660998897ded4e7db585df70cab40c19	45.0	3
049abd0368acdb6314c2fb9868fa3ac9	45.0	3
4bdcf4ff4ce7e4f358f9067298bd33eb	45.0	2
a45ed32e613bfba0afe832944a9938a3	45.0	4
66c292b3487576445b11e63b99d983cb	45.0	4
120e14e929c49af68be9c599c82f81b5	45.0	3
354cb9099486a11ccb65f894d37ce837	45.0	2
98ec0b75cc73db808c111e14e129d39b	45.0	2
8e8518ef2f6d0376a4945fe78158307f	44.0	4
8da5c35c45bbeb3e8efe4a787eddd21f	44.0	2
fdcd6808ef8269653d25dce4a55a025d	44.0	5
ce2a1b4d3c12a5526462145b503e9c03	44.0	4
1e4b4fcd15ca2f965f61a01c6360056e	44.0	2
40409a97db8065535f8f16bf4c769828	44.0	2
ac9166cff57e7ff3581eaf798edc726c	44.0	4
03d34891c8f4935a37d59ca58514d36f	44.0	3
fcaa277683651411a491f3c0f6fe63d3	44.0	2
3aea9658e132495b6979194be7576fb0	44.0	4
3457a0694e9887c4d82b50cc4a7fdbd2	44.0	3
23adf4d5b0664f25e23fc3b19e4155c3	44.0	2
20030d217888a50d1b7da376c89a7873	44.0	3
dd977cfdf311dffc1c171d1803ed77d4	44.0	5
e52f95e0d6f702a9f5113b025e298550	44.0	2
0fb0f66b7e335cc4480b4f827e958ab3	44.0	5
273a87cb39a737a8d623d53e825d6879	44.0	5
483de95a1a745dd5c125e061b4f3f6db	44.0	2
96af6b8d5b7c28133ce926675dc16a4a	44.0	3
e8ddc1adbd12cd6e15121b75a5d4cf99	44.0	3
0cfc2cf2aa55e1183f3ebed787007770	44.0	3
a5ab7cebb48997fcfba7e7ac346c1228	44.0	2
3ad9bfcbdf8bddf877248941854b65f3	44.0	3
5a3db78522eabd6e56e6b8be6080e2cb	44.0	2
2dab67d676d9b106aea57c12d965ca2c	44.0	3
0f4769a53f1be4d35a7f5446278c33e5	44.0	3
be6dc82a785e8cf54da0872c9242246d	44.0	3
8b77d6d204a159bd9f172fd0fa0fdb28	44.0	2
1a29b7a1ae544c271c85ba28a2f98c1d	43.0	2
99a78e2f8c77bc72cb828c4c3740b348	43.0	2
9a56fd941340c8c94ba51bba53660acd	43.0	4
9eca9baa443ca252b0616db4f718436b	43.0	5
d0268c355543853f69d51a766d4073d8	43.0	3
6207c281547adee6ad17fa0a15d5b8d9	43.0	2
1acfac6dde20f5fb97545a6c558b272a	43.0	2
1ae07d6cf5c57c7c78f97809ff300b1f	43.0	3
ff52d064e0b4416672461ae18ae57e22	43.0	2
231568988198c15754e611aa41e14f3e	43.0	3
4012c1d54a00277b80173c78c32d1f8b	43.0	5
f0e41b749dcb24538e5c1facc019287e	43.0	2
994f046aa78258d65f1d91417c5eaac1	43.0	3
698862fbff78c7fc3cd7a9f4958bdadb	43.0	2
51ed204104deacd4341a6504cea84f45	43.0	2
e4ccf6f0a795dd5d4cf947194e9ffe96	43.0	2
35d349cb757b20ee13c0c8cc352d36cf	43.0	3
6b065c750519b1b67145bac1a7fbcf4b	43.0	10
dc54ad5898774476f57a9c016f1eea9e	43.0	4
57f468aa124e7331b1190f5a720b9f88	43.0	2
859a71c149f94f653d451597f480359c	43.0	2
29995e831c6b2ec9a1b2b38de8ed711f	43.0	4
d34851f27724e0291135ec4138edfca8	43.0	2
cf855ad11b31943f4a2c5b39a0950dca	43.0	2
0a22c04ac4469e87c80ca724c0f088e8	43.0	4
24887dc9b736a1b241bf77dd76d81200	43.0	3
4efa95e1dad95f5638781bb9c0692695	43.0	2
69c88f0bc0da849bbce7a3a668f3bb76	43.0	2
117fe241a66a2468949806d3d1dfccfc	43.0	3
8d3147c6ccf3e174ff844f96e86aa3b9	43.0	2
af325b3eb4d496cd3a24c4f50a3fc192	43.0	2
393099bdca2ce0c4622752a8371cb831	42.0	3
a64adc096377111ed7494ee71b372c3e	42.0	2
ddb45359dfd4199751bea5eb4129ee60	42.0	2
60ec12a96ae7d5f60c79ec05372c9684	42.0	3
eae0dad863f7ee9c92bfef0f770df350	42.0	2
d48a67d1b41ab464e7e8d6772050fe3f	42.0	3
5fdeab6ce6565410e7351cf490bbc05f	42.0	4
3dfad9fbe0b56070c0fd641acdf4ae2d	42.0	7
3b069f79995dfe4ca287c2c9fa3a964a	42.0	2
993d2ee34a98af8a56d3b4779c5880eb	42.0	2
ed61a23f99c04cb18b6bac5ac7588f7a	42.0	8
343e5f00edcbc14645bf4dcbed6597da	42.0	2
69be86cd920ec16175a69a9c03c6c91d	42.0	3
8b635b1d7834146c47f38bfd46eebf54	42.0	3
58341000e7aaf37bf04226ce6e5d4393	42.0	4
00ad22d70df87982f44f5905f89fb899	42.0	3
fd012f042edc150b0f30f04cdebd4b01	41.0	2
df0b31a592d51754542543d98851abe9	41.0	3
3017f87a3b0f5200ed54eca17eef3cbb	41.0	3
f9d90206460dff5fef2ab62d0da07aba	41.0	2
84e0b9e0b234b74abd44acd6c82aab38	41.0	2
0ff1a5de2fb5d9c0b861494d42e1b6e3	41.0	3
4005ca08595b935fe437cffa334c9b0c	41.0	2
212f6f3ea34acf441dd8963a27418e66	41.0	4
7a844008836868acdeb9f5969690d7f5	41.0	2
aa87bee3223e16062932734975fa6c98	41.0	7
18b7dde724979dccd7f715264fa868eb	41.0	3
94a6631dcca861ec9eb97fb5be17a3d1	41.0	3
45862fa20c723eaa416f973621b8eec2	41.0	3
4a133869b8ac3448f3e3928f0e29e9e0	41.0	5
a5050c299a26598b5952abedd6101a1c	41.0	3
a543ff73fd4f0b1a1e1ae592d8c5218b	41.0	3
b269282d27f88cdd63c0b937f17a87a8	41.0	2
3a9a4a356668d338287eb8a6e8effcc2	41.0	2
6a1371e5ac564809db8298daca73d0e3	41.0	3
16c48827a43b25053e197375d57d8bd9	41.0	4
985c900323c5b548ff7d221ee2569b82	41.0	2
2833662dae5acefbf531cbfc1a7e0e11	41.0	3
d051252f99f2d093b5b17623f647916e	41.0	3
d799005c40c22a9d785c6d6afcb2a5b2	41.0	3
bfb2ec2d546567787d74f7d57f42dda5	41.0	2
87af61535787b342a5131de00bb5e304	41.0	2
58c630be20fbcff39c557e7f7c772147	41.0	2
67fa51eb719a3ad9188bd30af1e985d7	41.0	2
3f56d7b61bdc82e4d12c6f58617f5103	40.0	3
d7e71fb462b1e045177d83d6da5880c2	40.0	2
926fa01ea4dc9decb0d90b7cb301999a	40.0	3
8277e75ea43b58c72212e2402a4da1a8	40.0	5
306502d8d2da9723f86c09b9507fad8b	40.0	2
41a520d33acc00394498a1d6f74b24d4	40.0	3
fe1f4eb759d1ffd4e18e9db00073a85b	40.0	2
45162b472d702572b305393493eb87e8	40.0	2
81443de54ac8f0d5c25cb9d4446dda22	40.0	3
f3bdef4b48f0a0b140303ed14c6ceb65	40.0	3
209e7f307b1f35e071aa1ee9490d6a87	40.0	2
7d92b13960832f75c54120579ac182d4	40.0	5
d8bc624d412a4122858fb5b967dfb45d	40.0	4
5fdf8333242f5d23fbe64b611ca5b2a7	40.0	3
52672748677be85ce226703abab7b993	40.0	9
6885c48c189f1b66774c5b89cabe16a9	40.0	2
ef1616938612ecae94c31842853cb904	40.0	3
f08ea64947df21b8f79b30f6952199ec	40.0	3
c527bba06ae36028a448b5a74a22defd	40.0	4
d248475ebb7229384d4c06bc70be2e54	40.0	3
1bbab8e55731a902caecef6239e639bb	40.0	3
cef45b97ab32b9245e3aba8bd42f8d09	40.0	2
65d7e944c137777644bbd1d0d055b40e	40.0	5
99049f8d919777d0917e4432fdab3640	40.0	2
bee7ca98941fbc39348e5191d9531fe8	40.0	3
03eaef0ba6b32a9a48e63e75c6117a91	40.0	3
fc181d50b1e4ba48033df2e23bde1aee	40.0	2
b6e7bc815d5a41953c0c92bbbde6e578	40.0	2
78f9633d472f0107a828e280b95dda7b	39.0	3
4c6b079466dfc38ce773867dabccd462	39.0	5
0f92fcc184a951ff8b0914467ad2f8f9	39.0	2
4108deb11bc9b7c4ec73aa8a63eb4fff	39.0	2
c48f7c1f1046b2df9fbab6555bf50b21	39.0	2
5ddb64225067a9949687af5dbecebae1	39.0	4
ded95a38249296507b8b0cf2a168a1f4	39.0	4
5179ff7c02c25775d27e96aaaacd09b5	39.0	3
210faec381ae596eadc3a319955ae758	39.0	3
3a56925868ba537df05abf57aada230f	39.0	4
13e00d7155128a5826e5fdc20049c4c8	39.0	3
75c7029f1fb1abb04600b342ca47f2cf	39.0	2
fdeff270a78c92142e8da8482054fed6	39.0	2
c2fdda02dbfe15e53afa42ed501ee531	39.0	2
5f71f0d5c0213d85ee2dc17f1098cfdd	39.0	2
b24b6336db78d48176e640e979910aaa	39.0	2
96c157b4a239f67962dd728de4c5ac20	39.0	2
dde7ae01b6a3d7cdba14fad6dde9b47f	39.0	2
c042fc91000ff23e0348bcf145b64dcd	39.0	3
b3c1203169ff8254e1dcd7630ca58556	39.0	4
494b81024abe28c86d766724fcfa208a	39.0	5
be3928e4831e5f8d00a146352c01194b	39.0	2
c4732c68290e27a71a540fda6f405a0d	39.0	2
ababba97cb6edcc7a1bacedca5740136	39.0	3
f08badd16cb363cbd16f38ea11d99713	39.0	4
fbcfcae166ffc5a69b760b01e3cfb41d	39.0	2
a24c7c5c0ca6e2b0881be0887a4ee524	39.0	4
56b093c34259161e67e5ea7f32845e6b	39.0	2
b7dd555e1ed3b94cc3ce1bd6cbf493e8	39.0	3
cffe0afb1e3718e0fe6446768c668554	39.0	2
ff63a72437eeaa49805418fe9a1e7bc2	39.0	2
df71873ae40575f97515b09971c378cc	39.0	3
866b5864527171cabb4dcdfed73633b6	39.0	2
07bf9406c51e8957820e8b1c1f5d3ace	38.0	7
5984e4c81e57a014cea093525469d108	38.0	2
dfef7b01ecb732a636c5122e6c5ab4aa	38.0	5
ddbb85287495c68ad0fbbd3b6214b5f8	38.0	3
316b369afe4bf0e6148d6b9ad53b279c	38.0	5
fc10b23a5745f176ddb9cfd28839ac42	38.0	3
0acc38c61c99a832475911ba7d675ec3	38.0	3
6a288290b68a82f1589bd4346723610a	38.0	3
eee6fb985d6f5e95c23a1950334e89d2	38.0	2
bd964afa1c5c5dc0df10795329df043d	38.0	2
5f4235a54db24ec8f228430faa422e35	38.0	2
358fcd4d12ed1f2235a3bb5a36bb50a7	38.0	4
ccce7fe8aa849bed027f6898300e0c45	38.0	4
2d322de7500d82bf90add2d90c0db123	38.0	3
702af7ef0aae543ba0efa75385f16b0c	38.0	3
4c074616b2ec0c8818d98e31255b41c2	38.0	5
bb903843baa6d399b6b2dbf3b6307730	38.0	2
ef0c84e7f010dde33802016473560541	38.0	2
f547ef647bab280b578ad6191cb971c4	38.0	2
a6a64babaadcde754508b892e5eebded	38.0	2
5d3869bdc571feb124d3b42e791eda32	38.0	2
165e2d840386ba2865a638e5c827bb4b	38.0	3
6b6ce8369b5b592777c5e54b4eee2eeb	38.0	3
161631e2700a58602362a74fa6093d72	38.0	2
c9188ea44b06a176ed81063136cedf20	38.0	3
798bf8a4b932328f5f61bfe400cd4382	38.0	3
658e06b169c21d6aef8ad026ccd5d132	38.0	3
efefeddb8d8c49fe783fe925d0081869	37.0	2
a0fe714798fe5f4b80cb25e2bd8c5aad	37.0	5
45d46a9f6b4ff06e93ed0384a2ddb160	37.0	6
59a16884be1a81c60ae36a3fa016ed64	37.0	2
aca73f3399b5c14e6da10d8e72208bd5	37.0	2
d5502ac60114809b128db293a8402028	37.0	4
196704810d03c45649fdfa28bd219440	37.0	4
f4dd5c2c29ef1ba111d3b3b8715ccc79	37.0	3
d4d8f8a8154a9db4dd17b0089c99e1ff	37.0	2
ebdc19157231d5659f1da224daa2f819	37.0	2
39fa98ad3d6c1ec75d70ace91eb4304f	37.0	3
3f72a7b56294d8d00766a0f9ee41a0d3	37.0	5
e89feaf212ae6aae71c744f8b2a34d2d	37.0	3
0d9fd377c2c035bd3b2361c7749a1e1a	37.0	4
fe974cc38b37f3dbeab31a38bc6a6114	37.0	2
bedd82dde86f1f7b57b6f3e7e7bcd8c6	37.0	3
157377d52897826c83a61231a2304705	37.0	5
4d5327bb3f73509c3c9da13cc25e301a	37.0	2
91bea83fdc626eb47e2d9c65fb6b1d46	37.0	3
544622ad43ec272cabc13aa3f0f92877	37.0	3
b6301f41d6a9b6e81f8daf508ed68fe0	37.0	2
1c305d9aee047e2bee67d9afcd275f47	37.0	4
48f535c51d5e60c238b9e626170c4df2	37.0	2
66d05d79491c980ca1950668d6e18be1	37.0	2
af61be95a5cb52808474ee5d504f88fe	37.0	2
f0e270c8e7cda5daa78de0d4b6646a5a	37.0	2
b2198b1ac47fed0b22d2c1e660895d19	37.0	3
bfa4f9e7e6a7b78b72b007fd12f1e1e6	37.0	3
b3aa64640a6795496b63c305b8a0822f	37.0	4
f0108e662212b80781255a18c30d3cff	37.0	2
0d1dd92b02242e806ca20b075dc4d7d4	37.0	3
2e3060379f9b13525a5427fa4533eed9	37.0	2
a631a07695d75639d492a897306b5a5d	37.0	3
14bd862c3faad464c8871e3589e960d2	37.0	3
46870686945b714f0a0c3f3bcaf4bd5d	37.0	3
a8ced361eee09ab011dd421e6c511974	37.0	2
f9143ad03e59c000f7db79d435dae09f	37.0	2
cb933d6cc096036af62cb3f9feeca778	37.0	2
7570c9ba651454ece4b63a4cbae27502	37.0	2
7b570a73fc076fa739ff37d11bbc310c	37.0	2
9608c402bea1f486579c9374a6d76265	37.0	2
7287b66848543014375329cde45cee90	36.0	2
6bb5a92b8d1363e2cc70f748c035c95c	36.0	3
cac3d66d72d146a17968e65083c019dc	36.0	2
cb300445a91689ecf55242867c49d42f	36.0	2
7a82f287221e3ea83888a0ee9ee06abc	36.0	4
958db5ebf2b3982e98848d994d50a6c5	36.0	2
2ae8a432208b85a14e86eb821c86ce2b	36.0	4
a11c609395bb5fe97936cb8f889a8ee2	36.0	2
3d302056d52d0065316f8f754cee14a2	36.0	2
c14aec650c67f8aa79ac539a1dd186ef	36.0	3
ae9018f0f759cbd816ba8adf55280180	36.0	4
65790218f1f760b9a1d6ffd4f9e90c41	36.0	5
922d382dc94aa20b3530a75961f71e85	36.0	2
d2f7cf8b68d9b5c37366f75e232e3363	36.0	4
e58f228f65a80f3d5297ac8654ee5158	36.0	3
eaae840af5558f9759d4e4aa8d6e9872	36.0	2
d9875a0d9f173674bf1c7938d552c7f7	36.0	3
11c18a2342fdc45c5a812feed59f8335	36.0	3
f93a2dac86128b7dd22c9488ce9575bc	36.0	3
b6e958790e5a91d201535b2c4306b658	36.0	2
87c1c31ad4a208585705d16c87ee6c95	36.0	2
047a7f92c86de75ac2282ecb9f05c640	36.0	3
f1a2afc89d34f2ce0f6613de3bbaf821	36.0	2
fa443fecc349be567de38bffcf83f386	36.0	2
701e36a863a0f6b097ed0f8b40481b79	35.0	2
b31dc925f086ab7773e6021fef012e77	35.0	3
3f33a9dccc00f471ab0dac82ef2ca78e	35.0	4
6f67b46f7e90cd60237f483a12d8fd2a	35.0	3
f06d7233381eb4aa10d8b4f1f744d252	35.0	4
372e51c18cd6b96557ffc626386a91cc	35.0	2
4865546dfd42630b51990aed7c5bf829	35.0	2
dd7d744f5e66e9fd77f7acd7a84a17a1	35.0	2
7f3ba70fc86ee3185de7c9b403c74a8e	35.0	2
ee1ec3804f58d57d9476a357c52e3ad2	35.0	4
f9483ee3648ee58cae168163d2515668	35.0	2
b5903d1ec2f39361106ff79d4ea8ce5f	35.0	2
d9f063a0e5e84df86ff255e8ae936a0d	35.0	2
4cdcb8070b16d33b74499b405fb4c59d	35.0	2
1736d58497ed1784bc169389e361cabc	35.0	2
7aafe662cd86ded2133326f4b997a84a	35.0	3
4da9bf076b029720a8c941c128d77093	35.0	3
0847dd0096344a16db00237524622fd0	35.0	6
b4cef35cff8103d0d79521b2e1335a09	35.0	3
2ecc9d9da378c2e7bc6a53ec5f1f3775	35.0	2
31d0dd1ebd7057fa399a56c0f02f57b2	35.0	3
ae36b9811b55645ca9c2c3368b2b0413	35.0	2
2ff59d3891d099d4306a070fd379f544	35.0	2
780241356aabffa1739887a163ae53db	34.0	3
d28f5fed0e1d1cb4475f765200a9eaa3	34.0	2
32ebb69544acaf3162b5e828d05a5f84	34.0	5
902d316df1cb18cf00a1e536f3e7afc6	34.0	3
74a13cea46327a3c48cb576eef509bd5	34.0	3
035dc314f160b7d6b86d4d25404d17cd	34.0	5
c2d1b0b71d6d1c255ac6743f8b3e03ac	34.0	2
3f55a8ca784ae7190790023a30cd859c	34.0	2
a3b6ac6ec71046d9e4388584f24711ae	34.0	3
b5c50bbed0f3aba502a5b5292a302560	34.0	3
e66860dbaac1010e5b69f9780d84b3b2	34.0	4
08a62d972f6bf2ca4dd9291bc2cc9f63	34.0	2
4a9a8ecb94fea1bd9df9c2ac60668a92	34.0	4
58a6a5594e4cf0aa734759c4494f0755	34.0	2
0294417f1789c3540372564574d000e1	34.0	3
d11295dd36346504389066d1c930df88	34.0	2
2bedaab38376139e561778b2c8af8779	34.0	3
62f915ce19321f1244be0f14eca91d99	34.0	3
d2b665a303168c116be3ece79875a386	34.0	2
405d801e8e84f35735ec562d5e4cea3a	34.0	2
ff245dbbc2694aac829fcced2b719fbe	34.0	2
2b14e73cb3d9728fc9b9c24cd6a80e52	34.0	4
dd5a33f849e54bf5d82e72a9c3048eb6	33.0	2
793626b367cd3ae535ae29ff2df75bb6	33.0	3
7da99b553af288f378657a8d0364a98b	33.0	2
801b7cb427107635a7c20be8396a63a6	33.0	3
de0551fb4e1582bc1fa068762294f375	33.0	2
216f7a732d51090fab17aa9085221b11	33.0	2
1a057103e6dc46e7270a032674c37ada	33.0	3
adaba5dc67eaca8cde5fe15b706fdf82	33.0	2
d6c7b58def747d77d994d7ef71e2bf94	33.0	4
de277d2975e8d6c5a01eaf5cdd063af0	33.0	3
6045a1b3be95e4747c0dc56a4ce2d606	33.0	4
7ec47cf49d6654b2ef3d10fb4fb2a3cb	33.0	3
1865483cb94b0e65f9bbba8a48440fd3	33.0	3
eff3100222c015dee291de4904bcdb5c	33.0	2
fcb1f7ca2abacb886f88ffad0eb67fbf	33.0	3
3f8bac60cce09a3ef5054c43cfdd2b5c	33.0	2
7298faf186a5dabfe5856341c877d94c	33.0	4
8b4ad8d6a7730c2d6924cdc58ac98765	33.0	3
70e984739cc103a358c597d0557a2abb	33.0	2
b2aaf0d0ab53f285a4e661c9686c2ab8	33.0	3
9b0f3b1b4c84c14ae19160579b66158c	33.0	2
b1ebe178e5f9efbfbdec4b85b77b954a	33.0	3
a5582e67d338ed4ac292aa9135715eeb	33.0	4
44c5c0f46e2dd7498bf8c427d8f26873	33.0	2
752cd9fce62ac8c8da0f749de04a9182	33.0	3
b3664ed761fe2d016e7c325e73c1d33d	33.0	2
1ae857ae0af9faed2885723d0f318297	33.0	2
dbc941feece8f2914e5e268dc5fa84f6	33.0	2
7a589a7ffe07a7508a1ad7585ac02190	33.0	2
357b6a5677e7d556ac50d57a8187a58c	33.0	2
7ef4c4d79b29d3aacc9f7e33027abb96	33.0	2
6f943d9d1d330a99f921f70d1cd32fb7	33.0	2
9b44792c21d7b9a5598f70ceb44773c8	33.0	2
8f51009305e4542f051c892454ec35b4	33.0	2
b21be2151d1cae53422cd7eef86425b3	32.0	5
4169d7bd1484c1b410c5cb27ffc4eb8a	32.0	4
bcb86a9f4371acd1618611c67cf35b47	32.0	2
458bc03b423f0d6f73fc0908b6109699	32.0	2
acf41d436e26f8ff2097d3852f17463f	32.0	2
999a277f6ae9c7bec68f9201a2587ebc	32.0	3
36287e11aa6c2300b8a031049a248092	32.0	3
300ae470ccae674001a05f4b4e5fc3b9	32.0	2
a80749c070bf59e18d122cd5500a7c6d	32.0	3
60c00d5a3b26ff4b5931d3eb3c2c655c	32.0	2
9846965f38c82d44606ae1d3d26f1711	32.0	5
39b7190949fa563e7e6f11e37622e557	32.0	4
01afee9c3879ede6cc6e4cf8d38806a9	32.0	3
d081eb98e59d8e1c64d179bb39995318	32.0	6
1676e6be2f0a64d1280c20169c31e24a	32.0	5
f1a0220dee35b3042e6b57adad6d2041	32.0	2
a9387e76477da8688775569cf540191b	32.0	2
f837443696652157e220ae13e330e0e6	32.0	3
9b2b295d941340cfef083ea0e61c4742	32.0	2
ef33b7fa1e0346115692798a47b1ba4e	32.0	2
56f87eb8a33db18235085fccc924c853	32.0	2
08c1ec0c43278530a0d68882ce4c4326	32.0	3
a89185c8f10257f88b98d63b9efa9a2d	32.0	4
c27df023b01415ad44e241464c08dc33	31.0	6
6f2d118b884e44148a1454d3d6a6b3d0	31.0	2
e0e12ea7062eb9c33960ed74a9e7a2a6	31.0	2
00396b9bef4902b44b29fc79bda64ec8	31.0	2
3de8b123ea240fb0334b09f408aa3a82	31.0	2
2629f2c642c3cc1d1fdbf581561668fb	31.0	2
40a724cc498dfc90758c1715f617b316	31.0	2
95cbe8ca23e803fc3eb42744f17521b3	31.0	3
658ec2aec1e5628a82be95faf1ec14af	31.0	2
60274b1518d2bdeb179acc8ea3ee9f45	31.0	5
b319914d1c3f94c82e9bfa228ab1e524	31.0	2
e5822ac6e66387d862eb908a359db3ef	31.0	5
9edfaddefdcbbd0023a8400b6ca53f19	31.0	2
cb23cf9a0a65bb0352134464e459ba57	31.0	5
8ffd2b3caa54b2922e98a0d5aab5adde	31.0	2
29cbf6a87e24701ba6c20a4c17e2f3e2	31.0	2
643b22f20898a2fa6123e6cae57b5860	31.0	2
2abd4a069edfc7b0dae4c3e10ab09d71	31.0	3
e054c17d3a1423a713176e89822677a6	31.0	2
dcdbf5074a07b262a8c43b5e5aa3c3cd	31.0	3
1525d5d6000b3502b70eecfc62027091	31.0	2
32aafe68c8a393794b33ed02ef5c2393	31.0	3
d55ecd359f8ff87489d1f50e2464f309	31.0	2
16b11c70ace33a454a6cfc088d0345ba	31.0	2
521c3ce079d21ffafb1c568c7344ecea	31.0	2
bae36cf89ad035113b30cdb52f58e7fa	31.0	4
a7a2d44e637cb52e5d18aa864cfc3308	31.0	3
e701ca0348832ccf5d0171d9b5ae167c	30.0	2
38c3ab42d51c6939d6fd42083497e9d0	30.0	2
6d0843d93e7a1d9780f38a15c0f84f3c	30.0	5
6f23caf7b2a2e436bdccc8f446b68cf3	30.0	3
5bfac545baf43bc480f2d722dd11a3a3	30.0	2
d50e70eed6c50f853a3c71cb12b1b224	30.0	3
6b355048a7264cc9f2abaca32b393629	30.0	3
e0fdbc7f687a7ea0cf13009c2e501197	30.0	5
f9c33c580a4ce9224eab1ea3d771748e	30.0	2
bb4a5552f0cded151ab07dd28600fe1f	30.0	2
4100e55a3e477bf8a2e1894061c6c7b4	30.0	2
341a55f40035d02a8b20e4e8c8743e60	30.0	2
35cf38bb64b3e6390ba049f2759f5436	30.0	2
06b421ba5433ddfdf5b3894008811928	30.0	5
c806eb8a0634596565b0867d5b3dff1e	30.0	4
6e0adb64e054404f08fb1ccf2effd35f	30.0	3
ee41a5674fc966638fc5c757d9bd8e43	30.0	2
63e747ca3ef95a06c32fe94cc80b8402	30.0	2
ec3b35f227f697cdf502e4d171429050	30.0	2
870472173acf80a94b560d7d4bcc3fed	30.0	2
6853197e1d58369fa5f7de3fb3146392	30.0	3
27860c4c6a8f50c677bd499a404d268e	30.0	4
e6ba53acba437b07925126974f445bf1	30.0	3
6751606037f1171e99c7b2c563d27b72	30.0	3
0e53d9a6aa771a9fc2212185aa14f237	30.0	2
ea573c0f0635be3a0ae83b3e316c1e11	30.0	2
9e9c01a8d6140a11036de1d24cc41896	30.0	2
25b0b00f952203f4505b1ca9dc3cd98d	30.0	2
3f069ff16d6cace86b117ed9a0ef86ec	29.0	2
e1fe7579608318a87b75a93ad5328bd1	29.0	2
4fee3d3f14979ce8aff785f1d86eb3a4	29.0	6
a38cda93c45e709a51a5de0cb5cee4f4	29.0	2
4ca78c8cce96117de56493eeaa5de22c	29.0	2
7ea07b7ff393cd4224b67939848c16d5	29.0	2
0009b8d84a6100693a38b3f268f574ce	29.0	3
f8a3dd7a53062ce99fdb45d630908350	29.0	2
923dfd8f4536f090a2b0ddf1f5387af3	29.0	2
762ab31f3a24c26b6d78171833772f95	29.0	2
66be6e64927ee71bfddd64cdd35ca656	29.0	2
3b53345df389dbb29ee067f95140b460	29.0	2
beb0104f90a508028cf7518d18736452	29.0	3
3e94c4c5cb65a63d25dfc530628eebf2	29.0	2
e7dca32db061870604d24ad395518ea3	29.0	2
1d921e5b79b1f02f6c3aa5f3dfd2fe99	29.0	2
390965fd920f0c808c365c85bfedc595	29.0	3
a19f6ec82ea7fddaaef2532b20781e36	29.0	4
2fd9afdaf9a9677deb44426187802e6c	29.0	2
1ccdb51bf156408520fc7165ed8b7440	29.0	3
daf99623a3467fd427ddf6e15cad7ab0	29.0	2
56272e0dbb061597452ff9c55c6cc197	29.0	2
c5caedff3742d52705abc1241c0aa18a	29.0	2
2de90d34b05760d2e8add1016ea63118	29.0	2
733c7748948c6d866d5ca671a16f2f54	29.0	2
29a76db7293f93b53935242fc29206e9	29.0	2
5bffe09bf24fd0e61329db83afc4576e	29.0	2
2b3d6b83c16e9d07719e9a4a4abdab01	28.0	4
3642d9dadd4ae69da3895f1568d7b609	28.0	2
fd8c8ee24f7e4537c988ded9776087a4	28.0	5
a2535db8d10501b0af00a7eca27cf55b	28.0	2
d315a0b30c8e21db4cfe89e65c0b2bf1	28.0	2
33ac9f2c45516c278c2f5bd82b897696	28.0	2
985abcab0ef6c4e3a8cfa477aea4374f	28.0	3
30bbc23e08c2ef41f325871500a95dfe	28.0	4
420d3df0b049d2a533d57d8f3d117354	28.0	4
6b11e8eb46895407bc587896df09255d	28.0	3
dc0e631a796d4348a553757464709ce9	28.0	2
16c81705da6b684391b8ee57de60f582	28.0	2
4e036221560a9a9572c96f20de096a7d	28.0	2
2cf99dd0cbd35a99106074406873daf0	28.0	2
c9e366794babdd680b8d159ee60d1c94	28.0	2
59b50bf20658984bdcd60f3f4692d83d	28.0	2
0d39de4dd5f2ab392ea3cfba131fd826	28.0	2
c5af8314e36eaed98fc88f181f539e8f	28.0	2
4837a63d1510586c40c5904df645939f	28.0	3
182c6c4647bfc44979987d99ab2fab40	28.0	2
211d244610af6e41df4e44a7581bd516	28.0	3
0fa01a27222db8a497f42d0ab150592e	28.0	4
2fa5e0d6fb707072ad58c7f3594dfd66	28.0	4
1ddff2fc615e78208f60310b1de39154	28.0	3
489361389b38dffd61843e1cd5f08f39	28.0	2
3c5b39a667cfdbe47c0b40e77c637c47	28.0	2
6a77a75b06155b2dac103db36ebc8397	28.0	2
296cd277f8b42c6bc21f4d422c5ddda9	28.0	2
4ea22848f8a75bdfda2ed75c02adf55f	28.0	2
16fedf9fd4c81cedb36a70d4d133545d	28.0	2
98b74a95474d7d4244a99ed6b893956d	28.0	2
b9a54153c951016d28fe3ef31fd4ec81	28.0	2
56f54f846b7e5dd7139a985dc60fc47f	28.0	2
8a067e54c6ab993a6f7163ed7e71bcca	28.0	2
e6b9d66b9f81f5acd55110103d5b0b55	28.0	2
b854ecbe8ad0a617fd3313e03d3a4677	27.0	3
5f3c6d383df9652c7c92100893b5d1c1	27.0	2
46b908558757723943d96fb540358dd3	27.0	3
45f29fc8ca0b78d469b0aea9d9cbd0c4	27.0	3
0e7078ca25c06d0031220618738330a3	27.0	2
11a2dd584efd6519b732d431c83522e8	27.0	2
08e361ab08b2b0f560a5b69eddd8e954	27.0	4
d324b990030d3df4ae488df2253259a5	27.0	2
4e38782cdedecf48d5f9358121fe4a3d	27.0	2
f97abd28770f88e9cdd1519f315e2a42	27.0	2
54c7769d7a929caa65c12312f05449e1	27.0	2
8b86b84549e5940744c30df2a573b55e	27.0	2
29c363a37f0720335aa3b975117fa1ce	27.0	2
271154b82036b735d5d517e38d7300dc	27.0	4
0e285cdbb7e7d68beaca963e352443b5	27.0	3
59bfac8cd1b71980f93e2d2eab6302e6	27.0	3
1d5a64db4a749e5d5c3c973026d358e4	27.0	3
cb79e8e97cf4888b94a400259352a6f5	27.0	5
91035ba17c2ac1d5426dbf57dd1535e6	27.0	2
7653cfd85a62f07686a7a7d74b133edc	27.0	2
f6752bcd65cf75d4aa9de5b6f30979c2	27.0	2
4d985f737c75eda488b05dba3b4e62b0	27.0	2
a8cc2ac7059a60750be5f684eea7d96d	27.0	5
942babc0b8341764de594ccc2e236f4c	27.0	2
b7bded2e37083c8db84d8d0f5973baa4	27.0	2
333bdb5661f710beb66e1f6deb8bb626	27.0	2
07922adbbf2168bf955c5146398e1290	27.0	2
488e062c14970390fbf278cbcfd965e2	27.0	2
4da2445650ece20dc900f5c8099046ed	27.0	2
1a42ea0e8098b8d5c366ab146ee6d4ab	27.0	2
59960cbe404ccaa3af1f9ca682a09c7f	27.0	2
46f2b817a8da2cc2dc49150975576286	27.0	3
52dc996e5871b73ab97c3345c286b502	27.0	2
0870946e700f6d0fffbc438b3a3a7487	26.0	3
0b05a2e48cdc5f9e766bb0f4c209d4b4	26.0	3
a6156badb63163fad485f132b584407c	26.0	2
94496dcfc276706a9f376c94cfe53549	26.0	2
f6a4dc6650205b3c4bc35130759f8f88	26.0	2
ee5a0b64c2b420336a2615d067099e4c	26.0	5
1e7020d021a2006fefc8d9a3e2c85cb5	26.0	2
48bb32837a0d83b3692f25f2634cd829	26.0	2
1d4c36ce7aa99018d867ceb9afa75035	26.0	2
7e36d703761d031897b4864ae7be8643	26.0	2
2c56ef3f904a99fcd16046f8066e45e9	26.0	2
1e275fe34e6cfdc9bc27f60549e891db	26.0	2
47929930b784ae5d9a29cd763b6b2756	26.0	2
2ea79eaaa0b23b2a7d2cf470cbaf72ea	26.0	2
74b7dc5aa537fcaf4d0046dc7715b9bf	26.0	3
f3eaf62b43a25a9d3e7d14d31f3194c8	26.0	3
2c587b3008c5a799bb9eb58df9134ca0	26.0	2
1dae9b32acf4c0a4650ab5ed77eb43fa	26.0	2
c4f2767b2448bb7333a7b127d3c6b847	26.0	3
18797a4966d73b67b4ba79af43bee705	26.0	2
8d1c8d6cc832d90e70a17ea4cd041ff8	26.0	3
11a264b6fa68f790d80e4dabf845dd62	26.0	2
88b621bf9ac7612cf63390186aec72cb	26.0	4
8e5b224284b1cc48a9e562e4c5d2c176	26.0	3
f09ba13636642dcacb240994bac406db	26.0	2
c1816ccfd175e62d3dac22d4b48fac55	26.0	2
aa25909972727a0ab6d15b7fada50071	26.0	2
c1f2a7a52161c7cec90e8ee36c11de4b	26.0	3
39d6e0acf75b14480b0142320a1f885b	26.0	2
46790ef320df34224c987c92ac319ca2	26.0	2
833a7434e6d6c0c627a49b12e4cfb0fd	26.0	2
9d831a67d0215fb63b13c7d176eb449a	26.0	2
73dfa1d4fca3441662c36056b5e0e089	26.0	3
dfdee283eda8ce57ae97260ad01b5c5f	26.0	3
55320de055a4f8ad5dc0f9837dc35727	26.0	3
80771dc3e3850c328de04334050d492a	26.0	3
557e29d4769e1119eb8226b6dff799f2	26.0	2
6c14305a99eef85e98187dd8321b89e1	26.0	2
2730fb2bd9a015f326792c4fb463e3bd	26.0	2
d215fc830a48a040137a9c2639fd3cad	26.0	2
aef3f7165c5f7a8f3fff98db55f43047	25.0	2
c88f904db9325b628f46c11dae267350	25.0	2
f97adae07560cfad8f6a92aa3f7383fa	25.0	3
6c4e36a00f9a4c377ad5de94b2818e82	25.0	2
ffc21642dc2727639d0a2c96496dd420	25.0	2
90ce5d36b4c5ef1ba849267f322bcc76	25.0	2
4fc3d15011337e12553e56bdce0207cb	25.0	2
6f18b674bcfa5a3897846314a12d9f28	25.0	2
01231f5e992351d8d4f29221c2bb4e2e	25.0	2
764c055971f58cff6090486d1f872218	25.0	3
0ac725c6c3d1a05b6ca4a3f5404060f1	25.0	2
23232afd3e799609c21dde704dfbb5ef	25.0	2
7052283da905b772ffe22db08ce4863c	25.0	4
eb98721c9fdeb6bffbb0349d90716d02	25.0	3
65eae2b5500047790a5d9609b072e4d6	25.0	3
7fe0fbc501324d9a8c96c6f06bdd81a4	25.0	3
f80bc1a29e1b5e1395b7e39f554e6e32	25.0	2
d79540ed2f3515bfaa7deed41c01591e	25.0	2
7aa1aaad2927a45a06a112e880ac89aa	25.0	2
7359107cb01af56910c778c8b40ed63d	25.0	3
c984f978eb0b41df302c20fae8a45145	25.0	2
c3633c17cab4245970ec27e65898562e	25.0	2
a614842181dae38cf232fa9d5d77c890	25.0	2
4c9ad45612631ff6bd1a54850e8bfef2	25.0	2
a05c79904fbc4bf67f01fc8f78f4fbdc	24.0	2
32c3537f67545d8861c8b535c8ef5968	24.0	2
74ec9fe6ffab4ecff6d5def74298a825	24.0	2
efa768e005fa2f3784d62b2d6295fdf2	24.0	3
df4caf4bd9ad37bdb432219f4f5e213e	24.0	3
d6a57e155e0d5808e579a8c237be7432	24.0	2
716ba45c6cf02eb9f686869139c03987	24.0	5
f5706d9ec821f971e4c08ee992995b40	24.0	2
83d020c83a8c94215ad95b8b1035fe1c	24.0	4
d7ab72b508213c62e753dc3e32ea1bdd	24.0	2
24f0590b43b266b3d476f614111b0ed9	24.0	3
06ed414d9924abfbb491e6d37d798707	24.0	2
a487ec94c3ae94c38c1b53af36794aed	24.0	2
d97d3b5305f990f1f1fd07083a81e749	24.0	2
0d11f475961bf60abaaf945e9f839fa1	24.0	2
136f5c1438d47f9844759f33812b5eef	24.0	3
263ce256e23f6747d2c8c71d4121eaea	24.0	2
4fb1903390a2ae99baccfde263c7f638	24.0	2
4ccdece7a366143489391c3e8b96ad7d	24.0	2
9947c21fd5782fea82efd6b80500a778	24.0	2
3249ee5d19b01b96cdd9c47bf0cd45ec	24.0	2
000a8a026153acefc9c820befc72320c	24.0	2
7593cd5a40d8bfc3cf5e9ad8be4e50bd	24.0	2
0dcaada4d8de4e244d85b53141f30a36	24.0	3
31d2651373d5f07a1f65a1ed1930480d	24.0	2
1fc3cb10f09822e995feff928d4e4aaa	24.0	3
9bbca1b547592af8f19b23aa2021944d	24.0	3
a2b9c9c28008e474baeff66ef559d9dc	24.0	2
eb4739196c6df4b684194728a85081b4	24.0	2
f1da0f084f3e5b7957d11d01abe7013d	24.0	4
a3826a9b310d15ea80f9dd491e1b74c8	24.0	3
d1700f8d8f03f644d612c046647fa36e	24.0	2
0ff5a0cf1f20a3f2abf4c274d3bdfe75	24.0	2
b6985598d3f4a9b830bbe1c6a665f5fe	23.0	2
221f5f783a8c4e2b48e5bd0bfd27d9a3	23.0	2
d189ef2dc856d70525d6d858a58a4992	23.0	2
bbb1d0e6910a12ddd0d076bd961323ea	23.0	3
fd4fc0504715a9c5de1e629b16549e0a	23.0	2
8e0da29b36fbc3879561566e87f11ea7	23.0	6
a0cee04ca06b84420d379c4da8f54c1d	23.0	2
333fd75fd17dacaf1bdab20f1cc2a1ee	23.0	2
59f62b9c233e8637455cfa53e1a13f96	23.0	3
8397931fc3c64a54d62ff45d9a29004c	23.0	2
7e430f3dc12bf1aaada5cfcfd93a44f0	23.0	3
11699131076c5844b11cc5ae1d6ea5ba	23.0	3
c255a44bbbd4c9ce23d45a1f7c9ca6a8	23.0	2
72fa0aca0d4fb29a5f6c31ba3abb336d	23.0	2
6e9acc92da3c5a059338296b55bc225d	23.0	2
35fa8020043d0bc513683193598eb55d	23.0	2
993ea35e8ad7ff6894e32247dc507e9b	23.0	2
02bb5a19ea8b6553bc781e3149014cdf	23.0	3
b3bcb5f4a183bc40875b8399cea63eab	23.0	2
6688dfde37eabdfbc7bb4ddaf2063555	23.0	2
08909e4c363c22be001762511ced5e05	23.0	2
a2f0037f8468641a3c3880dd51463397	23.0	2
4b7867b31a9286dd88da088a60246e07	23.0	4
644c5814a1f5fa4d0db33b8876307981	23.0	3
de6891b6f7a1f35bd9ccbc058b9e1a77	23.0	2
b509fab536d556f6e9ce57c644ed3127	23.0	2
077cbd418e972e4bf72aea5da6cd3b2e	23.0	2
1583011e637a5f6e7d20dd97052b90cc	23.0	2
e14c28627fa85e1f8ccd9893ed37ac73	23.0	2
439eecbd6c312835fd46c02ce68433fc	23.0	2
b0a9243fa3efe6375cb563e295082d12	22.0	5
9a0947ca966798c1d5de9d864772c633	22.0	2
78754574074de4031f062c70066ee221	22.0	3
af3f7a904c1e3f7d614620af231d82db	22.0	2
b6cabc0976452fc4d57cc3d0bf349855	22.0	3
1243750138937650754b619370565800	22.0	2
81ff2da5baee70783ad55d560b70e81b	22.0	2
8efae0bcd4cda9051a1e2095548b6dc8	22.0	2
60347cb6870f35fe34f9506fcff8c4fc	22.0	3
952c74844d440dfd9b2125bf33162ec9	22.0	3
89e00ca4fbf88379a98d3996b4656c87	22.0	2
6d7757b817884ec4751e05ca6ee6ecfd	22.0	2
ee464a7fbacc8ea2d42414c892c7c1e1	22.0	3
83ec9e72848832aa25a7762de8f56ee5	22.0	2
047cf712aaef7658a3e8f25cf5305b98	22.0	2
0330336eb90fa50e1bd3ff202609520e	22.0	2
7413d9de9796a6af0c29c4a2da861571	22.0	2
51625f89e7332f46ab0641e10cede6ea	22.0	2
2a20ed4be08fa4df73a3ce781e61b1e7	22.0	2
22cde9fc7c966829892496a953e94717	22.0	3
ef7556dfcb15e0bd27cbf1e8f9f5b640	22.0	2
6db2c69913b887eec3ee147822210b08	22.0	2
b4173926ca3588d465a4e97409d6f111	22.0	3
0024552e988d27ddf0478b1cf15534dc	22.0	3
82a437db4c54f9c8f900a5c3e669193f	22.0	4
46115045dc1b079d6306ecda90e2c6e5	22.0	2
f6860a05e6303738dfab611ec3e0ee6d	22.0	2
fba708a8678f15088c30ecf318fe4d54	22.0	2
8e26642472a9b901bc1ccdc11ec54267	22.0	3
0b1fce1b0af73478242850ac5a412dce	22.0	2
29a8a03501b9b1c65aa8310c59c57dec	22.0	2
4c759e3ab4f4abc6220caf4cbae1eba6	21.0	3
655f279914304f12045bd2c7ccbe930b	21.0	2
521322b30ccf3df70f24e34e76b82d0a	21.0	2
097e1275231a0b57c0914149b395d4ad	21.0	2
d7495f711117441d2ae94bff305a16eb	21.0	2
23a9e3331c1b22d639fae923893b7bec	21.0	2
aebd1573e1fd629988f5ed5a2cbc0693	21.0	3
0534ed0f1cfff13b6f36fb16ce464c55	21.0	2
bbe2948692a5df8cb1eac5bebb054c9d	21.0	2
4f87541ee1f85026de5d858858e8b266	21.0	3
afdd5898704cc306dcdb9d13b453e7a3	21.0	3
5ce1f57e6d5e4aec4777025731b6050d	21.0	2
ae20a368f39b8e94f3028f7659daf4a1	21.0	3
f8529e2e737999b4a7d06420482d4af3	21.0	2
a70bf5d8dc3bd2a895032c1e040386b8	21.0	3
04052b343cc5ba6b737c92fa7113249d	21.0	2
e4bc175b1898ffdf4db0ec9aa16cd63c	21.0	2
668065d04e651de80b6ab98b75369484	21.0	2
5b81af0e53939352ea3ca847647fc848	21.0	4
c36d0ff714fbd599a2a25c9636c306c1	21.0	2
13917b90fe9f6f618b9db5503500c09a	21.0	2
83424cdd9bff25340cf519af7b77abd6	21.0	2
b1cd2162d2f74e83debe5d6353e918db	21.0	2
c8276df80a71bf2ab877c552dbad965e	21.0	2
5ffc4ddb8459ad620c5ad85fbd47a4d2	21.0	2
d5231705b98e3f2b33da428fa49d28f9	21.0	5
607ba363527bad7530ab4c017b0dbe58	21.0	2
bf108bd0f14e2383745d283d258ccfbf	21.0	2
37efd5e952ea3926494938a235ad554c	21.0	2
48af6e76d90550cca7c862cb32c12a60	20.0	4
2a132d65751e0e9b736a8657ca0a3d11	20.0	2
8e56ac836a3961cc5a9e3147f54d36f3	20.0	3
65a8fad5214dbf8120762cd2139c3a3a	20.0	2
6a886ba7212a98b25ca82e50e20d2afb	20.0	2
28cab296928c429a318ead3b90b07049	20.0	3
858f1f8596422cb0dd073a0c8a2f204c	20.0	2
c0ba174680868841ca66e3394c0300b6	20.0	2
77af9cf68f962238eb2528eaa98d5dc6	20.0	3
a965c1cdafbe6e963ce2f69044599e56	20.0	3
5df9a2518e8231f21f835f2dbe7f1e3b	20.0	2
a6b045965e88a880b1ef35c4b28792f6	20.0	2
80182fbe00120d6e3f3b91ebe929f495	20.0	2
846ec269c35879f93b0fc9a4a83dbf73	20.0	2
7696986a6aaff60166f5aa47d67f02d8	20.0	3
651dac98cee6579a7aacc9abbfcfdfb4	20.0	2
1ed30f70eba30a0f3e222da1be24c62f	20.0	2
74e0b054283812817cd1cff2fe919539	20.0	3
3eaae016be48e4a8f11f7518dc744806	20.0	2
c9e130e1f1d64091eddc2e35434e331a	20.0	2
157a9175f700436c04928cdc076bc08d	20.0	3
db8efeb8090d82f07eeba31f78038f46	20.0	2
9823b41a753d56392c84ec3c97f832e5	20.0	3
c4d6807d582cd06a9f42f815ff76dd43	20.0	3
be45840eb36ed6685c54ad255d511d4a	20.0	2
334d0034f6c5ec958c8bd35beb953e2a	20.0	2
f17da930f47afcf47835f815a01859f4	20.0	2
6dffc8a35dfe300c870e285a935aff02	20.0	2
bf3da7d3053fbe252f5394fa3c840f4e	20.0	2
07e16b73c7bc0fb75e21d652a29b9e1c	19.0	3
9276b683abac00efbd9e51d0dba66f35	19.0	2
6cc915b324ce4383ffbc1ead37591e86	19.0	2
010e3089a051ab02c9d52d65cf367400	19.0	2
14192aabc450001b210147e113ba3d98	19.0	2
24cbb0da5567574041385f5d5b05ac77	19.0	2
935cef5ba3e4f73b6c04285037f8602f	19.0	2
3de2bc28b869e75d3b57c2f10cf5d5fb	19.0	2
b210a7f960e1c44de12cd2eaeeb3aaea	19.0	2
af5e1d179dc627329d7dd2e414873070	19.0	3
0146bd1a7e149a3ab2d8d3d871f0a334	19.0	5
51869983d5cbf09da7868e9d22b276b4	19.0	2
fad58be63fb4cc55d2b8562fb252727c	19.0	2
0e1b8c21b23d9d59889b3282627a4146	19.0	2
5e2a47cb6be29225a51013f058bffdac	19.0	2
d1492ae55f15356c9e3e22a39c9043d4	19.0	3
c2c7bf3c7953837a8481373356867861	19.0	3
dc93fa197a0bd936c3dde16cb37ab2aa	19.0	2
8ad2c37b3509348e26885fb72c0fd33e	19.0	4
7370e572906c7138f86a6ff6e5acc290	19.0	2
9f9868c0a7841f9a11632858e32450db	19.0	2
9dd898e95bbf89434f5e4aaebdf9c498	19.0	2
cc37f5821ac2f232d4d2dd5025fe9ba5	19.0	2
bdd0bb38de0dbd3d1ba45b787db25a4a	19.0	2
0aec6a1821017e9c9c7e9273f49fa77e	18.0	4
8370ed6fe6c710bd5e64d90e380d1873	18.0	2
cae14798faeabb8e1b8840e712839921	18.0	2
a7d559f56927609c4d52389ec7acbf88	18.0	4
5eb906ceb7ad38370dd3ac1ce1b377ca	18.0	2
6f0531bb98a07903e919809cffb7b3eb	18.0	3
9df4fbaad59a7dee3cab386489e90425	18.0	2
79a4a955e178b0d8029ad7f9c522c270	18.0	2
9bb4ac6c6438826cab60b840aed0dbe9	18.0	4
8767d39c30a09f2c2cb7404c550916e7	18.0	3
7d35e764f7b92f8d31fe77ed2ea81ef4	18.0	2
05a4e60dbaf394dc8db5c1953893971e	18.0	4
46fcd1eced9f73acef9d5a284bb19205	18.0	2
3fa2b714dcad99094cd97b4e4e2a0911	18.0	2
ca93f4f72ccb8bef0d2884df69fd9962	18.0	2
8f5470dcf7a83cdf5b8c3033e51f6d4e	18.0	2
8b561bd4a4ad4be2c03d700ac58dd048	18.0	2
8421aabab1cc708e2ddbe5d35d05cb5d	18.0	2
ed795d6d7d871934f4eb046db72f471b	18.0	2
d991c5dc2398aec0c6588d6e4b310989	18.0	3
22a70832a9a6c90a255536e7167e1973	18.0	2
c302cf58036287c81dd999262f6130c1	18.0	2
2ca49ff15257955b835d93668af24aa6	18.0	2
8edcb63819613fd7ebe21dc36abf475f	18.0	3
283e93e876924cd6ba2a36bd46b3fbcf	18.0	2
b91ce7096c41f4f945847fa758e9f5b1	18.0	2
b3dc7e7beb8298ddda24bc8048b00757	18.0	2
f897c0b8b3b85246047dd014bee968a6	18.0	2
cf78aef6e4401ac54fd67b39c8344898	17.0	4
02799d49390cf403abc7cd226dc577e9	17.0	4
1c51903637a8c0d3bd73c8114c448e52	17.0	2
193aeb8fcda4942554e05e2907dcf902	17.0	3
ab31773466c14b08987699516e794ae7	17.0	3
a6e37501d16bff48bf07e5f47ea09d47	17.0	2
7bca446ebf5ba92b128a5e3fa2c18285	17.0	3
172a2cc46367588df053e5dee7324de6	17.0	2
1a355f561448c08911e959227d025ae8	17.0	2
6da0058cdd554ceb599a4c9e01abb888	17.0	2
bdd000100400a6cf0eaa53a0d946ef60	17.0	2
8369265fe46e3c37c83f9f95273e09b0	17.0	2
5e616acba3d22a949277e19fa55df0e8	17.0	3
32e3daf1e11f96a1bb38f3f2bad1473a	17.0	2
8fd97b75202e0e64edcf2a32585d79ab	17.0	4
e26eccf5c8c0b53d86bcb8b510a456a1	17.0	2
177e054ca065da0b9c896e1be4228b80	17.0	2
c9dffc1e0298f3a00dae9bf945f82a81	17.0	2
edf28c3cc6e7178bd3b6f7eb4f000f74	17.0	2
33206a2306ca96922fed904661eff421	17.0	2
da8c8e17e03ef83c5d683c91483161f7	17.0	2
1eeaf201f06475f241cbc7c9f01803e0	17.0	3
387aec75c89b4ba26828354fceed6948	17.0	4
62b55cd79be8c97c9f9a92de15814f17	17.0	2
2ab83ecf3adf0a8283b7a9cb9d4321a4	17.0	2
62a55ae83d3caaff939a1a38dc942ba0	17.0	4
8b22a72c3bb6d27a50272f7c06706cee	17.0	2
ce3c20e7998195da363596022fc60531	17.0	2
54a2ddd677d3031ea7120a718d40b3aa	17.0	2
a42ad1956d801cce5e0109dc0e987ceb	17.0	3
0c9cf4665d5c546d7ebd5d3935d6361b	17.0	2
8f09729bf4c2c8c270f4dd7334b88b01	17.0	2
754c4472501e7e720775fe9c7454f542	17.0	2
782721e5a23e552ac54ef6bf67038ecf	17.0	3
4bfb0a10d88a27cfda7329cb3da667b3	17.0	2
fc613984c6bd68a102eb7daee76a24a7	16.0	3
090d9ddb370687d53874493d3e3da319	16.0	3
e937b5120534df72ab9db1baaa99c3a0	16.0	2
f119cbfd456648a79e872a90e70d2c08	16.0	2
a9917692ebd63f963cd4708a4ceeeb0a	16.0	2
1fe064105fc28a7dd9c6c479ab808a2a	16.0	2
f45f34a40de4cf55d6f9f6d4f8e59a45	16.0	2
095d8f654881e8415aa048cba5198ddd	16.0	2
9d2d97304948a1573d80f80bac64322f	16.0	2
7bfd0bc9372c8c97df5b30ffe7de470e	16.0	2
e8b3573a83a23d827e48e0f16c9f4472	16.0	3
f7545ee64af9c1db5716d149334f2053	16.0	3
fad561b7eab58e57b71a09a8b7f990c8	16.0	2
c1e1959863df661bd6cd6e6947ed7b78	16.0	4
606e1bbf95a98328c0888df01959b793	16.0	2
a435fe5e026d3d2820fcc799ef905d1c	16.0	2
e9d48128b898d08f613fedf2cfdf0da3	16.0	2
3f8f3a71c8bdcad26b4f489ebdacef20	16.0	2
48c62f4d53aa8ed04ee82e26d81936ff	16.0	2
055b5953c84640e1084cec0b50b44f13	16.0	2
795c0b9cc82e1742465e9020b300d460	16.0	2
0590c29091ff2b3affd966ed57773407	16.0	2
6cad9c2d31d0553f0f8c32109bfd95af	16.0	3
1616449aea31c179fedaad057cba3f39	16.0	3
348f00e78c5abf95942f57b01520244a	16.0	2
7c1fa35a283bc8c1fed940f65a7f190e	16.0	2
0c43f946a1fc4db68e04b366230286f6	16.0	3
532fe4bf6600219ac5c9b03e47ecee87	16.0	2
a376102b52e9bf95c87e0aae4b497ef4	16.0	2
1bd289af21c007cb7fecbe953c342855	16.0	2
156b95a6bd071ff23d640438b248e407	16.0	2
ad4cd79f2615d5e0a004b0a189921d15	16.0	2
3652507cce9857e556b22b8c353887c9	16.0	2
a050473bf83b57a2c0d839590ce4cc6f	16.0	4
be7fb9f8578634eb25ed204d33413c2b	16.0	2
261bff23da03610fc21f10df7760bd29	16.0	2
bf3a125541dafc67a1a7eead2a5f8b10	16.0	2
7a3763e7fdd336672bd1e6be79fc7979	15.0	2
6ddf0950aa7c490192fe0b9c6b189493	15.0	2
d1b76ec296dfe5e01acb68115bd09608	15.0	2
f548dbf0a288c3bc849c2aff5daa7403	15.0	2
7958e50d8792d9e2d4095f84062bf906	15.0	2
9ba4f80661c3684e20cdf9caa3bb94c6	15.0	3
9caf952c4492cf37c2fd54c427504d2f	15.0	2
cc892e1c96b0e107b1490866ff993aa5	15.0	2
e5817db6751f6eb6ba34d5a2ae3089fa	15.0	2
303064f70f9d4268143a53da7f0b8801	15.0	2
119c78b2fee1f4f6ba5a4f4b12135f1d	15.0	2
128e35601782db29b088a192ff480019	15.0	2
126e01472160cf2dd0d97529eea34aa4	15.0	2
6f50023fadeee85b6080fb600cb116a8	15.0	2
8e82f51a22425d5b3e87577ee5315bbc	15.0	2
d9e7a2013a2b6863cae05c51be41848b	15.0	2
f985202c53d7621580202dc3e7b7ee1d	15.0	2
c269478f689be6a28f90820cda2aebd1	15.0	2
150c5c407244af07dacb02be4e51bb55	15.0	2
f023524059b1fc75b1b443035a571ed7	15.0	3
992abda51155d255c53ea735524f4dcf	15.0	2
0ee0ac112c87ea0015f73ce77fa2afad	15.0	2
8092b60d492bc43f3c778dcb9f14c53d	15.0	2
f6f854833a240ee16a55d21da7e4c396	15.0	2
614c452094fdbf7d330563e3fa6a4991	15.0	2
af579d71854d8be68027503f7932ba20	15.0	2
ca84ae42ed36efac04b667a7e1fcc540	15.0	2
e81db220b7a4707839762b1f711eae28	15.0	2
646b502f8def6d304921e621df564e46	15.0	2
f67345200b5cda81878af1640a57b18d	15.0	2
b891af6060f79e453c8e2748a54797f3	15.0	2
09b8f0d805cc5cf5871ed8cf3d981b7c	15.0	2
2053fa29123e5900ccbfe7ddab606d26	15.0	2
a3cf25c0af84af81a6353dc5625b6a95	15.0	3
89a692e2fd252adb6b48192e44f09f2c	14.0	2
3b294620c778e82304d86cefa2650bb9	14.0	2
711253227af5bd60404aaf3968cd4d94	14.0	4
81af7707e8175edec56b8adb2691af00	14.0	2
962c9631899eb0a3e059b77d6d790494	14.0	2
0bced7f24338108969b842e139084e1f	14.0	2
8fd936de80dfebaac2e17a3b2649eb14	14.0	2
bf601e802155ebb47da79b8b89bb3755	14.0	3
e1d3861ed54640d0db9183be8c9c720f	14.0	2
f4c120af8e2f9bca5325d06c27f1db9e	14.0	2
ca153dcb5584a68c5b0af5cee39c15e1	14.0	2
2729b7dc13b862aa71e832d5f27ab8d6	14.0	2
bee934448eaaea90a70fff16073ec291	14.0	2
2497798dc3d5d65fdafbeda691a0af40	14.0	3
f8c0cf6d2e392ecb3be5e20cf847b6f5	14.0	2
c1ed499d1ce78288d18efc3d6c5b5940	14.0	2
d553534156088de62a7b87feb3878d4d	14.0	3
03f216a8eb8b95937370cdbf51259c93	14.0	3
5471e9f19f8eb0393b519685a90665d4	14.0	2
e91058f96dae5eeaa984257da39bb268	14.0	2
8d6df9a16090fb1433ab249f64487df3	14.0	2
d7df7b0e3457d58cdfba37e64379fae5	14.0	4
90bda14e30225134a4242fd25e7527d0	14.0	3
6b0ec6d0a5cb573e7e2609ee15213f0f	14.0	2
14127001ce27afa1781fc82d68e9b729	14.0	3
f6f7cbdcc199983dab83df3b95022b6f	14.0	2
f5d12f0e40002248e89e39d80f070748	14.0	2
bc0c0be586e2081b0f25f289f03dcd6d	14.0	2
fdddd34c8569223f414db3b964510c40	13.0	2
4346cb94eccb467f4128df703aea1797	13.0	3
410a9f79a9b567e1c4ed2b4049816a9e	13.0	2
d963385c631514ac7f56977f1bc29d56	13.0	2
4b2e7de2559c03d5fa4f0707454e8d7d	13.0	2
8abfca9a315766a219fe4a943f52c23d	13.0	2
9435111fe98bce5679fda4ca6427e0e5	13.0	2
a70d835b64b0281e04ff0454887b9b3a	13.0	3
7b87ce1c830bc1ff49cdef678e190f25	13.0	3
0f9411ed14b5b3aa1a9655523fa33004	13.0	2
6bbb8aef6e4eb0656be32929db3dda7b	13.0	2
bfb396568990d70367b6ad89b763ebc1	13.0	2
604f213eeffaaa0d807678d5674cf19f	13.0	2
ce507be576457b2a40402b23daef2ed6	13.0	2
0ca4b788a408d140a86d99c28fb243d6	13.0	3
de61860db8d93da85692dffb5cf32ab9	13.0	2
3a9c4484ac42d41c84fe8b76b075eb18	13.0	2
cafe927978e0caced1b51f0ef2ccdcdb	13.0	2
10a9a0887483597b71cffa08dcda40de	13.0	2
cfb7068288d7115b5110e4efd0c0bff3	13.0	2
a6d99a22e287f7fe24e2f7719c958812	13.0	2
ccba0c5b3b263cd262b4ca6db4de0166	13.0	2
f0c98e6aee9302f52aa87b9aae1d97ee	13.0	5
688c422657c84042e6a6d754c5f7f70b	13.0	2
ddea7bf64cbd7e6638538e50f3463fa4	13.0	2
28345a347fcdcf830e1547c44bb97142	13.0	2
0b901589ccdab48bcd4dcca785a9bc39	13.0	2
1e9c84aeadc929e0c910956eca273e08	12.0	3
070c6bc494f334daac97aa7c29bd731b	12.0	3
e27ca64463cb50c7dddddb0be9583227	12.0	2
bade2ee3866243b4271b304a92fcfc1a	12.0	2
2594274e807a9ba7327de87e5cd63cf8	12.0	2
88f562f646cd177d63bfc1832d9bcd63	12.0	2
20b55c621b8d2dff6c121b75a22cb67e	12.0	4
81690db84bc47d10d79722858dcbacc4	12.0	2
e4162c8ceb4378814c8f471037f7fa31	12.0	2
bd4a04d5be99f32d9c78de9eb2340840	12.0	3
f98a4aca1cb7c5cb055f1af52c9c83db	12.0	2
894774fca4d839eb4fd09fe91bac23ec	12.0	2
deca827c3d4cd93b623b96b1ceac0375	12.0	2
fa077036d4ea6063a6c5708061189628	12.0	2
fd1f139259c53276619476db0cc81913	12.0	2
b89e24fce8020485d13d69c1aeec82a8	12.0	2
ad0fd67b109b38a9dd9caaeb29730d30	12.0	2
932704bb9ab84e1cc3527fe65b70e016	12.0	2
584591ed2365505b9d0a1af739fc6355	12.0	2
dd69c3f81a7288787c7a3141b621acb5	12.0	2
056ce83ee672bd09efe44261301540ad	12.0	3
df4a3e00917a2ad779d058b7b03859dc	12.0	2
9fec965a02122cbabe6d2d539fd49fe9	12.0	2
6e0e85ce1fbaab1e1d5408c3c10d977c	12.0	2
895e2a92adfc198ba9a902e5ef16d4f2	12.0	2
d1b1034579d86de5365d8a3badfcba07	12.0	3
0d68744ab4ad16ce2b5ad9f80a954e24	12.0	2
e13be5542c5a9c4d117953fdbf859a6f	12.0	2
7d65ec63601f9823781bf7a647ee2d65	11.0	2
2f3a4998cd109bb41c2b6858159ca75a	11.0	2
8d032888e6190437e2d2e859ccb72e56	11.0	2
77fae5ccbff8a191b7272c37e4164d7e	11.0	2
2e73af2ee15aca562a412c7e928e7203	11.0	4
00820dbef076ccfe5b0196ed3584c605	11.0	3
69f46a090420a7f596df5d450ef67e66	11.0	2
b09e646ba227d8ae31ba8adafdd18914	11.0	2
658be0deaaa6d07a640c1dd75b79a4e5	11.0	2
74728db3693b867ac08bd04c4c161215	11.0	2
2b98fb6bb975ebe7d5594c2021f63110	11.0	2
a41382c87da398f9b5ff7f66ca46c6c4	11.0	2
55e77e8f84aad687f03509742dcf4df9	11.0	2
8859e42a11362dedb29421359ea9eb98	11.0	2
bdf86fe5c301cdef3e649eaafeb055d4	11.0	2
e1cbdc1359187a789e5156fb41f1807e	11.0	2
f22142c9023a6618a52f6dd87e17773d	11.0	2
e494483a9f25e420217030f745f32ec0	11.0	2
b89075e3356afd5634655288c5a3d1b8	10.0	2
602510f333bda9666e551383f7ebaf82	10.0	2
02756a88b31ad5d3827deddc57c13e06	10.0	2
5a864f8978bcc3e0f04679edddea9136	10.0	2
33cdd4c966e557de867c81e56f93b3b5	10.0	2
40ac4d4bf206e4a7bc39bee8d43389ca	10.0	2
07e6343e7328d354d66b025dfc9b6a01	10.0	3
ff431c6b1585eea340bb7e7c9fb8b25b	10.0	2
f8f3e605678a490b72cab74f3fc2c52b	10.0	2
238c9f9dd19f673467f75ae6c1b55531	10.0	2
6afdfc46fea97bcbbced4ee0019277d6	10.0	2
96018df93274a8285e424a05e008c3c7	10.0	2
7427eb703297fe5c4a1bc3350cdbe4a9	10.0	3
37f90bc45f005699bca850a9a4a13c26	10.0	2
241172ff4bdb4bca3c3a9d4a4b982317	10.0	2
e09942280d25e48557c3cab1f559244c	10.0	2
3998e50d7748fa51ed50af4f8897bf71	10.0	2
bc3dcf7a5025c2a31332af2993f36ebb	10.0	2
00723403b96b01470e8acae1f3fab84c	10.0	2
d2eeeb5a82a58ab24d5c783426bbc7f9	10.0	2
58a3d993a9be265815fd5e0976cd2744	10.0	2
a6bb1ebded4aebb9ff93050183af7afd	10.0	2
12937d952331752c9c8ffd2caa85c534	10.0	2
9510537ce4c8f18b2e08d3aabf0d7c4a	10.0	2
cf8ae98023c40594699df21685a0244f	9.0	2
d1dae90d292d12c9bd1c3c3c974cc302	9.0	2
e9ae069c2fcd986962ca9d014977e7b3	9.0	2
1c6b6434c4bc47fc42d6f5372e4c8cb4	9.0	2
e950ea0c27990ff28a25f98842ff1b3d	9.0	2
7da948fadaef569bb32e8cb46412efa9	9.0	2
e5dadf8779440b77cae875b94364711c	9.0	2
7c41f69fe9b5ea007f1973070b540943	9.0	2
1a1f285d1842fd5e4a28fa252d7da070	9.0	2
d0db9eebb03015508b70bcd8b7fb85e8	9.0	2
2cccb3717a07c741c1453015c865dba9	9.0	2
bf1396edf82991b9bf52261622d17abb	9.0	2
4d1d2fa43b4e6918e52fc79fb5a2a069	9.0	2
fd0a337e6ec0e4d705c94f106178af88	9.0	2
f1b5f163c1cda66713cc7f1f69b206bb	9.0	3
d10120a0dc8e64c2477f5e1facdcc87d	9.0	2
17528272254619a091ceb0c9b57a95b4	9.0	2
8328628a1d1bbd9be8a7f7cc52efaf65	9.0	2
7237334a54efc47c2d14271a37f3c6ab	9.0	2
2ed562c99de09ec310ea29477a23019f	9.0	2
e884e57deebabde2e2c16dbdf90a5d7f	9.0	2
9a382464e563efa49cd595a4906b1829	8.0	2
9985de88986bafaad21c9ee34ec6f296	8.0	2
8125fe2a8d6be15744c78441c84c6558	8.0	2
8a40005041fc30287e29b1e8971254aa	8.0	2
e45b86432c7578dffa6aa7a2c8742b1a	8.0	2
845c4b6f1ec54dc970769baf28c29690	8.0	2
1632918033fe1ba6421fd9b2bf306d2f	8.0	2
a8c7524e250de1e146063cf07dae02fc	8.0	2
eec6d5b146195c13c183fbd78e278f1c	8.0	2
36741d8fcc2db12d31269de2634e797d	8.0	2
3caca9aa28e2f2407acb61a195701d1c	8.0	2
8204a253746fbc431b065738f39565e8	8.0	2
23c0c8494dfd4ea7bf4d85698b59ada3	8.0	2
e42c0f75a3d4942e425458ca5752db13	8.0	2
bb0c4af34ae5e2b64afd96660b9db99d	8.0	3
84f19c0898e299c0d822b19fd398b035	8.0	2
4e833a62183ce60d0a2be17261caa27f	8.0	2
af59f9cd06ed2b740e5ffd4a35b85762	8.0	3
18c40b0d7d9745c15aea0bdd2b02e803	8.0	2
fa4f0f9bcd811259a1bf4d3ec1d66b2a	8.0	2
a3df6f787311cf79b96c9a82da17b97a	7.0	2
1434ac32613dac90abf421e091efd941	7.0	2
58adb609d9efb41613004def2d04ca46	7.0	2
b955f67a541a149dd3b179dc62d37a72	7.0	2
2b0322f3ccbc452307b550b6ebedbc7b	7.0	2
1a796e95d60f077a5191cb6fc72f9e4d	7.0	2
af2cc2e3388ba941011bf25516a226b9	7.0	2
299818177a492dac520982ca059dd595	7.0	2
11552bb9d00886d2b61b254e1a9c80f4	7.0	2
5986db4e97df12000841f676e6a27821	7.0	2
5d41592d373d07ad9d58d23a5d40f21a	7.0	2
b18fa59ff5ee0e93c01c7aefda189ac5	7.0	2
f810bffeed1b46840054bd2c859c5c58	6.0	2
ae1b5f48b3d7bfc07d8850d81a0fd475	6.0	2
73c0ba891af42ba01a731d5076f37ef0	6.0	2
1986030e3c5cd5df6d869054bc96e536	6.0	2
ced2d6391accd6e5becbc8b4dcd36271	6.0	2
d2aab1c152131d3229aea5382810bb06	6.0	2
bd0f4e14387ee1ac7e5fe586cadbbed4	6.0	2
e62bead72feb504192c5c14feddc508a	6.0	2
9dd00cd81e9dc8adab794f4e47dc17fa	6.0	2
86af1aad4dfca960d5a7c7b2cea45d01	6.0	2
d33ace9613e895ce1c7b20dd5149adbd	5.0	2
4f6f2afb7adf1bb487b6a86b13022445	5.0	2
eb7152040a67aee7abbc5e99301f8fd9	5.0	2
cbfacc43dc1395e4c6cc921f83b44f32	5.0	2
4c204a9081ebd2331540a9fd270697f8	5.0	2
d54cf00872c1aa9ceaf0144d9eaec359	5.0	2
54f25a2b09b2c1a1517c8b5472eca178	5.0	2
75dcd64b27076739101ee41ad097865b	5.0	2
77e3e81bef46bf8a710e72cbbc6feee4	5.0	2
a4c8caa6eb70c3c7149400119b1243e0	5.0	2
1461b7f0637ea135f37d88a307b696d4	4.0	2
85c6f878dc18c15713d48ca4a8c64342	4.0	2
2a2947125c677c6e27898ad4e9b9dca7	4.0	2
1960fe4a047871a71b7cf49d49348a9a	4.0	2
bb2be60a4e901f84748503fe3faa1012	4.0	2
96debd986e856057296a38133d317717	4.0	2
