Feature ID	Taxon
05ec0169562f77638667ef95cbe288b8	d__Bacteria;k__Bacillati;p__Clostridiota;c__Clostridia;o__Acetivibrionales;f__Oscillospiraceae;g__UCG-005
04195686f2b70585790ec75320de0d6f	d__Bacteria;k__Pseudomonadati;p__Pseudomonadota;c__Gammaproteobacteria;o__Enterobacterales;f__Enterobacteriaceae;g__Escherichia-Shigella
117f89aaec1283021c3680ccc5c5b5d3	d__Bacteria;k__Bacillati;p__Clostridiota;c__Clostridia;o__Acetivibrionales;f__Oscillospiraceae;g__Intestinibacillus
456e2914d5e14abc86af7eac0387c143	d__Bacteria;k__Pseudomonadati--other;p__Verrucomicrobiota;c__Opitutia;o__Puniceicoccales;f__Cerasicoccaceae;g__Candidatus_Nucleicoccus--other
f48a1f611db9718c81bbfbd38ab655f3	d__Bacteria;k__Bacillati;p__Bacillota;c__Bacilli;o__Staphylococcales;f__Staphylococcaceae
f13cc60e608d54599659f721d584c2fb	d__Bacteria;k__Pseudomonadati--other;p__Bacteroidota;c__Bacteroidia;o__Bacteroidales;f__Prevotellaceae;g__Xylanibacter
6567c6572bd53ccd9f03de4021d6a6fd	d__Bacteria;k__Bacillati;p__Clostridiota;c__Clostridia;o__Acetivibrionales;f__Oscillospiraceae;g__UCG-005
3f4bed7db2a539788ecb147b10a5adec	d__Bacteria;k__Pseudomonadati--other;p__Bacteroidota;c__Bacteroidia;o__Bacteroidales;f__Prevotellaceae
ea94d5997785fde48836439228242d2d	d__Bacteria;k__Pseudomonadati--other;p__Bacteroidota;c__Bacteroidia;o__Bacteroidales;f__Prevotellaceae;g__Xylanibacter
d6429a0b1c1939f2093ef2bd21883a4d	d__Bacteria;k__Bacillati;p__Mycoplasmatota;c__Erysipelotrichia;o__Erysipelotrichales;f__Coprobacillaceae;g__UCG-004
3b9da65d7420581365610ab6004a1e1b	d__Bacteria;k__Bacillati;p__Clostridiota;c__Clostridia;o__Acetivibrionales;f__Oscillospiraceae;g__UCG-005
050b10290534396fb4021d77e3ffd499	d__Bacteria;k__Bacillati;p__Mycoplasmatota;c__Mollicutes;o__Anaeroplasmatales;f__Anaeroplasmataceae;g__Anaeroplasma
bdbf4a7fe8de971c31199740d3709d99	d__Bacteria;k__Bacillati;p__Mycoplasmatota;c__Erysipelotrichia;o__Erysipelotrichales;f__Erysipelotrichaceae;g__Lactimicrobium
202d02e41ebc9e37909510c3bf6b7047	d__Bacteria;k__Pseudomonadati--other;p__Spirochaetota;c__Spirochaetia;o__Spirochaetales;f__Treponemataceae;g__Treponema
8209f2177f5e50bff8863a217ca0b20f	d__Bacteria;k__Pseudomonadati--other;p__Bacteroidota;c__Bacteroidia;o__Bacteroidales;f__Prevotellaceae;g__Xylanibacter
60257e0c9332434ca456c7f9b50eee75	d__Bacteria;k__Bacillati;p__Clostridiota;c__Clostridia;o__Acetivibrionales;f__Oscillospiraceae;g__Clostridium--other
a7fcec7c4100264578a49e08db87ccb1	d__Bacteria;k__Bacillati;p__Clostridiota;c__Clostridia;o__Acetivibrionales;f__Incertae_Sedis;g__Incertae_Sedis
681ad183c9a949f5e9e2472ec25efc08	d__Bacteria;k__Pseudomonadati--other;p__Bacteroidota;c__Bacteroidia;o__Bacteroidales;f__p-251-o5;g__Incertae_Sedis
4fd8cc7d88b18b9c39ef11ea50a1cb24	d__Bacteria;k__Pseudomonadati--other;p__Bacteroidota;c__Bacteroidia;o__Bacteroidales;f__Prevotellaceae;g__Alloprevotella
0b6df6cea1e5db58ce3103b0b14795e0	d__Bacteria;k__Pseudomonadati--other;p__Bacteroidota;c__Bacteroidia;o__Bacteroidales;f__Incertae_Sedis;g__Candidatus_Limimorpha
1f847ab2921330316b6683a76bf50dad	d__Bacteria;k__Pseudomonadati--other;p__Bacteroidota;c__Bacteroidia;o__Bacteroidales;f__Prevotellaceae;g__Segatella
d061a99148d649c4eca4836c5f4b5b68	d__Bacteria;k__Bacillati;p__Mycoplasmatota;c__Erysipelotrichia;o__Erysipelotrichales;f__Coprobacillaceae;g__Faecalibacillus
a8c79e8fb6169356709bfc8263c7136d	d__Bacteria;k__Pseudomonadati--other;p__Bacteroidota;c__Bacteroidia;o__Bacteroidales;f__Prevotellaceae;g__Segatella
696b19ed65d439bc9b2b8a93bfb72665	d__Bacteria;k__Pseudomonadati;p__Pseudomonadota;c__Gammaproteobacteria;o__Aeromonadales;f__Succinivibrionaceae;g__Incertae_Sedis
5f5e022e1082e9fbd1f84d17a15eea28	d__Bacteria;k__Pseudomonadati--other;p__Bacteroidota;c__Bacteroidia;o__Bacteroidales;f__Prevotellaceae;g__Xylanibacter
50e97aceedc3a5229b59a92c49ff01a9	d__Bacteria;k__Bacillati;p__Clostridiota;c__Clostridia;o__Acetivibrionales;f__Incertae_Sedis;g__Incertae_Sedis
fe1902ae9c55023815c56165a6b8534b	d__Bacteria;k__Pseudomonadati--other;p__Bacteroidota;c__Bacteroidia;o__Bacteroidales;f__Prevotellaceae;g__Xylanibacter
6bb0812873db99bd6401b89300fd5e43	d__Bacteria;k__Bacillati;p__Desulfotomaculota;c__Negativicutes;o__Veillonellales;f__Veillonellaceae;g__Incertae_Sedis
816923c95b3fa220a74ce4125f3dfadb	d__Bacteria;k__Bacillati;p__Clostridiota;c__Clostridia;o__Acetivibrionales;f__Oscillospiraceae;g__UCG-005
1397ff9337a4b13dfa47502632b58f0b	d__Bacteria;k__Bacillati;p__Mycoplasmatota;c__Erysipelotrichia;o__Erysipelotrichales;f__Coprobacillaceae;g__UCG-004
a0cc739014948a1ae4443a14f7e12acd	d__Bacteria;k__Bacillati;p__Clostridiota;c__Clostridia;o__Acetivibrionales;f__Oscillospiraceae;g__Solibaculum
70d64bb0a16e3e22721779f2a27bfc90	d__Archaea;k__Methanobacteriati--other;p__Thermoplasmatota;c__Thermoplasmata--other;o__Methanomassiliicoccales;f__Methanomethylophilaceae;g__Candidatus_Methanospyradousia
42bcc12ad42a0aab47959a2b4f52fe74	d__Bacteria;k__Bacillati;p__Clostridiota;c__Clostridia;o__Acetivibrionales;f__Oscillospiraceae;g__Faecalibacterium
b0645cbec7653c887cb868a248d95874	d__Bacteria;k__Bacillati;p__Clostridiota;c__Clostridia;o__Acetivibrionales;f__Oscillospiraceae;g__Faecalibacterium
8ab0357dfd955963b831dae42b2dcc57	d__Bacteria;k__Bacillati;p__Clostridiota;c__Clostridia;o__Acetivibrionales;f__Oscillospiraceae
1a18048f2e2b47b68e280555822422d4	d__Bacteria;k__Bacillati;p__Mycoplasmatota;c__Erysipelotrichia;o__Erysipelotrichales;f__Coprobacillaceae;g__UCG-004
67bb059b308153c153754ec991b75d82	d__Bacteria;k__Bacillati;p__Mycoplasmatota;c__Mollicutes;o__RF39;f__Incertae_Sedis;g__Incertae_Sedis
8af1ba32a55e4f9cbbb8c5417b27ad35	d__Bacteria;k__Bacillati;p__Mycoplasmatota;c__Erysipelotrichia;o__Erysipelotrichales;f__Coprobacillaceae;g__UCG-004
caaa6f8ade00f72d77cb1e8327a10981	d__Bacteria;k__Bacillati;p__Mycoplasmatota;c__Erysipelotrichia;o__Erysipelotrichales;f__Coprobacillaceae
33f9226b33e1f59f71edc044bb947764	d__Bacteria;k__Bacillati;p__Clostridiota;c__Clostridia;o__Acetivibrionales;f__Lachnospiraceae
b10627ff6db16c65eed2f21380dd700f	d__Bacteria;k__Bacillati;p__Clostridiota;c__Clostridia;o__Acetivibrionales;f__Oscillospiraceae;g__NK4A214_group
78e2d7f265e221e0e3c1f24b25af17d4	d__Bacteria;k__Bacillati;p__Clostridiota;c__Clostridia;o__Acetivibrionales;f__Oscillospiraceae;g__Solibaculum
f0a335966b7718c3fb2e65118f6d53b8	d__Bacteria;k__Bacillati;p__Clostridiota;c__Clostridia;o__Acetivibrionales;f__Oscillospiraceae;g__Incertae_Sedis
4615530537394cda8d5a9dc3b9ed4c03	d__Bacteria;k__Pseudomonadati--other;p__Bacteroidota;c__Bacteroidia;o__Bacteroidales;f__Prevotellaceae;g__Xylanibacter
ea5bdec9af33fa082db549bd726b7fca	d__Bacteria;k__Bacillati;p__Mycoplasmatota;c__Erysipelotrichia;o__Erysipelotrichales;f__Coprobacillaceae;g__Catenibacterium
699d4b4de178e2d52195830debfc3b1f	d__Bacteria;k__Bacillati;p__Clostridiota;c__Clostridia;o__Acetivibrionales;f__Oscillospiraceae;g__UCG-005
46bda4564c61664d7882c935256e1ca2	d__Bacteria;k__Pseudomonadati--other;p__Bacteroidota;c__Bacteroidia;o__Bacteroidales;f__Prevotellaceae;g__Xylanibacter
3eaea6032cd88394cba0e99c2836e64e	d__Bacteria;k__Bacillati;p__Clostridiota;c__Clostridia;o__Acetivibrionales;f__Oscillospiraceae;g__Vescimonas
1425e15873d195069187835070016687	d__Bacteria;k__Bacillati;p__Clostridiota;c__Clostridia;o__Acetivibrionales;f__Oscillospiraceae;g__UCG-005
6724f95fc5ee28115138cf60daad543c	d__Bacteria;k__Bacillati;p__Clostridiota;c__Clostridia;o__Acetivibrionales;f__Lachnospiraceae
bd517e8148bac1e3c47b9e9c41dc516c	d__Bacteria;k__Pseudomonadati--other;p__Bacteroidota;c__Bacteroidia;o__Bacteroidales;f__Rikenellaceae;g__Candidatus_Cryptobacteroides
3b29cdaa8badc2081ebd2184e088ec4f	d__Bacteria;k__Bacillati;p__Minisyncoccota
257f582bba0259e52354f6f3fdd65758	d__Bacteria;k__Bacillati;p__Clostridiota;c__Clostridia;o__Acetivibrionales;f__Lachnospiraceae;g__Butyrivibrio
2b982979f2401a8bc447d7141879e9b2	d__Bacteria;k__Bacillati;p__Clostridiota;c__Clostridia;o__Acetivibrionales;f__Lachnospiraceae;g__Dorea
7d1b6078a666a38d750d119a5a40d1c5	d__Bacteria;k__Bacillati;p__Clostridiota;c__Clostridia;o__Acetivibrionales;f__Lachnospiraceae
f13087d3b2f8c1a78783935fd112edfc	d__Bacteria;k__Bacillati;p__Mycoplasmatota;c__Erysipelotrichia;o__Erysipelotrichales;f__Erysipelotrichaceae;g__Incertae_Sedis
04dc93236df5d9e2c8935ba141ee12f5	d__Bacteria;k__Bacillati;p__Desulfotomaculota;c__Negativicutes;o__Veillonellales;f__Veillonellaceae;g__Incertae_Sedis
619fd838e70620ce09875eb1230f45d9	d__Bacteria;k__Bacillati;p__Clostridiota;c__Clostridia;o__Acetivibrionales;f__Oscillospiraceae;g__Incertae_Sedis
0a3a5e83b0623a6e267aba809ad1c117	d__Bacteria;k__Bacillati;p__Clostridiota;c__Clostridia;o__Acetivibrionales;f__Oscillospiraceae;g__Scatolibacter
61b485d9df53c601ca8d164d4835c145	d__Bacteria;k__Pseudomonadati--other;p__Bacteroidota;c__Bacteroidia;o__Bacteroidales;f__Rikenellaceae;g__Candidatus_Cryptobacteroides
8d021a40f38f2efbce8dc0283e281b74	d__Bacteria;k__Pseudomonadati--other;p__Candidatus_Rifleibacteriota;c__Candidatus_Ozemibacteria;o__Candidatus_Ozemibacterales;f__Candidatus_Ozemibacteraceae;g__Candidatus_Ozemibacter
9cbf131035308d15bb5b732fb88f1561	d__Bacteria;k__Pseudomonadati--other;p__Bacteroidota;c__Bacteroidia;o__Bacteroidales;f__Prevotellaceae;g__Xylanibacter
0277b63e70e7afb70778008f665f9655	d__Bacteria;k__Bacillati;p__Mycoplasmatota;c__Mollicutes;o__RF39;f__Incertae_Sedis;g__Incertae_Sedis
e2c3ff4f647112723741aa72087f1bfa	d__Bacteria;k__Bacillati;p__Actinomycetota;c__Actinomycetes;o__Bifidobacteriales;f__Bifidobacteriaceae;g__Bifidobacterium
fe3619753cbc617ff859e35af20dee28	d__Bacteria;k__Bacillati;p__Cyanobacteriota;c__Vampirovibrionophyceae;o__Candidatus_Gastranaerophilales;f__Candidatus_Gastranaerophilaceae;g__Incertae_Sedis
458157e555a80f9ba01d9da37ef787eb	d__Bacteria;k__Bacillati;p__Clostridiota;c__Clostridia;o__Acetivibrionales;f__Oscillospiraceae;g__Vescimonas
62c7c8f600567bd9399ea819e49b8ec7	d__Bacteria;k__Bacillati;p__Clostridiota;c__Clostridia;o__Acetivibrionales;f__Lachnospiraceae
1a8ff4a7894d80fe58de5081e9f9ff5b	d__Bacteria;k__Bacillati;p__Actinomycetota;c__Coriobacteriia;o__Coriobacteriales;f__Atopobiaceae;g__Thermophilibacter
6a14814742e591d00a78da0a3d761b9b	d__Bacteria;k__Pseudomonadati--other;p__Bacteroidota;c__Bacteroidia;o__Bacteroidales;f__Prevotellaceae;g__Xylanibacter
b535a3a95162da6dbc5ed77697958347	d__Bacteria;k__Bacillati;p__Desulfotomaculota;c__Negativicutes;o__Veillonellales;f__Veillonellaceae;g__Incertae_Sedis
513300823f40b653667ceaa0c2dbcf10	d__Bacteria;k__Pseudomonadati--other;p__Bacteroidota;c__Bacteroidia;o__Bacteroidales;f__Prevotellaceae;g__Xylanibacter
fe5c17fd17a9c77433f71b4898de0966	d__Bacteria;k__Bacillati;p__Clostridiota;c__Clostridia;o__Acetivibrionales;f__Oscillospiraceae;g__Incertae_Sedis
54e9b65fefc26bd11b08a04958b28e9d	d__Bacteria;k__Pseudomonadati--other;p__Kiritimatiellota;c__Kiritimatiellia--other;o__WCHB1-41;f__Incertae_Sedis;g__Incertae_Sedis
3a5766ede95701e332ab0fec6683ea0a	d__Bacteria;k__Pseudomonadati--other;p__Bacteroidota;c__Bacteroidia;o__Bacteroidales;f__Prevotellaceae;g__Xylanibacter
73b66261af9b918d72450b5fc7cea40f	d__Bacteria;k__Pseudomonadati;p__Pseudomonadota;c__Gammaproteobacteria;o__Burkholderiales;f__Sutterellaceae;g__Sutterella
57544a3c8237707901de9ce9b45d37ea	d__Bacteria;k__Pseudomonadati--other;p__Bacteroidota;c__Bacteroidia;o__Bacteroidales;f__Muribaculaceae
7acebfc9367d2e1cb1db37cc99a78110	d__Bacteria;k__Pseudomonadati--other;p__Bacteroidota;c__Bacteroidia;o__Bacteroidales;f__Prevotellaceae;g__Segatella
7fd554b8d9f20a3774bcc3dde012cea4	d__Bacteria;k__Pseudomonadati--other;p__Bacteroidota;c__Bacteroidia;o__Bacteroidales;f__Bacteroidaceae;g__Bacteroides
23e5edb47f5a9a45adc62dc95d595ce6	d__Bacteria;k__Pseudomonadati--other;p__Bacteroidota;c__Bacteroidia;o__Bacteroidales;f__Prevotellaceae;g__Segatella
c076fef5e5e52ade435c989a9bd40ffd	d__Bacteria;k__Pseudomonadati;p__Pseudomonadota;c__Gammaproteobacteria;o__Aeromonadales;f__Succinivibrionaceae;g__Succinivibrio
bc0fad1f82cafd4e8789e8dd26ea2245	d__Bacteria;k__Pseudomonadati--other;p__Kiritimatiellota;c__Kiritimatiellia--other;o__WCHB1-41;f__Incertae_Sedis;g__Incertae_Sedis
0c121c2064d99eb557ddb0cf9c67659f	d__Bacteria;k__Bacillati;p__Clostridiota;c__Clostridia;o__Acetivibrionales;f__Lachnospiraceae
17460c889ad298529cc1db17a01fef76	d__Bacteria;k__Bacillati;p__Clostridiota;c__Clostridia;o__Acetivibrionales;f__Oscillospiraceae;g__Incertae_Sedis
76cc3ac1905736509e491c4f25db5e84	d__Bacteria;k__Bacillati;p__Clostridiota;c__Clostridia;o__Acetivibrionales;f__Lachnospiraceae
ddd5891fd9dca7e6c8e3cc0bc15d7983	d__Bacteria;k__Pseudomonadati--other;p__Bacteroidota;c__Bacteroidia;o__Bacteroidales;f__Rikenellaceae;g__Candidatus_Cryptobacteroides
cdca9ca09e2b7246505e0b1f81ee730b	d__Bacteria;k__Bacillati;p__Clostridiota;c__Clostridia;o__Acetivibrionales;f__Oscillospiraceae;g__Faecalibacterium
f3c46767b5ee373204436a6c19151348	d__Bacteria;k__Bacillati;p__Desulfotomaculota;c__Negativicutes;o__Acidaminococcales;f__Acidaminococcaceae;g__Phascolarctobacterium
f73c53ced17e33feb7df11374130a5b7	d__Archaea;k__Methanobacteriati--other;p__Thermoplasmatota;c__Thermoplasmata--other;o__Methanomassiliicoccales;f__Methanomethylophilaceae
c85419a2e4fbd9032eb709cf0a93a5b3	d__Bacteria;k__Pseudomonadati--other;p__Bacteroidota;c__Bacteroidia;o__Bacteroidales;f__Bacteroidaceae;g__Caecibacteroides
5e5abb3090fc99ffb198ba07703d50e7	d__Bacteria;k__Pseudomonadati--other;p__Verrucomicrobiota;c__Opitutia;o__Puniceicoccales;f__Cerasicoccaceae;g__Cerasicoccus
a898ab63b699f5ec89883fcbc8d1c8e6	d__Bacteria;k__Pseudomonadati--other;p__Bacteroidota;c__Bacteroidia;o__Bacteroidales;f__Prevotellaceae;g__Prevotella
764bb70efe70ec930379806d178319cb	d__Bacteria;k__Pseudomonadati--other;p__Bacteroidota;c__Bacteroidia;o__Bacteroidales;f__Prevotellaceae;g__Segatella
f3b0c2c0196b80590f8f390af119d119	d__Bacteria;k__Bacillati;p__Clostridiota;c__Clostridia;o__Acetivibrionales;f__Incertae_Sedis;g__Incertae_Sedis
d56536a97c18adccf18eb08958d93345	d__Bacteria;k__Pseudomonadati;p__Pseudomonadota;c__Gammaproteobacteria;o__Pseudomonadales;f__Pseudomonadaceae
e62b0503b08bdcc495c6941a8383caa0	d__Bacteria;k__Pseudomonadati--other;p__Bacteroidota;c__Bacteroidia;o__Bacteroidales;f__Incertae_Sedis;g__Candidatus_Colimorpha
ca43af98869e5c96dd9cfbf1b008588b	d__Bacteria;k__Bacillati;p__Clostridiota;c__Clostridia;o__Acetivibrionales;f__Aristaeellaceae;g__Aristaeella
52e90fa42a58e781d79808a8491a0167	d__Bacteria;k__Pseudomonadati--other;p__Bacteroidota;c__Bacteroidia;o__Bacteroidales;f__Rikenellaceae;g__hoa5-07d05_gut_group
a680070709818001fc883f93a27cb1bc	d__Bacteria;k__Bacillati;p__Clostridiota;c__Clostridia;o__Acetivibrionales;f__Oscillospiraceae;g__Faecalibacterium
481099adc810d0454a74a502a58df07d	d__Bacteria;k__Bacillati;p__Desulfotomaculota;c__Negativicutes;o__Veillonellales;f__Veillonellaceae;g__Dialister--other
0d0dea044085816fbb2afe70583adde2	d__Bacteria;k__Pseudomonadati--other;p__Bacteroidota;c__Bacteroidia;o__Bacteroidales;f__Prevotellaceae;g__Segatella
42a31ba5e1b795687e5063135a2065cc	d__Bacteria;k__Pseudomonadati--other;p__Bacteroidota;c__Bacteroidia;o__Bacteroidales;f__Prevotellaceae;g__Xylanibacter
56b93078c44793877baeeca41b639fc7	d__Archaea;k__Methanobacteriati--other;p__Thermoplasmatota;c__Thermoplasmata--other;o__Methanomassiliicoccales;f__Methanomethylophilaceae;g__Candidatus_Methanogranum
dae716d8eeb0eb017f82cc95afd4c4ae	d__Bacteria;k__Bacillati;p__Clostridiota;c__Clostridia;o__Acetivibrionales;f__Lachnospiraceae;g__Butyrivibrio
6e410de6e3a169bf4ba4d741a3f321a3	d__Bacteria;k__Pseudomonadati--other;p__Spirochaetota;c__Spirochaetia;o__Spirochaetales;f__Treponemataceae;g__Treponema
25d4eb76e127fc3e20545792889934b7	d__Bacteria;k__Pseudomonadati--other;p__Bacteroidota;c__Bacteroidia;o__Bacteroidales;f__Bacteroidaceae;g__Paraphocaeicola
3798696dc2f6bc242178ae5a1c66ecb3	d__Bacteria;k__Bacillati;p__Mycoplasmatota;c__Erysipelotrichia;o__Erysipelotrichales;f__Coprobacillaceae;g__Absicoccus
6aa10fe3186bf9dfc8090278561005cf	d__Bacteria;k__Bacillati;p__Clostridiota;c__Clostridia;o__Acetivibrionales;f__Oscillospiraceae
467ca8625177c7ec002584601450e2f2	d__Bacteria;k__Pseudomonadati--other;p__Bacteroidota;c__Bacteroidia;o__Bacteroidales;f__Muribaculaceae;g__Candidatus_Amyloruptor
fd7286af9ee912eceba5cf32484e6fe6	d__Bacteria;k__Pseudomonadati--other;p__Bacteroidota;c__Bacteroidia;o__Bacteroidales;f__Prevotellaceae;g__Xylanibacter
6cf61e3bb4f72aa837901516e4072e06	d__Bacteria;k__Bacillati;p__Clostridiota;c__Clostridia;o__Acetivibrionales;f__Lachnospiraceae
201fc761e87e8fdd784ede1f1f1b7824	d__Bacteria;k__Bacillati;p__Clostridiota;c__Clostridia;o__Acetivibrionales;f__Incertae_Sedis;g__Incertae_Sedis
5957a16f5226fb9bbbc751f1d70e2af4	d__Bacteria;k__Bacillati;p__Clostridiota;c__Clostridia;o__Acetivibrionales;f__Lachnospiraceae;g__Pseudobutyrivibrio
af432a1f834ecc1e9d392c36922b71f9	d__Bacteria;k__Pseudomonadati--other;p__Bacteroidota;c__Bacteroidia;o__Bacteroidales;f__Muribaculaceae
e3262eb61a871d3230682c2be20e20a1	d__Bacteria;k__Bacillati;p__Clostridiota;c__Clostridia;o__Peptostreptococcales;f__Anaerovoracaceae;g__Mogibacterium
26d3b0244658c13ba2f695da4ac741d4	d__Bacteria;k__Bacillati;p__Clostridiota;c__Clostridia;o__Acetivibrionales;f__Oscillospiraceae;g__NK4A214_group
e86275cf1abda00a7ff2376f992f38da	d__Bacteria;k__Pseudomonadati--other;p__Bacteroidota;c__Bacteroidia;o__Bacteroidales;f__Prevotellaceae;g__Xylanibacter
4bf8705c5d806aaf16e04b083f7984a2	d__Bacteria;k__Pseudomonadati--other;p__Bacteroidota;c__Bacteroidia;o__Bacteroidales;f__Prevotellaceae;g__Xylanibacter
03d50e02fc62493b4fd08dbf57560b9e	d__Bacteria;k__Bacillati;p__Clostridiota;c__Clostridia;o__Acetivibrionales;f__Oscillospiraceae;g__Faecalibacterium
713899ac8760f4a738b64d7b1c8b7812	d__Bacteria;k__Bacillati;p__Clostridiota;c__Clostridia;o__Acetivibrionales;f__Oscillospiraceae;g__Clostridium--other
aff80779499c8dd2b588d60623a919f5	d__Bacteria;k__Bacillati;p__Mycoplasmatota;c__Erysipelotrichia;o__Erysipelotrichales;f__Coprobacillaceae;g__UCG-004
ac5402de1ddf427ab8d2b0a8a0a44f19	d__Bacteria;k__Pseudomonadati--other;p__Bacteroidota;c__Bacteroidia;o__Bacteroidales;f__Bacteroidaceae;g__Bacteroides
61d8bbe9c7586faea2ab2e62cd68a436	d__Bacteria;k__Bacillati;p__Clostridiota;c__Clostridia;o__Acetivibrionales;f__Oscillospiraceae;g__Faecalibacterium
06308d44b87d67a709f6ff69aa6cfbc1	d__Bacteria;k__Bacillati;p__Clostridiota;c__Clostridia;o__Acetivibrionales;f__Oscillospiraceae;g__Tepidibaculum
5c92c3153789d2fd22345f945c917840	d__Bacteria;k__Pseudomonadati--other;p__Bacteroidota;c__Bacteroidia;o__Bacteroidales;f__Prevotellaceae;g__Xylanibacter
a58444f6be72bd9f565c024615f3cd81	d__Bacteria;k__Bacillati;p__Actinomycetota;c__Coriobacteriia;o__Coriobacteriales;f__Atopobiaceae--other;g__Incertae_Sedis
d888f323dd43789b12af1db0ef69ba7f	d__Bacteria;k__Pseudomonadati--other;p__Bacteroidota;c__Bacteroidia;o__Bacteroidales;f__Rikenellaceae
4e857f52e17427a87c2d79c2792d5163	d__Bacteria;k__Bacillati;p__Clostridiota;c__Clostridia;o__Acetivibrionales;f__Oscillospiraceae;g__Tepidibaculum
0ffb738fe9519fd22644d9f25fd20e58	d__Bacteria;k__Bacillati;p__Clostridiota;c__Clostridia;o__Acetivibrionales;f__Lachnospiraceae
70ed0058b9614645bdd74a8cd92379f3	d__Bacteria;k__Pseudomonadati--other;p__Bacteroidota;c__Bacteroidia;o__Bacteroidales;f__Prevotellaceae;g__Xylanibacter
9dd9cefe38347b087dd318d82962cc03	d__Bacteria;k__Bacillati;p__Clostridiota;c__Clostridia;o__Acetivibrionales;f__Oscillospiraceae;g__UCG-005
36e67582dacfa3d78f2e17677bc2b1f6	d__Bacteria;k__Bacillati;p__Clostridiota;c__Clostridia;o__Acetivibrionales;f__Oscillospiraceae;g__UCG-005
61b0fcd981b8d5bac1381fec5abffa2a	d__Bacteria;k__Bacillati;p__Clostridiota;c__Clostridia;o__Acetivibrionales
0223084b43c838332fb08fd337b1c690	d__Bacteria;k__Bacillati;p__Clostridiota;c__Clostridia;o__Acetivibrionales;f__Oscillospiraceae;g__Incertae_Sedis
7f316fd5708de7adedf5cced84b887a0	d__Bacteria;k__Pseudomonadati--other;p__Bacteroidota;c__Bacteroidia;o__Bacteroidales;f__Prevotellaceae;g__Xylanibacter
893a8478566ae42863830abc26afc5f9	d__Bacteria;k__Bacillati;p__Clostridiota;c__Clostridia;o__Acetivibrionales;f__Incertae_Sedis;g__Incertae_Sedis
b48f209d891610d70cd26bd23a6b8093	d__Bacteria;k__Bacillati;p__Clostridiota;c__Clostridia;o__Acetivibrionales;f__Oscillospiraceae;g__Incertae_Sedis
d18df27158162fd066c409e08f0daebf	d__Bacteria;k__Bacillati;p__Clostridiota;c__Clostridia;o__Peptostreptococcales;f__Anaerovoracaceae;g__Mogibacterium
38c997ad2c3a7436d0ecbe4d7ce94364	d__Bacteria;k__Pseudomonadati--other;p__Bacteroidota;c__Bacteroidia;o__Bacteroidales;f__Prevotellaceae;g__Hallella
7b3acc8e3dcbc5afcfaa0a58b956aebb	d__Bacteria;k__Bacillati;p__Actinomycetota;c__Coriobacteriia;o__Coriobacteriales;f__Atopobiaceae--other;g__Coriobacteriaceae_UCG-003
2325a29684f17180b653df48f773c725	d__Bacteria;k__Bacillati;p__Clostridiota;c__Clostridia;o__Acetivibrionales;f__Lachnospiraceae;g__Coprococcus
3b79c55c6cd40199d909426184123474	d__Bacteria;k__Pseudomonadati--other;p__Bacteroidota;c__Bacteroidia;o__Bacteroidales;f__Prevotellaceae;g__Xylanibacter
54caf590b739128a0996d491d324253b	d__Bacteria;k__Pseudomonadati--other;p__Bacteroidota;c__Bacteroidia;o__Bacteroidales;f__Prevotellaceae
a2dfe3d3c06f67fa2b4338d5ffd57069	d__Bacteria;k__Bacillati;p__Clostridiota;c__Clostridia;o__Acetivibrionales;f__Aristaeellaceae;g__Aristaeella
03ca237674148ae74492001b00cd002e	d__Bacteria;k__Bacillati;p__Clostridiota;c__Clostridia;o__Acetivibrionales;f__Lachnospiraceae;g__Incertae_Sedis
861aebcc774e48b7c4f769dbf99da4c3	d__Bacteria;k__Bacillati;p__Clostridiota;c__Clostridia;o__Acetivibrionales;f__Oscillospiraceae;g__Vescimonas
5034598009be77942a505e7c9978b06b	d__Bacteria;k__Bacillati;p__Clostridiota;c__Clostridia;o__Acetivibrionales;f__Oscillospiraceae;g__UCG-005
2c3c7461c48f1b7ea02e2afffa7ae0cd	d__Bacteria;k__Bacillati;p__Actinomycetota;c__Coriobacteriia;o__Eggerthellales;f__Eggerthellaceae;g__Incertae_Sedis
3da057fa48bd3a691eecc3262f2ce861	d__Bacteria;k__Pseudomonadati--other;p__Spirochaetota;c__Spirochaetia;o__Spirochaetales;f__Treponemataceae;g__Treponema
42fe4c241269d5348a686c41649659a3	d__Bacteria;k__Pseudomonadati--other;p__Bacteroidota;c__Bacteroidia;o__Bacteroidales;f__Prevotellaceae;g__Segatella
3b00ebf38bf63dbdbafd0c7a970ed67a	d__Bacteria;k__Pseudomonadati--other;p__Bacteroidota;c__Bacteroidia;o__Bacteroidales;f__Prevotellaceae;g__Prevotellaceae_UCG-004
932e1f2d3f75eaba13d2b2be2f2f7cb3	d__Bacteria;k__Bacillati;p__Bacillota;c__Bacilli;o__Lactobacillales;f__Streptococcaceae;g__Streptococcus
902b2a9a48d2de84d2943f44dcb4343a	d__Bacteria;k__Bacillati;p__Desulfotomaculota;c__Negativicutes;o__Acidaminococcales;f__Acidaminococcaceae;g__Phascolarctobacterium
911cb1c362da80d17bf135fd8a43d962	d__Bacteria;k__Bacillati;p__Clostridiota;c__Clostridia;o__Acetivibrionales;f__Anaerotignaceae;g__Anaeropeptidivorans
28827e71da4e738e64cb4b6e449ef5ba	d__Bacteria;k__Pseudomonadati--other;p__Bacteroidota;c__Bacteroidia;o__Bacteroidales;f__Prevotellaceae;g__Xylanibacter
7fb74567807dfcdc709dad87d7a83f05	d__Bacteria;k__Bacillati;p__Mycoplasmatota;c__Erysipelotrichia;o__Erysipelotrichales;f__Coprobacillaceae;g__UCG-004
1ca902a9ac22472357333ba9b4feaf36	d__Bacteria;k__Pseudomonadati--other;p__Bacteroidota;c__Bacteroidia;o__Bacteroidales;f__Prevotellaceae;g__Xylanibacter
1cfc3e962d8cc23a987d8f6e5376274d	d__Bacteria;k__Bacillati;p__Clostridiota;c__Clostridia;o__Acetivibrionales;f__Oscillospiraceae;g__Ruminococcoides
926bbf33e332918b920fdab7cbd530c3	d__Bacteria;k__Pseudomonadati--other;p__Bacteroidota;c__Bacteroidia;o__Bacteroidales;f__Bacteroidaceae;g__Paraphocaeicola
d9d92c0a9199f2b6825320fc3ae6b586	d__Bacteria;k__Bacillati;p__Clostridiota;c__Clostridia;o__Acetivibrionales;f__Oscillospiraceae;g__UCG-005
50162462100138cd9beb3730fe3241a2	d__Bacteria;k__Bacillati;p__Mycoplasmatota;c__Erysipelotrichia;o__Erysipelotrichales;f__Coprobacillaceae;g__UCG-004
672575cb4b23873d814dcb03e2c1d719	d__Bacteria;k__Pseudomonadati--other;p__Bacteroidota;c__Bacteroidia;o__Bacteroidales;f__Rikenellaceae;g__Candidatus_Cryptobacteroides
ca9dec36ad0aa5a1473144ddcb74951d	d__Bacteria;k__Bacillati;p__Clostridiota;c__Clostridia;o__Acetivibrionales;f__Oscillospiraceae;g__Vescimonas
4842b8620344ea1f6ab30f58ca64c387	d__Bacteria;k__Pseudomonadati--other;p__Bacteroidota;c__Bacteroidia;o__Bacteroidales;f__Prevotellaceae;g__Xylanibacter
0ea6e63c2452871422bdb052e8033e36	d__Bacteria;k__Pseudomonadati--other;p__Bacteroidota;c__Bacteroidia;o__Bacteroidales;f__Rikenellaceae;g__Candidatus_Cryptobacteroides
7029eddc845e01d613a3bbc113ebeaba	d__Bacteria;k__Bacillati;p__Clostridiota;c__Clostridia;o__Acetivibrionales;f__Oscillospiraceae
3719ed1304a10fd17c824b6a293222f8	d__Bacteria;k__Bacillati;p__Mycoplasmatota;c__Erysipelotrichia;o__Erysipelotrichales;f__Coprobacillaceae;g__Thomasclavelia
e0facdbc286b49c2c0353385ef59498a	d__Bacteria;k__Pseudomonadati--other;p__Bacteroidota;c__Bacteroidia;o__Bacteroidales;f__Prevotellaceae;g__Xylanibacter
59196a586276f0be745d0e334fc071c6	d__Bacteria;k__Bacillati;p__Clostridiota;c__Clostridia;o__Acetivibrionales;f__Lachnospiraceae;g__Blautia
8f0a43d94d9717ef392e50acda5d89cd	d__Bacteria;k__Pseudomonadati--other;p__Bacteroidota;c__Bacteroidia;o__Bacteroidales;f__Bacteroidaceae;g__Paraphocaeicola
e84bea8ae61342674744560dd7de4721	d__Bacteria;k__Bacillati;p__Cyanobacteriota;c__Vampirovibrionophyceae;o__Candidatus_Gastranaerophilales;f__Candidatus_Gastranaerophilaceae;g__Incertae_Sedis
6a37324cc7da3d2a00c6a91b2424c82e	d__Bacteria;k__Bacillati;p__Clostridiota;c__Clostridia;o__Acetivibrionales;f__Oscillospiraceae;g__UCG-005
260104321fe25280905a8bd660c671f6	d__Bacteria;k__Bacillati;p__Clostridiota;c__Clostridia;o__Acetivibrionales;f__Lachnospiraceae;g__Coprococcus
aac3fe006fcb830e4b9f2a9c09ac2b7c	d__Bacteria;k__Bacillati;p__Mycoplasmatota;c__Erysipelotrichia;o__Erysipelotrichales;f__Coprobacillaceae;g__UCG-004
99f2cd7a3add02b1b5942d50df0bc5ea	d__Bacteria;k__Pseudomonadati--other;p__Bacteroidota;c__Bacteroidia;o__Bacteroidales;f__Prevotellaceae;g__Xylanibacter
1f391cb2e0f25c562d3f172967790031	d__Bacteria;k__Bacillati;p__Mycoplasmatota;c__Mollicutes;o__RF39;f__Incertae_Sedis;g__Incertae_Sedis
4134227bd3932c9dd082d07b2410b560	d__Bacteria;k__Pseudomonadati--other;p__Bacteroidota;c__Bacteroidia;o__Bacteroidales;f__Prevotellaceae;g__Xylanibacter
b35b71eb43f8a81b34e8975bed82a22f	d__Bacteria;k__Pseudomonadati--other;p__Bacteroidota;c__Bacteroidia;o__Bacteroidales;f__Prevotellaceae;g__Xylanibacter
eea6b86c0c75e740670ccc50613b1b23	d__Bacteria;k__Bacillati;p__Clostridiota;c__Clostridia;o__Acetivibrionales;f__Lachnospiraceae;g__Blautia
01628f402fc6caf6b574c2cbf0a7412a	d__Bacteria;k__Bacillati;p__Cyanobacteriota;c__Vampirovibrionophyceae;o__Candidatus_Gastranaerophilales;f__Candidatus_Gastranaerophilaceae;g__Candidatus_Gastranaerophilus
1230fa8bad7320889aee41837c688297	d__Bacteria;k__Bacillati;p__Clostridiota;c__Clostridia;o__Acetivibrionales;f__Oscillospiraceae;g__Monoglobus--other
15d4527c5e27f5aa80849a0a6db04fbc	d__Bacteria;k__Bacillati;p__Clostridiota;c__Clostridia;o__Acetivibrionales;f__Oscillospiraceae;g__Incertae_Sedis
0c9203679343591fa25cbccef766d998	d__Bacteria;k__Bacillati;p__Clostridiota;c__Clostridia;o__Acetivibrionales;f__Oscillospiraceae;g__Incertae_Sedis
35b89ec027973de72cc3acb63b0b36bc	d__Bacteria;k__Bacillati;p__Clostridiota;c__Clostridia;o__Acetivibrionales;f__Lachnospiraceae
997abc833f25b2145ef4d8f8b105a03b	d__Bacteria;k__Bacillati;p__Mycoplasmatota;c__Erysipelotrichia;o__Erysipelotrichales;f__Erysipelotrichaceae;g__Galactobacillus
404affc514c5944707031ef03ca82707	d__Bacteria;k__Bacillati;p__Actinomycetota;c__Coriobacteriia;o__Eggerthellales;f__Eggerthellaceae;g__Incertae_Sedis
a74b7fef2e52380070e5c6f668422af0	d__Bacteria;k__Pseudomonadati--other;p__Kiritimatiellota;c__Kiritimatiellia--other;o__WCHB1-41;f__Incertae_Sedis;g__Incertae_Sedis
9c1c4d39074659e1416b3dff3dd09033	d__Bacteria;k__Bacillati;p__Clostridiota;c__Clostridia;o__Acetivibrionales;f__Lachnospiraceae
23743a0d7d42a96ace5b8febebeda5b3	d__Bacteria;k__Pseudomonadati--other;p__Bacteroidota;c__Bacteroidia;o__Bacteroidales;f__Prevotellaceae;g__Segatella
70bf89d3792e0e0782220e9e0ab0ab16	d__Bacteria;k__Bacillati;p__Clostridiota;c__Clostridia;o__Peptostreptococcales;f__Anaerovoracaceae;g__Mogibacterium
04905e342edff9c3228436698580f865	d__Bacteria;k__Pseudomonadati--other;p__Bacteroidota;c__Bacteroidia;o__Bacteroidales
a53bea17b30f4bd62daec0e1169e720a	d__Bacteria;k__Pseudomonadati--other;p__Bacteroidota;c__Bacteroidia;o__Bacteroidales;f__Prevotellaceae
e6de2558b4e8d77d9c85ace81db7f066	d__Bacteria;k__Bacillati;p__Clostridiota;c__Clostridia;o__Acetivibrionales;f__Lachnospiraceae
fce8a9ece1f0b0137119c0c4d21bff10	d__Bacteria;k__Bacillati;p__Clostridiota;c__Clostridia;o__Peptostreptococcales;f__Anaerovoracaceae;g__Mogibacterium
e21d9f482315985036cf80d1b20de58b	d__Bacteria;k__Bacillati;p__Clostridiota;c__Clostridia;o__Acetivibrionales;f__Lachnospiraceae;g__Lacrimispora
6d8fe4ac153ead767024e041ff1f0ec6	d__Bacteria;k__Bacillati;p__Clostridiota;c__Clostridia;o__Acetivibrionales;f__Oscillospiraceae;g__Incertae_Sedis
6fd21e5ffa3c3e4e702abe0809c4cb8f	d__Bacteria;k__Bacillati;p__Clostridiota;c__Clostridia;o__Acetivibrionales;f__Oscillospiraceae;g__Monoglobus--other
992072d045462445dc239b35300af2cc	d__Bacteria;k__Pseudomonadati--other;p__Bacteroidota;c__Bacteroidia;o__Bacteroidales;f__Prevotellaceae;g__Segatella
24cc939311935b5ba3880bc4d612ede2	d__Bacteria;k__Pseudomonadati--other;p__Bacteroidota;c__Bacteroidia;o__Bacteroidales;f__Prevotellaceae;g__Incertae_Sedis
1dfa50ba951b323700f56ae62118551c	d__Bacteria;k__Pseudomonadati--other;p__Bacteroidota;c__Bacteroidia;o__Bacteroidales;f__Prevotellaceae
ecf0f4d51606a7b8e2d98b72561a2033	d__Bacteria;k__Bacillati;p__Clostridiota;c__Clostridia;o__Acetivibrionales;f__Oscillospiraceae;g__NK4A214_group
81f21c89a8b928bd2c2a1807e6016fae	d__Bacteria;k__Bacillati;p__Mycoplasmatota;c__Erysipelotrichia;o__Erysipelotrichales;f__Coprobacillaceae;g__Holdemanella
43ae3b2eb14c126d1c253911af09e48d	d__Bacteria;k__Pseudomonadati--other;p__Bacteroidota;c__Bacteroidia;o__Bacteroidales;f__Prevotellaceae
ee2e7e1ec3775388a6a1000c5de4c483	d__Bacteria;k__Bacillati;p__Clostridiota;c__Clostridia;o__Clostridiales;f__Clostridiaceae;g__Sarcina
959d48a11e3b26c9268f0bd1dae6ec40	d__Bacteria;k__Bacillati;p__Clostridiota;c__Clostridia;o__Acetivibrionales;f__Lachnospiraceae;g__Blautia
02623be0a1647f9e032202aa05f2bb07	d__Bacteria;k__Bacillati;p__Cyanobacteriota;c__Vampirovibrionophyceae;o__Candidatus_Gastranaerophilales;f__Candidatus_Gastranaerophilaceae;g__Incertae_Sedis
ae5d65b08b9cce92ba95d0e0db93cf2a	d__Bacteria;k__Bacillati;p__Clostridiota;c__Clostridia;o__Acetivibrionales;f__Lachnospiraceae;g__Lachnospiraceae_AC2044_group
178c1c983a1c58a5df9a52519761b74a	d__Bacteria;k__Pseudomonadati--other;p__Bacteroidota;c__Bacteroidia;o__Bacteroidales;f__Muribaculaceae;g__Duncaniella
a923e17c373860b6f142072f2321ea01	d__Bacteria;k__Pseudomonadati--other;p__Bacteroidota;c__Bacteroidia;o__Bacteroidales;f__Prevotellaceae;g__Xylanibacter
8bd2e1af4d7291f59e9648c99a61de35	d__Bacteria;k__Bacillati;p__Mycoplasmatota;c__Mollicutes;o__Anaeroplasmatales;f__Anaeroplasmataceae;g__Anaeroplasma
2faf2da5fa1e0ca1fa5b30d6718211f8	d__Bacteria;k__Pseudomonadati--other;p__Bacteroidota;c__Bacteroidia;o__Bacteroidales;f__Rikenellaceae;g__Candidatus_Cryptobacteroides
77f7d276e3c8901a8ae115f29f097e04	d__Bacteria;k__Pseudomonadati;p__Pseudomonadota;c__Alphaproteobacteria;o__Rhodospirillales;f__Terasakiellaceae;g__Incertae_Sedis
5d6258540db76c65ad86353427443f4e	d__Bacteria;k__Bacillati;p__Clostridiota;c__Clostridia;o__Acetivibrionales;f__Oscillospiraceae;g__Solibaculum
2264f44e6cc521c4fe19863be8c221ad	d__Bacteria;k__Pseudomonadati;p__Pseudomonadota;c__Gammaproteobacteria;o__Aeromonadales;f__Succinivibrionaceae;g__Incertae_Sedis
eac399be551a37984a82ce4cd94e9c69	d__Bacteria;k__Bacillati;p__Clostridiota;c__Clostridia;o__Acetivibrionales;f__Oscillospiraceae;g__UCG-005
d63d2fb4984af9c91376343c33a1312c	d__Bacteria;k__Pseudomonadati--other;p__Kiritimatiellota;c__Kiritimatiellia--other;o__WCHB1-41;f__Incertae_Sedis;g__Incertae_Sedis
edaf7d0d7ca10d7eab9468bd896c5aa8	d__Bacteria;k__Pseudomonadati--other;p__Kiritimatiellota;c__Kiritimatiellia--other;o__WCHB1-41;f__Incertae_Sedis;g__Incertae_Sedis
74debac28f342eafaa0293c9b0c8a1c0	d__Bacteria;k__Bacillati;p__Clostridiota;c__Clostridia;o__Acetivibrionales;f__Oscillospiraceae;g__UCG-005
96c676890af0757a6782b284d6752a50	d__Bacteria;k__Pseudomonadati--other;p__Bacteroidota;c__Bacteroidia;o__Bacteroidales;f__Rikenellaceae;g__Candidatus_Cryptobacteroides
4fe9469053115a9cabfa281e4569f14b	d__Bacteria;k__Bacillati;p__Clostridiota;c__Clostridia;o__Acetivibrionales;f__Oscillospiraceae;g__Tepidibaculum
042ef0057cc5efc56e11fa7595324db0	d__Bacteria;k__Bacillati;p__Clostridiota;c__Clostridia;o__Acetivibrionales;f__Oscillospiraceae
b0d15b6e80a313fb69589b75be11ab13	d__Bacteria;k__Pseudomonadati--other;p__Bacteroidota;c__Bacteroidia;o__Bacteroidales;f__Prevotellaceae
3f93ab5f2c91f898d9b95722558d595c	d__Bacteria;k__Pseudomonadati;p__Pseudomonadota;c__Epsilonproteobacteria;o__Campylobacterales;f__Helicobacteraceae;g__Helicobacter
b12170ca709890ec45543e9784f0b593	d__Bacteria;k__Bacillati;p__Clostridiota;c__Clostridia;o__Acetivibrionales;f__Oscillospiraceae;g__Incertae_Sedis
adf32560924faeac94c85c525b64f904	d__Bacteria;k__Bacillati;p__Clostridiota;c__Clostridia;o__Acetivibrionales;f__Oscillospiraceae;g__NK4A214_group
bd7ede6bf713360002955148e6b8c386	d__Bacteria;k__Pseudomonadati--other;p__Bacteroidota;c__Bacteroidia;o__Bacteroidales;f__Prevotellaceae;g__Xylanibacter
264ab205d9b1835a3c4eee642c67ca88	d__Bacteria;k__Bacillati;p__Clostridiota;c__Clostridia;o__Acetivibrionales;f__Lachnospiraceae;g__Butyrivibrio
927f2fa635ec9d651d171e9fef7395e9	d__Bacteria;k__Bacillati;p__Clostridiota;c__Clostridia;o__Acetivibrionales;f__Oscillospiraceae;g__Ruminococcoides
7360157a832d9a7f6a23bfe0366ac3cd	d__Bacteria;k__Bacillati;p__Clostridiota;c__Clostridia;o__Acetivibrionales;f__Oscillospiraceae;g__Candidatus_Pseudoruminococcus
5739e5fd0f606794190c77add185dbf6	d__Bacteria;k__Pseudomonadati--other;p__Bacteroidota;c__Bacteroidia;o__Bacteroidales;f__Incertae_Sedis;g__M2PB4-65_termite_group
c9e8ec27744c2a77243ac4290bd62044	d__Bacteria;k__Pseudomonadati--other;p__Bacteroidota;c__Bacteroidia;o__Bacteroidales;f__Prevotellaceae;g__Xylanibacter
2a2cb761074aaac6fc46cef8109896c3	d__Bacteria;k__Bacillati;p__Clostridiota;c__Clostridia;o__Peptostreptococcales;f__Anaerovoracaceae;g__Family_XIII_AD3011_group
ff3a161caa349c8974af5eb1cc55c23c	d__Bacteria;k__Bacillati;p__Clostridiota;c__Clostridia;o__Acetivibrionales;f__Oscillospiraceae
dffe442574c400ed8a7c0da8de0318fc	d__Bacteria;k__Bacillati;p__Actinomycetota;c__Coriobacteriia;o__Eggerthellales;f__Eggerthellaceae;g__Senegalimassilia
44dd6aed4465b1d8d212caa76e021019	d__Bacteria;k__Bacillati;p__Clostridiota;c__Clostridia;o__Acetivibrionales;f__Lachnospiraceae
bae44218d8741bc900bf7be7776b303d	d__Bacteria;k__Pseudomonadati--other;p__Bacteroidota;c__Bacteroidia;o__Bacteroidales;f__Prevotellaceae;g__Xylanibacter
8183f1e3f9806994e125b1d5c6932498	d__Bacteria;k__Bacillati;p__Clostridiota;c__Clostridia;o__Acetivibrionales;f__Lachnospiraceae;g__Anaerobutyricum
2c381163a4b86c5c52207711d91f38cf	d__Bacteria;k__Bacillati;p__Cyanobacteriota;c__Vampirovibrionophyceae;o__Candidatus_Gastranaerophilales;f__Candidatus_Gastranaerophilaceae;g__Candidatus_Gastranaerophilus
d0c4d1c8819dad84a39666ed53d5edad	d__Bacteria;k__Pseudomonadati--other;p__Bacteroidota;c__Bacteroidia;o__Bacteroidales;f__Tannerellaceae;g__Parabacteroides
e84f4e9be3dc0d09677134a86f4ab012	d__Bacteria;k__Bacillati;p__Clostridiota;c__Clostridia;o__Acetivibrionales;f__Oscillospiraceae;g__Incertae_Sedis
5d87bf66e1bf780c1a4d38e3ef0314f8	d__Bacteria;k__Pseudomonadati--other;p__Bacteroidota;c__Bacteroidia;o__Bacteroidales;f__Prevotellaceae;g__Phocaeicola
7d5d7d768aa5888d1b7aaf11fdc5c99e	d__Bacteria;k__Bacillati;p__Cyanobacteriota;c__Vampirovibrionophyceae;o__Candidatus_Gastranaerophilales;f__Candidatus_Gastranaerophilaceae;g__Incertae_Sedis
ec7df906333a7c31ff93bd365114b309	d__Bacteria;k__Bacillati;p__Clostridiota;c__Clostridia;o__Acetivibrionales;f__Lachnospiraceae
4a70c69db5a93104eed7d77118ef23c1	d__Bacteria;k__Bacillati;p__Clostridiota;c__Clostridia;o__Acetivibrionales;f__Aristaeellaceae;g__Aristaeella
01efc729291f5f745be2d052fc6c7ce1	d__Bacteria;k__Pseudomonadati--other;p__Bacteroidota;c__Bacteroidia;o__Bacteroidales;f__Prevotellaceae;g__Alloprevotella
df757f989fd702397121d69cbb7fe1dd	d__Bacteria;k__Pseudomonadati;p__Pseudomonadota;c__Alphaproteobacteria;o__Rhodospirillales;f__Terasakiellaceae;g__Incertae_Sedis
dd32ce05418ab4a95a3bb571e0b4d6ab	d__Bacteria;k__Pseudomonadati--other;p__Bacteroidota;c__Bacteroidia;o__Bacteroidales;f__Rikenellaceae;g__Candidatus_Cryptobacteroides
beef5a54aaee13f217ecede427cb3071	d__Bacteria;k__Bacillati;p__Clostridiota;c__Clostridia;o__Acetivibrionales;f__Oscillospiraceae;g__NK4A214_group
47070f48cc09b179f42f3523f940baf8	d__Bacteria;k__Bacillati;p__Clostridiota;c__Clostridia;o__Acetivibrionales;f__Oscillospiraceae;g__NK4A214_group
8865a6d7787c4834dd3f8436697775af	d__Bacteria;k__Pseudomonadati--other;p__Bacteroidota;c__Bacteroidia;o__Bacteroidales;f__Prevotellaceae;g__Xylanibacter
e82ab12c51a893c6d7938a16632199a8	d__Bacteria;k__Bacillati;p__Clostridiota;c__Clostridia;o__Acetivibrionales;f__Lachnospiraceae
8846e771ee81b9b26019393037423f69	d__Bacteria;k__Bacillati;p__Actinomycetota;c__Actinomycetes;o__Bifidobacteriales;f__Bifidobacteriaceae
8a9f7499cdb85b8efa497bb56256cb43	d__Bacteria;k__Bacillati;p__Clostridiota;c__Clostridia;o__Acetivibrionales;f__Lachnospiraceae;g__Clostridium--other
27ff966b30e0e0cf5209a49dc629e1f0	d__Bacteria
c12618c5ce389efb36182de8e74c683e	d__Bacteria;k__Pseudomonadati--other;p__Bacteroidota;c__Bacteroidia;o__Bacteroidales;f__Prevotellaceae;g__Xylanibacter
5819f14581adff53196eccf208bd75a7	d__Bacteria;k__Bacillati;p__Clostridiota;c__Clostridia;o__Acetivibrionales;f__Lachnospiraceae
77ad88eed91eef009bf64f101c96baa6	d__Bacteria;k__Bacillati;p__Clostridiota;c__Clostridia;o__Acetivibrionales;f__Lachnospiraceae
a68d44a530b57f815e960e9cd235b60e	d__Bacteria;k__Bacillati;p__Clostridiota;c__Clostridia;o__Acetivibrionales;f__Oscillospiraceae;g__Faecalibacterium
14d6700b85708bdda961dad44c64601c	d__Bacteria;k__Pseudomonadati--other;p__Bacteroidota;c__Bacteroidia;o__Bacteroidales;f__Rikenellaceae;g__Candidatus_Cryptobacteroides
e2555248919420c4a2bec0c6dbbe9a58	d__Bacteria;k__Bacillati;p__Clostridiota;c__Clostridia;o__Acetivibrionales;f__Oscillospiraceae;g__UCG-005
6ac525b0bbb97e959dce41a61efa8d3e	d__Bacteria;k__Bacillati;p__Clostridiota;c__Clostridia;o__Acetivibrionales;f__Oscillospiraceae;g__UCG-005
e665d297683688779146b760a16f0fd2	d__Bacteria;k__Bacillati;p__Clostridiota;c__Clostridia;o__Acetivibrionales;f__Oscillospiraceae;g__Clostridium--other
16359f21d0b2b5533a521d3acc0b7133	d__Bacteria;k__Bacillati;p__Clostridiota;c__Clostridia;o__Acetivibrionales;f__Oscillospiraceae
231e070b968242269b9ae5be433a7ade	d__Bacteria;k__Bacillati;p__Clostridiota;c__Clostridia;o__Acetivibrionales;f__Lachnospiraceae
a35ec7fe66f10cda31d1551fbdb38afb	d__Bacteria;k__Pseudomonadati--other;p__Bacteroidota;c__Bacteroidia;o__Bacteroidales;f__Prevotellaceae;g__Hallella
4ed574befcdc03ee2ea4526350580fbc	d__Bacteria;k__Bacillati;p__Mycoplasmatota;c__Erysipelotrichia;o__Erysipelotrichales;f__Coprobacillaceae;g__UCG-004
52d50673e4a2b4740f5c79c61dc23db6	d__Bacteria;k__Bacillati;p__Clostridiota;c__Clostridia;o__Acetivibrionales;f__Oscillospiraceae;g__Solibaculum
feb25ce582b38c9266f32d0f725b0364	d__Bacteria;k__Pseudomonadati--other;p__Lentisphaerota;c__Lentisphaeria;o__Victivallales;f__Victivallaceae;g__Victivallis
8769dce0a5401ef4f471691ea3df306f	d__Bacteria;k__Pseudomonadati--other;p__Bacteroidota;c__Bacteroidia;o__Bacteroidales;f__Prevotellaceae;g__Segatella
7ab1bc6052053650189083370055ae66	d__Bacteria;k__Bacillati;p__Clostridiota;c__Clostridia;o__Acetivibrionales;f__Oscillospiraceae;g__UCG-005
52221114384bb86f6d15c7faf0014af9	d__Bacteria;k__Bacillati;p__Clostridiota;c__Clostridia;o__Acetivibrionales;f__Lachnospiraceae
f741a5694381d86e025dad1d17fcd71e	d__Bacteria;k__Bacillati;p__Clostridiota;c__Clostridia;o__Acetivibrionales;f__Oscillospiraceae;g__UCG-005
92ba7f0209fd21d97db34e9318ae29cc	d__Bacteria;k__Pseudomonadati--other;p__Verrucomicrobiota;c__Opitutia;o__Puniceicoccales;f__Cerasicoccaceae;g__Candidatus_Nucleicoccus--other
b332ca782c0f06dae60fa77f3a90749a	d__Bacteria;k__Pseudomonadati--other;p__Spirochaetota;c__Spirochaetia;o__Spirochaetales;f__Treponemataceae;g__Treponema
7c8edaacc22420fe1d5f1d71d47f9ba0	d__Bacteria;k__Bacillati;p__Clostridiota;c__Clostridia;o__Acetivibrionales;f__Oscillospiraceae;g__Incertae_Sedis
7655cdef432b7d272962d188c003b289	d__Bacteria;k__Pseudomonadati--other;p__Kiritimatiellota;c__Kiritimatiellia--other;o__WCHB1-41;f__Incertae_Sedis;g__Incertae_Sedis
81f6ecc5c623760a87bea55409abaff1	d__Bacteria;k__Bacillati;p__Actinomycetota;c__Coriobacteriia;o__Eggerthellales;f__Eggerthellaceae;g__Senegalimassilia
e5a7841806ba01f7577bc8523cbda746	d__Bacteria;k__Bacillati;p__Mycoplasmatota;c__Mollicutes;o__RF39;f__Incertae_Sedis;g__Incertae_Sedis
8241804232fea4eacf826dd3ef89c3e4	d__Bacteria;k__Pseudomonadati--other;p__Bacteroidota;c__Bacteroidia;o__Bacteroidales;f__Bacteroidaceae;g__Paraphocaeicola
3c3b64d369034f26734e8e50f1edeebf	d__Bacteria;k__Bacillati;p__Clostridiota;c__Clostridia;o__Acetivibrionales;f__Oscillospiraceae;g__UCG-005
48f9a54af823aedd7a92b149b8d160b7	d__Bacteria;k__Bacillati;p__Desulfotomaculota;c__Negativicutes;o__Selenomonadales;f__Selenomonadaceae;g__Anaerovibrio
a66dd8d31584930c2b0f811f572dddcf	d__Bacteria;k__Pseudomonadati--other;p__Bacteroidota;c__Bacteroidia;o__Bacteroidales;f__Tannerellaceae;g__Parabacteroides
40015c372648b4ced90e23884a17115b	d__Bacteria;k__Bacillati;p__Clostridiota;c__Clostridia;o__Acetivibrionales;f__Oscillospiraceae;g__NK4A214_group
d60214fe63d26fb864bc204da7a56fbf	d__Bacteria;k__Bacillati;p__Clostridiota;c__Clostridia;o__Acetivibrionales;f__Incertae_Sedis;g__Incertae_Sedis
cf7f9d75de415960a58043254738ee9a	d__Bacteria;k__Bacillati;p__Clostridiota;c__Clostridia;o__Acetivibrionales;f__Oscillospiraceae;g__Incertae_Sedis
26d78c5c3b45cfb6db8fd5df50768cb7	d__Bacteria;k__Bacillati;p__Mycoplasmatota;c__Mollicutes;o__RF39;f__Incertae_Sedis;g__Incertae_Sedis
4dd97588e3cb14454bc658f5040104cd	d__Bacteria;k__Pseudomonadati--other;p__Bacteroidota;c__Bacteroidia;o__Bacteroidales;f__Rikenellaceae;g__Candidatus_Cryptobacteroides
cd6eeda4cf4ec749b9f035f22e120311	d__Bacteria;k__Bacillati;p__Clostridiota;c__Clostridia;o__Acetivibrionales;f__Oscillospiraceae;g__Incertae_Sedis
3063ba9edae918bd1924a483d363a908	d__Bacteria;k__Bacillati;p__Cyanobacteriota;c__Vampirovibrionophyceae;o__Candidatus_Gastranaerophilales;f__Candidatus_Gastranaerophilaceae;g__Incertae_Sedis
3e203b90af9337a5f6dd84a7cd4d90a0	d__Bacteria;k__Pseudomonadati--other;p__Bacteroidota;c__Bacteroidia;o__Bacteroidales;f__Prevotellaceae;g__Xylanibacter
be626482e734d375178a4d3c2b01e4cb	d__Bacteria;k__Bacillati;p__Clostridiota;c__Clostridia;o__Acetivibrionales;f__Lachnospiraceae
9075a6eaa9c4a5e99b1771a97e3a64e5	d__Bacteria;k__Pseudomonadati--other;p__Bacteroidota;c__Bacteroidia;o__Bacteroidales;f__Muribaculaceae
3be6bc1c25b2ffa1202a4e752178aec4	d__Bacteria;k__Bacillati;p__Clostridiota;c__Clostridia;o__Acetivibrionales;f__Oscillospiraceae;g__Solibaculum
ba3194ed66684d323006cca28de4990d	d__Bacteria;k__Bacillati;p__Clostridiota;c__Clostridia;o__Acetivibrionales;f__Oscillospiraceae;g__Solibaculum
86c1d625be65befeb0a4e20e47a46cec	d__Bacteria;k__Bacillati;p__Clostridiota;c__Clostridia;o__Acetivibrionales;f__Incertae_Sedis;g__Incertae_Sedis
8cd1266f0a501ef43e3ef1ec8812a32e	d__Bacteria;k__Bacillati;p__Clostridiota;c__Clostridia;o__Acetivibrionales;f__Lachnospiraceae
949a4bb4954501dddd41da527f2d2516	d__Bacteria;k__Pseudomonadati--other;p__Kiritimatiellota;c__Kiritimatiellia--other;o__WCHB1-41;f__Incertae_Sedis;g__Incertae_Sedis
495d7fd005b9e7f552eb05c577a81b2f	d__Bacteria;k__Bacillati;p__Clostridiota;c__Clostridia;o__Acetivibrionales;f__Oscillospiraceae;g__Faecalibacterium
e1152ece87ecb1588d3edb8fb7ea16d7	d__Bacteria;k__Bacillati;p__Clostridiota;c__Clostridia;o__Acetivibrionales;f__Incertae_Sedis;g__Incertae_Sedis
1cd12b57ad9272b192469066e91e3a75	d__Bacteria;k__Pseudomonadati--other;p__Spirochaetota;c__Spirochaetia;o__Spirochaetales;f__Treponemataceae;g__Treponema
07cc4abd75f37379ab82859f241884da	d__Bacteria;k__Bacillati;p__Desulfotomaculota;c__Negativicutes;o__Veillonellales;f__Veillonellaceae;g__Incertae_Sedis
10b7b4dfd48468a89fe14f8421524d4b	d__Bacteria;k__Pseudomonadati;p__Pseudomonadota;c__Alphaproteobacteria;o__Rhodospirillales;f__Terasakiellaceae;g__Incertae_Sedis
818342ab434c2d23133f012448f9a707	d__Bacteria;k__Bacillati;p__Desulfotomaculota;c__Negativicutes;o__Veillonellales;f__Veillonellaceae
68cfea453e9e99cdaabd317a9f093660	d__Bacteria;k__Bacillati;p__Clostridiota;c__Clostridia;o__Acetivibrionales;f__Lachnospiraceae
5c4d99bd0329eed63502c582d98ad0b8	d__Bacteria;k__Bacillati;p__Clostridiota;c__Clostridia;o__Acetivibrionales;f__Oscillospiraceae;g__Incertae_Sedis
53c6d19eec042df8c5d3a29ddb56df08	d__Bacteria;k__Bacillati;p__Clostridiota;c__Clostridia;o__Acetivibrionales;f__Oscillospiraceae;g__UCG-005
1a389bf765c8ff0f92600f684fbe7ad7	d__Bacteria;k__Bacillati;p__Clostridiota;c__Clostridia;o__Acetivibrionales;f__Oscillospiraceae;g__Faecalibacterium
4ddabf97294e188a8915c03df3e1c421	d__Bacteria;k__Bacillati;p__Clostridiota;c__Clostridia;o__Acetivibrionales;f__Lachnospiraceae;g__Incertae_Sedis
21c705edea916ef31b4a59675f84e4b0	d__Bacteria;k__Bacillati;p__Clostridiota;c__Clostridia;o__Acetivibrionales;f__Oscillospiraceae;g__Tepidibaculum
2aebb34ca8ecba0fa899b32e91f46d89	d__Bacteria;k__Bacillati;p__Clostridiota;c__Clostridia;o__Acetivibrionales;f__Oscillospiraceae;g__Tepidibaculum
b164b4defe505631879ea5433a0c0eea	d__Bacteria;k__Bacillati;p__Clostridiota;c__Clostridia;o__Acetivibrionales;f__Oscillospiraceae;g__Incertae_Sedis
dd41af0e438291c312029baf4fa3978a	d__Bacteria;k__Bacillati;p__Clostridiota;c__Clostridia;o__Acetivibrionales;f__Lachnospiraceae;g__Coprococcus
ed6d35ccfc7234f17bc7dede1c51274e	d__Bacteria;k__Pseudomonadati--other;p__Spirochaetota;c__Spirochaetia;o__Spirochaetales;f__Treponemataceae;g__Treponema
0d4631df9607c975a75be895b2e42ea4	d__Bacteria;k__Pseudomonadati--other;p__Bacteroidota;c__Bacteroidia;o__Bacteroidales;f__Rikenellaceae;g__Candidatus_Cryptobacteroides
7413a928fe58b354bc945837a4e3529f	d__Bacteria;k__Bacillati;p__Mycoplasmatota;c__Mollicutes;o__RF39;f__Incertae_Sedis;g__Incertae_Sedis
a73d7a2680ddb316b3b65c764bec2d17	d__Bacteria;k__Bacillati;p__Actinomycetota;c__Coriobacteriia;o__Eggerthellales;f__Eggerthellaceae;g__Incertae_Sedis
38e21e309a8cbc2f51cf998bd1610689	d__Bacteria;k__Bacillati;p__Clostridiota;c__Clostridia;o__Acetivibrionales;f__Oscillospiraceae;g__Faecalibacterium
af2404da7ce2c14a85f20051e404789b	d__Bacteria;k__Bacillati;p__Clostridiota;c__Clostridia;o__Acetivibrionales;f__Lachnospiraceae
6e776cf456538390385e670561fda3e3	d__Bacteria;k__Pseudomonadati--other;p__Bacteroidota;c__Bacteroidia;o__Bacteroidales;f__Prevotellaceae;g__Xylanibacter
ab4851f66badb87ee22aa83616c47ab6	d__Bacteria;k__Bacillati;p__Cyanobacteriota;c__Vampirovibrionophyceae;o__Candidatus_Gastranaerophilales;f__Candidatus_Gastranaerophilaceae;g__Incertae_Sedis
c7c46ef1d383bcf41fdf365b4e7f5e85	d__Bacteria;k__Bacillati;p__Clostridiota;c__Clostridia;o__Acetivibrionales;f__Lachnospiraceae;g__Anaerobutyricum
2ddacdc389c32b34b167ea4de99cd09d	d__Bacteria;k__Pseudomonadati--other;p__Bacteroidota;c__Bacteroidia;o__Bacteroidales;f__Bacteroidales_RF16_group;g__Incertae_Sedis
d334f11c69e464c3e16467ff8b75d145	d__Bacteria;k__Pseudomonadati--other;p__Bacteroidota;c__Bacteroidia;o__Bacteroidales;f__Muribaculaceae;g__Lepagella
282c7bcc333123cde6d3a5773e352a0c	d__Bacteria;k__Bacillati;p__Clostridiota;c__Clostridia;o__Acetivibrionales;f__Lachnospiraceae;g__Pilosibacter
4f9873325010312d450ab3f70284880c	d__Bacteria;k__Pseudomonadati--other;p__Kiritimatiellota;c__Kiritimatiellia--other;o__WCHB1-41;f__Incertae_Sedis;g__Incertae_Sedis
afb9b9a83a9cce9a1c1b488f1d7dfe80	d__Bacteria;k__Pseudomonadati--other;p__Bacteroidota;c__Bacteroidia;o__Bacteroidales;f__Prevotellaceae;g__Segatella
b696a6a2ff1f6de34e946662a88c6a24	d__Bacteria;k__Bacillati;p__Clostridiota;c__Clostridia;o__Acetivibrionales;f__Aristaeellaceae;g__Aristaeella
022eee6e34a7c61f52638c7b10a0c13c	d__Bacteria;k__Bacillati;p__Vulcanimicrobiota;c__Candidatus_Xenobiia;o__Candidatus_Xenobiales;f__Candidatus_Xenobiaceae;g__Candidatus_Bruticola
98a4b39fdfde75d956d5f68b835a03a2	d__Bacteria;k__Bacillati;p__Clostridiota;c__Clostridia;o__Acetivibrionales;f__Oscillospiraceae;g__Incertae_Sedis
f9d48c0240472b6c6e5a87a7c4241bd1	d__Bacteria;k__Pseudomonadati--other;p__Bacteroidota;c__Bacteroidia;o__Bacteroidales;f__Rikenellaceae;g__Candidatus_Cryptobacteroides
971ecba14c80fc041c0bcd649cdae12d	d__Bacteria;k__Bacillati;p__Clostridiota;c__Clostridia;o__Acetivibrionales;f__Oscillospiraceae;g__Faecalibacterium
b5c3db6c7ce259650d47f0f9da83130b	d__Bacteria;k__Bacillati;p__Clostridiota;c__Clostridia;o__Acetivibrionales;f__Incertae_Sedis;g__Incertae_Sedis
6ca75d7197893620b75dc93a3e83576d	d__Bacteria;k__Bacillati;p__Clostridiota;c__Clostridia;o__Acetivibrionales;f__Oscillospiraceae;g__Incertae_Sedis
6e234329e8978857797a599d954353a8	d__Bacteria;k__Pseudomonadati--other;p__Bacteroidota;c__Bacteroidia;o__Bacteroidales;f__Prevotellaceae;g__Xylanibacter
fd92db4dee3f7951516d163ac439f62a	d__Bacteria;k__Bacillati;p__Clostridiota;c__Clostridia;o__Acetivibrionales;f__Oscillospiraceae;g__Incertae_Sedis
ea3af29626a95b6c7b89d631bf1a739c	d__Bacteria;k__Bacillati;p__Clostridiota;c__Clostridia;o__Acetivibrionales;f__Lachnospiraceae;g__Lachnospira
480f850802fa300b01a5d3cf7255ff0a	d__Bacteria;k__Bacillati;p__Clostridiota;c__Clostridia;o__Acetivibrionales;f__Oscillospiraceae;g__UCG-005
e2ea0f9e5b629dc97fa50d4ef7b95f65	d__Bacteria;k__Pseudomonadati--other;p__Bacteroidota;c__Bacteroidia;o__Bacteroidales;f__Bacteroidaceae
899ecefd415afe4bce96e057539ba56f	d__Bacteria;k__Bacillati;p__Actinomycetota;c__Actinomycetes;o__Bifidobacteriales;f__Bifidobacteriaceae;g__Bifidobacterium
31428b02a7c596c8b26f28c69d06895e	d__Bacteria;k__Bacillati;p__Clostridiota;c__Clostridia;o__Acetivibrionales;f__Lachnospiraceae
5ac3b40e60aade76221bac252205fbaa	d__Bacteria;k__Pseudomonadati--other;p__Bacteroidota;c__Bacteroidia;o__Bacteroidales;f__Muribaculaceae;g__Incertae_Sedis
449e572326af3828d47543fd1d987b53	d__Bacteria;k__Pseudomonadati--other;p__Bacteroidota;c__Bacteroidia;o__Bacteroidales;f__Bacteroidales_RF16_group;g__Incertae_Sedis
8f141920e80267223d57c08d50424066	d__Bacteria;k__Pseudomonadati;p__Myxococcota;c__Deltaproteobacteria;o__Myxococcales;f__Myxococcaceae--other;g__Incertae_Sedis
fa208a8ead70f2176021eecace1f1c7c	d__Bacteria;k__Bacillati;p__Clostridiota;c__Clostridia;o__Acetivibrionales;f__Lachnospiraceae
bda6b6e7da7508c68057140e7bd6cd8d	d__Bacteria;k__Bacillati;p__Clostridiota;c__Clostridia;o__Acetivibrionales;f__Oscillospiraceae;g__Vescimonas
a332a530a146507d1b2ba747aa2497da	d__Bacteria;k__Bacillati;p__Clostridiota;c__Clostridia;o__Acetivibrionales;f__Oscillospiraceae;g__Intestinibacillus
d5cf3cfa66a9f601b4eef7b1772699b7	d__Bacteria;k__Pseudomonadati;p__Desulfovibrionota;c__Desulfovibrionia;o__Desulfovibrionales;f__Desulfovibrionaceae;g__Desulfovibrio
618319ea95d0cc4510d87ecce92f95db	d__Bacteria;k__Bacillati
14f46e8db7594df4959a9afb713b28e6	d__Bacteria;k__Pseudomonadati--other;p__Bacteroidota;c__Bacteroidia;o__Bacteroidales;f__Rikenellaceae;g__Candidatus_Cryptobacteroides
3110df49701dbbbb17c4d3a5305707e1	d__Bacteria;k__Bacillati;p__Clostridiota;c__Clostridia;o__Acetivibrionales;f__Oscillospiraceae;g__Incertae_Sedis
084c6991aba842c8b52fc78689fd9a1d	d__Bacteria;k__Bacillati;p__Clostridiota;c__Clostridia;o__Acetivibrionales;f__Oscillospiraceae;g__UCG-005
9b0a2e496e6daa40fbf56d2958afd343	d__Bacteria;k__Bacillati;p__Cyanobacteriota;c__Vampirovibrionophyceae;o__Candidatus_Gastranaerophilales;f__Candidatus_Gastranaerophilaceae;g__Incertae_Sedis
37766a56fc9ee13b27a458c7ffe674f1	d__Bacteria;k__Pseudomonadati--other;p__Bacteroidota;c__Bacteroidia;o__Bacteroidales;f__Prevotellaceae;g__Xylanibacter
dc747c77af0648def410ebd15b8bd29f	d__Bacteria;k__Pseudomonadati--other;p__Bacteroidota;c__Bacteroidia;o__Bacteroidales;f__Prevotellaceae;g__Segatella
426bd7119a31b73ef734771a071a216c	d__Bacteria;k__Bacillati;p__Clostridiota;c__Clostridia;o__Acetivibrionales;f__Lachnospiraceae;g__Blautia
bee3ecc57a201dd5101fe4e1657bb2cf	d__Bacteria;k__Pseudomonadati--other;p__Bacteroidota;c__Bacteroidia;o__Bacteroidales;f__Bacteroidales_RF16_group;g__Incertae_Sedis
e42c867bb7ae1168752d74e649d282c2	d__Bacteria;k__Bacillati;p__Clostridiota;c__Clostridia;o__Acetivibrionales;f__Oscillospiraceae;g__Eubacterium--other
3b375ac8e3b500649433a75738cd130d	d__Bacteria;k__Bacillati;p__Clostridiota;c__Clostridia;o__Acetivibrionales;f__Oscillospiraceae;g__NK4A214_group
22cf2c34531e13a1f21e9b6af2cffd48	d__Bacteria;k__Bacillati;p__Clostridiota;c__Clostridia;o__Acetivibrionales;f__Oscillospiraceae;g__UCG-005
600f628d66316c93a54e5c7d9a06d869	d__Bacteria;k__Pseudomonadati--other;p__Bacteroidota;c__Bacteroidia;o__Bacteroidales;f__Rikenellaceae;g__Candidatus_Cryptobacteroides
2cb5cc1b1c401523fb567f37d272ded5	d__Bacteria;k__Pseudomonadati--other;p__Bacteroidota;c__Bacteroidia;o__Bacteroidales;f__Muribaculaceae
546345ef1652f78c1044ecb2437a7c2c	d__Bacteria;k__Bacillati;p__Mycoplasmatota;c__Mollicutes;o__RF39;f__Incertae_Sedis;g__Incertae_Sedis
7201d53bd647437ec3de879774eba498	d__Bacteria;k__Bacillati;p__Actinomycetota;c__Coriobacteriia;o__Eggerthellales;f__Eggerthellaceae;g__Slackia--other
6ef0c69c9e150238572cb1f83b04804c	d__Bacteria;k__Pseudomonadati--other;p__Bacteroidota;c__Bacteroidia;o__Bacteroidales;f__Prevotellaceae
b550f122603aef8631a24d3f960c89ca	d__Bacteria;k__Pseudomonadati--other;p__Bacteroidota;c__Bacteroidia;o__Bacteroidales;f__Prevotellaceae;g__Prevotellaceae_UCG-003
3142761aaf53ef992609b756fbb8b6a4	d__Bacteria;k__Bacillati;p__Clostridiota;c__Clostridia;o__Acetivibrionales;f__Oscillospiraceae;g__Faecalibacterium
7eedee3c33244ecbd2947ba013d1124f	d__Bacteria;k__Bacillati;p__Mycoplasmatota;c__Erysipelotrichia;o__Erysipelotrichales;f__Erysipelotrichaceae;g__Lactimicrobium
64663503bcffcf0cfa5d4d875b927277	d__Bacteria;k__Bacillati;p__Clostridiota;c__Clostridia;o__Peptostreptococcales;f__Anaerovoracaceae;g__Family_XIII_AD3011_group
c644593d3b0fe2082ca9c869d3868fa3	d__Bacteria;k__Bacillati;p__Mycoplasmatota;c__Mollicutes;o__RF39;f__Incertae_Sedis;g__Incertae_Sedis
6973e8a8b8766a3142fdc3cda99c2c51	d__Bacteria;k__Pseudomonadati--other;p__Bacteroidota;c__Bacteroidia;o__Bacteroidales;f__Rikenellaceae;g__Candidatus_Cryptobacteroides
83e05095bbe68ebf2583155bea681809	d__Bacteria;k__Pseudomonadati--other;p__Bacteroidota;c__Bacteroidia;o__Bacteroidales;f__Rikenellaceae;g__Candidatus_Cryptobacteroides
93943544353069c28be1df55d408a7f4	d__Bacteria;k__Bacillati;p__Clostridiota;c__Clostridia;o__Acetivibrionales;f__Lachnospiraceae
15eff8bd19510b7ad2389684d2250833	d__Bacteria;k__Pseudomonadati--other;p__Bacteroidota;c__Bacteroidia;o__Bacteroidales;f__Rikenellaceae;g__Candidatus_Cryptobacteroides
4b3dc3348c111a6555de346476b95e1b	d__Bacteria;k__Pseudomonadati--other;p__Bacteroidota;c__Bacteroidia;o__Bacteroidales;f__Prevotellaceae;g__Segatella
4daf6493881b353f94211eece4973e73	d__Bacteria;k__Bacillati;p__Clostridiota;c__Clostridia;o__Acetivibrionales;f__Lachnospiraceae;g__Pilosibacter
411c940af8777c337043efe99b3c7e6e	d__Bacteria;k__Bacillati;p__Clostridiota;c__Clostridia;o__Acetivibrionales;f__Oscillospiraceae;g__Clostridium--other
f4f65e45426e7fe47f4f619dc0988b81	d__Bacteria;k__Bacillati;p__Clostridiota;c__Clostridia;o__Acetivibrionales;f__Lachnospiraceae
142236acf2a6d010eea77008ae3b8db6	d__Bacteria;k__Pseudomonadati--other;p__Kiritimatiellota;c__Kiritimatiellia--other;o__WCHB1-41;f__Incertae_Sedis;g__Incertae_Sedis
86dda09477a76754107aebda0f23429a	d__Bacteria;k__Pseudomonadati--other;p__Bacteroidota;c__Bacteroidia;o__Bacteroidales;f__p-251-o5;g__Incertae_Sedis
859a0ef41c9518500dee5ae2b2dcf8e6	d__Bacteria;k__Bacillati;p__Clostridiota;c__Clostridia;o__Acetivibrionales;f__Incertae_Sedis;g__Incertae_Sedis
af0d5943c33faa3658125912eb70ad1e	d__Bacteria;k__Pseudomonadati--other;p__Bacteroidota;c__Bacteroidia;o__Bacteroidales;f__Prevotellaceae;g__Xylanibacter
c0f190068d84d1c15bbbb90196e8b4f6	d__Bacteria;k__Pseudomonadati--other;p__Bacteroidota;c__Bacteroidia;o__Bacteroidales;f__Prevotellaceae;g__Xylanibacter
037482292080cee58f5225a197b342ea	d__Bacteria;k__Pseudomonadati--other;p__Bacteroidota;c__Bacteroidia;o__Bacteroidales;f__Prevotellaceae;g__Xylanibacter
655ba5862953f86c588f47a837a51077	d__Bacteria;k__Pseudomonadati--other;p__Bacteroidota;c__Bacteroidia;o__Bacteroidales;f__Prevotellaceae;g__Xylanibacter
c96bf0eef9c4381f537eb2c18ed9f593	d__Bacteria;k__Bacillati;p__Clostridiota;c__Clostridia;o__Acetivibrionales;f__Lachnospiraceae
9f4ffeb183606395a469b48c5de051c6	d__Bacteria;k__Bacillati;p__Clostridiota;c__Clostridia;o__Acetivibrionales;f__Lachnospiraceae;g__Shuttleworthella
36a3ec3765e0a53beb17732e70101dbb	d__Bacteria;k__Pseudomonadati--other;p__Bacteroidota;c__Bacteroidia;o__Bacteroidales;f__Rikenellaceae;g__Candidatus_Cryptobacteroides
67c3fe7f37316c752098206b80a170ec	d__Bacteria;k__Bacillati;p__Mycoplasmatota;c__Mollicutes;o__RF39;f__Incertae_Sedis;g__Incertae_Sedis
2f00716713f32163aca2baa96eb78ce7	d__Bacteria;k__Pseudomonadati--other;p__Bacteroidota;c__Bacteroidia;o__Bacteroidales;f__Prevotellaceae;g__Alloprevotella
c79b3d87e705bf6859d8b3a8a57577f9	d__Bacteria;k__Bacillati;p__Mycoplasmatota;c__Mollicutes;o__RF39;f__Incertae_Sedis;g__Incertae_Sedis
e53253f3df25da2030adfc92e7c21185	d__Bacteria;k__Pseudomonadati--other;p__Bacteroidota;c__Bacteroidia;o__Bacteroidales;f__Rikenellaceae;g__Candidatus_Cryptobacteroides
6e0dd636909b4463c7b497b0d6905653	d__Bacteria;k__Pseudomonadati--other;p__Bacteroidota;c__Bacteroidia;o__Bacteroidales;f__Prevotellaceae;g__Hallella
b5467d3923e336ef251feac4e5372a84	d__Bacteria;k__Pseudomonadati--other;p__Bacteroidota;c__Bacteroidia;o__Bacteroidales
6849ebb8fb5f9480e421d751b86fdd99	d__Bacteria;k__Bacillati;p__Clostridiota;c__Clostridia;o__Acetivibrionales;f__Oscillospiraceae;g__Incertae_Sedis
337895e55ba8e0e50bb9a5ecbe1ff795	d__Bacteria;k__Bacillati;p__Clostridiota;c__Clostridia;o__Acetivibrionales;f__Oscillospiraceae;g__Incertae_Sedis
4166ada532e914247efb24136a77e0ac	d__Bacteria;k__Bacillati;p__Clostridiota;c__Clostridia;o__Acetivibrionales;f__Oscillospiraceae;g__Incertae_Sedis
387255c301b8b6c022bfa6682f54596e	d__Bacteria;k__Bacillati;p__Synergistota;c__Synergistia;o__Synergistales;f__Synergistaceae;g__Synergistes
4286ce497c6d05f6d462e1586deb73f5	d__Bacteria;k__Bacillati;p__Mycoplasmatota;c__Mollicutes;o__RF39;f__Incertae_Sedis;g__Incertae_Sedis
68dcd2d0e85d42fb12e85c1eb79c9203	d__Bacteria;k__Bacillati;p__Clostridiota;c__Clostridia;o__Acetivibrionales;f__Lachnospiraceae;g__Butyrivibrio
c28ecb0877c56518326bbc03487a08eb	d__Bacteria;k__Bacillati;p__Clostridiota;c__Clostridia;o__Acetivibrionales;f__Oscillospiraceae;g__Clostridium--other
8b9f41638cfe6000c6683a9fc9a3ce58	d__Bacteria;k__Bacillati;p__Clostridiota;c__Clostridia;o__Acetivibrionales;f__Oscillospiraceae;g__Incertae_Sedis
2841c82b61a7981b71d8eca0e78ad5b7	d__Bacteria;k__Bacillati;p__Clostridiota;c__Clostridia;o__Acetivibrionales;f__Lachnospiraceae;g__Blautia
44d28470e89e17e9058ee3531315f355	d__Bacteria;k__Bacillati;p__Clostridiota;c__Clostridia;o__Acetivibrionales;f__Lachnospiraceae;g__Lachnospiraceae_XPB1014_group
abb55ca20263b9051b890ceb1c6d6502	d__Bacteria;k__Bacillati;p__Cyanobacteriota;c__Vampirovibrionophyceae;o__Candidatus_Gastranaerophilales;f__Candidatus_Gastranaerophilaceae;g__Incertae_Sedis
a21ee78544fc4fff8dd99ed67298b89f	d__Bacteria;k__Bacillati;p__Clostridiota;c__Clostridia;o__Acetivibrionales;f__Oscillospiraceae
af12f6bebd7da3ee5261d3a5f5f80ec7	d__Bacteria;k__Bacillati;p__Clostridiota;c__Clostridia;o__Acetivibrionales;f__Oscillospiraceae;g__Incertae_Sedis
1502e0ddb09b7c8e8885cb1bef84a415	d__Bacteria;k__Bacillati;p__Clostridiota;c__Clostridia;o__Acetivibrionales;f__Oscillospiraceae
55d2b4bdd4a9f3302dddeff861157696	d__Bacteria;k__Bacillati;p__Clostridiota;c__Clostridia;o__Acetivibrionales;f__Lachnospiraceae
dd5f8ca13be6e66f8b4f7f292cb8e02a	d__Bacteria;k__Bacillati;p__Clostridiota;c__Clostridia;o__Acetivibrionales;f__Oscillospiraceae;g__Clostridium--other
843ec2e7d782e1acdf4c33f382ba7934	d__Bacteria;k__Bacillati;p__Mycoplasmatota;c__Mollicutes;o__Anaeroplasmatales;f__Anaeroplasmataceae;g__Anaeroplasma
e3384ca173358208713bbc11316a380f	d__Bacteria;k__Bacillati;p__Clostridiota;c__Clostridia;o__Acetivibrionales;f__Lachnospiraceae;g__Tyzzerella
59e537f7c6d8cf2c96595c618d8c14b8	d__Bacteria;k__Pseudomonadati--other;p__Bacteroidota;c__Bacteroidia;o__Bacteroidales;f__Prevotellaceae;g__Xylanibacter
317d445f0dc5ef174a1839fb2520486f	d__Bacteria;k__Bacillati;p__Clostridiota;c__Clostridia;o__Acetivibrionales;f__Oscillospiraceae;g__Intestinibacillus
8bc0f653a8af4525aa313de93f8d24c9	d__Bacteria;k__Bacillati;p__Clostridiota;c__Clostridia;o__Acetivibrionales;f__Oscillospiraceae;g__UCG-005
51a17861a807777c7da587ce2830ff7b	d__Bacteria;k__Pseudomonadati--other;p__Bacteroidota;c__Bacteroidia;o__Bacteroidales
40c85a458df8d5a935122ba778d4f334	d__Bacteria;k__Pseudomonadati--other;p__Bacteroidota;c__Bacteroidia;o__Bacteroidales;f__Bacteroidaceae;g__Bacteroides
99cc482b236b854e84d3a555ec90f850	d__Bacteria;k__Bacillati;p__Clostridiota;c__Clostridia;o__Acetivibrionales;f__Oscillospiraceae;g__Incertae_Sedis
1ed7760bfc7eea5736db80250990f1d3	d__Bacteria;k__Bacillati;p__Clostridiota;c__Clostridia;o__Acetivibrionales;f__Oscillospiraceae;g__UCG-005
b842a8af121a0a75aa911897ab11c0db	d__Bacteria;k__Bacillati;p__Clostridiota;c__Clostridia;o__Acetivibrionales;f__Lachnospiraceae;g__Lachnospira
b5aeea4eadcd68930588972b4604b4c9	d__Bacteria;k__Bacillati;p__Clostridiota;c__Clostridia;o__Acetivibrionales;f__Oscillospiraceae;g__Incertae_Sedis
b9024a1f377b62508864cfea59b16a31	d__Bacteria;k__Bacillati;p__Clostridiota;c__Clostridia;o__Acetivibrionales;f__Lachnospiraceae
c942f59feffce9c3ab527135de234101	d__Bacteria;k__Bacillati;p__Clostridiota;c__Clostridia;o__Acetivibrionales;f__Lachnospiraceae;g__Roseburia
b114ba1f91d4faaa068ec4b94436a12a	d__Bacteria;k__Bacillati;p__Clostridiota;c__Clostridia;o__Acetivibrionales;f__Lachnospiraceae
88ff081714e55662cc9e2db0bfc0ba2c	d__Bacteria;k__Bacillati;p__Mycoplasmatota;c__Mollicutes;o__RF39;f__Incertae_Sedis;g__Incertae_Sedis
d8c2923bfc5be7351e0f9e0347445780	d__Bacteria;k__Bacillati;p__Clostridiota;c__Clostridia;o__Acetivibrionales;f__Oscillospiraceae;g__Tepidibaculum
0a4e3dfcea170c5cf56a3dd89c4ca54a	d__Bacteria;k__Bacillati;p__Mycoplasmatota;c__Erysipelotrichia;o__Erysipelotrichales;f__Coprobacillaceae;g__UCG-004
e9fc0da425d96bff164d25fcbf73b2a9	d__Bacteria;k__Pseudomonadati--other;p__Spirochaetota;c__Spirochaetia;o__Spirochaetales;f__Treponemataceae;g__Treponema
08b324c685ccae399c23cc05d34ba94d	d__Bacteria;k__Bacillati;p__Clostridiota;c__Clostridia;o__Acetivibrionales;f__Lachnospiraceae
55c9a917f82de53cd92a793abd49ae1e	d__Bacteria;k__Pseudomonadati--other;p__Bacteroidota;c__Bacteroidia;o__Bacteroidales;f__Prevotellaceae;g__Xylanibacter
f51074f15a313c76f56cb507468c5f2b	d__Bacteria;k__Bacillati;p__Clostridiota;c__Clostridia;o__Acetivibrionales;f__Oscillospiraceae;g__Clostridium--other
9eb26e9c3acbcabe15fb761fe7467243	d__Bacteria;k__Bacillati;p__Clostridiota;c__Clostridia;o__Acetivibrionales;f__Lachnospiraceae
89aabf43d24dd5bd0fd0f5aca189d341	d__Bacteria;k__Bacillati;p__Clostridiota;c__Clostridia;o__Acetivibrionales;f__Lachnospiraceae;g__Dorea
b672789adaaa264799bead3748b3fc7b	d__Archaea;k__Methanobacteriati;p__Methanobacteriota;c__Methanobacteria;o__Methanobacteriales;f__Methanobacteriaceae;g__Methanosphaera
5715949aa161e6d4a1628f24d5a09a9d	d__Bacteria;k__Bacillati;p__Clostridiota;c__Clostridia;o__Acetivibrionales;f__Lachnospiraceae;g__Butyrivibrio
a65e5a4700321a90c775179eb4d81d69	d__Bacteria;k__Bacillati;p__Clostridiota;c__Clostridia;o__Acetivibrionales;f__Oscillospiraceae;g__Incertae_Sedis
318c45298376282fd83ed65bd436caf0	d__Bacteria;k__Pseudomonadati--other;p__Bacteroidota;c__Bacteroidia;o__Bacteroidales;f__Prevotellaceae
a433d47699339fe9afef1e7376f3ce65	d__Bacteria;k__Bacillati;p__Clostridiota;c__Clostridia;o__Peptostreptococcales;f__Anaerovoracaceae;g__Anaerovorax
cec3ea401752f451e96916005993eebe	d__Bacteria;k__Pseudomonadati--other;p__Bacteroidota;c__Bacteroidia;o__Bacteroidales;f__Prevotellaceae;g__Xylanibacter
999a1f43f7dccbb4fc89609fd2e4f9ee	d__Bacteria;k__Pseudomonadati;p__Pseudomonadota;c__Epsilonproteobacteria;o__Campylobacterales;f__Campylobacteraceae;g__Campylobacter
30207d209491dfb7de83344e77fd6fbd	d__Bacteria;k__Bacillati;p__Clostridiota;c__Clostridia;o__Acetivibrionales;f__Beduinellaceae;g__Beduinella
41f48610bd517ef341542b70443f905d	d__Bacteria;k__Bacillati;p__Clostridiota;c__Clostridia;o__Acetivibrionales;f__Oscillospiraceae;g__Incertae_Sedis
88b6629f63dd4d468526426969d752ac	d__Bacteria;k__Pseudomonadati--other;p__Bacteroidota;c__Bacteroidia;o__Bacteroidales;f__Prevotellaceae;g__Xylanibacter
f1bab5e375a07abb1fc7921a3b2dd2c2	d__Bacteria;k__Pseudomonadati--other;p__Bacteroidota;c__Bacteroidia;o__Bacteroidales;f__Rikenellaceae;g__Candidatus_CacconasterCandidatus_Coprenecus
c1fcb1ea4134b5b9736eeaa5cbb24076	d__Bacteria;k__Pseudomonadati--other;p__Bacteroidota;c__Bacteroidia;o__Bacteroidales;f__Prevotellaceae;g__Segatella
836cf660b00da3b2043b9f3ef145d87f	d__Bacteria;k__Bacillati;p__Clostridiota;c__Clostridia;o__Acetivibrionales;f__Lachnospiraceae;g__Oribacterium
7416bddb322e05c4a285e44093fffa24	d__Bacteria;k__Pseudomonadati--other;p__Bacteroidota;c__Bacteroidia;o__Bacteroidales;f__Rikenellaceae;g__hoa5-07d05_gut_group
8533e01a19fc5d624e49fe95dc3dfb34	d__Bacteria;k__Bacillati;p__Clostridiota;c__Clostridia;o__Acetivibrionales;f__Lachnospiraceae;g__Lachnospiraceae_UCG-002
526f52c31cab3718fdcb74fbf3dc5227	d__Bacteria;k__Pseudomonadati--other;p__Bacteroidota;c__Bacteroidia;o__Bacteroidales;f__Prevotellaceae;g__Xylanibacter
bc9fa56fe9461b90c35d9f73d4beec55	d__Bacteria;k__Pseudomonadati--other;p__Bacteroidota;c__Bacteroidia;o__Bacteroidales;f__Prevotellaceae;g__Prevotellaceae_UCG-003
de925f7f601a96d7dcaf550040683e1e	d__Bacteria;k__Bacillati;p__Clostridiota;c__Clostridia;o__Acetivibrionales;f__Lachnospiraceae
b39cb0edeeb1b899010b148af489eb48	d__Bacteria;k__Pseudomonadati--other;p__Bacteroidota;c__Bacteroidia;o__Bacteroidales;f__Bacteroidaceae
0b6e96cdf0b5c7bdbabbe7a2b8d68421	d__Bacteria;k__Bacillati;p__Clostridiota;c__Clostridia;o__Acetivibrionales;f__Oscillospiraceae;g__Solibaculum
d6a848f01e011ee2885e62ba6057e7d3	d__Bacteria;k__Bacillati;p__Clostridiota;c__Clostridia;o__Acetivibrionales;f__Oscillospiraceae;g__UCG-005
17fa797737286fd13d3f8a9be6aeaa53	d__Bacteria;k__Bacillati;p__Mycoplasmatota;c__Mollicutes;o__RF39;f__Incertae_Sedis;g__Incertae_Sedis
02d755c9d707505e778e160ff7a34ced	d__Bacteria;k__Bacillati;p__Clostridiota;c__Clostridia;o__Acetivibrionales;f__Lachnospiraceae
06a7a7e6f6cef10a11cc9510a203fc55	d__Bacteria;k__Bacillati;p__Clostridiota;c__Clostridia;o__Acetivibrionales;f__Lachnospiraceae;g__Coprococcus
b01b99df453856c314fdeefd125f9850	d__Bacteria;k__Bacillati;p__Clostridiota;c__Clostridia;o__Acetivibrionales;f__Lachnospiraceae;g__Coprococcus--other
21e93b4127c48cf7bd68942bde9ef5f5	d__Bacteria;k__Bacillati;p__Clostridiota;c__Clostridia;o__Acetivibrionales;f__Oscillospiraceae;g__NK4A214_group
24d1210b54c8531ad1311144c9bc34c9	d__Bacteria;k__Bacillati;p__Mycoplasmatota;c__Mollicutes;o__RF39;f__Incertae_Sedis;g__Incertae_Sedis
160e2a9135c93de23c8d2274a7e5669c	d__Bacteria;k__Bacillati;p__Clostridiota;c__Clostridia;o__Acetivibrionales;f__Incertae_Sedis;g__Incertae_Sedis
5f953acd5a0dc97d5f47182ca7ade28a	d__Bacteria;k__Pseudomonadati--other;p__Bacteroidota;c__Bacteroidia;o__Bacteroidales;f__Prevotellaceae;g__Paraprevotella
ad816153f1193fbf04158fa2848c17f9	d__Bacteria;k__Bacillati;p__Clostridiota;c__Clostridia;o__Acetivibrionales;f__Oscillospiraceae;g__Solibaculum
8687ca0061d4e6abfc952d1f59547872	d__Bacteria;k__Bacillati;p__Clostridiota;c__Clostridia;o__Acetivibrionales;f__Incertae_Sedis;g__Incertae_Sedis
b423592b0ae631882095792b27729b9c	d__Bacteria;k__Bacillati;p__Clostridiota;c__Clostridia;o__Acetivibrionales;f__Oscillospiraceae;g__Oscillibacter--other
7ac556f1241bcb6d455630c816f64093	d__Bacteria;k__Bacillati;p__Clostridiota;c__Clostridia;o__Acetivibrionales;f__Oscillospiraceae;g__Incertae_Sedis
35428192d09828371d98141ffabed7f4	d__Bacteria;k__Pseudomonadati--other;p__Bacteroidota;c__Bacteroidia;o__Bacteroidales;f__Rikenellaceae;g__Candidatus_Cryptobacteroides
dfa788f81b4ec5ba05105791b8b9e583	d__Bacteria;k__Bacillati;p__Clostridiota;c__Clostridia;o__Acetivibrionales;f__Oscillospiraceae;g__NK4A214_group
9264d09f29ae6d5bd8da2d3a457717d9	d__Bacteria;k__Bacillati;p__Actinomycetota;c__Coriobacteriia;o__Coriobacteriales;f__Atopobiaceae--other;g__Coriobacteriaceae_UCG-003
3c15331b2a4f8c26ee64bce1c500b1df	d__Bacteria;k__Bacillati;p__Desulfotomaculota;c__Negativicutes;o__Acidaminococcales;f__Acidaminococcaceae
b37cdbbeb6358bcebbec5fe95c0ab8e6	d__Bacteria;k__Bacillati;p__Clostridiota;c__Clostridia;o__Acetivibrionales;f__Oscillospiraceae;g__Incertae_Sedis
f9ff879225247aac41e27d38d8a7dede	d__Bacteria;k__Bacillati;p__Clostridiota;c__Clostridia;o__Acetivibrionales;f__Oscillospiraceae;g__Pusillibacter
10da6fd278a167b80765be2837efdb8c	d__Bacteria;k__Bacillati;p__Mycoplasmatota;c__Mollicutes;o__RF39;f__Incertae_Sedis;g__Incertae_Sedis
0b448009da369974ea6d7a6599742683	d__Bacteria;k__Pseudomonadati--other;p__Bacteroidota;c__Bacteroidia;o__Bacteroidales;f__Prevotellaceae;g__Xylanibacter
462da9488e11fca6b384e9457af32f8a	d__Bacteria;k__Pseudomonadati--other;p__Kiritimatiellota;c__Kiritimatiellia--other;o__WCHB1-41;f__Incertae_Sedis;g__Incertae_Sedis
961b5998e0275232bfba14847c9a8463	d__Bacteria;k__Bacillati;p__Clostridiota;c__Clostridia;o__Acetivibrionales;f__Lachnospiraceae
f8d6808f06593a6e40e07bdb9b1a6174	d__Bacteria;k__Bacillati;p__Elusimicrobiota;c__Elusimicrobia;o__Elusimicrobiales;f__Elusimicrobiaceae;g__Elusimicrobium
4c2189b6b5ced3cb80093414e9449de9	d__Bacteria;k__Bacillati;p__Clostridiota;c__Clostridia;o__Acetivibrionales;f__Oscillospiraceae;g__Agathobaculum
6fadc15b4c9f0314ff2757e0aac8f7e7	d__Bacteria;k__Pseudomonadati--other;p__Bacteroidota;c__Bacteroidia;o__Bacteroidales;f__Rikenellaceae;g__Candidatus_Cryptobacteroides
29d396813c10fa18e76626799b84355c	d__Bacteria;k__Bacillati;p__Clostridiota;c__Clostridia;o__Acetivibrionales;f__Incertae_Sedis;g__Incertae_Sedis
8e0ef89ffc0bcd12574f24fb237c1051	d__Bacteria;k__Bacillati;p__Cyanobacteriota;c__Vampirovibrionophyceae;o__Candidatus_Gastranaerophilales;f__Candidatus_Gastranaerophilaceae;g__Incertae_Sedis
319d15e0d83603c706d81698ebf7349e	d__Bacteria;k__Bacillati;p__Cyanobacteriota;c__Vampirovibrionophyceae;o__Candidatus_Gastranaerophilales;f__Candidatus_Gastranaerophilaceae;g__Incertae_Sedis
a1705b1f21fd266bf9b6a65ce132e501	d__Bacteria;k__Pseudomonadati--other;p__Bacteroidota;c__Bacteroidia;o__Bacteroidales;f__p-251-o5;g__Incertae_Sedis
f45b62ab6ec22fb20364a7e05088158f	d__Bacteria;k__Bacillati;p__Clostridiota;c__Clostridia;o__Acetivibrionales;f__Lachnospiraceae;g__Marvinbryantia
c4bf407e1e825f2fab14591b1388b4a2	d__Bacteria;k__Bacillati;p__Clostridiota;c__Clostridia;o__Acetivibrionales;f__Lachnospiraceae
4f22ff892dc6ef26384d5e3f74134cf3	d__Bacteria;k__Bacillati;p__Mycoplasmatota;c__Erysipelotrichia;o__Erysipelotrichales;f__Coprobacillaceae;g__UCG-004
758b4c38f729399dccd4eab2f526ce71	d__Bacteria;k__Bacillati
6cc83c34d05cde929245ecc69fcd557a	d__Bacteria;k__Bacillati;p__Clostridiota;c__Clostridia;o__Acetivibrionales;f__Oscillospiraceae;g__UCG-005
82a1a4aba10e0dd5233f5503c7f88bc0	d__Bacteria;k__Bacillati;p__Clostridiota;c__Clostridia;o__Acetivibrionales;f__Oscillospiraceae;g__Incertae_Sedis
f8409b6ac5f448a8b62e08be9adf9a20	d__Bacteria;k__Pseudomonadati;p__Pseudomonadota;c__Epsilonproteobacteria;o__Campylobacterales;f__Campylobacteraceae;g__Campylobacter
e57ec0bb7fda917997b5bdad684d6c8f	d__Bacteria;k__Bacillati;p__Clostridiota;c__Clostridia;o__Acetivibrionales;f__Oscillospiraceae;g__UCG-005
e5711c1ea529fb575f2c692551333c4d	d__Bacteria;k__Bacillati;p__Clostridiota;c__Clostridia;o__Acetivibrionales;f__Oscillospiraceae;g__Faecalibacterium
c032b276f32c9ea8a795b612edca3267	d__Bacteria;k__Bacillati;p__Synergistota;c__Synergistia;o__Synergistales;f__Dethiosulfovibrionaceae
021b5aac4761ab94e8e72175a07cd3f3	d__Bacteria;k__Pseudomonadati--other;p__Bacteroidota;c__Bacteroidia;o__Bacteroidales;f__Bacteroidales_RF16_group;g__Incertae_Sedis
abe0b6466dd1e1af5818c757cca890b7	d__Bacteria;k__Pseudomonadati--other;p__Bacteroidota;c__Bacteroidia;o__Bacteroidales;f__Rikenellaceae;g__Candidatus_Egerieousia
bebee2786c1024b3ba4880bd779b079b	d__Bacteria;k__Pseudomonadati--other;p__Bacteroidota;c__Bacteroidia;o__Bacteroidales;f__Prevotellaceae;g__Xylanibacter
571a9c17ce529f1df2622f6bcfba5efd	d__Bacteria;k__Bacillati;p__Clostridiota;c__Clostridia;o__Acetivibrionales;f__Lachnospiraceae;g__Fusimonas
566cc73d4e6bb430d8b0b20150752fc1	d__Bacteria;k__Bacillati;p__Clostridiota;c__Clostridia;o__Acetivibrionales;f__Oscillospiraceae;g__Vescimonas
6df1abdd07537f5301abb01064a90838	d__Bacteria;k__Bacillati;p__Clostridiota;c__Clostridia;o__Acetivibrionales;f__Incertae_Sedis;g__Incertae_Sedis
ac7f0c5e2a54971ea887937d50f3cf91	d__Bacteria;k__Bacillati;p__Clostridiota;c__Clostridia;o__Acetivibrionales;f__Oscillospiraceae;g__Incertae_Sedis
5ec685f3d9d87e20dfafaf776efc2c53	d__Bacteria;k__Bacillati;p__Clostridiota;c__Clostridia;o__Acetivibrionales;f__Oscillospiraceae;g__Incertae_Sedis
1a988a429808024de44ca5b19a9af7b7	d__Bacteria;k__Pseudomonadati--other;p__Bacteroidota;c__Bacteroidia;o__Bacteroidales;f__Rikenellaceae;g__Candidatus_Cryptobacteroides
664d9a4c5056cea91e52d439a3172118	d__Bacteria;k__Bacillati;p__Clostridiota;c__Clostridia;o__Peptostreptococcales;f__Anaerovoracaceae;g__Family_XIII_AD3011_group
0fe3202671610dccd7f69523c643c3b6	d__Bacteria;k__Pseudomonadati--other;p__Bacteroidota;c__Bacteroidia;o__Bacteroidales;f__Prevotellaceae;g__Alloprevotella
2e30ed6e4b14819f5ac44bc57dbe7fc3	d__Bacteria;k__Pseudomonadati--other;p__Kiritimatiellota;c__Kiritimatiellia--other;o__WCHB1-41;f__Incertae_Sedis;g__Incertae_Sedis
3d39c6f7b8400581e3dc84e4fb843e7c	d__Bacteria;k__Bacillati;p__Clostridiota;c__Clostridia;o__Acetivibrionales;f__Lachnospiraceae;g__Oribacterium
4d0e082a6fec508f05b01b7c013cc728	d__Bacteria;k__Bacillati;p__Clostridiota;c__Clostridia;o__Acetivibrionales;f__Lachnospiraceae
cd22a41335b0c9bdb2eb548c4f5764a1	d__Bacteria;k__Bacillati;p__Mycoplasmatota;c__Erysipelotrichia;o__Erysipelotrichales;f__Coprobacillaceae;g__Candidatus_Stoquefichus
ecaa9f4e15a28f212d9bd60f749191ab	d__Bacteria;k__Bacillati;p__Clostridiota;c__Clostridia;o__Acetivibrionales;f__Oscillospiraceae
cb31fc5ba6ddcd133fc10f1ae9957ba0	d__Bacteria;k__Bacillati;p__Clostridiota;c__Clostridia;o__Acetivibrionales;f__Lachnospiraceae;g__Oribacterium
2b4d8f34885f662081497ebd6cebe05f	d__Bacteria;k__Bacillati;p__Clostridiota;c__Clostridia;o__Acetivibrionales;f__Oscillospiraceae;g__UCG-005
bb6a38a6239720067afaf2878cf4d02e	d__Bacteria;k__Pseudomonadati--other;p__Bacteroidota;c__Bacteroidia;o__Bacteroidales;f__Bacteroidaceae;g__Paraphocaeicola
2a99b23ac5ab782d55085a57de9ae4e3	d__Bacteria;k__Bacillati;p__Clostridiota;c__Clostridia;o__Acetivibrionales;f__Oscillospiraceae;g__Ruminococcus
a408c9539ba77611661adbd20ab92a5c	d__Bacteria;k__Pseudomonadati--other;p__Bacteroidota;c__Bacteroidia;o__Bacteroidales;f__Bacteroidaceae;g__Caecibacteroides
723d4b4276d73876483e02b28578e61c	d__Bacteria;k__Bacillati;p__Clostridiota;c__Clostridia;o__Acetivibrionales;f__Oscillospiraceae;g__Incertae_Sedis
90eb64e7893df8f30f0379b53de357fc	d__Bacteria;k__Bacillati;p__Clostridiota;c__Clostridia;o__Acetivibrionales;f__Oscillospiraceae;g__Clostridium--other
b30842df6fb8881a45978c3ccfe43b9e	d__Bacteria;k__Bacillati;p__Clostridiota;c__Clostridia;o__Acetivibrionales;f__Lachnospiraceae;g__Oribacterium
001dba9ad825d131f20565e9a56d57d3	d__Bacteria;k__Bacillati;p__Clostridiota;c__Clostridia;o__Acetivibrionales;f__Oscillospiraceae;g__Incertae_Sedis
149e7d5e484d157f2ac6140a2111618e	d__Bacteria;k__Bacillati;p__Clostridiota;c__Clostridia;o__Acetivibrionales;f__Oscillospiraceae;g__Gemmiger
67c40bbb0ea2572f918850b1deff97d4	d__Bacteria;k__Bacillati;p__Clostridiota;c__Clostridia;o__Acetivibrionales;f__Lachnospiraceae
ba1de3331d553ae1475e40a66419df69	d__Bacteria;k__Pseudomonadati--other;p__Bacteroidota;c__Bacteroidia;o__Bacteroidales
393ce3f3ee9548b706b765be49cb845b	d__Bacteria;k__Bacillati;p__Actinomycetota;c__Coriobacteriia;o__Eggerthellales;f__Eggerthellaceae;g__Senegalimassilia
da5aec6212d31707217864446bb87fe4	d__Bacteria;k__Bacillati;p__Mycoplasmatota;c__Mollicutes;o__RF39;f__Incertae_Sedis;g__Incertae_Sedis
10953d170fdfa2a682339c573faa23b8	d__Bacteria;k__Bacillati;p__Clostridiota;c__Clostridia;o__Acetivibrionales;f__Oscillospiraceae;g__Incertae_Sedis
df53f0f5eac0e1cd994bd26ce0661c28	d__Bacteria;k__Bacillati;p__Mycoplasmatota;c__Mollicutes;o__RF39;f__Incertae_Sedis;g__Incertae_Sedis
cc4375dd0d92ba9cd9173b424477d5c0	d__Bacteria;k__Pseudomonadati--other;p__Bacteroidota;c__Bacteroidia;o__Bacteroidales;f__Prevotellaceae;g__Segatella
477734397215c70bdacce28d5685cc6e	d__Bacteria;k__Bacillati;p__Clostridiota;c__Clostridia;o__Acetivibrionales;f__Oscillospiraceae;g__Vescimonas
45655144165299f377399b3a030bf3e8	d__Bacteria;k__Pseudomonadati--other;p__Spirochaetota;c__Spirochaetia;o__Spirochaetales;f__Treponemataceae;g__Treponema
907662192ac87558b3e3242dfdd3ebb4	d__Bacteria;k__Bacillati;p__Clostridiota;c__Clostridia;o__Acetivibrionales;f__Lachnospiraceae;g__Acetatifactor
0afa9feb2dcd0775904cd1657dbbca05	d__Bacteria;k__Bacillati;p__Clostridiota;c__Clostridia;o__Acetivibrionales;f__Lachnospiraceae;g__Tyzzerella
9131e982902cb4c0003eef5839b2f055	d__Bacteria;k__Bacillati;p__Mycoplasmatota;c__Mollicutes;o__RF39;f__Incertae_Sedis;g__Incertae_Sedis
6d92c98fe230b729ab5287eb973d58fe	d__Bacteria;k__Pseudomonadati--other;p__Bacteroidota;c__Bacteroidia;o__Bacteroidales;f__Bacteroidales_RF16_group;g__Incertae_Sedis
40281b2fb91b43c8ba4342e23f47558f	d__Bacteria;k__Bacillati;p__Clostridiota;c__Clostridia;o__Acetivibrionales;f__Incertae_Sedis;g__Incertae_Sedis
4ef3055d55d33546d5879e21c58dbee6	d__Bacteria;k__Bacillati;p__Clostridiota;c__Clostridia;o__Acetivibrionales;f__Oscillospiraceae;g__Eubacterium--other
afe0f962961d375e1d9d677b55479fad	d__Bacteria;k__Bacillati;p__Clostridiota;c__Clostridia;o__Acetivibrionales;f__Lachnospiraceae;g__Fusimonas
5162c08097199d4a85f654ca7d41af3e	d__Bacteria;k__Bacillati;p__Mycoplasmatota;c__Mollicutes;o__RF39;f__Incertae_Sedis;g__Incertae_Sedis
af2eb027555501989da1c81a8f7ea1df	d__Bacteria;k__Pseudomonadati--other;p__Bacteroidota;c__Bacteroidia;o__Bacteroidales;f__Prevotellaceae;g__Xylanibacter
9c23bd52e8c8b333cbe86816992aab6a	d__Bacteria;k__Pseudomonadati--other;p__Bacteroidota;c__Bacteroidia;o__Bacteroidales;f__Muribaculaceae
959b1d7421939385c01cd0a3a7162869	d__Bacteria;k__Bacillati;p__Clostridiota;c__Clostridia;o__Acetivibrionales;f__Lachnospiraceae
2782b9fa5065dac88db1f1bd6b78b4b1	d__Bacteria;k__Pseudomonadati--other;p__Bacteroidota;c__Bacteroidia;o__Bacteroidales
9eadb65dc540c390d417669169854e69	d__Bacteria;k__Bacillati;p__Clostridiota;c__Clostridia;o__Acetivibrionales;f__Oscillospiraceae
0a7ece2d4c33feb2953e09e376a5cbbe	d__Bacteria;k__Bacillati;p__Clostridiota;c__Clostridia;o__Acetivibrionales;f__Oscillospiraceae;g__Ruminococcoides
1db4a6ed9cb354ade723150463505183	d__Bacteria;k__Bacillati;p__Clostridiota;c__Clostridia;o__Acetivibrionales;f__Oscillospiraceae;g__Incertae_Sedis
6696a5b41887a6a957d587fefeca85ef	d__Bacteria;k__Bacillati;p__Clostridiota;c__Clostridia;o__Acetivibrionales;f__Oscillospiraceae;g__Faecalibacterium
fe80c0245977bd8a413ece64a788a22b	d__Bacteria;k__Pseudomonadati--other;p__Fibrobacterota;c__Fibrobacteria;o__Fibrobacterales;f__Fibrobacteraceae;g__Hallerella
378d7f0d1da29b1e838c56ec3be441de	d__Bacteria;k__Bacillati;p__Clostridiota;c__Clostridia;o__Acetivibrionales;f__Oscillospiraceae;g__Flavonifractor
e9ed2542e64758c0e9e5c6ae48ed9ca6	d__Bacteria;k__Bacillati;p__Clostridiota;c__Clostridia;o__Acetivibrionales;f__Lachnospiraceae;g__Chordicoccus
e58793c9a3a92f558629fc7f35fcfa13	d__Bacteria;k__Bacillati;p__Clostridiota;c__Clostridia;o__Acetivibrionales;f__Lachnospiraceae;g__Incertae_Sedis
dd836573c2d98af8c472bc256f323ec5	d__Bacteria;k__Bacillati;p__Clostridiota;c__Clostridia;o__Acetivibrionales;f__Oscillospiraceae;g__Faecalibacterium
4e95283a70a86ab3ba3777baa75e2aa5	d__Bacteria;k__Bacillati;p__Cyanobacteriota;c__Vampirovibrionophyceae;o__Candidatus_Gastranaerophilales;f__Candidatus_Gastranaerophilaceae;g__Incertae_Sedis
96399ce5c40536152dd9f9d076803879	d__Bacteria;k__Bacillati;p__Clostridiota;c__Clostridia;o__Acetivibrionales;f__Oscillospiraceae;g__Clostridium--other
641fe21d4e15d5adc80cf1a4b0525698	d__Bacteria;k__Pseudomonadati--other;p__Spirochaetota;c__Spirochaetia;o__Spirochaetales;f__Treponemataceae;g__Treponema
54c281ab1cf2ce5342cb910e7252db33	d__Bacteria;k__Pseudomonadati--other;p__Bacteroidota;c__Bacteroidia;o__Bacteroidales;f__Muribaculaceae;g__Candidatus_Limisoma
9255bc6594e157ff8b283a59fc6190b6	d__Bacteria;k__Bacillati;p__Clostridiota;c__Clostridia;o__Clostridiales;f__Clostridiaceae
364193e6d6fc1dd949dfd6d3c265d7ff	d__Bacteria;k__Pseudomonadati--other;p__Bacteroidota;c__Bacteroidia;o__Bacteroidales;f__Prevotellaceae;g__Xylanibacter
97d380f3a287ffc3df3a708d0e39d7fd	d__Bacteria;k__Pseudomonadati--other;p__Planctomycetota;c__Planctomycetia;o__Pirellulales;f__Thermoguttaceae--other;g__Incertae_Sedis
8ff9bf88926b6e1f5ca935d6e13cf5f4	d__Bacteria;k__Bacillati;p__Clostridiota;c__Clostridia;o__Acetivibrionales;f__Oscillospiraceae;g__UCG-005
3bc20133397339afa19b98b0f346c488	d__Bacteria;k__Pseudomonadati--other;p__Bacteroidota;c__Bacteroidia;o__Bacteroidales;f__Rikenellaceae--other;g__Candidatus_Onthomorpha
bafde8b64dcd825d2c9263eb996b6b09	d__Bacteria;k__Pseudomonadati--other;p__Spirochaetota;c__Spirochaetia;o__Spirochaetales;f__Treponemataceae;g__Treponema
adc5e16755845c1e18bbb17f606ea4f1	d__Bacteria;k__Pseudomonadati--other;p__Bacteroidota;c__Bacteroidia;o__Bacteroidales;f__Prevotellaceae;g__Xylanibacter
fe524f71a08b32750758b8c64466639e	d__Bacteria;k__Bacillati;p__Clostridiota;c__Clostridia;o__Acetivibrionales;f__Lachnospiraceae
caa59f680620a277b5bfe1432798d0c2	d__Bacteria;k__Bacillati;p__Mycoplasmatota;c__Erysipelotrichia;o__Erysipelotrichales;f__Erysipelotrichaceae;g__Lactimicrobium
ea6b31a7d66988cfe91597828b254550	d__Bacteria;k__Bacillati;p__Clostridiota;c__Clostridia;o__Acetivibrionales;f__Oscillospiraceae;g__Clostridium--other
7b26e4d08642a3a6444cfcefc877e1fd	d__Bacteria;k__Bacillati;p__Clostridiota;c__Clostridia;o__Acetivibrionales;f__Lachnospiraceae
d4c164fbbcad17d53b7afa135113cea8	d__Bacteria;k__Bacillati;p__Clostridiota;c__Clostridia;o__Acetivibrionales;f__Oscillospiraceae;g__UCG-005
94394d63f43821fde2e69f850be46c0a	d__Bacteria;k__Bacillati;p__Clostridiota;c__Clostridia;o__Acetivibrionales;f__Oscillospiraceae;g__Incertae_Sedis
126db8823e22309fe870244075a6e829	d__Bacteria;k__Pseudomonadati--other;p__Bacteroidota;c__Bacteroidia;o__Bacteroidales;f__Bacteroidaceae;g__Paraphocaeicola
3764a39f07afe16dd05c516fa780c99d	d__Bacteria;k__Bacillati;p__Clostridiota;c__Clostridia;o__Acetivibrionales;f__Incertae_Sedis;g__Incertae_Sedis
f36de23819016e1804be0b3eccd4c584	d__Bacteria;k__Pseudomonadati--other;p__Spirochaetota;c__Spirochaetia;o__Spirochaetales;f__Treponemataceae;g__Treponema
2a99ec1157a90661db7ff643b82f1914	d__Bacteria;k__Pseudomonadati--other;p__Bacteroidota;c__Bacteroidia;o__Bacteroidales;f__Bacteroidaceae;g__Bacteroides
eadfe94cd8302aa6404bca074522b8e9	d__Bacteria;k__Pseudomonadati--other;p__Bacteroidota;c__Bacteroidia;o__Bacteroidales;f__Muribaculaceae
15addf6517b9ab1f5a3ea8fd9e2ec643	d__Bacteria;k__Bacillati;p__Actinomycetota;c__Coriobacteriia;o__Eggerthellales;f__Eggerthellaceae;g__Incertae_Sedis
ea2b0e4a93c24c6c3661cbe347f93b74	d__Bacteria;k__Pseudomonadati--other;p__Bacteroidota;c__Bacteroidia;o__Bacteroidales;f__Bacteroidaceae;g__Bacteroides
bd7e83bd61dbfa76d8a873b12616118c	d__Bacteria;k__Bacillati;p__Clostridiota;c__Clostridia;o__Acetivibrionales;f__Lachnospiraceae;g__Oribacterium
fc4fd66e794dd6dac9df97342fd473dc	d__Bacteria;k__Bacillati;p__Clostridiota;c__Clostridia;o__Acetivibrionales;f__Lachnospiraceae;g__Eubacterium--other
aa3d561eaae21966a55c1fc9330d7acb	d__Bacteria;k__Pseudomonadati--other;p__Bacteroidota;c__Bacteroidia;o__Bacteroidales;f__Rikenellaceae;g__Candidatus_Cryptobacteroides
17e9130736b701a9c075165ea5a0a326	d__Bacteria;k__Bacillati;p__Clostridiota;c__Clostridia;o__Acetivibrionales;f__Lachnospiraceae
83766d28ed6786518472be37b27679ac	d__Bacteria;k__Bacillati;p__Clostridiota;c__Clostridia;o__Acetivibrionales;f__Lachnospiraceae;g__Marvinbryantia
b99703a162345491dd112dfeeb2fcd51	d__Bacteria;k__Bacillati;p__Clostridiota;c__Clostridia;o__Acetivibrionales;f__Oscillospiraceae;g__UCG-005
18b459d341359d0f618974394fed6618	d__Bacteria;k__Bacillati;p__Clostridiota;c__Clostridia;o__Acetivibrionales;f__Oscillospiraceae;g__UCG-005
c922f85ebf984d3b9bffc24bd23db92f	d__Bacteria;k__Bacillati;p__Clostridiota;c__Clostridia;o__Acetivibrionales;f__Oscillospiraceae;g__Incertae_Sedis
45e40bed8a616b49604144e7eafb892c	d__Bacteria;k__Bacillati;p__Mycoplasmatota;c__Mollicutes;o__Anaeroplasmatales;f__Anaeroplasmataceae;g__Anaeroplasma
4d04d759f5a6615dac43060726239891	d__Bacteria;k__Bacillati;p__Clostridiota;c__Clostridia;o__Acetivibrionales;f__Lachnospiraceae;g__Lachnospira
6465fea83446d9c2030c57bb86193dec	d__Bacteria;k__Bacillati;p__Clostridiota;c__Clostridia;o__Acetivibrionales;f__Incertae_Sedis;g__Incertae_Sedis
00788fbceada55caed2d6224baf52b08	d__Bacteria;k__Bacillati;p__Mycoplasmatota;c__Mollicutes;o__RF39;f__Incertae_Sedis;g__Incertae_Sedis
1cb2bf68bf81d7b354e44748dbe29575	d__Bacteria;k__Bacillati;p__Mycoplasmatota;c__Mollicutes;o__RF39;f__Incertae_Sedis;g__Incertae_Sedis
fe2ba316677cf54d04457f56d2018615	d__Bacteria;k__Bacillati;p__Clostridiota;c__Clostridia;o__Acetivibrionales;f__Oscillospiraceae
523558d4e31fb6a2b0406edb0598cf5f	d__Bacteria;k__Pseudomonadati--other;p__Bacteroidota;c__Bacteroidia;o__Bacteroidales;f__Prevotellaceae;g__Xylanibacter
81e00d9718d7324ab540d28c2a20208a	d__Bacteria;k__Bacillati;p__Clostridiota;c__Clostridia;o__Acetivibrionales;f__Oscillospiraceae;g__Vescimonas
eccb294d748e7d9b68ae3fcee9f717a3	d__Bacteria;k__Bacillati;p__Clostridiota;c__Clostridia;o__Acetivibrionales;f__Oscillospiraceae;g__Angelakisella
b7524ef7ac9cf7e32222a3068c9891b9	d__Bacteria;k__Bacillati;p__Clostridiota;c__Clostridia;o__Acetivibrionales;f__Oscillospiraceae;g__NK4A214_group
be62296da5a50ea41e33e5dc71a3f636	d__Bacteria;k__Pseudomonadati--other;p__Bacteroidota;c__Bacteroidia;o__Bacteroidales;f__Prevotellaceae;g__Xylanibacter
7454109782186d0de683ea7b84e1b6bd	d__Bacteria;k__Pseudomonadati--other;p__Bacteroidota;c__Bacteroidia;o__Bacteroidales;f__Prevotellaceae;g__Incertae_Sedis
cc58711b4f7deff8a9a1a931723badc5	d__Bacteria;k__Bacillati;p__Clostridiota;c__Clostridia;o__Acetivibrionales;f__Lachnospiraceae
45bbc89a3fb4cd7438fc15f1216622e1	d__Bacteria;k__Pseudomonadati--other;p__Bacteroidota;c__Bacteroidia;o__Bacteroidales;f__Muribaculaceae;g__Incertae_Sedis
995926bfc7569f39bfeaf67860ec46a7	d__Bacteria;k__Bacillati;p__Clostridiota;c__Clostridia;o__Acetivibrionales;f__Incertae_Sedis;g__Incertae_Sedis
c4900434c3cc85ebbcb34b744feca476	d__Bacteria;k__Bacillati;p__Clostridiota;c__Clostridia;o__Acetivibrionales;f__Lachnospiraceae
5f9a234cfeaa7136b6dc9a4ddaf6f506	d__Bacteria;k__Bacillati;p__Clostridiota;c__Clostridia;o__Acetivibrionales;f__Lachnospiraceae
0701a48d0f7aee027d1fcc3ee66aa161	d__Bacteria;k__Pseudomonadati--other;p__Bacteroidota;c__Bacteroidia;o__Bacteroidales;f__Muribaculaceae
d133f867be8a97500a73558476fcb050	d__Bacteria;k__Bacillati;p__Clostridiota;c__Clostridia;o__Acetivibrionales;f__Maliibacteriaceae;g__Maliibacterium
7ffb51d1265a9537ece1864ec09fe6df	d__Bacteria;k__Bacillati;p__Clostridiota;c__Clostridia;o__Acetivibrionales;f__Oscillospiraceae;g__Incertae_Sedis
9f4194aae6fac1d38e3006f98866c3fe	d__Bacteria;k__Pseudomonadati--other;p__Bacteroidota;c__Bacteroidia;o__Bacteroidales;f__Prevotellaceae;g__Xylanibacter
cd8e72be78b372081ca793d9670bdd3e	d__Bacteria;k__Bacillati;p__Clostridiota;c__Clostridia;o__Acetivibrionales;f__Oscillospiraceae;g__UCG-005
9799796c41b78e2e4d2a7aeeb2264671	d__Bacteria;k__Pseudomonadati--other;p__Bacteroidota;c__Bacteroidia;o__Bacteroidales;f__Prevotellaceae;g__Xylanibacter
48a3137cf777247decf83bfca309f489	d__Bacteria;k__Bacillati;p__Clostridiota;c__Clostridia;o__Acetivibrionales;f__Lachnospiraceae;g__Candidatus_Lachnoclostridium
ce6ecede43ef803787875bc78514303c	d__Bacteria;k__Bacillati;p__Clostridiota;c__Clostridia;o__Acetivibrionales;f__Oscillospiraceae;g__Faecalibacterium
8ef31508d9a2fc6f83935de5607a686c	d__Bacteria;k__Bacillati;p__Clostridiota;c__Clostridia;o__Acetivibrionales;f__Oscillospiraceae;g__Intestinimonas
57061b9f6957b66ec4a84d31964b655c	d__Bacteria;k__Pseudomonadati--other;p__Bacteroidota;c__Bacteroidia;o__Bacteroidales;f__Prevotellaceae;g__Xylanibacter
c162a4f3943238810eba8a25f0563cca	d__Bacteria;k__Pseudomonadati--other;p__Bacteroidota;c__Bacteroidia;o__Bacteroidales;f__Bacteroidaceae;g__Bacteroides
8720f9ecd2331ce68e2896df1bf2d977	d__Bacteria;k__Bacillati;p__Actinomycetota;c__Coriobacteriia;o__Coriobacteriales;f__Coriobacteriaceae;g__Collinsella
e150765b9a4a483c7ec513bc6284d251	d__Bacteria;k__Pseudomonadati;p__Pseudomonadota;c__Gammaproteobacteria;o__Burkholderiales;f__Sutterellaceae;g__Sutterella--other
4e88bb55d702c2be70d20800ec56aa0f	d__Bacteria;k__Pseudomonadati--other;p__Bacteroidota;c__Bacteroidia;o__Bacteroidales;f__Muribaculaceae;g__Muribaculum
2422766d3ad3e4af0bc1aa6fac53c2c8	d__Bacteria;k__Bacillati;p__Cyanobacteriota;c__Vampirovibrionophyceae;o__Candidatus_Gastranaerophilales;f__Candidatus_Gastranaerophilaceae;g__Incertae_Sedis
8937656c16c20701c107e715bad86732	d__Bacteria;k__Bacillati;p__Clostridiota;c__Clostridia;o__Acetivibrionales;f__Lachnospiraceae;g__Agathobacter
e6277975ebc41376e865ca102755a3c2	d__Bacteria;k__Bacillati;p__Clostridiota;c__Clostridia;o__Acetivibrionales;f__Oscillospiraceae;g__UCG-005
a890229e8b7b9816dc556dfecbfc60ed	d__Bacteria;k__Bacillati;p__Clostridiota;c__Clostridia;o__Acetivibrionales;f__Oscillospiraceae;g__Solibaculum
446d81077935e09e302d857ad27b6c0d	d__Bacteria;k__Bacillati;p__Clostridiota;c__Clostridia;o__Acetivibrionales;f__Oscillospiraceae;g__Incertae_Sedis
089e0fdf11ca52a29c911686e3eb086e	d__Bacteria;k__Bacillati;p__Clostridiota;c__Clostridia;o__Acetivibrionales;f__Oscillospiraceae;g__Solibaculum
46316fb2c838fa78178de5d79134fea9	d__Bacteria;k__Bacillati;p__Clostridiota;c__Clostridia;o__Acetivibrionales;f__Oscillospiraceae;g__Clostridium--other
1270dc5c3e8f9adbdcc91ebefe5fdc67	d__Bacteria;k__Bacillati;p__Desulfotomaculota;c__Negativicutes;o__Acidaminococcales;f__Acidaminococcaceae;g__Phascolarctobacterium
04fb295fa9bbc4b0971adc3b84921cea	d__Bacteria;k__Pseudomonadati--other;p__Bacteroidota;c__Bacteroidia;o__Bacteroidales;f__Prevotellaceae;g__Xylanibacter
b99b3f982ced77cc80eaece6527ca676	d__Bacteria;k__Bacillati;p__Mycoplasmatota;c__Mollicutes;o__RF39;f__Incertae_Sedis;g__Incertae_Sedis
ecb0a966ee746cb63f5666337933309a	d__Bacteria;k__Bacillati;p__Clostridiota;c__Clostridia;o__Acetivibrionales;f__Oscillospiraceae;g__Flavonifractor
a49c6b570c1baef9b461f6bcf7965ce1	d__Bacteria;k__Bacillati;p__Clostridiota;c__Clostridia;o__Acetivibrionales;f__Lachnospiraceae
c492de42a100746b833a7d4b69cff7ca	d__Bacteria;k__Bacillati;p__Clostridiota;c__Clostridia;o__Acetivibrionales;f__Oscillospiraceae;g__Incertae_Sedis
8066ac8a8f3388bb7b83f991e35f4d82	d__Bacteria;k__Bacillati;p__Mycoplasmatota;c__Mollicutes;o__RF39;f__Incertae_Sedis;g__Incertae_Sedis
bbc79827f232ab8add67bf6e0e6b6474	d__Bacteria;k__Bacillati;p__Clostridiota;c__Clostridia;o__Acetivibrionales;f__Lachnospiraceae;g__Butyrivibrio
85a4c34499abe1068bc03a045cc218b5	d__Bacteria;k__Pseudomonadati--other;p__Bacteroidota;c__Bacteroidia;o__Bacteroidales;f__Bacteroidaceae;g__Bacteroides
9f2e84dbd5b44a36ec656339ed2cb616	d__Bacteria;k__Bacillati;p__Clostridiota;c__Clostridia;o__Acetivibrionales;f__Incertae_Sedis;g__Incertae_Sedis
3a1461e8439091ad6b93af0ddb3849eb	d__Bacteria;k__Bacillati;p__Clostridiota;c__Clostridia;o__Acetivibrionales;f__Oscillospiraceae;g__Incertae_Sedis
5d1e1bf33aaf53cce2bf03310422e4e2	d__Bacteria;k__Pseudomonadati;p__Pseudomonadota;c__Gammaproteobacteria;o__Burkholderiales;f__Sutterellaceae;g__Sutterella--other
6d5d606d108fbcadd7de59834c6c8da5	d__Bacteria;k__Bacillati;p__Clostridiota;c__Clostridia;o__Acetivibrionales;f__Incertae_Sedis;g__Incertae_Sedis
3849a3f8ce0fefc501e0cff5974f9ca4	d__Bacteria;k__Pseudomonadati--other;p__Bacteroidota;c__Bacteroidia;o__Bacteroidales;f__Rikenellaceae;g__Candidatus_Cryptobacteroides
ce9a775ce0e9792d5bdd35d1d11587a8	d__Bacteria;k__Bacillati;p__Clostridiota;c__Clostridia;o__Acetivibrionales;f__Oscillospiraceae;g__Tepidibaculum
b5f464512281322518b5f6ff1fbfbfdc	d__Bacteria;k__Bacillati;p__Clostridiota;c__Clostridia;o__Acetivibrionales;f__Lachnospiraceae;g__Anaerostipes--other
4a86baaa7e5adb00842830155d3c7fd0	d__Bacteria;k__Bacillati;p__Clostridiota;c__Clostridia;o__Acetivibrionales;f__Oscillospiraceae;g__Incertae_Sedis
c40193533ccf55c965ce3107390b3504	d__Bacteria;k__Pseudomonadati--other;p__Bacteroidota;c__Bacteroidia;o__Bacteroidales;f__Rikenellaceae;g__Candidatus_Cryptobacteroides
da45feca5941e54d55512652e2d65c8e	d__Bacteria;k__Pseudomonadati--other;p__Bacteroidota;c__Bacteroidia;o__Bacteroidales;f__Prevotellaceae;g__Xylanibacter
3b87ec53b598f09d0a16e620c6451a5f	d__Bacteria;k__Bacillati;p__Mycoplasmatota;c__Mollicutes;o__RF39;f__Incertae_Sedis;g__Incertae_Sedis
4a1b235264d7c2153228e161c68c4029	d__Bacteria;k__Bacillati;p__Clostridiota;c__Clostridia;o__Acetivibrionales;f__Lachnospiraceae;g__Butyrivibrio
762a7c21e38067549081eeddb8dd2395	d__Bacteria;k__Bacillati;p__Clostridiota;c__Clostridia;o__Acetivibrionales;f__Oscillospiraceae;g__Clostridium--other
4b183c9afd03f7c3c6b739bd4a279953	d__Bacteria;k__Pseudomonadati--other;p__Bacteroidota;c__Bacteroidia;o__Bacteroidales
5b6493dddf4adae5b1eb7314e6a63627	d__Bacteria;k__Bacillati;p__Clostridiota;c__Clostridia;o__Acetivibrionales;f__Oscillospiraceae;g__Incertae_Sedis
187b86bf419836d2325e413a45fb260e	d__Bacteria;k__Bacillati;p__Clostridiota;c__Clostridia;o__Acetivibrionales;f__Oscillospiraceae;g__Incertae_Sedis
a798abb22f0cd02c6061ac9753910e3f	d__Bacteria;k__Bacillati;p__Clostridiota;c__Clostridia;o__Acetivibrionales;f__Oscillospiraceae;g__NK4A214_group
29317cb808ba164976e82d3f7fed7bfd	d__Bacteria;k__Pseudomonadati--other;p__Kiritimatiellota;c__Kiritimatiellia--other;o__WCHB1-41;f__Incertae_Sedis;g__Incertae_Sedis
2d549f5141219b9c40fa1ff1bf215f69	d__Bacteria;k__Bacillati;p__Clostridiota;c__Clostridia;o__Acetivibrionales;f__Oscillospiraceae;g__Solibaculum
e5c67d4a73757253e743eb1cc11aa761	d__Bacteria;k__Pseudomonadati--other;p__Bacteroidota;c__Bacteroidia;o__Bacteroidales;f__Bacteroidaceae;g__Bacteroides
a6bf93a2e5b09159134261bfae584ab0	d__Bacteria;k__Bacillati;p__Clostridiota;c__Clostridia;o__Acetivibrionales;f__Oscillospiraceae;g__Incertae_Sedis
cf74b0347e8d21e462b627b4e3733614	d__Bacteria;k__Bacillati;p__Clostridiota;c__Clostridia;o__Acetivibrionales;f__Oscillospiraceae;g__Incertae_Sedis
cec4260217c0080de9027e7e4d0ebe05	d__Bacteria;k__Pseudomonadati--other;p__Bacteroidota;c__Bacteroidia;o__Bacteroidales;f__Muribaculaceae;g__Incertae_Sedis
649c3ac7f346bbffe07c8b41c8ca0d1f	d__Bacteria;k__Pseudomonadati--other;p__Bacteroidota;c__Bacteroidia;o__Bacteroidales;f__Prevotellaceae;g__Xylanibacter
70135606ca09477f5837dbaed020aa75	d__Bacteria;k__Bacillati;p__Clostridiota;c__Clostridia;o__Acetivibrionales;f__Oscillospiraceae;g__Solibaculum
aa3e2d76e864d7909b51110e211ef36c	d__Bacteria;k__Bacillati;p__Clostridiota;c__Clostridia;o__Acetivibrionales;f__Oscillospiraceae;g__Solibaculum
d49d8bb892cc5619a2bb435f24e24de9	d__Bacteria;k__Bacillati;p__Clostridiota;c__Clostridia;o__Acetivibrionales;f__Lachnospiraceae
8b42e83e916050ff375357d6314a901b	d__Bacteria;k__Pseudomonadati;p__Desulfovibrionota;c__Desulfovibrionia;o__Desulfovibrionales;f__Desulfovibrionaceae;g__Desulfovibrio
d21a09420ef903d70842065433681b8d	d__Bacteria;k__Bacillati;p__Clostridiota;c__Clostridia;o__Acetivibrionales;f__Lachnospiraceae;g__Lachnospira
744a87242567ff98535920e09cf99f93	d__Bacteria;k__Bacillati;p__Clostridiota;c__Clostridia;o__Acetivibrionales;f__Oscillospiraceae;g__Incertae_Sedis
3f9681bc6b6b8e238041c0d16644bb4a	d__Bacteria;k__Pseudomonadati--other;p__Bacteroidota;c__Bacteroidia;o__Bacteroidales;f__Prevotellaceae;g__Segatella
5245d247493e1e89c99f7fa80421a286	d__Bacteria;k__Bacillati;p__Clostridiota;c__Clostridia;o__Acetivibrionales;f__Oscillospiraceae;g__Tepidibaculum
27b492aa48528effa647a587eebec3c5	d__Bacteria;k__Bacillati;p__Desulfotomaculota;c__Negativicutes;o__Acidaminococcales;f__Acidaminococcaceae;g__Phascolarctobacterium
4af256d1cdba0fd8fa3f07ed5fa6a34d	d__Bacteria;k__Pseudomonadati--other;p__Bacteroidota;c__Bacteroidia;o__Bacteroidales;f__Prevotellaceae
ca9650cf027770fbb20e82f9a2e0fb80	d__Bacteria;k__Bacillati;p__Clostridiota;c__Clostridia;o__Acetivibrionales;f__Oscillospiraceae;g__Incertae_Sedis
93a3aef63997c4b95ca91beb251c8f7b	d__Bacteria;k__Bacillati;p__Clostridiota;c__Clostridia;o__Acetivibrionales;f__Incertae_Sedis;g__Incertae_Sedis
765a7457223d0e7923a7d85d9a6bc3fd	d__Bacteria;k__Bacillati;p__Clostridiota;c__Clostridia;o__Acetivibrionales;f__Oscillospiraceae;g__Qingrenia
8389fbe059e147baac4fd2e08269b13f	d__Bacteria;k__Pseudomonadati--other;p__Bacteroidota;c__Bacteroidia;o__Bacteroidales;f__Muribaculaceae;g__Sodaliphilus
eb434efb7dc73e9cbc696e3999c2d868	d__Bacteria;k__Pseudomonadati--other;p__Kiritimatiellota;c__Kiritimatiellia--other;o__WCHB1-41;f__Incertae_Sedis;g__Incertae_Sedis
a35267fa13978a8896f6d2e208fb2aa7	d__Bacteria;k__Bacillati;p__Minisyncoccota
38b47c0976bb34aa49e891f880f7f347	d__Bacteria;k__Bacillati;p__Clostridiota;c__Clostridia;o__Acetivibrionales;f__Lachnospiraceae;g__Tyzzerella
98b0aec2f70733cc43aeefed6237b2cb	d__Bacteria;k__Bacillati;p__Clostridiota;c__Clostridia;o__Acetivibrionales;f__Oscillospiraceae;g__UCG-005
1122e3e704b3328c5260229e1d706986	d__Bacteria;k__Bacillati;p__Clostridiota;c__Clostridia;o__Acetivibrionales;f__Oscillospiraceae;g__Vescimonas
426c03b2c4ba5ebf11aec57b63ddfbd2	d__Bacteria;k__Bacillati;p__Clostridiota;c__Clostridia;o__Acetivibrionales;f__Lachnospiraceae;g__Anaerostipes--other
e5cf41d5e878b89169e8596e4b0718bc	d__Bacteria;k__Bacillati;p__Cyanobacteriota;c__Vampirovibrionophyceae;o__Candidatus_Gastranaerophilales;f__Candidatus_Gastranaerophilaceae;g__Incertae_Sedis
0c116ebff0475190cc6c9d135bdcbf77	d__Bacteria;k__Bacillati;p__Clostridiota;c__Clostridia;o__Acetivibrionales;f__Oscillospiraceae
26152832014db6a9a423d64dc32e45c3	d__Bacteria;k__Bacillati;p__Clostridiota;c__Clostridia;o__Acetivibrionales;f__Lachnospiraceae
b6f59c7debf0b592312abbceef553d7b	d__Bacteria;k__Bacillati;p__Desulfotomaculota;c__Negativicutes;o__Selenomonadales;f__Selenomonadaceae;g__Anaerovibrio
490acf5f359a3d0e922d9a3fe8c07ebf	d__Bacteria;k__Bacillati;p__Clostridiota;c__Clostridia;o__Acetivibrionales;f__Oscillospiraceae
c70baea37b9422915a7f95229afa6e4a	d__Bacteria;k__Bacillati;p__Mycoplasmatota;c__Erysipelotrichia;o__Erysipelotrichales;f__Coprobacillaceae;g__UCG-004
b355546f8143ff69b361751f283a7468	d__Bacteria;k__Bacillati;p__Actinomycetota;c__Coriobacteriia;o__Incertae_Sedis;f__Incertae_Sedis;g__Incertae_Sedis
e7ffb12a7a706f9a8216afa0eff1c0e0	d__Bacteria;k__Bacillati;p__Desulfotomaculota;c__Negativicutes;o__Selenomonadales;f__Selenomonadaceae
8946bfb8eed3cbc101820f07e9ad563f	d__Bacteria;k__Bacillati;p__Clostridiota;c__Clostridia;o__Acetivibrionales;f__Oscillospiraceae;g__NK4A214_group
0d31738f736f76e24c84f379d86a7c95	d__Bacteria;k__Bacillati;p__Clostridiota;c__Clostridia;o__Acetivibrionales;f__Oscillospiraceae;g__Solibaculum
45434600dd012583a6dbc10f284cb15f	d__Bacteria;k__Bacillati;p__Clostridiota;c__Clostridia;o__Acetivibrionales;f__Lachnospiraceae
1d640006d2e424746d5ec65b8ca340ab	d__Bacteria;k__Bacillati;p__Actinomycetota;c__Coriobacteriia;o__Eggerthellales;f__Eggerthellaceae;g__Incertae_Sedis
c5e4639161b2f857c8cc423f54fcd3c4	d__Bacteria;k__Bacillati;p__Mycoplasmatota;c__Erysipelotrichia;o__Erysipelotrichales;f__Erysipelotrichaceae;g__Lactimicrobium
3c543b3313cd094efc4b6185c48d2176	d__Bacteria;k__Bacillati;p__Mycoplasmatota;c__Mollicutes;o__RF39;f__Incertae_Sedis;g__Incertae_Sedis
b1f5c0ea13abf695576845e9caec5ba4	d__Bacteria;k__Pseudomonadati--other;p__Bacteroidota;c__Bacteroidia;o__Bacteroidales;f__Prevotellaceae;g__Xylanibacter
348aca0dca9ddedc98eccb9f2aa496e3	d__Bacteria;k__Bacillati;p__Chloroflexota--other;c__Anaerolineae;o__Anaerolineales;f__Anaerolineaceae;g__Flexilinea
378352d90398aabf67eec3769512c65c	d__Bacteria;k__Bacillati;p__Clostridiota;c__Clostridia;o__Acetivibrionales;f__Oscillospiraceae;g__Incertae_Sedis
fbfa4004360da6f3cd72a2a3749ec651	d__Bacteria;k__Pseudomonadati--other;p__Bacteroidota;c__Bacteroidia;o__Bacteroidales;f__Muribaculaceae
3e2db55495d9c26a4bb18cfeb9f2fbc8	d__Bacteria;k__Pseudomonadati--other;p__Bacteroidota;c__Bacteroidia;o__Bacteroidales;f__Muribaculaceae;g__Paramuribaculum
ce13c65b4b2b95ccc9fc078dc231d0a4	d__Bacteria;k__Pseudomonadati--other;p__Bacteroidota;c__Bacteroidia;o__Bacteroidales;f__Prevotellaceae;g__Phocaeicola
594baee8dbfdf32d8bb5c34dd8d4259e	d__Bacteria;k__Pseudomonadati--other;p__Kiritimatiellota;c__Kiritimatiellia--other;o__WCHB1-41;f__Incertae_Sedis;g__Incertae_Sedis
ddbf0e90625df3e5ed4db8c35a109813	d__Bacteria;k__Pseudomonadati--other;p__Bacteroidota;c__Bacteroidia;o__Bacteroidales;f__Prevotellaceae;g__Xylanibacter
40f601ace307dff700d7343c797f8761	d__Bacteria;k__Bacillati;p__Mycoplasmatota;c__Mollicutes;o__RF39;f__Incertae_Sedis;g__Incertae_Sedis
a404be659505e01988d16b8569faa9c8	d__Bacteria;k__Bacillati;p__Clostridiota;c__Clostridia;o__Acetivibrionales;f__Oscillospiraceae;g__Incertae_Sedis
5b1954a083ecd9f5a611424a445fbd47	d__Bacteria;k__Bacillati;p__Clostridiota;c__Clostridia;o__Acetivibrionales;f__Oscillospiraceae;g__Incertae_Sedis
34ad9457f9fd52d6f45bbb90cc43807f	d__Bacteria;k__Pseudomonadati--other;p__Bacteroidota;c__Bacteroidia;o__Bacteroidales;f__Prevotellaceae;g__Xylanibacter
7d28c0c0264bbf2ad887391058efd9ed	d__Bacteria;k__Pseudomonadati--other;p__Bacteroidota;c__Bacteroidia;o__Bacteroidales
9a655c7a6a3657fadd9dcf0506f50e01	d__Bacteria;k__Bacillati;p__Clostridiota;c__Clostridia;o__Acetivibrionales;f__Oscillospiraceae;g__Solibaculum
1ac8da46a33e7c5c082d2a9188395d8e	d__Bacteria;k__Pseudomonadati--other;p__Bacteroidota;c__Bacteroidia;o__Bacteroidales;f__Muribaculaceae
ebae26738814f99315ddde455fba3ac4	d__Bacteria;k__Pseudomonadati--other;p__Bacteroidota;c__Bacteroidia;o__Bacteroidales;f__Prevotellaceae;g__Segatella
250329d0cbffc2099d4d24920bd77eff	d__Bacteria;k__Bacillati;p__Clostridiota;c__Clostridia;o__Acetivibrionales;f__Oscillospiraceae;g__Candidatus_Evtepia
ea3433f2c148c6fae4cc2e9ae197f5b8	d__Bacteria;k__Bacillati;p__Clostridiota;c__Clostridia;o__Peptostreptococcales;f__Peptostreptococcaceae;g__Intestinibacter
aa92b2178e645bf9cf518581143b581d	d__Bacteria;k__Bacillati;p__Clostridiota;c__Clostridia;o__Acetivibrionales;f__Lachnospiraceae
a32719ac6f6372ec8caddb34250bb4d5	d__Bacteria;k__Bacillati;p__Clostridiota;c__Clostridia;o__Acetivibrionales;f__Oscillospiraceae;g__Ruminococcoides
bdf5c87dc5d371d90b8b4a1c87655fe0	d__Bacteria;k__Bacillati;p__Mycoplasmatota;c__Mollicutes;o__RF39;f__Incertae_Sedis;g__Incertae_Sedis
d34491e3a02cd6a3a1d381669d0dddc8	d__Bacteria;k__Bacillati;p__Mycoplasmatota;c__Mollicutes;o__RF39;f__Incertae_Sedis;g__Incertae_Sedis
a1e44789215ecc7b61d3c7b15f2ac7c9	d__Bacteria;k__Bacillati;p__Clostridiota;c__Clostridia;o__Acetivibrionales;f__Oscillospiraceae;g__Tepidibaculum
81bf9c58b788685b783a54a9e967cf98	d__Bacteria;k__Bacillati;p__Clostridiota;c__Clostridia;o__Acetivibrionales;f__Aristaeellaceae;g__Aristaeella
2ac8b2fb4ff7f2540bf5a64037f2ed71	d__Bacteria;k__Bacillati;p__Clostridiota;c__Clostridia;o__Acetivibrionales;f__Lachnospiraceae
f93ab3e41258494a2b2c74f0d7c87c4f	d__Bacteria;k__Pseudomonadati--other;p__Bacteroidota;c__Bacteroidia;o__Bacteroidales;f__Prevotellaceae
44df67e66c59defd3970fc6e5c00b7cc	d__Bacteria;k__Bacillati;p__Clostridiota;c__Clostridia;o__Acetivibrionales;f__Oscillospiraceae;g__Faecalibacterium
cee596933b6ed548ddafe135340bfcaa	d__Bacteria;k__Bacillati;p__Clostridiota;c__Clostridia;o__Acetivibrionales;f__Oscillospiraceae;g__NK4A214_group
effa5a351b78ed7412fbc43bad8b51c0	d__Bacteria;k__Bacillati;p__Clostridiota;c__Clostridia;o__Acetivibrionales;f__Oscillospiraceae;g__Eubacterium--other
371b4c5d9c7e44f8d89990b8601db98a	d__Bacteria;k__Bacillati;p__Clostridiota;c__Clostridia;o__Acetivibrionales;f__Oscillospiraceae;g__Faecalibacterium
65e21780bd6d36511043601cd512bf48	d__Bacteria;k__Pseudomonadati--other;p__Bacteroidota;c__Bacteroidia;o__Bacteroidales;f__Prevotellaceae;g__Xylanibacter
f44e80fa35da44bb8bfc6288d73b7f34	d__Bacteria;k__Bacillati;p__Clostridiota;c__Clostridia;o__Acetivibrionales;f__Lachnospiraceae;g__Butyribacter
94df2cf291c9039ef5c67cb48fc362b0	d__Bacteria;k__Bacillati;p__Clostridiota;c__Clostridia;o__Acetivibrionales;f__Lachnospiraceae;g__Coprococcus--other
84693ded5d03d5b9d09aefd11ca91f39	d__Bacteria;k__Bacillati;p__Clostridiota;c__Clostridia;o__Acetivibrionales;f__Oscillospiraceae
3e347c836e307d255ef52b470e02fe83	d__Bacteria;k__Bacillati;p__Mycoplasmatota;c__Mollicutes;o__RF39;f__Incertae_Sedis;g__Incertae_Sedis
9e5dffb9601c7781233c8f8a157cab5b	d__Bacteria;k__Bacillati;p__Clostridiota;c__Clostridia;o__Acetivibrionales;f__Lachnospiraceae
ff154a3816c2aa4100a7d80c7559d611	d__Bacteria;k__Bacillati;p__Clostridiota;c__Clostridia;o__Acetivibrionales;f__Oscillospiraceae;g__Acutalibacter
5f59ad3567a0c840e0e6b53ab9afc5e0	d__Bacteria;k__Bacillati;p__Mycoplasmatota;c__Mollicutes;o__RF39;f__Incertae_Sedis;g__Incertae_Sedis
56e0f54116975104ec829cbdda321eee	d__Bacteria;k__Pseudomonadati--other;p__Bacteroidota;c__Bacteroidia;o__Bacteroidales;f__p-251-o5;g__Incertae_Sedis
b14925d625fdd18f4b7b9803a399edb5	d__Bacteria;k__Pseudomonadati;p__Pseudomonadota;c__Gammaproteobacteria;o__Burkholderiales;f__Sutterellaceae;g__Mesosutterella
6fcd7b34715bb079eef60dabd910775b	d__Bacteria;k__Bacillati;p__Clostridiota;c__Clostridia;o__Acetivibrionales;f__Oscillospiraceae
72dfbbc5a881c99cd4ad02cab1800aa2	d__Bacteria;k__Bacillati;p__Clostridiota;c__Clostridia;o__Acetivibrionales;f__Oscillospiraceae;g__Tepidibaculum
d0e91f9c155e0a69f60f044c82b92b0b	d__Bacteria;k__Bacillati;p__Mycoplasmatota;c__Erysipelotrichia;o__Erysipelotrichales;f__Erysipelotrichaceae;g__Incertae_Sedis
6407a8b762177a2bc73c8cf959e2ee70	d__Bacteria;k__Bacillati;p__Clostridiota;c__Clostridia;o__Acetivibrionales;f__Oscillospiraceae;g__Monoglobus--other
5e7858798460b761109fff68ad946823	d__Bacteria;k__Bacillati;p__Clostridiota;c__Clostridia;o__Acetivibrionales;f__Lachnospiraceae
fea9d02fbe9ea5866715c0b4e52e7771	d__Bacteria;k__Bacillati;p__Clostridiota;c__Clostridia;o__Acetivibrionales;f__Oscillospiraceae;g__NK4A214_group
66e721c383b34652f02083b6b7df5a35	d__Bacteria;k__Pseudomonadati--other;p__Bacteroidota;c__Bacteroidia;o__Bacteroidales;f__Prevotellaceae;g__Xylanibacter
b431a227ee1d2f3386c168f332f152be	d__Bacteria;k__Pseudomonadati--other;p__Bacteroidota;c__Bacteroidia;o__Bacteroidales;f__Prevotellaceae;g__Xylanibacter
8f10e987cd4d41c34162c0201032a9db	d__Bacteria;k__Bacillati;p__Clostridiota;c__Clostridia;o__Acetivibrionales;f__Lachnospiraceae
b4e6fb6c13cd9e6c4ea9c4e5a435afe5	d__Bacteria;k__Bacillati;p__Clostridiota;c__Clostridia;o__Acetivibrionales;f__Oscillospiraceae;g__Faecalibacterium
c6622e664d267eff5fda9b16f5c5ecfa	d__Bacteria;k__Bacillati;p__Clostridiota;c__Clostridia;o__Acetivibrionales;f__Oscillospiraceae;g__NK4A214_group
ab48f92b20a15e9ae250a144c7788297	d__Bacteria;k__Bacillati;p__Clostridiota;c__Clostridia;o__Acetivibrionales;f__Oscillospiraceae;g__Vescimonas
5fd059ec698be9367756a90675807716	d__Bacteria;k__Bacillati;p__Clostridiota;c__Clostridia;o__Acetivibrionales;f__Oscillospiraceae;g__Solibaculum
869cc65beba590d6d47988119e17e098	d__Bacteria;k__Pseudomonadati--other;p__Spirochaetota;c__Spirochaetia;o__Spirochaetales;f__Treponemataceae;g__Treponema
b38ee1f6febe5bd4352de30703168f41	d__Bacteria;k__Bacillati;p__Clostridiota;c__Clostridia;o__Acetivibrionales;f__Lachnospiraceae
f9036ddcb51f637337e9e3c452003e93	d__Bacteria;k__Bacillati;p__Clostridiota;c__Clostridia;o__Acetivibrionales;f__Aristaeellaceae;g__Aristaeella
bea64b97823727338048725c402db6ed	d__Bacteria;k__Pseudomonadati;p__Pseudomonadota;c__Alphaproteobacteria;o__Rhodospirillales;f__Terasakiellaceae;g__Incertae_Sedis
0dc8efd8023c618c0bc71383be9fe9bc	d__Bacteria;k__Bacillati;p__Clostridiota;c__Clostridia;o__Acetivibrionales;f__Anaerotignaceae;g__Anaerotignum--other
6544aa330ec6ca650def4e40ae77daff	d__Bacteria;k__Pseudomonadati--other;p__Bacteroidota;c__Bacteroidia;o__Bacteroidales;f__Prevotellaceae;g__Segatella
9eb58e6194061af44e3b1d87dc635c38	d__Bacteria;k__Bacillati;p__Clostridiota;c__Clostridia;o__Acetivibrionales;f__Lachnospiraceae
a3973d5409098d620c0e310959e0c5f5	d__Bacteria;k__Bacillati;p__Clostridiota;c__Clostridia;o__Acetivibrionales;f__Oscillospiraceae;g__Faecalibacterium
59326c7a9e5998501820c54d57a8be85	d__Bacteria;k__Bacillati;p__Clostridiota;c__Clostridia;o__Acetivibrionales;f__Lachnospiraceae;g__Lacrimispora--other
97c3cd41d3878f8f441190d5a9bfe578	d__Bacteria;k__Pseudomonadati--other;p__Bacteroidota;c__Bacteroidia;o__Bacteroidales;f__Bacteroidaceae;g__Paraphocaeicola
369d2871a2c965d837ada3d9153d61b0	d__Bacteria;k__Bacillati;p__Clostridiota;c__Clostridia;o__Acetivibrionales;f__Oscillospiraceae;g__Incertae_Sedis
6f23952bd1b77802f8c09636daf49d09	d__Bacteria;k__Bacillati;p__Clostridiota;c__Clostridia;o__Acetivibrionales;f__Oscillospiraceae;g__Incertae_Sedis
e37c13971d4d2130d507817bbff8dbd5	d__Bacteria;k__Pseudomonadati--other;p__Bacteroidota;c__Bacteroidia;o__Bacteroidales;f__Muribaculaceae
59efce455b3a701cd5134556c6131e8d	d__Bacteria;k__Bacillati;p__Clostridiota;c__Clostridia;o__Acetivibrionales;f__Oscillospiraceae;g__Solibaculum
79280cea51a6fe8a3432b2f266dd34db	d__Bacteria;k__Bacillati;p__Clostridiota;c__Clostridia;o__Acetivibrionales;f__Oscillospiraceae;g__Faecalibacterium
494ae8a2bec07efc7edd38f22a3acc8c	d__Bacteria;k__Pseudomonadati--other;p__Bacteroidota;c__Bacteroidia;o__Bacteroidales;f__Prevotellaceae;g__Xylanibacter
411892a8cab4f38ff090506362744ec6	d__Bacteria;k__Bacillati;p__Clostridiota;c__Clostridia;o__Acetivibrionales;f__Oscillospiraceae;g__Incertae_Sedis
ca133c033c970b7a051770f78b98a8d0	d__Bacteria;k__Pseudomonadati--other;p__Bacteroidota;c__Bacteroidia;o__Bacteroidales;f__Muribaculaceae;g__Lepagella
096cb54b348d54fab5564988e5c63313	d__Bacteria;k__Bacillati;p__Clostridiota;c__Clostridia;o__Acetivibrionales;f__Lachnospiraceae
c2655c893236a77fb656eafceee54bc7	d__Bacteria;k__Pseudomonadati--other;p__Bacteroidota;c__Bacteroidia;o__Bacteroidales;f__Prevotellaceae
7766c9e23cca8874dff77f6f4e4d0668	d__Bacteria;k__Pseudomonadati--other;p__Bacteroidota;c__Bacteroidia;o__Bacteroidales;f__Tannerellaceae;g__Parabacteroides
632c8c337871b561e33090902b75f6ce	d__Bacteria;k__Pseudomonadati;p__Pseudomonadota;c__Gammaproteobacteria;o__Burkholderiales;f__Sutterellaceae;g__Sutterella--other
bc3d30230a19482cba4a63e9382846b1	d__Bacteria;k__Pseudomonadati--other;p__Spirochaetota;c__Spirochaetia;o__Spirochaetales;f__Treponemataceae;g__Treponema
c8bdf49e93af95fa225a5f6d0a4c58da	d__Bacteria;k__Pseudomonadati--other;p__Bacteroidota;c__Bacteroidia;o__Bacteroidales;f__Rikenellaceae;g__Candidatus_Cryptobacteroides
f7686a74ca2d3729eb66305e8a26309b	d__Bacteria;k__Bacillati;p__Clostridiota;c__Clostridia;o__Acetivibrionales;f__Lachnospiraceae;g__Anaerostipes--other
08c3ef5a7c8c63898a9e4ed7668ceb6a	d__Bacteria;k__Bacillati;p__Clostridiota;c__Clostridia;o__Acetivibrionales;f__Oscillospiraceae;g__Faecalibacterium
c0084dceb0e1a96961c654743cdfd32e	d__Bacteria;k__Bacillati;p__Desulfotomaculota;c__Negativicutes;o__Selenomonadales;f__Selenomonadaceae;g__Megamonas
ad16bfb1c19634519144ec13cd43d00a	d__Bacteria;k__Bacillati;p__Desulfotomaculota;c__Negativicutes;o__Selenomonadales;f__Selenomonadaceae;g__Schwartzia
2183de565648a7e1ee5e172f691362fc	d__Bacteria;k__Bacillati;p__Actinomycetota;c__Coriobacteriia;o__Eggerthellales;f__Eggerthellaceae;g__Senegalimassilia
f38196dc24446481047d5059a4bd43b0	d__Bacteria;k__Pseudomonadati--other;p__Bacteroidota;c__Bacteroidia;o__Bacteroidales;f__Prevotellaceae;g__Segatella
185afa24c404354b01bc6d60588271f5	d__Bacteria;k__Bacillati;p__Clostridiota;c__Clostridia;o__Acetivibrionales;f__Oscillospiraceae;g__Incertae_Sedis
c8a3cc7179f40554c7a777002097d21e	d__Bacteria;k__Pseudomonadati--other;p__Bacteroidota;c__Bacteroidia;o__Bacteroidales
3ae763d6eae5e424384d117c6de909fc	d__Bacteria;k__Bacillati;p__Clostridiota;c__Clostridia;o__Peptostreptococcales;f__Anaerovoracaceae;g__Mogibacterium
4fce604d723d14d1a01d12e94798d3df	d__Bacteria;k__Pseudomonadati--other;p__Bacteroidota;c__Bacteroidia;o__Bacteroidales;f__Prevotellaceae;g__Xylanibacter
e4c549ce9341a21217e3f455043d822a	d__Bacteria;k__Pseudomonadati;p__Pseudomonadota;c__Epsilonproteobacteria;o__Campylobacterales;f__Helicobacteraceae;g__Helicobacter
0109308f1c76c8336b8cf051d2e0cff2	d__Bacteria;k__Pseudomonadati--other;p__Bacteroidota;c__Bacteroidia;o__Bacteroidales;f__Prevotellaceae;g__Xylanibacter
3100a05a430c563946b8e57966fff0ec	d__Bacteria;k__Bacillati;p__Clostridiota;c__Clostridia;o__Acetivibrionales;f__Oscillospiraceae
0aaad4f79a695b02934a4027b7c8b300	d__Bacteria;k__Bacillati;p__Clostridiota;c__Clostridia;o__Acetivibrionales;f__Oscillospiraceae;g__Ruminococcoides
750440c617149ed853f7fb496eac8d38	d__Bacteria;k__Pseudomonadati--other;p__Bacteroidota;c__Bacteroidia;o__Bacteroidales
8d40af6bc0786bc5991a6856f7b0dd3e	d__Bacteria;k__Bacillati;p__Clostridiota;c__Clostridia;o__Acetivibrionales;f__Lachnospiraceae;g__Blautia
06914e44819c1481426aab471d1acbd6	d__Bacteria;k__Bacillati;p__Clostridiota;c__Clostridia;o__Acetivibrionales;f__Lachnospiraceae;g__Lachnospiraceae_AC2044_group
a5d0fba7e7300ca0cc03ca38dc425192	d__Bacteria;k__Bacillati;p__Mycoplasmatota;c__Erysipelotrichia;o__Erysipelotrichales;f__Coprobacillaceae;g__UCG-004
320a187ba75e2878ad619a7421523afe	d__Bacteria;k__Bacillati;p__Clostridiota;c__Clostridia;o__Acetivibrionales;f__Oscillospiraceae;g__UCG-005
6333c65cd4acba0e93afa131abf66f79	d__Bacteria;k__Bacillati;p__Clostridiota;c__Clostridia;o__Acetivibrionales;f__Lachnospiraceae;g__Pararoseburia
ce8ae0c3d1f40b14470db0f6ed3a32fe	d__Bacteria;k__Bacillati;p__Clostridiota;c__Clostridia;o__Acetivibrionales;f__Lachnospiraceae
d2c7e0f2af2f5e4e4eb640b1f35eb5d3	d__Bacteria;k__Pseudomonadati--other;p__Bacteroidota;c__Bacteroidia;o__Bacteroidales;f__Prevotellaceae;g__Incertae_Sedis
a7f592405a5bbcd930bf1bda1397ba71	d__Bacteria;k__Bacillati;p__Clostridiota;c__Clostridia;o__Acetivibrionales;f__Oscillospiraceae
59677fba0973de98301c80ecd3d0c487	d__Bacteria;k__Bacillati;p__Clostridiota;c__Clostridia;o__Acetivibrionales;f__Oscillospiraceae;g__Solibaculum
77efe89c7c95eef0c66314fa294148a2	d__Bacteria;k__Bacillati;p__Clostridiota;c__Clostridia;o__Acetivibrionales;f__Lachnospiraceae
00cac0d63dbed24ae0e13b01cdbcaad7	d__Bacteria;k__Bacillati;p__Clostridiota;c__Clostridia;o__Acetivibrionales;f__Oscillospiraceae;g__Incertae_Sedis
bc59fb14d11a3ba1dab9bd423769000a	d__Bacteria;k__Bacillati;p__Mycoplasmatota;c__Erysipelotrichia;o__Erysipelotrichales;f__Erysipelotrichaceae;g__Lactimicrobium
44ae5e638b1993837e814931023aedb7	d__Bacteria;k__Bacillati;p__Clostridiota;c__Clostridia;o__Acetivibrionales;f__Oscillospiraceae;g__Saccharofermentans
f30dd67386e8a11730c27c8f514ca280	d__Bacteria;k__Pseudomonadati--other;p__Bacteroidota;c__Bacteroidia;o__Bacteroidales;f__Prevotellaceae;g__Xylanibacter
f8b30afc60571f0e6bd8b9dd63e8b939	d__Bacteria;k__Bacillati;p__Mycoplasmatota;c__Erysipelotrichia;o__Erysipelotrichales;f__Erysipelotrichaceae;g__Incertae_Sedis
368e35ef15ede0d91fc27fa052f8a14a	d__Bacteria;k__Bacillati;p__Mycoplasmatota;c__Erysipelotrichia;o__Erysipelotrichales;f__Coprobacillaceae
47ad35356a9bfec68416d32e4f039021	d__Bacteria;k__Bacillati;p__Bacillota;c__Bacilli;o__Staphylococcales;f__Staphylococcaceae;g__Staphylococcus--other
4b67505f5cfd1b306129485d492d5cf5	d__Bacteria;k__Bacillati;p__Clostridiota;c__Clostridia;o__Acetivibrionales;f__Incertae_Sedis;g__Incertae_Sedis
f3e8b268513a78d7917902aad575eb69	d__Bacteria;k__Bacillati;p__Actinomycetota;c__Coriobacteriia;o__Eggerthellales;f__Eggerthellaceae;g__Incertae_Sedis
1037ac77a33a6fb3af4d956e8c2594f7	d__Bacteria;k__Pseudomonadati--other;p__Bacteroidota;c__Bacteroidia;o__Bacteroidales;f__Rikenellaceae;g__hoa5-07d05_gut_group
56b4fc6470619bc3a26f68afbea88560	d__Bacteria;k__Bacillati;p__Clostridiota;c__Clostridia;o__Acetivibrionales;f__Oscillospiraceae;g__Flavonifractor
6a9eecdad7adca84bf721d4acff9262b	d__Bacteria;k__Bacillati;p__Clostridiota;c__Clostridia;o__Acetivibrionales;f__Oscillospiraceae;g__Incertae_Sedis
981de6a4bdc4eabaa7719482de9de123	d__Bacteria;k__Bacillati;p__Clostridiota;c__Clostridia;o__Peptostreptococcales;f__Anaerovoracaceae;g__Family_XIII_AD3011_group
b3fef1e26b7b6ac20847ede4da68547a	d__Bacteria;k__Bacillati;p__Bacillota;c__Bacilli;o__Lactobacillales;f__Lactobacillaceae;g__Lactobacillus--other
583b0be69b4e4e94e125c5fa5ee41fa4	d__Bacteria;k__Bacillati;p__Clostridiota;c__Clostridia;o__Acetivibrionales;f__Oscillospiraceae;g__Incertae_Sedis
950d3821b8196fa1443517bb41128af4	d__Bacteria;k__Bacillati;p__Clostridiota;c__Clostridia;o__Acetivibrionales;f__Lachnospiraceae;g__Tyzzerella
92411ad377888addefe52b0df4758ae9	d__Bacteria;k__Pseudomonadati--other;p__Bacteroidota;c__Bacteroidia;o__Bacteroidales;f__Bacteroidaceae;g__Paraphocaeicola
90e23ef4556cfd16d9a071fe3791e2f0	d__Bacteria;k__Pseudomonadati--other;p__Bacteroidota;c__Bacteroidia;o__Bacteroidales;f__Muribaculaceae;g__Muribaculum
f01483c754ef6d699df725b62a075ca5	d__Bacteria;k__Bacillati;p__Clostridiota;c__Clostridia;o__Acetivibrionales;f__Oscillospiraceae;g__Incertae_Sedis
1ea6fc63c384e0e42b806e84eb561e1e	d__Bacteria;k__Pseudomonadati--other;p__Bacteroidota;c__Bacteroidia;o__Bacteroidales;f__Tannerellaceae;g__Parabacteroides
4bb25a857d8b12a0f4144284e5d1914d	d__Bacteria;k__Pseudomonadati--other;p__Bacteroidota;c__Bacteroidia;o__Bacteroidales;f__Prevotellaceae;g__Xylanibacter
062f42a82447df88351a95e99ca7b07a	d__Bacteria;k__Pseudomonadati;p__Desulfovibrionota;c__Desulfovibrionia;o__Desulfovibrionales;f__Desulfovibrionaceae;g__Desulfovibrio
3d766867c97f511431bf97e059d6498f	d__Bacteria;k__Pseudomonadati--other;p__Bacteroidota;c__Bacteroidia;o__Bacteroidales;f__Tannerellaceae;g__Parabacteroides
948f920509d115a8e4deea99fc96724f	d__Bacteria;k__Bacillati;p__Mycoplasmatota;c__Mollicutes;o__RF39;f__Incertae_Sedis;g__Incertae_Sedis
66a20cac5b92428e0131dd0abbde7c8f	d__Bacteria;k__Bacillati;p__Clostridiota;c__Clostridia;o__Acetivibrionales;f__Oscillospiraceae;g__Incertae_Sedis
9876a0fc6302cd3a01402d147a1d58c6	d__Bacteria;k__Bacillati;p__Clostridiota;c__Clostridia;o__Acetivibrionales;f__Anaerotignaceae;g__Anaeropeptidivorans
a94009d0de14339a39250a87e865e14e	d__Bacteria;k__Bacillati;p__Clostridiota;c__Clostridia;o__Acetivibrionales;f__Incertae_Sedis;g__Incertae_Sedis
5cbe058d01227663e48644fbed0198e3	d__Bacteria;k__Bacillati;p__Cyanobacteriota;c__Vampirovibrionophyceae;o__Candidatus_Gastranaerophilales;f__Candidatus_Gastranaerophilaceae;g__Incertae_Sedis
243e78f4d924e01ab09fe8e826980bfd	d__Bacteria;k__Pseudomonadati--other;p__Bacteroidota;c__Bacteroidia;o__Bacteroidales;f__Bacteroidaceae;g__Caecibacteroides
dc086c8d51f22c5b72834c16ab95e503	d__Bacteria;k__Bacillati;p__Mycoplasmatota;c__Erysipelotrichia;o__Erysipelotrichales;f__Coprobacillaceae;g__UCG-004
ed11896ca6e2f33f3f666f4d5a017830	d__Bacteria;k__Bacillati;p__Mycoplasmatota;c__Mollicutes;o__RF39;f__Incertae_Sedis;g__Incertae_Sedis
1caedb0d1c4755452d45950d404341f6	d__Bacteria;k__Bacillati;p__Clostridiota;c__Clostridia;o__Acetivibrionales;f__Lachnospiraceae
740fc06aaaae6d8c763827de73127bc2	d__Bacteria;k__Pseudomonadati--other;p__Bacteroidota;c__Bacteroidia;o__Bacteroidales;f__Bacteroidaceae
b15c2f466e16cc71ebf6253c21bed6ff	d__Bacteria;k__Pseudomonadati--other;p__Bacteroidota;c__Bacteroidia;o__Bacteroidales;f__Prevotellaceae;g__Phocaeicola
9f4d14b114e7499772a797790d81c1db	d__Bacteria;k__Bacillati;p__Clostridiota;c__Clostridia;o__Acetivibrionales;f__Lachnospiraceae;g__Coprococcus--other
efb9d50338d52565e5db8e9f0b6bea06	d__Bacteria;k__Pseudomonadati--other;p__Bacteroidota;c__Bacteroidia;o__Bacteroidales;f__Muribaculaceae;g__Sodaliphilus
92b3c3419cd9f2d39dbf1f601ca6a26a	d__Bacteria;k__Pseudomonadati--other;p__Bacteroidota;c__Bacteroidia;o__Bacteroidales;f__Muribaculaceae
e82f395d24b7b99c0ac696220bcaf879	d__Bacteria;k__Bacillati;p__Clostridiota;c__Clostridia;o__Acetivibrionales;f__Oscillospiraceae;g__Tepidibaculum
796def3634037a64f34d2b4181ff5fd5	d__Bacteria;k__Pseudomonadati--other;p__Bacteroidota;c__Bacteroidia;o__Bacteroidales;f__Prevotellaceae;g__Xylanibacter
61ec0dcbad19907f2c719c39082ff45d	d__Bacteria;k__Bacillati;p__Actinomycetota;c__Coriobacteriia;o__Coriobacteriales
d40365904a6c8f51ae57d2b799776198	d__Bacteria;k__Pseudomonadati--other;p__Bacteroidota;c__Bacteroidia;o__Bacteroidales;f__Prevotellaceae;g__Xylanibacter
50b5aed8a1e6f77d11e44ab024b87de4	d__Bacteria;k__Pseudomonadati--other;p__Bacteroidota;c__Bacteroidia;o__Bacteroidales;f__Prevotellaceae;g__Segatella
482cf4e95e7f5e1beec0a433a490a678	d__Bacteria;k__Bacillati;p__Actinomycetota;c__Coriobacteriia;o__Eggerthellales;f__Eggerthellaceae;g__Ellagibacter
bfcf5646be6b0a74c2f619b2f8b30c3c	d__Archaea;k__Methanobacteriati;p__Methanobacteriota;c__Methanobacteria;o__Methanobacteriales;f__Methanobacteriaceae;g__Methanobrevibacter
55aee81442cfba9d4cddd6594996fb8e	d__Bacteria;k__Bacillati;p__Clostridiota;c__Clostridia;o__Acetivibrionales;f__Lachnospiraceae
e9af6bdc350fa5a144f1ba20ec150e1f	d__Bacteria;k__Pseudomonadati--other;p__Bacteroidota;c__Bacteroidia;o__Bacteroidales;f__Prevotellaceae;g__Xylanibacter
0386e4673a418e25a280529219130fa5	d__Bacteria;k__Bacillati;p__Clostridiota;c__Clostridia;o__Acetivibrionales;f__Lachnospiraceae
46bef2f880669823f64c9bfd862d899f	d__Bacteria;k__Bacillati;p__Clostridiota;c__Clostridia;o__Acetivibrionales;f__Lachnospiraceae
16a0655d9f2d6d566a02c341b32a9f7d	d__Bacteria;k__Bacillati;p__Clostridiota;c__Clostridia;o__Acetivibrionales;f__Lachnospiraceae;g__Faecalimonas
94b76baa7b76d9daaf9f375abe87b6db	d__Bacteria;k__Pseudomonadati--other;p__Bacteroidota;c__Bacteroidia;o__Bacteroidales;f__Prevotellaceae;g__Xylanibacter
88b983a3a3cdbf79a5e4226b5e20ff73	d__Bacteria;k__Bacillati;p__Desulfotomaculota;c__Negativicutes;o__Selenomonadales;f__Selenomonadaceae;g__Anaerovibrio
eb0f655873f8735bfe4109051632cdf4	d__Bacteria;k__Bacillati;p__Clostridiota;c__Clostridia;o__Acetivibrionales;f__Lachnospiraceae;g__Anaerostipes--other
48782c75b05eb4fcd8724e4914ba783b	d__Bacteria;k__Pseudomonadati--other;p__Bacteroidota;c__Bacteroidia;o__Bacteroidales;f__Prevotellaceae
0bd5da4d890c980d765430fac15c78bc	d__Bacteria;k__Pseudomonadati--other;p__Bacteroidota;c__Bacteroidia;o__Bacteroidales;f__Prevotellaceae
2c744de0a657ebc9e55beca477392702	d__Bacteria;k__Pseudomonadati--other;p__Bacteroidota;c__Bacteroidia;o__Bacteroidales;f__Bacteroidaceae;g__Paraphocaeicola
702ebef880eb9c4a4fd0a2b7e6e1342b	d__Bacteria;k__Pseudomonadati--other;p__Bacteroidota;c__Bacteroidia;o__Bacteroidales;f__Muribaculaceae
e9ad916c93ff127ade2a8283db7603a1	d__Bacteria;k__Bacillati;p__Clostridiota;c__Clostridia;o__Acetivibrionales;f__Lachnospiraceae;g__Blautia
26f7427b678fe6f9d106e607e0fd5190	d__Bacteria;k__Bacillati;p__Clostridiota;c__Clostridia;o__Acetivibrionales;f__Oscillospiraceae;g__Tepidibaculum
5187145018c14e3cb518eeff977f4839	d__Bacteria;k__Pseudomonadati--other;p__Bacteroidota;c__Bacteroidia;o__Bacteroidales;f__Prevotellaceae;g__Xylanibacter
eb7d3744fb0e53933fb5aceb0e76d2d6	d__Bacteria;k__Pseudomonadati;p__Desulfovibrionota;c__Desulfovibrionia;o__Desulfovibrionales;f__Desulfovibrionaceae;g__Desulfovibrio
5fc34be86ee3eed1c23462a1579e3790	d__Bacteria;k__Bacillati;p__Clostridiota;c__Clostridia;o__Acetivibrionales;f__Oscillospiraceae;g__Eubacterium--other
4a68605bd79541cbffa2a739029d6bc2	d__Bacteria;k__Pseudomonadati--other;p__Bacteroidota;c__Bacteroidia;o__Bacteroidales;f__Muribaculaceae;g__Sodaliphilus
1ccb92adf12c0700ae14c9575adb13cb	d__Bacteria;k__Pseudomonadati--other;p__Bacteroidota;c__Bacteroidia;o__Bacteroidales;f__Rikenellaceae;g__Candidatus_Cryptobacteroides
67a1122d40d243fded1394dc073f6512	d__Bacteria;k__Bacillati;p__Mycoplasmatota;c__Mollicutes;o__RF39;f__Incertae_Sedis;g__Incertae_Sedis
ed62fcaa6fae816c5bd611cb5d69a3e3	d__Bacteria;k__Pseudomonadati--other;p__Fibrobacterota;c__Fibrobacteria;o__Fibrobacterales;f__Fibrobacteraceae;g__Hallerella
2fd0d7c27a2fdac34d1084951a0a1b4f	d__Bacteria;k__Bacillati;p__Clostridiota;c__Clostridia;o__Acetivibrionales;f__Lachnospiraceae;g__Anaerostipes--other
12f45c0c81684a8fe091abcdd762645b	d__Bacteria;k__Bacillati;p__Clostridiota;c__Clostridia;o__Acetivibrionales;f__Lachnospiraceae;g__Lachnospiraceae_UCG-002
8972a4ba5fef74dc145221484dc51200	d__Bacteria;k__Bacillati;p__Clostridiota;c__Clostridia;o__Acetivibrionales;f__Oscillospiraceae;g__Tepidibaculum
a8d610c4cad1e7eafdb6bdf999fb7583	d__Bacteria;k__Pseudomonadati;p__Pseudomonadota;c__Gammaproteobacteria;o__Aeromonadales;f__Succinivibrionaceae;g__Incertae_Sedis
fc63d4b0f0daad171fe412f68921aeb1	d__Bacteria;k__Bacillati;p__Clostridiota;c__Clostridia;o__Acetivibrionales;f__Lachnospiraceae;g__Incertae_Sedis
163fe9d47ba896dfd9c0c35fa842a53e	d__Bacteria;k__Bacillati;p__Clostridiota;c__Clostridia;o__Acetivibrionales;f__Lachnospiraceae
8047714dd10e9987f6e91cb4717e8579	d__Archaea;k__Methanobacteriati--other;p__Thermoplasmatota;c__Thermoplasmata--other;o__Methanomassiliicoccales;f__Methanomethylophilaceae
883a1cf48c9cd20216f74d961cf1e46e	d__Bacteria;k__Pseudomonadati--other;p__Bacteroidota;c__Bacteroidia;o__Bacteroidales;f__Muribaculaceae;g__Candidatus_Limisoma
2c06105fc8a8c61858f0e9a33493bcaf	d__Bacteria;k__Pseudomonadati;p__Pseudomonadota;c__Alphaproteobacteria;o__Rhodospirillales;f__Terasakiellaceae;g__Incertae_Sedis
cc42ed01e236e8f05d25a7310d47e354	d__Bacteria;k__Bacillati;p__Clostridiota;c__Clostridia;o__Acetivibrionales;f__Oscillospiraceae;g__Candidatus_Pseudoruminococcus
32cc9f21ca80afcb46adbb90e1cbe18b	d__Bacteria;k__Bacillati;p__Clostridiota;c__Clostridia;o__Acetivibrionales;f__Lachnospiraceae;g__Blautia
a7cc555e9edcf1e5642f404ee6ac2b87	d__Bacteria;k__Pseudomonadati--other;p__Bacteroidota;c__Bacteroidia;o__Bacteroidales;f__Rikenellaceae;g__Candidatus_Cryptobacteroides
b50da0560bbba6ee48302b3438aca5c9	d__Bacteria;k__Bacillati;p__Desulfotomaculota;c__Negativicutes;o__Acidaminococcales;f__Acidaminococcaceae;g__Phascolarctobacterium
c74dae628f17f729b38026ee81438705	d__Bacteria;k__Bacillati;p__Mycoplasmatota;c__Mollicutes;o__RF39;f__Incertae_Sedis;g__Incertae_Sedis
ffd46a862d148bdb1268b57a58838f75	d__Bacteria;k__Bacillati;p__Mycoplasmatota;c__Mollicutes;o__RF39;f__Incertae_Sedis;g__Incertae_Sedis
d1c8065634e61ffd4e51f6004dee969e	d__Bacteria;k__Pseudomonadati--other;p__Bacteroidota;c__Bacteroidia;o__Bacteroidales;f__Rikenellaceae;g__Candidatus_Cryptobacteroides
6f08813b55371386db25606ebe74c944	d__Bacteria;k__Bacillati;p__Clostridiota;c__Clostridia;o__Acetivibrionales;f__Oscillospiraceae;g__Incertae_Sedis
39170f4ee60cbbc2a0c476adb480d644	d__Bacteria;k__Bacillati;p__Clostridiota;c__Clostridia;o__Acetivibrionales;f__Oscillospiraceae;g__Incertae_Sedis
89da4b0954de5d59e8a2ca02e4c7dded	d__Bacteria;k__Bacillati;p__Clostridiota;c__Clostridia;o__Acetivibrionales;f__Oscillospiraceae;g__Incertae_Sedis
2c6bffeba50127e79315826e4e78aad0	d__Bacteria;k__Bacillati;p__Clostridiota;c__Clostridia;o__Acetivibrionales;f__Oscillospiraceae;g__Incertae_Sedis
b0e6358460dd92ecc81bf4d2e71ce2e2	d__Bacteria;k__Pseudomonadati--other;p__Spirochaetota;c__Spirochaetia;o__Spirochaetales;f__Treponemataceae;g__Treponema
4ea6d840024e7b3422cf563dace732b2	d__Bacteria;k__Bacillati;p__Mycoplasmatota;c__Mollicutes;o__RF39;f__Incertae_Sedis;g__Incertae_Sedis
428449f8f881c22e07506c8fabffb82e	d__Bacteria;k__Bacillati;p__Clostridiota;c__Clostridia;o__Acetivibrionales;f__Oscillospiraceae;g__Incertae_Sedis
e831da6aeaa2c2d9ecdfebbc16fefc0e	d__Bacteria;k__Bacillati;p__Clostridiota;c__Clostridia;o__Acetivibrionales;f__Incertae_Sedis;g__Incertae_Sedis
a9ed3a06206f092171de39772179fcb1	d__Bacteria;k__Bacillati;p__Clostridiota;c__Clostridia;o__Acetivibrionales;f__Lachnospiraceae
1f715753428f33d89296600080a47326	d__Bacteria;k__Pseudomonadati--other;p__Bacteroidota;c__Bacteroidia;o__Bacteroidales;f__Muribaculaceae;g__Sodaliphilus
4bffeb9d1d9fdb001a8a7e14d00d70ef	d__Bacteria;k__Bacillati;p__Clostridiota;c__Clostridia;o__Acetivibrionales;f__Oscillospiraceae;g__UCG-005
82b6f19a84531d3ce6c57bdd6c708398	d__Bacteria;k__Bacillati;p__Clostridiota;c__Clostridia;o__Acetivibrionales;f__Oscillospiraceae;g__Ruminococcus
6152551b4a74733b7c7161f04e56758c	d__Bacteria;k__Bacillati;p__Actinomycetota;c__Coriobacteriia;o__Coriobacteriales;f__Coriobacteriaceae;g__Collinsella
5f954c451e9a9a7a882dbe5fdbf17011	d__Bacteria;k__Bacillati;p__Mycoplasmatota;c__Mollicutes;o__RF39;f__Incertae_Sedis;g__Incertae_Sedis
d111cde8c903aa40d896e396fd1ef7ae	d__Bacteria;k__Bacillati;p__Clostridiota;c__Clostridia;o__Acetivibrionales;f__Incertae_Sedis;g__Incertae_Sedis
c173f8ebe4db5c0024bb5954d2c2d020	d__Bacteria;k__Bacillati;p__Clostridiota;c__Clostridia;o__Acetivibrionales;f__Incertae_Sedis;g__Incertae_Sedis
44bc01ed2486a6dc8e1128491946fb12	d__Bacteria;k__Bacillati;p__Clostridiota;c__Clostridia;o__Acetivibrionales;f__Oscillospiraceae;g__Incertae_Sedis
08c12fc99a4e31c6683c5730f8f4dce5	d__Bacteria;k__Pseudomonadati--other;p__Bacteroidota;c__Bacteroidia;o__Bacteroidales;f__Bacteroidaceae;g__Paraphocaeicola
9b5e276a319cbd9c70cf88aab9263984	d__Bacteria;k__Bacillati;p__Clostridiota;c__Clostridia;o__Acetivibrionales;f__Oscillospiraceae;g__UCG-005
910c432967b38f35eba8eb11a8b63fb4	d__Bacteria;k__Bacillati;p__Clostridiota;c__Clostridia;o__Acetivibrionales;f__Oscillospiraceae;g__Incertae_Sedis
5eb38a7137c9f88fb341dd004910d3c5	d__Bacteria;k__Bacillati;p__Clostridiota;c__Clostridia;o__Acetivibrionales;f__Lachnospiraceae
2e543ef186d36389f07f55c5c6939e85	d__Bacteria;k__Bacillati;p__Clostridiota;c__Clostridia;o__Acetivibrionales;f__Oscillospiraceae;g__Incertae_Sedis
55756fef8d97501839a6191b6c2b6ee2	d__Bacteria;k__Pseudomonadati--other;p__Bacteroidota;c__Bacteroidia;o__Bacteroidales;f__Bacteroidales_RF16_group;g__Incertae_Sedis
8421c0e9d5a940705a74312ee5532446	d__Bacteria;k__Pseudomonadati--other;p__Bacteroidota;c__Bacteroidia;o__Bacteroidales;f__Prevotellaceae
dc398671180dfdd6b2b24523f4c85a77	d__Bacteria;k__Bacillati;p__Mycoplasmatota;c__Mollicutes;o__RF39;f__Incertae_Sedis;g__Incertae_Sedis
279e441314e1a9a5837e9828859b0500	d__Bacteria;k__Bacillati;p__Clostridiota;c__Clostridia;o__Acetivibrionales;f__Lachnospiraceae
7928184790f1ff6b650c9375d17b04b8	d__Bacteria;k__Bacillati;p__Clostridiota;c__Clostridia;o__Acetivibrionales;f__Oscillospiraceae;g__Solibaculum
6317f337a327062e49f475f1a0265e60	d__Bacteria;k__Bacillati;p__Mycoplasmatota;c__Mollicutes;o__Liberiplasmatales;f__Incertae_Sedis;g__Incertae_Sedis
0cab777c2092c12f197664bc36ff2b7d	d__Bacteria;k__Pseudomonadati--other;p__Bacteroidota;c__Bacteroidia;o__Bacteroidales;f__Prevotellaceae;g__Phocaeicola
b96547b56c96606b4e055edb767cbba3	d__Bacteria;k__Bacillati;p__Clostridiota;c__Clostridia;o__Acetivibrionales;f__Oscillospiraceae;g__Tepidibaculum
413ea77358cd52ef4119be18a454b812	d__Bacteria;k__Bacillati;p__Clostridiota;c__Clostridia;o__Acetivibrionales;f__Lachnospiraceae;g__Clostridium--other
9e71d7b3eeb1141cd492e677660d6163	d__Bacteria;k__Bacillati;p__Mycoplasmatota;c__Mollicutes;o__RF39;f__Incertae_Sedis;g__Incertae_Sedis
35f2e7933101fdad543f6e2f8318a768	d__Bacteria;k__Pseudomonadati;p__Pseudomonadota;c__Alphaproteobacteria;o__Rhodospirillales;f__Magnetospirillaceae;g__Incertae_Sedis
5231888d590b56ec6c4111abd8dcbcc6	d__Bacteria;k__Bacillati;p__Clostridiota;c__Clostridia;o__Acetivibrionales;f__Oscillospiraceae;g__Ruminococcoides
ecc047ad1324e0f8948214f958d5589d	d__Bacteria;k__Pseudomonadati--other;p__Bacteroidota;c__Bacteroidia;o__Bacteroidales;f__Prevotellaceae;g__Prevotellaceae_UCG-004
e8ef94f9b7b8c1cb5001b1a849d01a0a	d__Bacteria;k__Bacillati;p__Clostridiota;c__Clostridia;o__Acetivibrionales;f__Lachnospiraceae
2fd0b16f9bd3b2eefa212dcb2cc277a0	d__Bacteria;k__Bacillati;p__Clostridiota;c__Clostridia;o__Acetivibrionales;f__Oscillospiraceae;g__UCG-005
8b4ab3254768aaf8c87f7ca020e242c6	d__Bacteria;k__Bacillati;p__Clostridiota;c__Clostridia;o__Acetivibrionales;f__Oscillospiraceae;g__NK4A214_group
188d869ff5fe20b3b3254f0ae78b7bbf	d__Bacteria;k__Bacillati;p__Clostridiota;c__Clostridia;o__Acetivibrionales;f__Oscillospiraceae;g__Solibaculum
52a0064d5f77e6af77ba06682860e599	d__Bacteria;k__Bacillati;p__Clostridiota;c__Clostridia;o__Acetivibrionales;f__Oscillospiraceae;g__Qingrenia
be875f3829114108960a87b9a2d97ca8	d__Bacteria;k__Pseudomonadati--other;p__Bacteroidota;c__Bacteroidia;o__Bacteroidales;f__Rikenellaceae;g__Candidatus_Cryptobacteroides
54b70ffe5eb984aee837ee839d20c310	d__Bacteria;k__Pseudomonadati--other;p__Spirochaetota;c__Spirochaetia;o__Spirochaetales;f__Treponemataceae;g__Treponema
0ae3707844c63cb546f2696308b4f57c	d__Bacteria;k__Bacillati;p__Cyanobacteriota;c__Vampirovibrionophyceae;o__Candidatus_Gastranaerophilales;f__Candidatus_Gastranaerophilaceae;g__Incertae_Sedis
fc78ce070517630df3b57fa7d4d5ab3c	d__Bacteria;k__Bacillati;p__Clostridiota;c__Clostridia;o__Acetivibrionales;f__Oscillospiraceae;g__Incertae_Sedis
dbeb2543f6f53495b82f033d0ad0824a	d__Bacteria;k__Bacillati;p__Clostridiota;c__Clostridia;o__Acetivibrionales;f__Incertae_Sedis;g__Incertae_Sedis
a87e090efd597c63f5934d5a03dcb9a2	d__Bacteria;k__Bacillati;p__Mycoplasmatota;c__Mollicutes;o__RF39;f__Incertae_Sedis;g__Incertae_Sedis
629f866164ba54bf56edf03c526d258b	d__Bacteria;k__Bacillati;p__Clostridiota;c__Clostridia;o__Acetivibrionales;f__Oscillospiraceae;g__Faecalibacterium
9ebe8b94bddd7840df9bd3e70f6be75b	d__Bacteria;k__Pseudomonadati--other;p__Bacteroidota;c__Bacteroidia;o__Bacteroidales;f__Prevotellaceae;g__Xylanibacter
c4b4459edd193903b91bddbbc9302f93	d__Bacteria;k__Pseudomonadati--other;p__Bacteroidota;c__Bacteroidia;o__Bacteroidales;f__Muribaculaceae
2e6688b015533dc4c21ccc12afa8067c	d__Bacteria;k__Bacillati;p__Clostridiota;c__Clostridia;o__Acetivibrionales;f__Oscillospiraceae;g__Incertae_Sedis
6c4de756c45fa6e7e5adfe196f9f0039	d__Bacteria;k__Bacillati;p__Clostridiota;c__Clostridia;o__Acetivibrionales;f__Lachnospiraceae;g__Coprococcus
b6123b835a1caaef760a65c3efadcd81	d__Bacteria;k__Bacillati;p__Clostridiota;c__Clostridia;o__Acetivibrionales;f__Incertae_Sedis;g__Incertae_Sedis
123230bea74f8acce91bdc424ebfe030	d__Bacteria;k__Pseudomonadati--other;p__Bacteroidota;c__Bacteroidia;o__Bacteroidales;f__Rikenellaceae;g__Candidatus_Cryptobacteroides
1ba91e2da4a5a9b125454efa4c7c9fe6	d__Bacteria;k__Bacillati;p__Clostridiota;c__Clostridia;o__Acetivibrionales;f__Oscillospiraceae;g__Incertae_Sedis
b3d7a4b9feb2c0184fa6f74e6f13249b	d__Bacteria;k__Pseudomonadati--other;p__Bacteroidota;c__Bacteroidia;o__Bacteroidales;f__Bacteroidaceae;g__Paraphocaeicola
ea0eabf76c2915302963bcf7091a6b86	d__Bacteria;k__Pseudomonadati--other;p__Spirochaetota;c__Spirochaetia;o__Spirochaetales;f__Treponemataceae;g__Treponema
0678b3cda98cea989ef35932ac93d0a7	d__Bacteria;k__Bacillati;p__Mycoplasmatota;c__Mollicutes;o__RF39;f__Incertae_Sedis;g__Incertae_Sedis
42dae1c16fbccd35480027fdfcdfb147	d__Bacteria;k__Bacillati;p__Clostridiota;c__Clostridia;o__Acetivibrionales;f__Aristaeellaceae;g__Aristaeella
f63f709971226d6b45a295c7d468401c	d__Bacteria;k__Bacillati;p__Clostridiota;c__Clostridia;o__Acetivibrionales;f__Oscillospiraceae;g__Acutalibacter
64481cb17f824d343f6f11d9f8412205	d__Bacteria;k__Bacillati;p__Clostridiota;c__Clostridia;o__Acetivibrionales;f__Oscillospiraceae;g__Vescimonas
83719fda53fb0da2517cb5c389afb185	d__Bacteria;k__Bacillati;p__Clostridiota;c__Clostridia;o__Acetivibrionales;f__Oscillospiraceae;g__Solibaculum
668e72ed77b8890cdc3116f1bdd381a8	d__Bacteria;k__Pseudomonadati--other;p__Bacteroidota;c__Bacteroidia;o__Bacteroidales;f__Prevotellaceae;g__Xylanibacter
877f27b47c85f6b2d3cf8a6aa86def40	d__Bacteria;k__Bacillati;p__Clostridiota;c__Clostridia;o__Acetivibrionales;f__Lachnospiraceae;g__Fusimonas
03543e5428064c215c529d34654a70f4	d__Bacteria;k__Bacillati;p__Clostridiota;c__Clostridia;o__Acetivibrionales;f__Oscillospiraceae;g__Faecalibacterium
1fa555f9a74d47a6ca7a65a347bc885f	d__Bacteria;k__Bacillati;p__Clostridiota;c__Clostridia;o__Acetivibrionales;f__Oscillospiraceae;g__UCG-003
b5020c2668f833831997c76f1fe67075	d__Bacteria;k__Bacillati;p__Clostridiota;c__Clostridia;o__Acetivibrionales;f__Lachnospiraceae
1c6ecdb193cc75ad123788bd91380302	d__Bacteria;k__Pseudomonadati--other;p__Bacteroidota;c__Bacteroidia;o__Bacteroidales;f__Muribaculaceae;g__Sodaliphilus
f596fa835cdfdb22d6494b012f61fff2	d__Bacteria;k__Bacillati;p__Clostridiota;c__Clostridia;o__Acetivibrionales;f__Lachnospiraceae;g__Blautia
1bd8aa3ddc8e9d592243bc370ad47061	d__Bacteria;k__Bacillati;p__Clostridiota;c__Clostridia;o__Acetivibrionales;f__Lachnospiraceae
67cf54a3dd4dafc44a3afe2969669f6e	d__Bacteria;k__Bacillati;p__Clostridiota;c__Clostridia;o__Acetivibrionales;f__Oscillospiraceae;g__Incertae_Sedis
059c8f8bb468064b134ea6d3661761ea	d__Bacteria;k__Bacillati;p__Clostridiota;c__Clostridia;o__Acetivibrionales;f__Lachnospiraceae;g__Lachnospira
87533b22e068c380ce59da78f0058ca3	d__Bacteria;k__Pseudomonadati--other;p__Bacteroidota;c__Bacteroidia;o__Bacteroidales;f__Rikenellaceae;g__Candidatus_Cryptobacteroides
f8d890d0634f53429b6eb05af577cb79	d__Bacteria;k__Bacillati;p__Mycoplasmatota;c__Erysipelotrichia;o__Erysipelotrichales;f__Coprobacillaceae;g__UCG-004
49eaee25c7f6eaa234c87307cec337b5	d__Bacteria;k__Pseudomonadati--other;p__Bacteroidota;c__Bacteroidia;o__Bacteroidales;f__Bacteroidaceae;g__Bacteroides--other
375a3bd2a45cbcb4b7be4f6e704bdff0	d__Bacteria;k__Bacillati;p__Clostridiota;c__Clostridia;o__Acetivibrionales;f__Lachnospiraceae
4f409dc944b62934abdc23fd3cfc76a7	d__Bacteria;k__Bacillati;p__Clostridiota;c__Clostridia;o__Acetivibrionales;f__Lachnospiraceae
26bc1bd6fbf3e83361c758fb54385ff2	d__Bacteria;k__Bacillati;p__Mycoplasmatota;c__Erysipelotrichia;o__Erysipelotrichales;f__Coprobacillaceae;g__UCG-004
28640a909ed9232688a989bf1c069611	d__Bacteria;k__Bacillati;p__Clostridiota;c__Clostridia;o__Acetivibrionales;f__Oscillospiraceae;g__Solibaculum
9c9210d344e78f933f4aa6da483f6683	d__Bacteria;k__Pseudomonadati--other;p__Kiritimatiellota;c__Kiritimatiellia--other;o__WCHB1-41;f__Incertae_Sedis;g__Incertae_Sedis
94252ea5bc0588916403116aa318c2b5	d__Bacteria;k__Bacillati;p__Clostridiota;c__Clostridia;o__Acetivibrionales;f__Oscillospiraceae;g__Incertae_Sedis
efaee5c487d18d947078ac6a492e09de	d__Bacteria;k__Bacillati;p__Clostridiota;c__Clostridia;o__Acetivibrionales;f__Lachnospiraceae;g__Fusimonas
719154ddd203494c8adc7dc6d9872673	d__Bacteria;k__Bacillati;p__Clostridiota;c__Clostridia;o__Acetivibrionales;f__Oscillospiraceae;g__Solibaculum
749e49d47e863053c7cc093f6d3d0c5e	d__Bacteria;k__Pseudomonadati--other;p__Kiritimatiellota;c__Kiritimatiellia--other;o__WCHB1-41;f__Incertae_Sedis;g__Incertae_Sedis
ba6cfa4fdb87cca651606fd185fdc220	d__Bacteria;k__Pseudomonadati--other;p__Bacteroidota;c__Bacteroidia;o__Bacteroidales;f__Prevotellaceae;g__Xylanibacter
7d06881de47953f1c3379a406d109ad5	d__Bacteria;k__Bacillati;p__Clostridiota;c__Clostridia;o__Acetivibrionales;f__Lachnospiraceae
6604924897bac024d812215b6d5f83fe	d__Bacteria;k__Pseudomonadati;p__Pseudomonadota;c__Alphaproteobacteria;o__Rhodospirillales;f__Terasakiellaceae;g__Incertae_Sedis
4d249787a52ea8aa913b8f1dca235800	d__Bacteria;k__Bacillati;p__Clostridiota;c__Clostridia;o__Acetivibrionales;f__Oscillospiraceae;g__UCG-005
65e59a8302637b7d94be4085cfa1b952	d__Bacteria;k__Pseudomonadati;p__Pseudomonadota;c__Epsilonproteobacteria;o__Campylobacterales;f__Campylobacteraceae;g__Campylobacter
9a537a323b2765b304d5c4b52171c68e	d__Bacteria;k__Bacillati;p__Clostridiota;c__Clostridia;o__Acetivibrionales;f__Oscillospiraceae;g__Incertae_Sedis
59a2cdeec2e28e73706dd4b179678c87	d__Bacteria;k__Bacillati;p__Mycoplasmatota;c__Mollicutes;o__RF39;f__Incertae_Sedis;g__Incertae_Sedis
04dcd2c77d6bd2bb78eb378f61f72589	d__Bacteria;k__Pseudomonadati--other;p__Bacteroidota;c__Bacteroidia;o__Bacteroidales;f__Rikenellaceae;g__Candidatus_Cryptobacteroides
f1f9417d207c79cf6ce9281a81d83480	d__Bacteria;k__Bacillati;p__Clostridiota;c__Clostridia;o__Acetivibrionales;f__Lachnospiraceae
540ac4a93848bc0772128d0dacf114e7	d__Bacteria;k__Pseudomonadati--other;p__Bacteroidota;c__Bacteroidia;o__Bacteroidales;f__Muribaculaceae;g__Incertae_Sedis
e32a90f7b56a14251f479065ec286a9c	d__Bacteria;k__Pseudomonadati--other;p__Bacteroidota;c__Bacteroidia;o__Bacteroidales;f__Muribaculaceae;g__Sodaliphilus
728944d66e62fa5c7f29fa69e2313aab	d__Bacteria;k__Pseudomonadati--other;p__Bacteroidota;c__Bacteroidia;o__Bacteroidales;f__Prevotellaceae;g__Ihuprevotella
ccb24f647477188a1452cb6aad28b0c3	d__Bacteria;k__Bacillati;p__Clostridiota;c__Clostridia;o__Acetivibrionales;f__Lachnospiraceae;g__Chordicoccus
c3a01237159b8838f43def0573707d0b	d__Bacteria;k__Bacillati;p__Clostridiota;c__Clostridia;o__Acetivibrionales;f__Lachnospiraceae
a13a1a2f090430eea06b2ade4dba39fb	d__Bacteria;k__Pseudomonadati--other;p__Bacteroidota;c__Bacteroidia;o__Bacteroidales;f__Prevotellaceae;g__Hallella
155480aebb44a0b9fa1f452490c37dd9	d__Bacteria;k__Bacillati;p__Clostridiota;c__Clostridia;o__Acetivibrionales;f__Oscillospiraceae;g__Incertae_Sedis
957a128bae73ad602e6afeb7b8d2aa68	d__Bacteria;k__Bacillati;p__Clostridiota;c__Clostridia;o__Acetivibrionales;f__Incertae_Sedis;g__Incertae_Sedis
8a6f6ada5df220e324c2cf312d05e44e	d__Bacteria;k__Pseudomonadati--other;p__Spirochaetota;c__Spirochaetia;o__Spirochaetales;f__Treponemataceae;g__Treponema
cbff84a09db11ad3e4f7fbba603ca487	d__Bacteria;k__Bacillati;p__Clostridiota;c__Clostridia;o__Acetivibrionales;f__Oscillospiraceae;g__Incertae_Sedis
43919ea1305d0ef66cf803453f5a2b80	d__Bacteria;k__Bacillati;p__Clostridiota;c__Clostridia;o__Peptostreptococcales;f__Anaerovoracaceae;g__Family_XIII_AD3011_group
e66b2589eac89c6dea89ee699cc74327	d__Bacteria;k__Pseudomonadati--other;p__Spirochaetota;c__Spirochaetia;o__Spirochaetales;f__Treponemataceae;g__Treponema
daae1ffd416d13e67c07922e3871cd4b	d__Bacteria;k__Bacillati;p__Clostridiota;c__Clostridia;o__Acetivibrionales;f__Oscillospiraceae;g__NK4A214_group
256515d71e2098cbebcf4ba5fab55be7	d__Bacteria;k__Bacillati;p__Clostridiota;c__Clostridia;o__Acetivibrionales;f__Oscillospiraceae;g__UCG-005
cdf645f1e6d7591b80c1fee0f49ee78f	d__Bacteria;k__Bacillati;p__Mycoplasmatota;c__Erysipelotrichia;o__Erysipelotrichales;f__Coprobacillaceae
e166768908cafda68b351151fab8efa8	d__Bacteria;k__Pseudomonadati--other;p__Bacteroidota;c__Bacteroidia;o__Bacteroidales;f__Prevotellaceae;g__Xylanibacter
2d1b7714bca9bc4bf51939dc2f0e8e88	d__Bacteria;k__Bacillati;p__Cyanobacteriota;c__Vampirovibrionophyceae;o__Candidatus_Gastranaerophilales;f__Candidatus_Gastranaerophilaceae;g__Incertae_Sedis
2274bb4929a0b324c7445da1b8b2bafa	d__Bacteria;k__Pseudomonadati--other;p__Bacteroidota;c__Bacteroidia;o__Bacteroidales;f__Prevotellaceae;g__Segatella
2c7373037aea18de27386e3af6403906	d__Bacteria;k__Bacillati;p__Clostridiota;c__Clostridia;o__Acetivibrionales;f__Oscillospiraceae;g__UCG-005
52e021bd394cf03c0534f53f98326e30	d__Bacteria;k__Pseudomonadati--other;p__Bacteroidota;c__Bacteroidia;o__Bacteroidales;f__Prevotellaceae;g__Xylanibacter
5d62137a2d05df0be8d6b7e163a3ef08	d__Bacteria;k__Bacillati;p__Desulfotomaculota;c__Negativicutes;o__Veillonellales;f__Veillonellaceae;g__Dialister--other
85c3fdc2c9586df07581da1cd58264e4	d__Bacteria;k__Bacillati;p__Clostridiota;c__Clostridia;o__Acetivibrionales;f__Oscillospiraceae;g__Qingrenia
0ac7d4cacbb81c9c8182426c988a1c21	d__Bacteria;k__Bacillati;p__Clostridiota;c__Clostridia;o__Acetivibrionales;f__Maliibacteriaceae;g__Maliibacterium
1aaf2c649d232853e08b43039741efd2	d__Bacteria;k__Bacillati;p__Mycoplasmatota;c__Mollicutes;o__Anaeroplasmatales;f__Anaeroplasmataceae;g__Anaeroplasma
feca934b87b8b16a36de2fd0907151c0	d__Bacteria;k__Bacillati;p__Actinomycetota;c__Coriobacteriia;o__Coriobacteriales;f__Coriobacteriaceae;g__Collinsella
394d8ccbdbd21813b3ae7d4564fe120a	d__Bacteria;k__Bacillati;p__Cyanobacteriota;c__Vampirovibrionophyceae;o__Candidatus_Gastranaerophilales;f__Candidatus_Gastranaerophilaceae;g__Candidatus_Gastranaerophilus
e1e7a0c1c7145d30572c19d1c73f262a	d__Bacteria;k__Pseudomonadati--other;p__Fibrobacterota;c__Fibrobacteria;o__Fibrobacterales;f__Fibrobacteraceae;g__Hallerella
bdd9fe40a8f9d95b370198793dd3e202	d__Bacteria;k__Bacillati;p__Clostridiota;c__Clostridia;o__Acetivibrionales;f__Oscillospiraceae;g__Vescimonas
74051291dca7519e45960f1a4a2c4a77	d__Archaea;k__Methanobacteriati;p__Methanobacteriota;c__Methanobacteria;o__Methanobacteriales;f__Methanobacteriaceae;g__Methanobrevibacter
3e25a7619c1aefe8228440f3b89750ad	d__Bacteria;k__Bacillati;p__Clostridiota;c__Clostridia;o__Acetivibrionales;f__Oscillospiraceae;g__Ruminococcus
d90c0d8b3cb572fb281fdcab334481a4	d__Archaea;k__Methanobacteriati--other;p__Thermoplasmatota;c__Thermoplasmata--other;o__Methanomassiliicoccales;f__Methanomethylophilaceae;g__Methanomethylophilus
f09ca081a69806aca5de24d404ad4c6c	d__Bacteria;k__Bacillati;p__Clostridiota;c__Clostridia;o__Acetivibrionales;f__Lachnospiraceae
421ab086e164cbccc8ce9e732a1a2205	d__Bacteria;k__Bacillati;p__Bacillota;c__Bacilli;o__Caryophanales;f__Caryophanaceae;g__Kurthia
c408112009ff3445a5c6faa75f6d5f0d	d__Bacteria;k__Bacillati;p__Clostridiota;c__Clostridia;o__Acetivibrionales;f__Incertae_Sedis;g__Incertae_Sedis
778c2c2dcceba319f5ca8d21c680bc05	d__Bacteria;k__Bacillati;p__Clostridiota;c__Clostridia;o__Acetivibrionales;f__Oscillospiraceae;g__Incertae_Sedis
6936892ee3078c4c1f2c0f49d82f5cb1	d__Bacteria;k__Pseudomonadati;p__Pseudomonadota;c__Gammaproteobacteria;o__Burkholderiales;f__Sutterellaceae;g__Sutterella--other
f74c08185d8a2b0c911a5243c44410dc	d__Bacteria;k__Pseudomonadati--other;p__Bacteroidota;c__Bacteroidia;o__Bacteroidales;f__Prevotellaceae;g__Xylanibacter
979578981da3916b394bf24c32bace21	d__Bacteria;k__Bacillati;p__Clostridiota;c__Clostridia;o__Acetivibrionales;f__Oscillospiraceae;g__Eubacterium--other
685a034e0be50c13868b3f059d3acb2a	d__Bacteria;k__Bacillati;p__Clostridiota;c__Clostridia;o__Acetivibrionales;f__Oscillospiraceae;g__Incertae_Sedis
9d32f738de2bdff3c77416c8c2610489	d__Bacteria;k__Bacillati;p__Mycoplasmatota;c__Mollicutes;o__RF39;f__Incertae_Sedis;g__Incertae_Sedis
e72acf8e3939d07722ef4f6f930a0a10	d__Bacteria;k__Pseudomonadati--other;p__Verrucomicrobiota;c__Verrucomicrobiia;o__Verrucomicrobiales;f__Akkermansiaceae;g__Akkermansia
4809bea0dbfdf1449388e6e1cf02c813	d__Bacteria;k__Bacillati;p__Cyanobacteriota;c__Vampirovibrionophyceae;o__Candidatus_Gastranaerophilales;f__Incertae_Sedis;g__Incertae_Sedis
c1cad39687c9e6d1a9ff9f33ec614548	d__Bacteria;k__Bacillati;p__Clostridiota;c__Clostridia;o__Acetivibrionales;f__Incertae_Sedis;g__Incertae_Sedis
e2f630b3099170054706214b62986bec	d__Bacteria;k__Bacillati;p__Clostridiota;c__Clostridia;o__Acetivibrionales;f__Incertae_Sedis;g__Incertae_Sedis
88913569f37bfd9069f1f1cbf0f3a352	d__Bacteria;k__Bacillati;p__Clostridiota;c__Clostridia;o__Acetivibrionales;f__Oscillospiraceae;g__Qingrenia
efbd576c56cb4449556178bf808e8e9e	d__Bacteria;k__Pseudomonadati--other;p__Spirochaetota;c__Spirochaetia;o__Spirochaetales;f__Spirochaetaceae--other;g__GWE2-31-10
98490dc03743efd6c4185c96c4a2c86f	d__Bacteria;k__Pseudomonadati--other;p__Kiritimatiellota;c__Kiritimatiellia--other;o__WCHB1-41;f__Incertae_Sedis;g__Incertae_Sedis
90efde72023291ff1a15d3ce86d9d8fb	d__Bacteria;k__Bacillati;p__Mycoplasmatota;c__Mollicutes;o__RF39;f__Incertae_Sedis;g__Incertae_Sedis
41b608b947420e3dc6e62bf63e4c56b8	d__Bacteria;k__Pseudomonadati--other;p__Bacteroidota;c__Bacteroidia;o__Bacteroidales;f__Prevotellaceae;g__Xylanibacter
0c31c08e8ff0743ab270a11075d9687a	d__Bacteria;k__Bacillati;p__Clostridiota;c__Clostridia;o__Acetivibrionales;f__Oscillospiraceae;g__Incertae_Sedis
d42e2567e1c44090de1f8f6a5e867357	d__Bacteria;k__Bacillati;p__Clostridiota;c__Clostridia;o__Acetivibrionales;f__Oscillospiraceae;g__Incertae_Sedis
01c2e0259e947e0c4dd73f54de75c37d	d__Bacteria;k__Pseudomonadati--other;p__Bacteroidota;c__Bacteroidia;o__Bacteroidales;f__Rikenellaceae;g__Candidatus_Cryptobacteroides
9dfd9ad6bafb8cf7589e0e730a831a90	d__Bacteria;k__Pseudomonadati--other;p__Bacteroidota;c__Bacteroidia;o__Bacteroidales;f__Prevotellaceae;g__Xylanibacter
dbf6f47f0cd253642757ea66b08c021f	d__Bacteria;k__Bacillati;p__Clostridiota;c__Clostridia;o__Acetivibrionales;f__Lachnospiraceae
889d4545bc21e57c52800ff90dccce06	d__Bacteria;k__Bacillati;p__Clostridiota;c__Clostridia;o__Acetivibrionales;f__Lachnospiraceae;g__Anaerostipes--other
15af5c43fe9a64476fa7b4ad4bf78ee7	d__Bacteria;k__Bacillati;p__Clostridiota;c__Clostridia;o__Acetivibrionales;f__Oscillospiraceae;g__Qingrenia
b2d1b987196153305ddd096a42ca62e8	d__Bacteria;k__Bacillati;p__Clostridiota;c__Clostridia;o__Acetivibrionales;f__Anaerotignaceae;g__Anaeropeptidivorans
11cd6f52abc41afb8564d5a95501ea1b	d__Bacteria;k__Bacillati;p__Clostridiota;c__Clostridia;o__Acetivibrionales;f__Lachnospiraceae
f36da7b769544daf684b1ebbefdd74bb	d__Bacteria;k__Bacillati;p__Clostridiota;c__Clostridia;o__Acetivibrionales;f__Lachnospiraceae
44eda700f8a2eb7822bc7df20ea690a7	d__Bacteria;k__Bacillati;p__Clostridiota;c__Clostridia;o__Acetivibrionales;f__Anaerotignaceae;g__Anaeropeptidivorans
7a2f721ce7e12be6fe1972ede584c55e	d__Bacteria;k__Bacillati;p__Clostridiota;c__Clostridia;o__Acetivibrionales;f__Oscillospiraceae;g__Incertae_Sedis
59597cd430deea6d8e0908dcd6db7e50	d__Bacteria;k__Pseudomonadati;p__Pseudomonadota;c__Gammaproteobacteria;o__Burkholderiales;f__Sutterellaceae;g__Sutterella
3761847848a5132301f80088e5a7326d	d__Bacteria;k__Bacillati;p__Clostridiota;c__Clostridia;o__Acetivibrionales;f__Oscillospiraceae
bfc7be69674a2dce75d74512ef4b319f	d__Bacteria;k__Bacillati;p__Clostridiota;c__Clostridia;o__Acetivibrionales;f__Lachnospiraceae;g__Acetatifactor
9ec6cb387614421c15bfb76e6289caa2	d__Bacteria;k__Bacillati;p__Synergistota;c__Synergistia;o__Synergistales;f__Dethiosulfovibrionaceae
bda2088387ece90b43af8ed61c641b93	d__Bacteria;k__Pseudomonadati--other;p__Bacteroidota;c__Bacteroidia;o__Bacteroidales;f__Prevotellaceae;g__Xylanibacter
5119d0be26f5d5748c2241a58bec6cd9	d__Bacteria;k__Bacillati;p__Clostridiota;c__Clostridia;o__Peptostreptococcales;f__Anaerovoracaceae;g__Mogibacterium
6a5c45031114b39ab6ff76d101e81d74	d__Bacteria;k__Pseudomonadati--other;p__Bacteroidota;c__Bacteroidia;o__Bacteroidales;f__Prevotellaceae;g__Xylanibacter
08f86bb50dd94ab70c2d02ec4d65797f	d__Bacteria;k__Bacillati;p__Cyanobacteriota;c__Vampirovibrionophyceae;o__Candidatus_Gastranaerophilales;f__Candidatus_Gastranaerophilaceae;g__Incertae_Sedis
f6abd7dd8a28a78362fd7554996ad550	d__Bacteria;k__Bacillati;p__Mycoplasmatota;c__Erysipelotrichia;o__Erysipelotrichales;f__Coprobacillaceae;g__UCG-004
4f114639d6466553b0bfb531b7a81f5f	d__Bacteria;k__Bacillati;p__Actinomycetota;c__Coriobacteriia;o__Eggerthellales;f__Eggerthellaceae;g__Incertae_Sedis
4b12fdf54d28541a25771e2c1ef87d8c	d__Bacteria;k__Pseudomonadati--other;p__Bacteroidota;c__Bacteroidia;o__Bacteroidales;f__Prevotellaceae
9df2b105eb322848c1dbc46167bc818b	d__Bacteria;k__Bacillati;p__Clostridiota;c__Clostridia;o__Acetivibrionales;f__Oscillospiraceae;g__Ruminococcoides
3938251ad2ee16d94ccfbedcffc77e11	d__Bacteria;k__Bacillati;p__Clostridiota;c__Clostridia;o__Acetivibrionales;f__Anaerotignaceae;g__Anaeropeptidivorans
f797ee00524b01da9e42873fec779eb7	d__Bacteria;k__Bacillati;p__Clostridiota;c__Clostridia;o__Acetivibrionales;f__Oscillospiraceae;g__Incertae_Sedis
76fb2ac4cb9119f054ccce964313528e	d__Bacteria;k__Bacillati;p__Actinomycetota;c__Coriobacteriia;o__Coriobacteriales--other;f__Incertae_Sedis;g__Raoultibacter
66e48dc12e64cfec4bfec52f38d2c8bd	d__Bacteria;k__Bacillati;p__Clostridiota;c__Clostridia;o__Acetivibrionales;f__Lachnospiraceae
1398a3041d2777c3479bf156c8c88bc5	d__Bacteria;k__Bacillati;p__Clostridiota;c__Clostridia;o__Acetivibrionales;f__Lachnospiraceae;g__Anaerostipes--other
75a839fd1d8849e25ba76bd388ce5a22	d__Bacteria;k__Bacillati;p__Clostridiota;c__Clostridia;o__Acetivibrionales;f__Lachnospiraceae;g__Butyribacter
011ce262fb169af46817760394dd1fdd	d__Bacteria;k__Bacillati;p__Clostridiota;c__Clostridia;o__Acetivibrionales;f__Oscillospiraceae;g__Incertae_Sedis
49e92eb5fb856dc8902747a55fad90eb	d__Bacteria;k__Bacillati;p__Actinomycetota;c__Coriobacteriia;o__Eggerthellales;f__Eggerthellaceae;g__Ellagibacter
ce31bada1ef54b01a76ed192eb2787fa	d__Bacteria;k__Pseudomonadati--other;p__Fibrobacterota;c__Fibrobacteria;o__Fibrobacterales;f__Fibrobacteraceae;g__Fibrobacter
08348028c82d281b5e58135b9e94f1f2	d__Bacteria;k__Pseudomonadati--other;p__Bacteroidota;c__Bacteroidia;o__Bacteroidales;f__Bacteroidaceae;g__Paraphocaeicola
5d5d96da2b203b1ac9c43a2300860898	d__Bacteria;k__Pseudomonadati--other;p__Bacteroidota;c__Bacteroidia;o__Bacteroidales;f__Bacteroidales_RF16_group;g__Incertae_Sedis
97915dd17c84e1faf418ffdd0e98a055	d__Bacteria;k__Pseudomonadati--other;p__Verrucomicrobiota;c__Opitutia;o__Puniceicoccales;f__Cerasicoccaceae;g__Candidatus_Nucleicoccus--other
73b17670a772019931a795b8cd848936	d__Bacteria;k__Bacillati;p__Clostridiota;c__Clostridia;o__Acetivibrionales;f__Oscillospiraceae;g__UCG-005
15d015c48ffda2779e95d0eb136268d0	d__Bacteria;k__Bacillati;p__Mycoplasmatota;c__Mollicutes;o__RF39;f__Incertae_Sedis;g__Incertae_Sedis
06a34f95edaddd395a0bfe1d296b3882	d__Bacteria;k__Pseudomonadati--other;p__Kiritimatiellota;c__Kiritimatiellia--other;o__WCHB1-41;f__Incertae_Sedis;g__Incertae_Sedis
564cac4492536b7227a26cf832793816	d__Bacteria;k__Bacillati;p__Clostridiota;c__Clostridia;o__Acetivibrionales;f__Oscillospiraceae;g__UCG-005
c97220e6c4063a029dec2f8160977f83	d__Bacteria;k__Bacillati;p__Clostridiota;c__Clostridia;o__Acetivibrionales;f__Oscillospiraceae;g__Clostridium--other
810c8d3a928b9db404f0d0646325a479	d__Bacteria;k__Bacillati;p__Cyanobacteriota;c__Vampirovibrionophyceae;o__Candidatus_Gastranaerophilales;f__Candidatus_Gastranaerophilaceae;g__Incertae_Sedis
d084bc8694859ae6f7aaa2b9729821a1	d__Bacteria;k__Pseudomonadati--other;p__Kiritimatiellota;c__Kiritimatiellia--other;o__WCHB1-41;f__Incertae_Sedis;g__Incertae_Sedis
0c6a4cc06d1131ceef3ed171b3cd7c17	d__Bacteria;k__Bacillati;p__Clostridiota;c__Clostridia;o__Acetivibrionales;f__Oscillospiraceae
a7e993612f9b474547479f9955bfc0ab	d__Bacteria;k__Pseudomonadati--other;p__Bacteroidota;c__Bacteroidia;o__Bacteroidales;f__Prevotellaceae;g__Xylanibacter
db55461b86ac8a8bd3707b29dc6462ff	d__Bacteria;k__Pseudomonadati--other;p__Bacteroidota;c__Bacteroidia;o__Bacteroidales;f__Prevotellaceae
82c0f149ae808cb0bd8fb6e3ab0307be	d__Bacteria;k__Bacillati;p__Clostridiota;c__Clostridia;o__Acetivibrionales;f__Lachnospiraceae;g__Butyrivibrio
779e2ed8d6d897c0bc01a52bef5664af	d__Bacteria;k__Pseudomonadati--other;p__Kiritimatiellota;c__Kiritimatiellia--other;o__WCHB1-41;f__Incertae_Sedis;g__Incertae_Sedis
285bcb92051049cc9457ffd0cccd58f3	d__Bacteria;k__Bacillati;p__Clostridiota;c__Clostridia;o__Acetivibrionales;f__Oscillospiraceae;g__Incertae_Sedis
8dc012ad5fc01f8c0f8ff85c8c802ace	d__Bacteria;k__Pseudomonadati--other;p__Bacteroidota;c__Bacteroidia;o__Bacteroidales;f__Prevotellaceae;g__Xylanibacter
1a011df7117d2135f0467f6b6a5ec27a	d__Bacteria;k__Pseudomonadati--other;p__Bacteroidota;c__Bacteroidia;o__Bacteroidales;f__Prevotellaceae;g__Hallella
1055920acb53e0b6158c445ab9abe446	d__Bacteria;k__Bacillati;p__Clostridiota;c__Clostridia;o__Acetivibrionales;f__Lachnospiraceae;g__Clostridium--other
ad52a0f6646c574417ce0b13b84acfa9	d__Bacteria;k__Bacillati;p__Clostridiota;c__Clostridia;o__Acetivibrionales;f__Oscillospiraceae;g__Ruminococcoides
474b08d4b3aab06300545b59b9135f4a	d__Bacteria;k__Bacillati;p__Clostridiota;c__Clostridia;o__Acetivibrionales;f__Oscillospiraceae;g__Incertae_Sedis
863700a4effb1936b473881001886247	d__Bacteria;k__Bacillati;p__Clostridiota;c__Clostridia;o__Acetivibrionales;f__Lachnospiraceae
2f81d05ad182b72ce5452795dcd58ef3	d__Bacteria;k__Bacillati;p__Mycoplasmatota;c__Erysipelotrichia;o__Erysipelotrichales;f__Coprobacillaceae;g__UCG-004
16fdcda38b2a67364e6679f6b197a774	d__Bacteria;k__Bacillati;p__Mycoplasmatota;c__Mollicutes;o__RF39;f__Incertae_Sedis;g__Incertae_Sedis
57102709e0dce3615f148ab029a92b36	d__Bacteria;k__Bacillati;p__Cyanobacteriota;c__Vampirovibrionophyceae;o__Candidatus_Gastranaerophilales;f__Candidatus_Gastranaerophilaceae;g__Incertae_Sedis
1fbba8baff62dacfeb35d42108999faf	d__Bacteria;k__Bacillati;p__Clostridiota;c__Clostridia;o__Acetivibrionales;f__Oscillospiraceae;g__Incertae_Sedis
f6bb751604e5c2379f01a308d6fb9fb7	d__Bacteria;k__Pseudomonadati--other;p__Bacteroidota;c__Bacteroidia;o__Bacteroidales;f__Prevotellaceae;g__Phocaeicola
b95e86cdab3967694acd78a97a30c310	d__Bacteria;k__Pseudomonadati--other;p__Bacteroidota;c__Bacteroidia;o__Bacteroidales;f__Prevotellaceae;g__Xylanibacter
322e06841166832956b0a267ddafa149	d__Bacteria;k__Bacillati;p__Clostridiota;c__Clostridia;o__Acetivibrionales;f__Lachnospiraceae
38451635308bb47e8cdf4b9f99b51c0f	d__Bacteria;k__Bacillati;p__Clostridiota;c__Clostridia;o__Acetivibrionales;f__Lachnospiraceae
d1067250e5870d011608cef7326452e3	d__Bacteria;k__Bacillati;p__Cyanobacteriota;c__Vampirovibrionophyceae;o__Candidatus_Gastranaerophilales;f__Candidatus_Gastranaerophilaceae;g__Incertae_Sedis
c65c85cdfeab86ed4b327f4cd3ef5538	d__Bacteria;k__Bacillati;p__Clostridiota;c__Clostridia;o__Acetivibrionales;f__Oscillospiraceae;g__Clostridium--other
5f73261a595e0e3acb052c3b629fc005	d__Bacteria;k__Pseudomonadati--other;p__Bacteroidota;c__Bacteroidia;o__Bacteroidales;f__Prevotellaceae;g__Xylanibacter
28bb502265419a0e86626d75a1183ce7	d__Bacteria;k__Bacillati;p__Clostridiota;c__Clostridia;o__Acetivibrionales;f__Aristaeellaceae;g__Aristaeella
6f27483142a9a7f763f6422dd9996e75	d__Bacteria;k__Bacillati;p__Clostridiota;c__Clostridia;o__Acetivibrionales;f__Lachnospiraceae;g__Clostridium--other
e5115b00e93d61c0c0d7efa703c0333c	d__Bacteria;k__Bacillati
9a2a18c7b857656000f19d17a73de635	d__Bacteria;k__Bacillati;p__Mycoplasmatota;c__Mollicutes;o__Anaeroplasmatales;f__Anaeroplasmataceae;g__Anaeroplasma
8e947f15a26cfec5b5f13d35479e7935	d__Bacteria;k__Bacillati;p__Clostridiota;c__Clostridia;o__Acetivibrionales;f__Lachnospiraceae
aa6e9e282be74fde5916070761f03bba	d__Bacteria;k__Bacillati;p__Clostridiota;c__Clostridia;o__Acetivibrionales;f__Lachnospiraceae
ac2fa4f99d9c8f83531f6c7a591552b2	d__Bacteria;k__Bacillati;p__Clostridiota;c__Clostridia;o__Acetivibrionales;f__Oscillospiraceae;g__Eubacterium--other
e0cbbe0c0c2f90a45776b92dfd143b77	d__Bacteria;k__Bacillati;p__Clostridiota;c__Clostridia;o__Acetivibrionales;f__Oscillospiraceae;g__Solibaculum
83b5f45013009120632c6f246f9f1725	d__Bacteria;k__Bacillati;p__Clostridiota;c__Clostridia;o__Acetivibrionales;f__Lachnospiraceae;g__Butyribacter
9b751597d0b07db8baa3542b8c08dbea	d__Bacteria;k__Bacillati;p__Clostridiota;c__Clostridia;o__Acetivibrionales;f__Oscillospiraceae;g__Qingrenia
635cab68d8a30e809a3a4e24d9cf1078	d__Bacteria;k__Bacillati;p__Clostridiota;c__Clostridia;o__Acetivibrionales;f__Oscillospiraceae;g__Solibaculum
3fee8fe76579cc108f11642f56c0f82b	d__Bacteria;k__Bacillati;p__Mycoplasmatota;c__Erysipelotrichia;o__Erysipelotrichales;f__Coprobacillaceae;g__UCG-004
aedbca9c4081f879c1fc97c8a3068bb3	d__Bacteria;k__Bacillati;p__Synergistota;c__Synergistia;o__Synergistales;f__Synergistaceae;g__Synergistes
ddad1b6f69f42bd965a635f224920ee8	d__Bacteria;k__Bacillati;p__Mycoplasmatota;c__Erysipelotrichia;o__Erysipelotrichales;f__Coprobacillaceae;g__UCG-004
e1849a46a91f6225776a9120e2b13df6	d__Bacteria;k__Bacillati;p__Mycoplasmatota;c__Erysipelotrichia;o__Erysipelotrichales;f__Coprobacillaceae;g__UCG-004
decdb65d7fe9d367eb02bceb9a2b9145	d__Bacteria;k__Bacillati;p__Clostridiota;c__Clostridia;o__Acetivibrionales;f__Christensenellaceae--other;g__Christensenellaceae_R-7_group--other
1f61b6a1c07889785ff4ab0e15f46ca5	d__Bacteria;k__Bacillati;p__Clostridiota;c__Clostridia;o__Acetivibrionales;f__Oscillospiraceae;g__Solibaculum
5203d49e395ba5c2c809255f6b0b1b10	d__Bacteria;k__Pseudomonadati--other;p__Bacteroidota;c__Bacteroidia;o__Bacteroidales;f__Rikenellaceae;g__Candidatus_Cryptobacteroides
15c610a71739d20cff848a8acf2430d0	d__Bacteria;k__Bacillati;p__Clostridiota;c__Clostridia;o__Acetivibrionales;f__Lachnospiraceae
7bb4d1ae137656345f9bcfb4d1f93a3b	d__Bacteria;k__Bacillati;p__Desulfotomaculota;c__Negativicutes;o__Acidaminococcales;f__Acidaminococcaceae;g__Phascolarctobacterium
2536a5e138f9f7675f5bd3972a28cbed	d__Bacteria;k__Bacillati;p__Cyanobacteriota;c__Vampirovibrionophyceae;o__Candidatus_Gastranaerophilales;f__Candidatus_Gastranaerophilaceae;g__Incertae_Sedis
1c86153e1b13ab5322c96f2602b73513	d__Archaea;k__Methanobacteriati;p__Methanobacteriota;c__Methanobacteria;o__Methanobacteriales;f__Methanobacteriaceae;g__Methanobrevibacter
17caffae045457b827e71a3213773bc3	d__Bacteria;k__Bacillati;p__Clostridiota;c__Clostridia;o__Acetivibrionales;f__Oscillospiraceae;g__Incertae_Sedis
d2230e81045bcf5dad92f1f66a4184ba	d__Bacteria;k__Bacillati;p__Clostridiota;c__Clostridia;o__Acetivibrionales;f__Oscillospiraceae;g__UCG-005
ede9ce9e1104da71c59565ee09698687	d__Bacteria;k__Bacillati;p__Desulfotomaculota;c__Negativicutes;o__Acidaminococcales;f__Acidaminococcaceae;g__Phascolarctobacterium
1224101a42d574e1b886657e03d3d629	d__Bacteria;k__Bacillati;p__Clostridiota;c__Clostridia;o__Acetivibrionales;f__Lachnospiraceae;g__Candidatus_Lachnoclostridium
c83f5c7e7d2d00d0a05553f2c66e34a4	d__Bacteria;k__Bacillati;p__Clostridiota;c__Clostridia;o__Acetivibrionales;f__Oscillospiraceae;g__UCG-005
30bff083453aaadb2b2585a3026b1d96	d__Bacteria;k__Pseudomonadati--other;p__Bacteroidota;c__Bacteroidia;o__Bacteroidales;f__p-251-o5;g__Incertae_Sedis
be2e0b5b6621e0136989b888b35adf79	d__Bacteria;k__Pseudomonadati;p__Pseudomonadota;c__Epsilonproteobacteria;o__Campylobacterales;f__Helicobacteraceae;g__Helicobacter
feff55dedcac9203c59fbc595fb651eb	d__Bacteria;k__Bacillati;p__Desulfotomaculota;c__Desulfitisporia;o__Desulfitisporales;f__Peptococcaceae;g__Candidatus_Formicimonas
edb62e360d2426137b5d1e17608eeb52	d__Bacteria;k__Bacillati;p__Mycoplasmatota;c__Erysipelotrichia;o__Erysipelotrichales;f__Coprobacillaceae;g__UCG-004
3584322f879e74f599b68e086861ca85	d__Bacteria;k__Pseudomonadati--other;p__Bacteroidota;c__Bacteroidia;o__Bacteroidales;f__Prevotellaceae;g__Segatella
2c633a747d47755f6e4fc3c7826671ec	d__Bacteria;k__Bacillati;p__Clostridiota;c__Clostridia;o__Acetivibrionales;f__Lachnospiraceae
0e354c016c0ef9f80aa52f7a73119100	d__Bacteria;k__Bacillati;p__Clostridiota;c__Clostridia;o__Acetivibrionales;f__Lachnospiraceae;g__Marvinbryantia
588a5b51a0a4ff8352e6792f87342c4c	d__Bacteria;k__Pseudomonadati--other;p__Bacteroidota;c__Bacteroidia;o__Bacteroidales;f__Prevotellaceae;g__Xylanibacter
1f9c2a40779ee415530fc111f5045373	d__Bacteria;k__Bacillati;p__Cyanobacteriota;c__Vampirovibrionophyceae;o__Candidatus_Gastranaerophilales;f__Candidatus_Gastranaerophilaceae;g__Incertae_Sedis
96391e20dc84448f2d8bc537a3c237e0	d__Bacteria;k__Pseudomonadati--other;p__Bacteroidota;c__Bacteroidia;o__Bacteroidales;f__Prevotellaceae;g__Xylanibacter
74de5c4ab702e96cc3ab37679f304690	d__Bacteria;k__Bacillati;p__Clostridiota;c__Clostridia;o__Acetivibrionales;f__Oscillospiraceae
eaab8bcbc2e50d1fea203ead8eaf57af	d__Bacteria;k__Bacillati;p__Clostridiota;c__Clostridia;o__Acetivibrionales;f__Lachnospiraceae
a5e1ad2608bb4db24f7a2f080905ec7b	d__Bacteria;k__Bacillati;p__Clostridiota;c__Clostridia;o__Acetivibrionales;f__Oscillospiraceae;g__Incertae_Sedis
bccc61fa40b7cc947a71182e8e9c6401	d__Bacteria;k__Bacillati;p__Clostridiota;c__Clostridia;o__Acetivibrionales;f__Oscillospiraceae;g__UCG-005
94a72b65721894ec49930568af2af563	d__Bacteria;k__Bacillati;p__Clostridiota;c__Clostridia;o__Acetivibrionales;f__Oscillospiraceae;g__Incertae_Sedis
14c582daa95708986fb7c3b0f04ed98a	d__Bacteria;k__Pseudomonadati--other;p__Bacteroidota;c__Bacteroidia;o__Bacteroidales;f__Rikenellaceae;g__Candidatus_Cryptobacteroides
03e2c89aaaafed3a7255cf3eddc568ce	d__Bacteria;k__Bacillati;p__Clostridiota;c__Clostridia;o__Acetivibrionales;f__Oscillospiraceae;g__Incertae_Sedis
9fbaa21bf6e9c90732dc898b91944df7	d__Bacteria;k__Bacillati;p__Mycoplasmatota;c__Erysipelotrichia;o__Erysipelotrichales;f__Erysipelotrichaceae;g__Lactimicrobium
2c7fde67104f92f4f8722b7e0dc3eb1e	d__Bacteria;k__Bacillati;p__Clostridiota;c__Clostridia;o__Acetivibrionales;f__Incertae_Sedis;g__Incertae_Sedis
4411c16f71dbe97865191935cca86227	d__Bacteria;k__Pseudomonadati;p__Desulfovibrionota;c__Desulfovibrionia;o__Desulfovibrionales;f__Desulfovibrionaceae;g__Desulfovibrio
c18afe570abfe82d2f746ecc6e291bab	d__Bacteria;k__Pseudomonadati;p__Pseudomonadota;c__Gammaproteobacteria;o__Enterobacterales;f__Enterobacteriaceae
b9c65ea5179a1bc7371a9d5cf25930d6	d__Bacteria;k__Bacillati;p__Clostridiota;c__Clostridia;o__Acetivibrionales;f__Anaerotignaceae;g__Lachnospiraceae_UCG-010
8a1273043d85908e51e18d9b3259328d	d__Bacteria;k__Bacillati;p__Clostridiota;c__Clostridia;o__Acetivibrionales;f__Oscillospiraceae;g__Incertae_Sedis
2864542698ee9408b3623e6c0d122fbb	d__Bacteria;k__Bacillati;p__Clostridiota;c__Clostridia;o__Acetivibrionales;f__Oscillospiraceae;g__Vescimonas
5c3ed1073a1aeab72ebec7d7f31c2500	d__Bacteria;k__Bacillati;p__Clostridiota;c__Clostridia;o__Acetivibrionales;f__Lachnospiraceae
5a726906b17555b372d661675c1dac09	d__Bacteria;k__Bacillati;p__Chloroflexota--other;c__Anaerolineae;o__Anaerolineales;f__Anaerolineaceae;g__Flexilinea
1c5c06c95e20759073135a6a2f7129f8	d__Bacteria;k__Bacillati;p__Clostridiota;c__Clostridia;o__Acetivibrionales;f__Incertae_Sedis;g__Incertae_Sedis
cf368c78532c6f3a212d322916f371e2	d__Bacteria;k__Bacillati;p__Clostridiota;c__Clostridia;o__Acetivibrionales;f__Lachnospiraceae;g__Tyzzerella
ad17581932984fab9b157c4afc9759cc	d__Bacteria;k__Pseudomonadati--other;p__Bacteroidota;c__Bacteroidia;o__Bacteroidales;f__Prevotellaceae;g__Xylanibacter
9369a9d5ec994dca97c655737b90240e	d__Bacteria;k__Pseudomonadati--other;p__Bacteroidota;c__Bacteroidia;o__Bacteroidales;f__Prevotellaceae;g__Incertae_Sedis
aa3ef5e9d9ba1e96eac09fcfe128eb68	d__Bacteria;k__Bacillati;p__Clostridiota;c__Clostridia;o__Acetivibrionales;f__Oscillospiraceae;g__Incertae_Sedis
6cbd865b209bce35cd280ef83c94da24	d__Bacteria;k__Pseudomonadati--other;p__Bacteroidota;c__Bacteroidia;o__Bacteroidales;f__Prevotellaceae;g__Prevotellaceae_UCG-003
46c572e1d542a496a19e9eb9082edc52	d__Bacteria;k__Bacillati;p__Clostridiota;c__Clostridia;o__Acetivibrionales;f__Lachnospiraceae
76d63ca7ade9686e317526276f4eab09	d__Bacteria;k__Bacillati;p__Actinomycetota;c__Coriobacteriia;o__Coriobacteriales--other;f__Incertae_Sedis;g__Raoultibacter
9337ebbb22249f6cfb380d62b9c08c0b	d__Bacteria;k__Bacillati;p__Clostridiota;c__Clostridia;o__Acetivibrionales;f__Lachnospiraceae;g__Roseburia
ebc67ae68705407814e5bc93ba4feb5e	d__Bacteria;k__Pseudomonadati;p__Pseudomonadota;c__Gammaproteobacteria;o__Aeromonadales;f__Succinivibrionaceae;g__Incertae_Sedis
1cf44f82eed4e4d917954f681fa8fe2a	d__Bacteria;k__Bacillati;p__Mycoplasmatota;c__Mollicutes;o__RF39;f__Incertae_Sedis;g__Incertae_Sedis
c0adc3e104aedc49cddb08971d581d06	d__Bacteria;k__Bacillati;p__Clostridiota;c__Clostridia;o__Acetivibrionales;f__Oscillospiraceae;g__Faecalibacterium
39bb3fb5b2257fd2eacca408dc42c5d1	d__Bacteria;k__Bacillati;p__Clostridiota;c__Clostridia;o__Acetivibrionales;f__Lachnospiraceae;g__Oliverpabstia
c3a0b684335fcc5550798f0e631b1b10	d__Bacteria;k__Bacillati;p__Clostridiota;c__Clostridia;o__Acetivibrionales;f__Oscillospiraceae;g__Incertae_Sedis
063421e3bd86541a8f4e2f2229c05831	d__Bacteria;k__Bacillati;p__Actinomycetota;c__Coriobacteriia;o__Coriobacteriales--other;f__Incertae_Sedis;g__Raoultibacter
10155b2834300619ce0102110a37b057	d__Bacteria;k__Bacillati;p__Clostridiota;c__Clostridia;o__Acetivibrionales;f__Lachnospiraceae;g__Incertae_Sedis
376917760e5aa918592416e980809536	d__Bacteria;k__Bacillati;p__Clostridiota;c__Clostridia;o__Acetivibrionales;f__Maliibacteriaceae;g__Maliibacterium
6c7fa77831ae630967a6fbfc8ee47901	d__Bacteria;k__Bacillati;p__Clostridiota;c__Clostridia;o__Acetivibrionales;f__Lachnospiraceae;g__Fusicatenibacter
dd7d6d0d03637a4ab4d99ed4dfd98183	d__Bacteria;k__Pseudomonadati--other;p__Bacteroidota;c__Bacteroidia;o__Bacteroidales;f__p-251-o5;g__Incertae_Sedis
39d30d6456cbf7d639d3ff3bd3b36038	d__Bacteria;k__Pseudomonadati--other;p__Spirochaetota;c__Spirochaetia;o__Spirochaetales;f__Treponemataceae;g__Treponema
80a9c3f28ef6b766c3455cd91796ec12	d__Bacteria;k__Bacillati;p__Mycoplasmatota;c__Mollicutes;o__RF39;f__Incertae_Sedis;g__Incertae_Sedis
f8b5fef9efe1515fa0929e09b442a660	d__Bacteria;k__Bacillati;p__Clostridiota;c__Clostridia;o__Acetivibrionales;f__Defluviitaleaceae;g__Defluviitalea
9e4790fba47496affb0aec84c18dfdea	d__Bacteria;k__Bacillati;p__Clostridiota;c__Clostridia;o__Acetivibrionales;f__Lachnospiraceae
42df640149a87bb6c3a6583efb62a3c2	d__Bacteria;k__Bacillati;p__Clostridiota;c__Clostridia;o__Acetivibrionales;f__Lachnospiraceae
9abbabf0e56465ce34a0f7bb5e1b70e7	d__Bacteria;k__Pseudomonadati--other;p__Bacteroidota;c__Bacteroidia;o__Bacteroidales;f__Rikenellaceae;g__Candidatus_Cryptobacteroides
97ad188254ad8050b51fd4a4b6e43244	d__Bacteria;k__Pseudomonadati--other;p__Bacteroidota;c__Bacteroidia;o__Bacteroidales;f__Rikenellaceae;g__Candidatus_Cryptobacteroides
fffa9ada9e79c638b6b43d469cebc093	d__Bacteria;k__Bacillati;p__Clostridiota;c__Clostridia;o__Acetivibrionales;f__Oscillospiraceae
cd9b6a1528a24fc4e581b53da7edbfa4	d__Bacteria;k__Pseudomonadati--other;p__Bacteroidota;c__Bacteroidia;o__Bacteroidales;f__Prevotellaceae;g__Alloprevotella
d0c00120424bcbaa7e84ac230900085f	d__Bacteria;k__Pseudomonadati--other;p__Bacteroidota;c__Bacteroidia;o__Bacteroidales;f__Prevotellaceae;g__Xylanibacter
69d6829a8ae1d3d13d91475dfe903439	d__Bacteria;k__Bacillati;p__Clostridiota;c__Clostridia;o__Acetivibrionales;f__Oscillospiraceae;g__Ruminiclostridium
0554b48862acb367e8825f1087be0ef5	d__Bacteria;k__Pseudomonadati--other;p__Bacteroidota;c__Bacteroidia;o__Bacteroidales;f__Prevotellaceae;g__Xylanibacter
4ce0afbaae4138f34580aa9f62b7a0fd	d__Bacteria;k__Bacillati;p__Clostridiota;c__Clostridia;o__Acetivibrionales;f__Aristaeellaceae;g__Aristaeella
3134cb695ee6b6924d170813442ea246	d__Bacteria;k__Bacillati;p__Clostridiota;c__Clostridia;o__Acetivibrionales;f__Oscillospiraceae;g__Solibaculum
df87c7b88687372198e13a6ea28f5d26	d__Bacteria;k__Bacillati;p__Clostridiota;c__Clostridia;o__Acetivibrionales;f__Lachnospiraceae
96d33ec6ee3f09fefadb660132fda691	d__Bacteria;k__Bacillati;p__Clostridiota;c__Clostridia;o__Acetivibrionales;f__Lachnospiraceae
94b000e59b7ac160b0416c9ab45ff0bf	d__Bacteria;k__Bacillati;p__Bacillota;c__Bacilli;o__Lactobacillales
c536d0021cf56cc382aed684b627996a	d__Bacteria;k__Bacillati;p__Clostridiota;c__Clostridia;o__Acetivibrionales;f__Oscillospiraceae;g__Clostridium--other
d08306663049500852d9eb0c66fbbc11	d__Bacteria;k__Bacillati;p__Clostridiota;c__Clostridia;o__Acetivibrionales;f__Oscillospiraceae;g__Gemmiger
1401818fddff664a716bded08df08e96	d__Bacteria;k__Pseudomonadati--other;p__Bacteroidota;c__Bacteroidia;o__Bacteroidales;f__Muribaculaceae;g__Muribaculum
cd734e4c92a9f373a6d29449eef9e9f1	d__Bacteria;k__Pseudomonadati--other;p__Bacteroidota;c__Bacteroidia;o__Bacteroidales;f__Bacteroidaceae
cd7423c650c6038cf8566405e3f280b4	d__Bacteria;k__Bacillati;p__Actinomycetota;c__Coriobacteriia;o__Coriobacteriales--other;f__Incertae_Sedis;g__Incertae_Sedis
f9ce26f2cc04fb911e4182dfd5b7b5bd	d__Bacteria;k__Bacillati;p__Clostridiota;c__Clostridia;o__Acetivibrionales;f__Lachnospiraceae;g__Roseburia
befd284cef7d85e81496add6ee55c198	d__Bacteria;k__Bacillati;p__Cyanobacteriota;c__Vampirovibrionophyceae;o__Candidatus_Gastranaerophilales;f__Candidatus_Gastranaerophilaceae;g__Incertae_Sedis
90a2d65118e14879c2205f7e1c800395	d__Bacteria;k__Pseudomonadati;p__Pseudomonadota;c__Alphaproteobacteria;o__Rhodospirillales;f__Terasakiellaceae;g__Incertae_Sedis
6279a5e00f5277b5ba26ce51fc285c3d	d__Bacteria;k__Pseudomonadati--other;p__Bacteroidota;c__Bacteroidia;o__Bacteroidales;f__Rikenellaceae;g__Candidatus_Cryptobacteroides
e3d87ad8ec9b3fe072aae3552ed4f54a	d__Bacteria;k__Bacillati;p__Mycoplasmatota;c__Mollicutes;o__RF39;f__Incertae_Sedis;g__Incertae_Sedis
f40f096ddf10fa17d07a961a0b7d8bb1	d__Bacteria;k__Pseudomonadati--other;p__Bacteroidota;c__Bacteroidia;o__Bacteroidales;f__Muribaculaceae;g__Sodaliphilus
28dc8ae74e810c46dad78dba3d07a5b7	d__Bacteria;k__Bacillati;p__Desulfotomaculota;c__Negativicutes;o__Veillonellales;f__Veillonellaceae;g__Megasphaera
0f3b7c83a74dcde1401857ae16252abf	d__Bacteria;k__Bacillati;p__Clostridiota;c__Clostridia;o__Acetivibrionales;f__Incertae_Sedis;g__Incertae_Sedis
ee0dc9e0ca3f46defe49f589a627091d	d__Bacteria;k__Bacillati;p__Clostridiota;c__Clostridia;o__Acetivibrionales;f__Maliibacteriaceae;g__Maliibacterium
42ba482949399f8210eb3abc2696fcb4	d__Bacteria;k__Pseudomonadati--other;p__Bacteroidota;c__Bacteroidia;o__Bacteroidales;f__Bacteroidaceae;g__Paraphocaeicola
f04aeeea3f45cb3e464ddcbe48fcd96c	d__Bacteria;k__Bacillati;p__Synergistota;c__Synergistia;o__Synergistales;f__Dethiosulfovibrionaceae;g__Pyramidobacter
430564e834b0875b711e5fc4aee9339e	d__Bacteria;k__Bacillati;p__Clostridiota;c__Clostridia;o__Acetivibrionales;f__Lachnospiraceae;g__Oribacterium
dfdc90ca8a55f51e5f6735826d7ff5c4	d__Bacteria;k__Pseudomonadati--other;p__Bacteroidota;c__Bacteroidia;o__Bacteroidales;f__Prevotellaceae;g__Xylanibacter
9bc2e1c204d732cee47feb0fe1a58dff	d__Bacteria;k__Bacillati;p__Clostridiota;c__Clostridia;o__Acetivibrionales;f__Incertae_Sedis;g__Incertae_Sedis
3e81c071c5656c5fea1a03a025e71db4	d__Bacteria;k__Bacillati;p__Cyanobacteriota;c__Vampirovibrionophyceae;o__Candidatus_Gastranaerophilales;f__Candidatus_Gastranaerophilaceae;g__Incertae_Sedis
3f8f2ac08fb4222005403b97e7b9c95e	d__Bacteria;k__Bacillati;p__Cyanobacteriota;c__Vampirovibrionophyceae;o__Candidatus_Gastranaerophilales;f__Candidatus_Gastranaerophilaceae;g__Incertae_Sedis
f3b62dcb046f73d601893278f32199fd	d__Bacteria;k__Pseudomonadati--other;p__Bacteroidota
fcebedcdd09b7baf2a2fbc6ec8ed6327	d__Bacteria;k__Pseudomonadati--other;p__Verrucomicrobiota;c__Verrucomicrobiia;o__Verrucomicrobiales;f__Akkermansiaceae;g__Akkermansia
8c74b62abd608daca6aa91f23df2fe54	d__Bacteria;k__Bacillati;p__Clostridiota;c__Clostridia;o__Acetivibrionales;f__Lachnospiraceae
fe1bd772a1ab2fbf1923ee8189ed8d32	d__Bacteria;k__Bacillati;p__Clostridiota;c__Clostridia;o__Acetivibrionales;f__Oscillospiraceae;g__V9D2013_group
e91f1c5b67ffecb5ca3ca3b393a50f00	d__Bacteria;k__Bacillati;p__Clostridiota;c__Clostridia;o__Acetivibrionales;f__Aristaeellaceae;g__Aristaeella
06b22cf46e95cbb074d733b7f9fbbe87	d__Bacteria;k__Pseudomonadati;p__Pseudomonadota;c__Gammaproteobacteria;o__Aeromonadales;f__Succinivibrionaceae;g__Succinatimonas
9feb162d79e10b8e91d0563084fb9ee4	d__Bacteria;k__Pseudomonadati--other;p__Bacteroidota;c__Bacteroidia;o__Bacteroidales;f__Muribaculaceae;g__Lepagella
fde1017d8a752aa6a3c803ebd20bd067	d__Bacteria;k__Bacillati;p__Mycoplasmatota;c__Mollicutes;o__RF39;f__Incertae_Sedis;g__Incertae_Sedis
a474a31fb864f9ea2ba225e36c72e287	d__Bacteria;k__Bacillati;p__Clostridiota;c__Clostridia;o__Acetivibrionales;f__Lachnospiraceae
199e38ef5d6923ba165649d2cbadf3e6	d__Bacteria;k__Pseudomonadati--other;p__Bacteroidota;c__Bacteroidia;o__Bacteroidales;f__Prevotellaceae;g__Xylanibacter
c9204dfffd21b33d24af8a67803ef338	d__Bacteria;k__Pseudomonadati--other;p__Bacteroidota;c__Bacteroidia;o__Bacteroidales;f__p-251-o5;g__Incertae_Sedis
bd4f60d422b63b0e6eb30fcee05e0f43	d__Bacteria;k__Pseudomonadati--other;p__Bacteroidota;c__Bacteroidia;o__Bacteroidales;f__Muribaculaceae;g__Sodaliphilus
94690e59e053157471541e6f82529057	d__Bacteria;k__Pseudomonadati--other;p__Bacteroidota;c__Bacteroidia;o__Bacteroidales;f__Prevotellaceae;g__Prevotellaceae_UCG-004
e595414b83a246ee32dda053a01460bc	d__Bacteria;k__Bacillati;p__Clostridiota;c__Clostridia;o__Acetivibrionales;f__Lachnospiraceae;g__Incertae_Sedis
85e3162851e1b35461c6779b028da540	d__Bacteria;k__Bacillati;p__Mycoplasmatota;c__Mollicutes;o__RF39;f__Incertae_Sedis;g__Incertae_Sedis
cbd3d0041028b017cff72ad1536f48a8	d__Bacteria;k__Pseudomonadati--other;p__Bacteroidota;c__Bacteroidia;o__Bacteroidales;f__Prevotellaceae;g__Xylanibacter
686d42b9552375c3b61301ae5605e3a2	d__Bacteria;k__Bacillati;p__Clostridiota;c__Clostridia;o__Acetivibrionales;f__Lachnospiraceae
eed8c7f3f337d6da3bf4047933d42522	d__Bacteria;k__Bacillati;p__Clostridiota;c__Clostridia;o__Acetivibrionales;f__Oscillospiraceae;g__Incertae_Sedis
6845a3820a05a855138cc60c08818a89	d__Bacteria;k__Bacillati;p__Clostridiota;c__Clostridia;o__Acetivibrionales;f__Lachnospiraceae
ca61a891819daf971ced3a03746eb7a3	d__Bacteria;k__Bacillati;p__Clostridiota;c__Clostridia;o__Acetivibrionales;f__Lachnospiraceae
f1d96288fc9c7892eb0c71843523d383	d__Bacteria;k__Bacillati;p__Clostridiota;c__Clostridia;o__Acetivibrionales;f__Oscillospiraceae;g__Ruminococcoides
c347f2f6ac362843afe1ad6c9200bf44	d__Bacteria;k__Bacillati;p__Clostridiota;c__Clostridia;o__Acetivibrionales;f__Lachnospiraceae;g__Anaerobutyricum
48ca1cf6e1bfeaf343725f8b0bba4633	d__Bacteria;k__Bacillati;p__Clostridiota;c__Clostridia;o__Acetivibrionales;f__Oscillospiraceae;g__Solibaculum
c3735d1df667e5300507c078e397db36	d__Bacteria;k__Bacillati;p__Clostridiota;c__Clostridia;o__Acetivibrionales;f__Oscillospiraceae;g__Vescimonas
b5f7fd2c345050fb8bc3d952c4841254	d__Bacteria;k__Bacillati;p__Clostridiota;c__Clostridia;o__Acetivibrionales;f__Lachnospiraceae
2cf0e5f47be519588e1adb932ed78651	d__Bacteria;k__Pseudomonadati--other;p__Bacteroidota;c__Bacteroidia;o__Bacteroidales;f__Prevotellaceae;g__Xylanibacter
ca104788c3a5e43fd244c21cfd147375	d__Bacteria;k__Bacillati;p__Clostridiota;c__Clostridia;o__Acetivibrionales;f__Lachnospiraceae;g__Butyribacter
216f224500477af00fa21813c25cf6bc	d__Bacteria;k__Bacillati;p__Clostridiota;c__Clostridia;o__Acetivibrionales;f__Oscillospiraceae;g__Vescimonas
efddd56ec66297febd0536327a25b671	d__Bacteria;k__Bacillati;p__Clostridiota;c__Clostridia;o__Acetivibrionales;f__Oscillospiraceae;g__Incertae_Sedis
42a16ff5ac231633ba8cd77c1f4fa822	d__Bacteria;k__Pseudomonadati--other;p__Spirochaetota;c__Spirochaetia;o__Spirochaetales;f__Treponemataceae;g__Treponema
6b2d07e53487754db05194f702d6e54b	d__Bacteria;k__Bacillati;p__Clostridiota;c__Clostridia;o__Acetivibrionales;f__Lachnospiraceae
84ecb325c40b83a129d013362c3e526c	d__Bacteria;k__Bacillati;p__Clostridiota;c__Clostridia;o__Acetivibrionales;f__Oscillospiraceae;g__Vescimonas
f7c6ed18a6a6a6c167673d4eaa6503c4	d__Bacteria;k__Pseudomonadati--other;p__Bacteroidota;c__Bacteroidia;o__Bacteroidales;f__Prevotellaceae;g__Xylanibacter
a9c59064aeb48fee925e11624694e67b	d__Bacteria;k__Bacillati;p__Desulfotomaculota;c__Negativicutes;o__Selenomonadales;f__Selenomonadaceae;g__Anaerovibrio
81d13ffe9feb4fefeb922d792f00ab04	d__Bacteria;k__Bacillati;p__Mycoplasmatota;c__Mollicutes;o__RF39;f__Incertae_Sedis;g__Incertae_Sedis
b09668129d4a4c5a30de7821ccf2446d	d__Archaea;k__Methanobacteriati--other;p__Thermoplasmatota;c__Thermoplasmata--other;o__Methanomassiliicoccales;f__Methanomethylophilaceae
d8a61029c6fff8838fe41aa0ac46e244	d__Bacteria;k__Bacillati;p__Clostridiota;c__Clostridia;o__Peptostreptococcales;f__Anaerovoracaceae;g__Mogibacterium
a5134ffb0d9c05e0fd7c306f2404281f	d__Bacteria;k__Bacillati;p__Clostridiota;c__Clostridia;o__Acetivibrionales;f__Oscillospiraceae;g__NK4A214_group
a23eef603b4f3092f6bb26367d7b4765	d__Bacteria;k__Bacillati;p__Clostridiota;c__Clostridia;o__Acetivibrionales;f__Lachnospiraceae
131e01322d8e018503d7c488b662e368	d__Bacteria;k__Pseudomonadati--other;p__Bacteroidota;c__Bacteroidia;o__Bacteroidales;f__Bacteroidaceae;g__Paraphocaeicola
d992caa475dacc5905bbab195a926c30	d__Bacteria;k__Bacillati;p__Clostridiota;c__Clostridia;o__Acetivibrionales;f__Oscillospiraceae;g__Qingrenia
db3a134c4981b720d295a7caa59c0838	d__Bacteria;k__Pseudomonadati--other;p__Spirochaetota;c__Spirochaetia;o__Spirochaetales;f__Sphaerochaetaceae;g__Sphaerochaeta
4a6b780f492e52849f2544085818eda3	d__Bacteria;k__Bacillati;p__Vulcanimicrobiota;c__Candidatus_Xenobiia;o__Candidatus_Xenobiales;f__Candidatus_Xenobiaceae;g__Candidatus_Bruticola
fe41789ec3fd12e4c8ea335e279172c0	d__Bacteria;k__Bacillati;p__Clostridiota;c__Clostridia;o__Acetivibrionales;f__Incertae_Sedis;g__Incertae_Sedis
7f2e7fee99ed093e4898c520d7ae2275	d__Bacteria;k__Bacillati;p__Clostridiota;c__Clostridia;o__Acetivibrionales;f__Incertae_Sedis;g__Incertae_Sedis
cceff16214da02d3e5734afab5efb36e	d__Bacteria;k__Pseudomonadati--other;p__Bacteroidota;c__Bacteroidia;o__Bacteroidales;f__Prevotellaceae;g__Xylanibacter
a3a3f4980ef15579090d0f081fa94363	d__Bacteria;k__Pseudomonadati--other;p__Bacteroidota;c__Bacteroidia;o__Bacteroidales;f__Prevotellaceae;g__Xylanibacter
ad0edc1c73534a6961a07ee1aa4fd619	d__Bacteria;k__Pseudomonadati--other;p__Bacteroidota;c__Bacteroidia;o__Bacteroidales;f__Rikenellaceae;g__Candidatus_Cryptobacteroides
984649b593fc358024c03cb375ec8f87	d__Bacteria;k__Pseudomonadati--other;p__Bacteroidota;c__Bacteroidia;o__Bacteroidales;f__Prevotellaceae;g__Prevotellaceae_UCG-003
26eab0634d45d1c814169e59df247ce3	d__Bacteria;k__Bacillati;p__Clostridiota;c__Clostridia;o__Acetivibrionales;f__Lachnospiraceae;g__Candidatus_Lachnoclostridium
ad2e3c00dfcc35835ef5aea67451d58c	d__Archaea;k__Methanobacteriati--other;p__Thermoplasmatota;c__Thermoplasmata--other;o__Methanomassiliicoccales;f__Methanomethylophilaceae;g__Candidatus_Methanogranum
f4ce389a646723074256641b68d97eb4	d__Bacteria;k__Bacillati;p__Clostridiota;c__Clostridia;o__Acetivibrionales;f__Oscillospiraceae;g__Incertae_Sedis
31b29418cdde7a37b784ce9690bfa5c9	d__Bacteria;k__Bacillati;p__Clostridiota;c__Clostridia;o__Acetivibrionales;f__Oscillospiraceae;g__Incertae_Sedis
70882cf80baf5e46b1929089229e4f69	d__Bacteria;k__Bacillati;p__Mycoplasmatota;c__Mollicutes;o__RF39;f__Incertae_Sedis;g__Incertae_Sedis
48707ab67ec95fe3f0d8097b6339fe39	d__Bacteria;k__Bacillati;p__Clostridiota;c__Clostridia;o__Acetivibrionales;f__Oscillospiraceae;g__Incertae_Sedis
dd5c4c669850aac8c0fd1392ed4ab8fd	d__Bacteria;k__Bacillati;p__Clostridiota;c__Clostridia;o__Acetivibrionales;f__Lachnospiraceae
59dc21883a34e3c624ebf70ad63e9455	d__Bacteria;k__Bacillati;p__Clostridiota;c__Clostridia;o__Acetivibrionales;f__Oscillospiraceae;g__Incertae_Sedis
2bf5cfd6ffcf93237f075fd6f976b635	d__Bacteria;k__Bacillati;p__Clostridiota;c__Clostridia;o__Acetivibrionales;f__Oscillospiraceae;g__Solibaculum
a36ab9a31e7515fb8cbc20d5af309287	d__Bacteria;k__Bacillati;p__Clostridiota;c__Clostridia;o__Acetivibrionales;f__Oscillospiraceae;g__Faecalibacterium
8aff935557eab67b0baa4553b8518105	d__Bacteria;k__Bacillati;p__Clostridiota;c__Clostridia;o__Acetivibrionales;f__Lachnospiraceae;g__Coprococcus--other
2a6c5bddf9386d84f9ecf31c2fb7951f	d__Bacteria;k__Bacillati;p__Clostridiota;c__Clostridia;o__Acetivibrionales;f__Oscillospiraceae;g__Solibaculum
94789834bb68f2db5ab172f3b740a0f0	d__Bacteria;k__Bacillati;p__Clostridiota;c__Clostridia;o__Acetivibrionales;f__Oscillospiraceae;g__Incertae_Sedis
9a84f257b34adeb6c71b1571ddd164a9	d__Bacteria;k__Pseudomonadati;p__Pseudomonadota;c__Alphaproteobacteria;o__Rhodospirillales;f__Terasakiellaceae;g__Incertae_Sedis
35d788d950ff5715a41231c4d1585985	d__Bacteria;k__Bacillati;p__Actinomycetota;c__Coriobacteriia;o__Eggerthellales;f__Eggerthellaceae;g__Senegalimassilia
8549725c93b46a9ca8086f244bb4fcc1	d__Bacteria;k__Pseudomonadati--other;p__Bacteroidota;c__Bacteroidia;o__Bacteroidales;f__Rikenellaceae;g__Candidatus_Cryptobacteroides
8e91b4ac39f5639386632600e9e1038b	d__Bacteria;k__Bacillati;p__Clostridiota;c__Clostridia;o__Acetivibrionales;f__Oscillospiraceae;g__Incertae_Sedis
35972703613caf86ab455a49c16ac8d2	d__Bacteria;k__Bacillati;p__Clostridiota;c__Clostridia;o__Acetivibrionales;f__Lachnospiraceae
9a6b3fd8d54f72166a747b08b5bba9b6	d__Bacteria;k__Bacillati;p__Clostridiota;c__Clostridia;o__Acetivibrionales;f__Lachnospiraceae
0cefad839732349a85d23e89d306cef8	d__Bacteria;k__Bacillati;p__Clostridiota;c__Clostridia;o__Acetivibrionales;f__Lachnospiraceae
fdfa02a204ea4f65998078d291699ea3	d__Bacteria;k__Bacillati;p__Cyanobacteriota;c__Vampirovibrionophyceae;o__Candidatus_Gastranaerophilales;f__Candidatus_Gastranaerophilaceae;g__Candidatus_Limenecus
63728ecdd08aaa4171bf7ff1b9894324	d__Bacteria;k__Bacillati;p__Clostridiota;c__Clostridia;o__Acetivibrionales;f__Oscillospiraceae;g__Anaerofilum
b8e4cc5bcab4835496b234d1f37e45e1	d__Bacteria;k__Bacillati;p__Clostridiota;c__Clostridia;o__Acetivibrionales;f__Lachnospiraceae
eb7e3fe2fe77df6e5e536389b001f82f	d__Bacteria;k__Bacillati;p__Mycoplasmatota;c__Mollicutes;o__RF39;f__Incertae_Sedis;g__Incertae_Sedis
0ee86b0ab652be087a31603e5fea0614	d__Bacteria;k__Pseudomonadati--other;p__Bacteroidota;c__Bacteroidia;o__Bacteroidales;f__Rikenellaceae;g__Candidatus_Cryptobacteroides
a5655d924b5c1b14ce1e9727e9efd486	d__Bacteria;k__Bacillati;p__Clostridiota;c__Clostridia;o__Acetivibrionales;f__Incertae_Sedis;g__Incertae_Sedis
1053630398aa4b345345c6c2801bac6c	d__Bacteria;k__Bacillati;p__Clostridiota;c__Clostridia;o__Acetivibrionales;f__Oscillospiraceae;g__Incertae_Sedis
5348b80cd064d8ca0f08a56d6326b5a2	d__Bacteria;k__Bacillati;p__Clostridiota;c__Clostridia;o__Acetivibrionales;f__Oscillospiraceae;g__UCG-005
142bd9bd514cf796fcd8d1b71dc60961	d__Bacteria;k__Bacillati;p__Clostridiota;c__Clostridia;o__Acetivibrionales;f__Lachnospiraceae
eb25d1d0b195591685cb02e49d0b67aa	d__Bacteria;k__Bacillati;p__Clostridiota;c__Clostridia;o__Acetivibrionales;f__Oscillospiraceae;g__Ructibacterium
60f280e15b943abb8e4bca65a2ca2af2	d__Bacteria;k__Bacillati;p__Mycoplasmatota;c__Erysipelotrichia;o__Erysipelotrichales;f__Coprobacillaceae;g__UCG-004
a39219901d602464db7208cf7c3ba12c	d__Bacteria;k__Pseudomonadati--other;p__Kiritimatiellota;c__Kiritimatiellia--other;o__WCHB1-41;f__Incertae_Sedis;g__Incertae_Sedis
d2ac49ccf06f04cd68e8dc9096bfbd33	d__Bacteria;k__Bacillati;p__Clostridiota;c__Clostridia;o__Acetivibrionales;f__Oscillospiraceae;g__Candidatus_Pseudoruminococcus
1bacd8a4ed47d90ca65c1e6797ed3b10	d__Bacteria;k__Bacillati;p__Clostridiota;c__Clostridia;o__Acetivibrionales;f__Oscillospiraceae;g__Tepidibaculum
f702fbe4eea25e04c7709807c3ff20e9	d__Bacteria;k__Bacillati;p__Clostridiota;c__Clostridia;o__Acetivibrionales;f__Lachnospiraceae;g__Agathobacter
14de53486750da07ed6229402b3e088c	d__Bacteria;k__Bacillati;p__Clostridiota;c__Clostridia;o__Acetivibrionales;f__Lachnospiraceae
8efb658687ef519ac6f656e6463cb419	d__Bacteria;k__Bacillati;p__Desulfotomaculota;c__Negativicutes;o__Selenomonadales;f__Selenomonadaceae
a8e1e6b0dcd566c0e15ec85db3a68824	d__Bacteria;k__Bacillati;p__Clostridiota;c__Clostridia;o__Acetivibrionales;f__Oscillospiraceae
0868232af6927a861eca818df3655f8a	d__Bacteria;k__Pseudomonadati--other;p__Bacteroidota;c__Bacteroidia;o__Bacteroidales;f__Prevotellaceae;g__Incertae_Sedis
4e22d5e0a417a8a889226f582e82f0ef	d__Bacteria;k__Bacillati;p__Mycoplasmatota;c__Mollicutes;o__RF39;f__Incertae_Sedis;g__Incertae_Sedis
1296eaeae85db4510640a688ea18053a	d__Bacteria;k__Bacillati;p__Clostridiota;c__Clostridia;o__Acetivibrionales;f__Oscillospiraceae;g__Incertae_Sedis
68c6dd8932e288b1b5de83ee9221e13d	d__Bacteria;k__Bacillati;p__Cyanobacteriota;c__Vampirovibrionophyceae;o__Candidatus_Gastranaerophilales;f__Candidatus_Gastranaerophilaceae;g__Incertae_Sedis
82acae0094e394150e7e5eba1001ba2c	d__Bacteria;k__Pseudomonadati--other;p__Kiritimatiellota;c__Kiritimatiellia--other;o__WCHB1-41;f__Incertae_Sedis;g__Incertae_Sedis
f1cf90d7f567e3c318928800dddd2f58	d__Bacteria;k__Bacillati;p__Clostridiota;c__Clostridia;o__Acetivibrionales;f__Lachnospiraceae
b796b2132a5015f869c8b5ac44a0e2bf	d__Bacteria;k__Bacillati;p__Clostridiota;c__Clostridia;o__Acetivibrionales;f__Oscillospiraceae;g__Flavonifractor
31e5e20d2c58cab9ed85564f64088305	d__Bacteria;k__Bacillati;p__Mycoplasmatota;c__Mollicutes;o__Mycoplasmoidales;f__Mycoplasmoidaceae;g__Malacoplasma
866f383f9d913ebe8ca21fa6c9a1569d	d__Bacteria;k__Bacillati;p__Mycoplasmatota;c__Erysipelotrichia;o__Erysipelotrichales;f__Erysipelotrichaceae;g__Anaerorhabdus
6b18d2af57dd7645000ca75c6a7444a8	d__Bacteria;k__Bacillati;p__Mycoplasmatota;c__Mollicutes;o__Anaeroplasmatales;f__Anaeroplasmataceae;g__Anaeroplasma
5e7b3f26262cbcd06b80fe76f579350f	d__Bacteria;k__Bacillati;p__Clostridiota;c__Clostridia;o__Acetivibrionales;f__Lachnospiraceae
61b91927f0cc1d6783427b7e8c4c1ec0	d__Bacteria;k__Bacillati;p__Desulfotomaculota;c__Desulfitisporia;o__Desulfitisporales;f__Peptococcaceae;g__Peptococcus
50c9b82f7fbc6327f5c04a43a966e664	d__Bacteria;k__Bacillati;p__Mycoplasmatota;c__Mollicutes;o__RF39;f__Incertae_Sedis;g__Incertae_Sedis
7e7232b09c6c8366ddba60646fac049c	d__Bacteria;k__Bacillati;p__Mycoplasmatota;c__Mollicutes;o__RF39;f__Incertae_Sedis;g__Incertae_Sedis
0c14917bfd893fb5738b9266c4bee60c	d__Bacteria;k__Bacillati;p__Clostridiota;c__Clostridia;o__Acetivibrionales;f__Lachnospiraceae
cf55a3470ff434bfbab2960e7303bf0c	d__Bacteria;k__Pseudomonadati--other;p__Spirochaetota;c__Spirochaetia;o__Spirochaetales;f__Treponemataceae;g__Treponema
2610046df400db9b2cc86a85d680ab27	d__Bacteria;k__Bacillati;p__Mycoplasmatota;c__Erysipelotrichia;o__Erysipelotrichales;f__Coprobacillaceae;g__UCG-004
0e8a0cfd8c4c4b5b967e146ca0b64976	d__Bacteria;k__Pseudomonadati--other;p__Spirochaetota;c__Spirochaetia;o__Spirochaetales;f__Treponemataceae;g__Treponema
c33204a1e956935ed62ef1a667e4df10	d__Bacteria;k__Pseudomonadati--other;p__Bacteroidota;c__Bacteroidia;o__Bacteroidales;f__Prevotellaceae
096de63919f7de48ce10feaf5794bf1b	d__Bacteria;k__Pseudomonadati--other;p__Bacteroidota;c__Bacteroidia;o__Bacteroidales;f__p-251-o5;g__Incertae_Sedis
a417d532d31f606feb308c9c1b29cf2d	d__Bacteria;k__Bacillati;p__Clostridiota;c__Clostridia;o__Acetivibrionales;f__Lachnospiraceae;g__Lachnoanaerobaculum
65824c9ca54e8b78283b362afae16cd8	d__Bacteria;k__Bacillati;p__Clostridiota;c__Clostridia;o__Acetivibrionales;f__Oscillospiraceae;g__Paludihabitans
115c6662dfe4c463b68f83233e7f3f36	d__Bacteria;k__Bacillati;p__Clostridiota;c__Clostridia;o__Acetivibrionales;f__Oscillospiraceae;g__Tepidibaculum
a1ca48bbbee4bc3bfe970443a209df26	d__Bacteria;k__Bacillati;p__Clostridiota;c__Clostridia;o__Acetivibrionales;f__Oscillospiraceae;g__Incertae_Sedis
6f4eb01b9e4d50a7e5c2978551654850	d__Bacteria;k__Bacillati;p__Mycoplasmatota;c__Erysipelotrichia;o__Erysipelotrichales;f__Coprobacillaceae;g__UCG-004
3ca34c1ae39a3287121c422fb3b9321c	d__Bacteria;k__Pseudomonadati--other;p__Bacteroidota;c__Bacteroidia;o__Bacteroidales;f__Muribaculaceae;g__Lepagella
bcbc1d3070859a346c80fe43424e89ba	d__Bacteria;k__Pseudomonadati--other;p__Verrucomicrobiota;c__Verrucomicrobiia;o__Verrucomicrobiales;f__Akkermansiaceae;g__Akkermansia
dfb8441b452505483e751fb74774dde1	d__Bacteria;k__Bacillati;p__Mycoplasmatota;c__Mollicutes;o__RF39;f__Incertae_Sedis;g__Incertae_Sedis
06faa6d94b6dc744a6051dc2b870184c	d__Bacteria;k__Bacillati;p__Clostridiota;c__Clostridia;o__Acetivibrionales;f__Lachnospiraceae;g__Roseburia
3bd1e17fcdf070cb4fd19e2175ed0563	d__Bacteria;k__Pseudomonadati--other;p__Bacteroidota;c__Bacteroidia;o__Bacteroidales;f__Bacteroidaceae;g__Bacteroides
245bed51e87c97dabedbb244cd82335e	d__Bacteria;k__Bacillati;p__Clostridiota;c__Clostridia;o__Acetivibrionales;f__Oscillospiraceae;g__Allofournierella
f85be592ad2c113d3f987d40e821fcc7	d__Bacteria;k__Bacillati;p__Clostridiota;c__Clostridia;o__Acetivibrionales;f__Oscillospiraceae;g__Qingrenia
81ee14f5cd1d12df2ec8cf82baeaa76d	d__Bacteria;k__Bacillati;p__Clostridiota;c__Clostridia;o__Acetivibrionales;f__Oscillospiraceae;g__Allofournierella
dff1e1852c612349d10e5aeb2e8dd8f7	d__Bacteria;k__Bacillati;p__Clostridiota;c__Clostridia;o__Acetivibrionales;f__Aristaeellaceae;g__Aristaeella
0ab28b5742af210e9081bfa4ed54443f	d__Bacteria;k__Pseudomonadati--other;p__Bacteroidota;c__Bacteroidia;o__Bacteroidales;f__Rikenellaceae;g__Candidatus_Cryptobacteroides
a24dae6b87885a55d81df1ea6d1abaf5	d__Bacteria;k__Bacillati;p__Clostridiota;c__Clostridia;o__Acetivibrionales;f__Lachnospiraceae
c8fce068920feb387167d44c01689295	d__Bacteria;k__Bacillati;p__Clostridiota;c__Clostridia;o__Acetivibrionales;f__Oscillospiraceae;g__Agathobaculum
fa193be840aaaebd1acf7d8a376b3b8b	d__Bacteria;k__Pseudomonadati--other;p__Bacteroidota;c__Bacteroidia;o__Bacteroidales;f__Prevotellaceae;g__Xylanibacter
83d0c4dc1452eea93caac0b58854feb2	d__Bacteria;k__Bacillati;p__Cyanobacteriota;c__Vampirovibrionophyceae;o__Candidatus_Gastranaerophilales;f__Candidatus_Gastranaerophilaceae;g__Candidatus_Gastranaerophilus
81f98166183a61ab9ab463608724d1d5	d__Bacteria;k__Bacillati;p__Mycoplasmatota;c__Erysipelotrichia;o__Erysipelotrichales;f__Coprobacillaceae;g__UCG-004
e971e391d2750a1cc383f205b3643206	d__Bacteria;k__Bacillati;p__Clostridiota;c__Clostridia;o__Acetivibrionales;f__Oscillospiraceae
69ddb36f48301e96b64a6b1774a56045	d__Bacteria;k__Bacillati;p__Clostridiota;c__Clostridia;o__Acetivibrionales;f__Oscillospiraceae;g__Incertae_Sedis
5f54011c107dcc91ed77719933c2e666	d__Bacteria;k__Bacillati;p__Desulfotomaculota;c__Desulfitisporia;o__Desulfitisporales;f__Peptococcaceae;g__Candidatus_Formicimonas
6f4cefabf0863a272e17580ed615a2d5	d__Bacteria;k__Bacillati;p__Clostridiota;c__Clostridia;o__Acetivibrionales;f__Oscillospiraceae;g__Faecalibacterium
177ee554ff1570ba1ee8bb4a921078a9	d__Bacteria;k__Bacillati;p__Mycoplasmatota;c__Mollicutes;o__RF39;f__Incertae_Sedis;g__Incertae_Sedis
15b5bd4b233b52870afe6654b99d4c51	d__Bacteria;k__Bacillati;p__Clostridiota;c__Clostridia;o__Acetivibrionales;f__Incertae_Sedis;g__Incertae_Sedis
ac2a35850227c33656577eb03b3176ba	d__Bacteria;k__Bacillati;p__Mycoplasmatota;c__Mollicutes;o__RF39;f__Incertae_Sedis;g__Incertae_Sedis
788e6a340bb2924f821cbc637c676a2f	d__Bacteria;k__Bacillati;p__Clostridiota;c__Clostridia;o__Acetivibrionales;f__Lachnospiraceae
36a42ec9e27e62d36c9b89a4cc952015	d__Bacteria;k__Pseudomonadati--other;p__Bacteroidota;c__Bacteroidia;o__Bacteroidales;f__Prevotellaceae
5b4cf900b79a935da04409d27e7103af	d__Bacteria;k__Bacillati;p__Actinomycetota;c__Coriobacteriia;o__Coriobacteriales;f__Atopobiaceae--other;g__Parolsenella
081f2f9c691dbb37fac6c9b29ab96a45	d__Bacteria;k__Bacillati;p__Mycoplasmatota;c__Mollicutes;o__RF39;f__Incertae_Sedis;g__Incertae_Sedis
7ed4addad76d4941fb3af46e275e14b9	d__Bacteria;k__Bacillati;p__Clostridiota;c__Clostridia;o__Acetivibrionales;f__Oscillospiraceae;g__Incertae_Sedis
b6949fc50c4d0dea7753656180d267a2	d__Bacteria;k__Pseudomonadati--other;p__Bacteroidota;c__Bacteroidia;o__Bacteroidales;f__Muribaculaceae
bb8d28ce3ce5cc16fb3ce3e177abd2ce	d__Bacteria;k__Pseudomonadati--other;p__Bacteroidota;c__Bacteroidia;o__Bacteroidales;f__Prevotellaceae;g__Xylanibacter
2b33955477d7aef86569d0ed31940373	d__Bacteria;k__Bacillati;p__Clostridiota;c__Clostridia;o__Acetivibrionales;f__Oscillospiraceae;g__Monoglobus--other
0fb008e08820899363d1327cd119f6b2	d__Bacteria;k__Bacillati;p__Mycoplasmatota;c__Mollicutes;o__RF39;f__Incertae_Sedis;g__Incertae_Sedis
c14b1a5e1e070ed0823dc785dd0b53dc	d__Bacteria;k__Bacillati;p__Mycoplasmatota;c__Mollicutes;o__RF39;f__Incertae_Sedis;g__Incertae_Sedis
99391a08bf67f0d913e4c550c5e3a359	d__Bacteria;k__Pseudomonadati--other;p__Bacteroidota;c__Bacteroidia;o__Bacteroidales;f__Prevotellaceae;g__Xylanibacter
a5f27502075e3efd4fcebde2638afe9e	d__Bacteria;k__Bacillati;p__Clostridiota;c__Clostridia;o__Acetivibrionales;f__Oscillospiraceae
08c5341720fde3615808eb90ae56fc35	d__Bacteria;k__Pseudomonadati--other;p__Bacteroidota;c__Bacteroidia;o__Bacteroidales;f__Rikenellaceae;g__Candidatus_CacconasterCandidatus_Coprenecus
d6ef2a44500fb3a3b038066a0a1b06a3	d__Bacteria;k__Bacillati;p__Desulfotomaculota;c__Negativicutes;o__Acidaminococcales;f__Acidaminococcaceae;g__Phascolarctobacterium
c792321580438251f2a6bbd1efb5ac5e	d__Bacteria;k__Bacillati;p__Mycoplasmatota;c__Erysipelotrichia;o__Erysipelotrichales;f__Coprobacillaceae;g__UCG-004
99638860e7ec10ae72f6683d64c33692	d__Bacteria;k__Pseudomonadati--other;p__Bacteroidota;c__Bacteroidia;o__Bacteroidales;f__Rikenellaceae;g__Candidatus_Cryptobacteroides
f73a904bb873d1f88e779deb50189d28	d__Bacteria;k__Bacillati;p__Clostridiota;c__Clostridia;o__Acetivibrionales;f__Oscillospiraceae;g__UCG-005
9e16577087b1549279430d1d7f6fc74a	d__Bacteria;k__Pseudomonadati--other;p__Bacteroidota;c__Bacteroidia;o__Bacteroidales;f__Rikenellaceae;g__Candidatus_Cryptobacteroides
2778775a142a86544f2d0956b957e8c7	d__Bacteria;k__Bacillati;p__Clostridiota;c__Clostridia;o__Acetivibrionales;f__Lachnospiraceae
7ab6b50a8587adc903339034ce6ca257	d__Bacteria;k__Pseudomonadati--other;p__Bacteroidota;c__Bacteroidia;o__Bacteroidales;f__Prevotellaceae;g__Xylanibacter
c54848550ca0a13aa824770339d5e42c	d__Bacteria;k__Pseudomonadati--other;p__Bacteroidota;c__Bacteroidia;o__Bacteroidales;f__Prevotellaceae;g__Alloprevotella
3f3129a8bdb7f05155b5fd28b056955e	d__Bacteria;k__Bacillati;p__Clostridiota;c__Clostridia;o__Acetivibrionales;f__Lachnospiraceae
4729c3c41864827d8405b26fe852dfc4	d__Bacteria;k__Pseudomonadati--other;p__Bacteroidota;c__Bacteroidia;o__Bacteroidales;f__Bacteroidales_RF16_group;g__Incertae_Sedis
bdfc5260020c290357d3bcb60e1326d1	d__Bacteria;k__Pseudomonadati;p__Pseudomonadota;c__Gammaproteobacteria;o__Aeromonadales;f__Succinivibrionaceae;g__Succinivibrio
d6c46ad81c01997055a3b713c0d5ee1b	d__Bacteria;k__Bacillati;p__Actinomycetota;c__Coriobacteriia;o__Eggerthellales;f__Eggerthellaceae;g__Incertae_Sedis
77f067d6941bee1c13e53dfca8366579	d__Bacteria;k__Bacillati;p__Mycoplasmatota;c__Mollicutes;o__RF39;f__Incertae_Sedis;g__Incertae_Sedis
e6a34eb113dba66df0b8bbec907a8f5d	d__Bacteria;k__Pseudomonadati--other;p__Bacteroidota;c__Bacteroidia;o__Bacteroidales;f__Rikenellaceae;g__Alistipes
8ae766cf191bd0d1b5ff229b640aff3b	d__Bacteria;k__Bacillati;p__Cyanobacteriota;c__Vampirovibrionophyceae;o__Candidatus_Gastranaerophilales;f__Candidatus_Gastranaerophilaceae;g__Incertae_Sedis
d3d99580d90cca486a23372a474e9571	d__Bacteria;k__Bacillati;p__Clostridiota;c__Clostridia;o__Acetivibrionales;f__Oscillospiraceae;g__UCG-005
94755494bf765f82fccb3df82531b89e	d__Bacteria;k__Bacillati;p__Clostridiota;c__Clostridia;o__Acetivibrionales;f__Lachnospiraceae
ef9ea859d6daa12b76d04ccc5e5108ac	d__Bacteria;k__Bacillati;p__Clostridiota;c__Clostridia;o__Acetivibrionales;f__Lachnospiraceae;g__Coprococcus
b5b89e7faf0f6c8eba260c824b16ddb6	d__Bacteria;k__Bacillati;p__Clostridiota;c__Clostridia;o__Acetivibrionales;f__Lachnospiraceae;g__Shuttleworthella
ca25a9ed94377d4fbf1aeade08021ab5	d__Bacteria;k__Bacillati;p__Actinomycetota;c__Coriobacteriia;o__Eggerthellales;f__Eggerthellaceae;g__Ellagibacter
7071d27fb38d4361d56d31fffb92cce4	d__Bacteria;k__Bacillati;p__Clostridiota;c__Clostridia;o__Acetivibrionales;f__Oscillospiraceae
e72157ff38bec7ea641729ee6778c251	d__Bacteria;k__Pseudomonadati--other;p__Bacteroidota;c__Bacteroidia;o__Bacteroidales;f__Tannerellaceae;g__Macellibacteroides
1099d184d8652e32da19e2b47fc1d22a	d__Bacteria;k__Bacillati;p__Clostridiota;c__Clostridia;o__Acetivibrionales;f__Lachnospiraceae;g__Marvinbryantia
e9301f204619eedefc03d90cd153a9cc	d__Bacteria;k__Pseudomonadati--other;p__Bacteroidota;c__Bacteroidia;o__Bacteroidales
8a2e7b64391b56f15e3766af235dfba1	d__Bacteria;k__Bacillati;p__Clostridiota;c__Clostridia;o__Acetivibrionales;f__Lachnospiraceae
461fea524aec643a4debad4a8430e7ea	d__Bacteria;k__Bacillati;p__Mycoplasmatota;c__Mollicutes;o__RF39;f__Incertae_Sedis;g__Incertae_Sedis
6a129e8ae637c96e7bb56223913911f7	d__Bacteria;k__Bacillati;p__Clostridiota;c__Clostridia;o__Acetivibrionales;f__Lachnospiraceae;g__Eubacterium--other
4881d2ff71c65f82dc2eabc37c9546f0	d__Bacteria;k__Bacillati;p__Clostridiota;c__Clostridia;o__Acetivibrionales;f__Oscillospiraceae;g__Incertae_Sedis
2dd63a03f2e2cd1606f2678f59dc40eb	d__Bacteria;k__Pseudomonadati--other;p__Bacteroidota;c__Bacteroidia;o__Bacteroidales;f__Prevotellaceae;g__Xylanibacter
eb580951f9072c39ba02ea8150e9b9d9	d__Bacteria;k__Bacillati;p__Clostridiota;c__Clostridia;o__Acetivibrionales;f__Oscillospiraceae;g__Incertae_Sedis
010e9e46142e4648ab49491714cfe34e	d__Bacteria;k__Bacillati;p__Clostridiota;c__Clostridia;o__Acetivibrionales;f__Lachnospiraceae
7cf3ade8963b4580f486504609c6c2ae	d__Archaea;k__Methanobacteriati;p__Methanobacteriota;c__Methanobacteria;o__Methanobacteriales;f__Methanobacteriaceae;g__Methanosphaera
eb2fc5e4e3e772fb737fce2302cbc2d9	d__Bacteria;k__Bacillati;p__Mycoplasmatota;c__Erysipelotrichia;o__Erysipelotrichales;f__Coprobacillaceae;g__UCG-004
18d83e888815be3308c273a62973a73e	d__Bacteria;k__Bacillati;p__Clostridiota;c__Clostridia;o__Acetivibrionales;f__Oscillospiraceae;g__Candidatus_Ferrisolea
4843a4f2562233337ac5f40b70da25e0	d__Bacteria;k__Bacillati;p__Clostridiota;c__Clostridia;o__Acetivibrionales;f__Oscillospiraceae;g__UCG-005
ab60b8bc652cb77f0c6f04d40cb17141	d__Bacteria;k__Bacillati;p__Clostridiota;c__Clostridia;o__Acetivibrionales;f__Oscillospiraceae;g__Incertae_Sedis
855268adacab509ff0846f177e79dc04	d__Bacteria;k__Bacillati;p__Clostridiota;c__Clostridia;o__Acetivibrionales;f__Aristaeellaceae;g__Aristaeella
23b06c81e304375dd10e28daf2e9c85d	d__Bacteria;k__Bacillati;p__Clostridiota;c__Clostridia;o__Acetivibrionales;f__Incertae_Sedis;g__Incertae_Sedis
25d55ea56e53446ecfd45a328a89c25f	d__Bacteria;k__Bacillati;p__Clostridiota;c__Clostridia;o__Acetivibrionales;f__Oscillospiraceae;g__NK4A214_group
3cd1b8a831641cd50ff6274a032e635c	d__Bacteria;k__Pseudomonadati--other;p__Bacteroidota;c__Bacteroidia;o__Bacteroidales;f__Prevotellaceae;g__Prevotellaceae_UCG-003
bf1717cd83e88245cd3eb796431817fd	d__Bacteria;k__Bacillati;p__Actinomycetota;c__Coriobacteriia;o__Coriobacteriales;f__Atopobiaceae--other;g__Parolsenella
5bc910157a049856e8204e4690fda3b5	d__Bacteria;k__Bacillati;p__Clostridiota;c__Clostridia;o__Clostridiales;f__Clostridiaceae;g__Clostridium
0320bb19b1622d1da7b01e64ae9e4ba1	d__Bacteria;k__Pseudomonadati--other;p__Kiritimatiellota;c__Kiritimatiellia--other;o__WCHB1-41;f__Incertae_Sedis;g__Incertae_Sedis
85c4c2be294980168935700b979d5158	d__Bacteria;k__Pseudomonadati;p__Pseudomonadota;c__Gammaproteobacteria;o__Aeromonadales;f__Succinivibrionaceae;g__Succinivibrio
62494726aa8b571cbdea4e0675d36775	d__Bacteria;k__Bacillati;p__Clostridiota;c__Clostridia;o__Acetivibrionales;f__Lachnospiraceae
cf2595dabc0b4115fda1aeb0c0ae9306	d__Bacteria;k__Bacillati;p__Clostridiota;c__Clostridia;o__Acetivibrionales;f__Lachnospiraceae
053082580022a8d091240e9d6cdd16e5	d__Bacteria;k__Bacillati;p__Clostridiota;c__Clostridia;o__Acetivibrionales;f__Oscillospiraceae
4cf3cced7ca1513c0588aeb08e84a5eb	d__Bacteria;k__Bacillati;p__Actinomycetota;c__Coriobacteriia;o__Coriobacteriales--other;f__Incertae_Sedis;g__Incertae_Sedis
2476f0a65504db71a190dd0d0b63f39a	d__Bacteria;k__Bacillati;p__Clostridiota;c__Clostridia;o__Acetivibrionales;f__Oscillospiraceae;g__Faecalibacterium
ba88d4e4e6a24ecc2a5aab6bdfbb77f5	d__Bacteria;k__Bacillati;p__Clostridiota;c__Clostridia;o__Acetivibrionales;f__Oscillospiraceae;g__Clostridium--other
f230aacb96a742e811b75c5e740e73bd	d__Bacteria;k__Pseudomonadati--other;p__Bacteroidota;c__Bacteroidia;o__Bacteroidales;f__Prevotellaceae;g__Xylanibacter
3a62982e171df65005b07d9df3d6034d	d__Bacteria;k__Bacillati;p__Clostridiota;c__Clostridia;o__Acetivibrionales;f__Lachnospiraceae
b261d4a46309774f1e4ea88b7d1cd40c	d__Bacteria;k__Bacillati;p__Mycoplasmatota;c__Mollicutes;o__RF39;f__Incertae_Sedis;g__Incertae_Sedis
7219c09301c0cd0525644bf81e7a4def	d__Bacteria;k__Bacillati;p__Clostridiota;c__Clostridia;o__Acetivibrionales;f__Lachnospiraceae;g__Incertae_Sedis
832801b206e3f2ab1f8ffe19b497319f	d__Bacteria;k__Bacillati;p__Clostridiota;c__Clostridia;o__Acetivibrionales;f__Oscillospiraceae;g__Incertae_Sedis
fe0a75f3638e20e10f6eece7ab8f9f79	d__Bacteria;k__Pseudomonadati--other;p__Bacteroidota;c__Bacteroidia;o__Bacteroidales;f__p-251-o5;g__Incertae_Sedis
b8836fe307ffd6d91130d0143a338132	d__Bacteria;k__Bacillati;p__Clostridiota;c__Clostridia;o__Acetivibrionales;f__Aristaeellaceae;g__Aristaeella
900998b109669786d777a0d850403f20	d__Bacteria;k__Pseudomonadati--other;p__Bacteroidota;c__Bacteroidia;o__Bacteroidales
1f533eafc526d541cc3c9d6ad4049afd	d__Bacteria;k__Bacillati;p__Clostridiota;c__Clostridia;o__Acetivibrionales;f__Lachnospiraceae;g__Anaerobutyricum
86ac20ba6c527ebbace7b7c11fafbdab	d__Bacteria;k__Pseudomonadati--other;p__Bacteroidota;c__Bacteroidia;o__Bacteroidales
c028bb0054fd44798627f6ac492828c4	d__Bacteria;k__Bacillati;p__Clostridiota;c__Clostridia;o__Acetivibrionales;f__Oscillospiraceae;g__Incertae_Sedis
0f6b3e764452bc09da86c0f3490294e2	d__Bacteria;k__Pseudomonadati--other;p__Bacteroidota;c__Bacteroidia;o__Bacteroidales;f__Muribaculaceae
b9788903b0ad5f218e0d1c2b0d9e2c98	d__Bacteria;k__Bacillati;p__Clostridiota;c__Clostridia;o__Acetivibrionales;f__Oscillospiraceae;g__Incertae_Sedis
efef9e21c2b74213767a7be57db8ce4b	d__Bacteria;k__Bacillati;p__Clostridiota;c__Clostridia;o__Acetivibrionales;f__Oscillospiraceae;g__NK4A214_group
1666f2045cb8447b4596fc8593d76ca2	d__Bacteria;k__Bacillati;p__Clostridiota;c__Clostridia;o__Acetivibrionales;f__Oscillospiraceae;g__Incertae_Sedis
e66b1eb0fe8c30df3e9b665cd58bf2bc	d__Bacteria;k__Bacillati;p__Clostridiota;c__Clostridia;o__Acetivibrionales;f__Oscillospiraceae
17dc88f375740628ffea747d3329329d	d__Bacteria;k__Bacillati;p__Clostridiota;c__Clostridia;o__Acetivibrionales;f__Lachnospiraceae;g__Oribacterium
03f26e519735da32608f25b1f198fa7e	d__Bacteria;k__Pseudomonadati--other;p__Spirochaetota;c__Spirochaetia;o__Spirochaetales;f__Treponemataceae;g__Treponema
c261fa75e3866112a037c60d034da16b	d__Bacteria;k__Bacillati;p__Clostridiota;c__Clostridia;o__Acetivibrionales;f__Lachnospiraceae
977f1744ce21d12e3c2c2199893bb2e7	d__Bacteria;k__Bacillati;p__Clostridiota;c__Clostridia;o__Acetivibrionales;f__Oscillospiraceae;g__Acutalibacter
ad137a6bbe54246091b32a9b3d908b73	d__Bacteria;k__Pseudomonadati--other;p__Bacteroidota;c__Bacteroidia;o__Bacteroidales;f__Prevotellaceae;g__Alloprevotella
7e9ed2c841e64976eace4b578ff56a26	d__Bacteria;k__Bacillati;p__Clostridiota;c__Clostridia;o__Acetivibrionales;f__Lachnospiraceae;g__Coprococcus
e9dedf6792eb211cc0549aca46166f78	d__Bacteria;k__Bacillati;p__Mycoplasmatota;c__Erysipelotrichia;o__Erysipelotrichales;f__Coprobacillaceae;g__UCG-004
e16fc33d7ad598d16dc58dc4d6cb2bb2	d__Bacteria;k__Bacillati;p__Clostridiota;c__Clostridia;o__Peptostreptococcales;f__Anaerovoracaceae;g__Family_XIII_AD3011_group
741398ac1813ab5ff41756b81d08afc1	d__Bacteria;k__Bacillati;p__Clostridiota;c__Clostridia;o__Acetivibrionales;f__Lachnospiraceae
f31f6875ae44b8c5ce4b72a23699127e	d__Bacteria;k__Bacillati;p__Clostridiota;c__Clostridia;o__Acetivibrionales;f__Anaerotignaceae;g__Anaeropeptidivorans
c564535bfda0a436b2a414e3ec44c8b7	d__Bacteria;k__Bacillati;p__Clostridiota;c__Clostridia;o__Acetivibrionales;f__Oscillospiraceae;g__Paludihabitans
5c2cf05ea05604e32ca2f8bdd76a4b1c	d__Bacteria;k__Bacillati;p__Clostridiota;c__Clostridia;o__Acetivibrionales;f__Oscillospiraceae;g__Candidatus_Pseudoruminococcus
2f925ec12e5c75370f140895eb77e5a8	d__Bacteria;k__Bacillati;p__Clostridiota;c__Clostridia;o__Acetivibrionales;f__Oscillospiraceae;g__Incertae_Sedis
e31d7e0c40076cf4ba977dba8992d337	d__Bacteria;k__Bacillati;p__Clostridiota;c__Clostridia;o__Acetivibrionales;f__Oscillospiraceae;g__UCG-005
cdf4debbbbb2a744044e8575be13767a	d__Bacteria;k__Bacillati;p__Clostridiota;c__Clostridia;o__Acetivibrionales;f__Oscillospiraceae;g__Incertae_Sedis
c4ccd2d1e973e22da0d110d6a2c8bc03	d__Bacteria;k__Pseudomonadati;p__Pseudomonadota;c__Gammaproteobacteria;o__Burkholderiales;f__Comamonadaceae
0d155b2480d54b81bf998e145afacec8	d__Bacteria;k__Bacillati;p__Cyanobacteriota;c__Vampirovibrionophyceae;o__Candidatus_Gastranaerophilales;f__Candidatus_Gastranaerophilaceae;g__Incertae_Sedis
78426b7cf553e7768c26fbea3e81f2e9	d__Bacteria;k__Bacillati;p__Clostridiota;c__Clostridia;o__Acetivibrionales;f__Oscillospiraceae;g__Solibaculum
2782e179a806ddbdc41e0ae447078332	d__Bacteria;k__Pseudomonadati--other;p__Bacteroidota;c__Bacteroidia;o__Bacteroidales;f__Prevotellaceae
fe6fdbdc86c239c7b1d3742f988e39d3	d__Bacteria;k__Pseudomonadati--other;p__Bacteroidota;c__Bacteroidia;o__Bacteroidales;f__Prevotellaceae;g__Xylanibacter
7c94c0099511c728ba84b01d4cfcdf1b	d__Bacteria
54bb2c34dabd1cd9a61f1d03e461c306	d__Bacteria;k__Bacillati;p__Clostridiota;c__Clostridia;o__Acetivibrionales;f__Oscillospiraceae;g__Incertae_Sedis
d8c5eb45383ded12616a72d6b6e27308	d__Bacteria;k__Pseudomonadati--other;p__Bacteroidota;c__Bacteroidia;o__Bacteroidales;f__Muribaculaceae
d98793af8008cba1bfb7795a4f444453	d__Bacteria;k__Bacillati;p__Cyanobacteriota;c__Vampirovibrionophyceae;o__Candidatus_Gastranaerophilales;f__Candidatus_Gastranaerophilaceae;g__Incertae_Sedis
8c2d7310d527ab5ef1877ca0cd41ba4b	d__Bacteria;k__Bacillati;p__Clostridiota;c__Clostridia;o__Acetivibrionales;f__Oscillospiraceae;g__UCG-005
48db843bdaea80377900ff2720362c0b	d__Bacteria;k__Bacillati;p__Clostridiota;c__Clostridia;o__Acetivibrionales;f__Oscillospiraceae;g__UCG-005
04d285e2e61119429cac6cf4a8b4dad2	d__Bacteria;k__Bacillati;p__Clostridiota;c__Clostridia;o__Acetivibrionales;f__Oscillospiraceae;g__UCG-005
547becaef91c9c3b5f46246b5296dfe5	d__Bacteria;k__Pseudomonadati;p__Pseudomonadota;c__Alphaproteobacteria;o__Rhodospirillales;f__Terasakiellaceae;g__Incertae_Sedis
434a58e396504f870888fee34931472e	d__Bacteria;k__Bacillati;p__Clostridiota;c__Clostridia;o__Acetivibrionales;f__Lachnospiraceae;g__Lachnospiraceae_AC2044_group
aa2810a7ed8d35d994ccafe55e2bcb8f	d__Bacteria;k__Pseudomonadati--other;p__Bacteroidota;c__Bacteroidia;o__Bacteroidales;f__Muribaculaceae
b5c2e6275647001858b6beff080caef1	d__Bacteria;k__Pseudomonadati--other;p__Bacteroidota;c__Bacteroidia;o__Bacteroidales;f__Prevotellaceae;g__Xylanibacter
242cdf69c0b8bf303f7a50b2ae724a15	d__Bacteria;k__Bacillati;p__Clostridiota;c__Clostridia;o__Acetivibrionales;f__Oscillospiraceae;g__Clostridium--other
68fd006bb6f270406aa3803da64727e7	d__Bacteria;k__Bacillati;p__Clostridiota;c__Clostridia;o__Acetivibrionales;f__Oscillospiraceae;g__Vescimonas
5957300723da05850c18c98c95cd9973	d__Bacteria;k__Pseudomonadati--other;p__Bacteroidota;c__Bacteroidia;o__Bacteroidales;f__Rikenellaceae--other;g__Candidatus_Onthomorpha
8a9210beab429134d390de4620032cee	d__Bacteria;k__Bacillati;p__Clostridiota;c__Clostridia;o__Acetivibrionales;f__Lachnospiraceae
0d109fbf46234825fe1ed66139fd074d	d__Bacteria;k__Bacillati;p__Clostridiota;c__Clostridia;o__Acetivibrionales;f__Oscillospiraceae;g__Ruminococcus
895bd1fc9891bee4d0856d51f557d27f	d__Bacteria;k__Bacillati;p__Mycoplasmatota;c__Mollicutes;o__RF39;f__Incertae_Sedis;g__Incertae_Sedis
26eec72ba23e343635f1be694c5e786f	d__Bacteria;k__Bacillati;p__Clostridiota;c__Clostridia;o__Acetivibrionales;f__Incertae_Sedis;g__Incertae_Sedis
cba12f07d7f0f5f2076f8d1e008b79ac	d__Bacteria;k__Bacillati;p__Clostridiota;c__Clostridia;o__Acetivibrionales;f__Oscillospiraceae
52086d32dabe52ccec17f87c2e2edb86	d__Bacteria;k__Bacillati;p__Clostridiota;c__Clostridia;o__Acetivibrionales;f__Oscillospiraceae;g__UCG-005
3659ad6d8d55383b5a6eb7fb18699ce0	d__Bacteria;k__Bacillati;p__Clostridiota;c__Clostridia;o__Acetivibrionales;f__Oscillospiraceae;g__Incertae_Sedis
25a776819e217764eab0a0aebeca8607	d__Bacteria;k__Bacillati;p__Clostridiota;c__Clostridia;o__Acetivibrionales;f__Lachnospiraceae
4328a4d53e860987d5504b7e9053d2d8	d__Bacteria;k__Pseudomonadati--other;p__Bacteroidota;c__Bacteroidia;o__Bacteroidales;f__Prevotellaceae;g__Prevotellaceae_UCG-003
59d3338298bb1f867f8dd1fb2eb0aec2	d__Bacteria;k__Bacillati;p__Clostridiota;c__Clostridia;o__Acetivibrionales;f__Oscillospiraceae;g__Tepidibaculum
d42d6b377a41994b5ca0af73ff468b96	d__Bacteria;k__Pseudomonadati--other;p__Bacteroidota;c__Bacteroidia;o__Bacteroidales;f__Prevotellaceae;g__Xylanibacter
234018acf4317b82c0b68707b4f0e5bc	d__Bacteria;k__Bacillati;p__Clostridiota;c__Clostridia;o__Acetivibrionales;f__Oscillospiraceae;g__Ruminococcus
741fe890e8db003935ecceec22958a5a	d__Bacteria
5baac6cedf38e4c90317651858101b2d	d__Bacteria;k__Bacillati;p__Actinomycetota;c__Coriobacteriia;o__Coriobacteriales--other;f__Incertae_Sedis;g__Raoultibacter
ce5751818aa1a980a73474b0bf170d48	d__Bacteria;k__Pseudomonadati--other;p__Bacteroidota;c__Bacteroidia;o__Bacteroidales;f__Prevotellaceae;g__Xylanibacter
b48464adc014787a2e38cc102316cd13	d__Bacteria;k__Bacillati;p__Clostridiota;c__Clostridia;o__Acetivibrionales;f__Oscillospiraceae;g__Eubacterium--other
a3f5391adf2c0ac137ecd184d6f62a76	d__Bacteria;k__Bacillati;p__Clostridiota;c__Clostridia;o__Acetivibrionales;f__Lachnospiraceae
94a7f2abab7993f71077d7aea119756c	d__Bacteria;k__Pseudomonadati--other;p__Bacteroidota;c__Bacteroidia;o__Bacteroidales;f__Rikenellaceae;g__Candidatus_Cryptobacteroides
38654e63e3a22c661daa14dde813710b	d__Bacteria;k__Pseudomonadati--other;p__Lentisphaerota;c__Lentisphaeria;o__Victivallales;f__Victivallaceae;g__Victivallis
c1efa0c6e8cac6bf09b5ec14add43cdc	d__Bacteria;k__Bacillati;p__Clostridiota;c__Clostridia;o__Acetivibrionales;f__Oscillospiraceae;g__Incertae_Sedis
9c5e49166265634ca4113df825473ede	d__Bacteria;k__Pseudomonadati--other;p__Bacteroidota;c__Bacteroidia;o__Bacteroidales;f__Prevotellaceae;g__Segatella
088537a629107b43a3d6d18ce74c0fdd	d__Bacteria;k__Bacillati;p__Clostridiota;c__Clostridia;o__Acetivibrionales;f__Oscillospiraceae;g__Incertae_Sedis
4d41aa5ffcdfbece6d036ba5bce5be72	d__Bacteria;k__Pseudomonadati--other;p__Bacteroidota;c__Bacteroidia;o__Bacteroidales;f__Prevotellaceae;g__Prevotella
1e7f0774ee435be7ac7d6359a29ded55	d__Bacteria;k__Bacillati;p__Clostridiota;c__Clostridia;o__Acetivibrionales;f__Aristaeellaceae;g__Aristaeella
ce3c1fe7504c10d93bab58e56a66805a	d__Bacteria;k__Bacillati;p__Clostridiota;c__Clostridia;o__Acetivibrionales;f__Oscillospiraceae;g__Qingrenia
6575a9544e511c718862d907783271c3	d__Bacteria;k__Pseudomonadati;p__Pseudomonadota;c__Gammaproteobacteria;o__Aeromonadales;f__Succinivibrionaceae;g__Incertae_Sedis
d7c7476d8d95d2fe2c503c893ac4c164	d__Bacteria;k__Pseudomonadati--other;p__Bacteroidota;c__Bacteroidia;o__Bacteroidales;f__Prevotellaceae;g__Hallella
b1990b6768f3ff7920a525eb2aa4ff27	d__Bacteria;k__Bacillati;p__Clostridiota;c__Clostridia;o__Acetivibrionales;f__Oscillospiraceae;g__Qingrenia
8da7404e02816582ee1d3322b107268d	d__Bacteria;k__Bacillati;p__Clostridiota;c__Clostridia;o__Acetivibrionales;f__Oscillospiraceae;g__Faecalibacterium
b0ff7894c53307195cf31c93542e9193	d__Bacteria;k__Bacillati;p__Clostridiota;c__Clostridia;o__Peptostreptococcales;f__Anaerovoracaceae;g__Family_XIII_AD3011_group
10cd502b01abafc87e2ecbad86389286	d__Bacteria;k__Bacillati;p__Clostridiota;c__Clostridia;o__Acetivibrionales;f__Lachnospiraceae;g__Clostridium--other
b464d8811de9afce037c9cf28feaccd4	d__Bacteria;k__Bacillati;p__Clostridiota;c__Clostridia;o__Acetivibrionales;f__Oscillospiraceae;g__Solibaculum
8ac10538f7feab14a7c459ac31c9288e	d__Bacteria;k__Bacillati;p__Clostridiota;c__Clostridia;o__Acetivibrionales;f__Oscillospiraceae;g__Eubacterium--other
0fddfbb5e813a1332c1a8c20d6ebda59	d__Bacteria;k__Bacillati;p__Clostridiota;c__Clostridia;o__Acetivibrionales;f__Lachnospiraceae;g__Coprococcus
30a7b6cad2c060e4df2bbb14ceb112aa	d__Bacteria;k__Bacillati;p__Clostridiota;c__Clostridia;o__Acetivibrionales;f__Oscillospiraceae;g__Incertae_Sedis
e37e238d43916eb6ff043dd7b114c61d	d__Bacteria;k__Pseudomonadati--other;p__Bacteroidota;c__Bacteroidia;o__Bacteroidales;f__Bacteroidaceae;g__Paraphocaeicola
bd85ec332face813d0305b66b3dd90af	d__Bacteria;k__Bacillati;p__Clostridiota;c__Clostridia;o__Acetivibrionales;f__Anaerotignaceae;g__Anaeropeptidivorans
d4d404dfaacbc64b96ac2f94adfc3979	d__Bacteria;k__Bacillati;p__Clostridiota;c__Clostridia;o__Acetivibrionales;f__Oscillospiraceae;g__Gemmiger
70ef4446c97dc95513b2cd5ab241ec8b	d__Bacteria;k__Pseudomonadati;p__Pseudomonadota;c__Gammaproteobacteria;o__Burkholderiales;f__Oxalobacteraceae;g__Oxalobacter
2ebb66abdb3f7b4c9aa3a2421334c311	d__Bacteria;k__Bacillati;p__Clostridiota;c__Clostridia;o__Acetivibrionales;f__Oscillospiraceae;g__Tepidibaculum
c70227aa8462ac489e77cf671112c555	d__Bacteria;k__Bacillati;p__Clostridiota;c__Clostridia;o__Acetivibrionales;f__Lachnospiraceae
93fc9dce7ad0792d0f8090462ec0be34	d__Bacteria;k__Pseudomonadati--other;p__Bacteroidota;c__Bacteroidia;o__Bacteroidales;f__Muribaculaceae;g__Incertae_Sedis
d3bfc5fd11b39891b1a2e30eb92eb517	d__Bacteria;k__Pseudomonadati--other;p__Bacteroidota;c__Bacteroidia;o__Bacteroidales;f__Rikenellaceae;g__Candidatus_Cryptobacteroides
df3f8cdac76c62baa98469c33b82d8df	d__Bacteria;k__Pseudomonadati;p__Pseudomonadota;c__Gammaproteobacteria;o__Enterobacterales;f__Enterobacteriaceae;g__Morganella
b5400482cbcb81bf9e2fec205169bcf9	d__Bacteria;k__Bacillati;p__Clostridiota;c__Clostridia;o__Acetivibrionales;f__Oscillospiraceae;g__Qingrenia
f51aed2a9d075416f0352a73962831e7	d__Bacteria;k__Pseudomonadati--other;p__Bacteroidota;c__Bacteroidia;o__Bacteroidales;f__Prevotellaceae;g__Prevotellaceae_UCG-003
95b8fb2cbe84020a24b409fd9814f7d1	d__Bacteria;k__Bacillati
ffc044c1a5f72e626ee8e21f76ddb37a	d__Bacteria;k__Pseudomonadati--other;p__Bacteroidota;c__Bacteroidia;o__Bacteroidales;f__Tannerellaceae
47b1ee8a15bd8f2feb9bfa0b2822e483	d__Bacteria;k__Bacillati;p__Clostridiota;c__Clostridia;o__Acetivibrionales;f__Oscillospiraceae;g__Solibaculum
9a2a18e9fccbfd89072c4c47c9027de7	d__Bacteria;k__Bacillati;p__Mycoplasmatota;c__Mollicutes;o__Anaeroplasmatales;f__Anaeroplasmataceae;g__Anaeroplasma
a16d43a961a216023fbf7c4e3785f52c	d__Bacteria;k__Bacillati;p__Clostridiota;c__Clostridia;o__Acetivibrionales;f__Lachnospiraceae
96cda45d9aa556072b86c3dcddcde569	d__Bacteria;k__Pseudomonadati--other;p__Bacteroidota;c__Bacteroidia;o__Bacteroidales;f__Prevotellaceae;g__Xylanibacter
9707883a9fa371c84a54460aec8adf2a	d__Bacteria;k__Bacillati;p__Clostridiota;c__Clostridia;o__Acetivibrionales;f__Oscillospiraceae;g__UCG-009
461627e6c2453506e7ceb3bd45252676	d__Bacteria;k__Bacillati;p__Actinomycetota;c__Coriobacteriia;o__Eggerthellales;f__Eggerthellaceae;g__Ellagibacter
ae5f03c3300e0dcffc2af162c183a181	d__Bacteria;k__Pseudomonadati;p__Pseudomonadota;c__Alphaproteobacteria;o__Rhodospirillales;f__Magnetospirillaceae;g__Incertae_Sedis
d7941d8323226a9ed11513c93a653e7b	d__Bacteria;k__Bacillati;p__Cyanobacteriota;c__Vampirovibrionophyceae;o__Candidatus_Gastranaerophilales;f__Candidatus_Gastranaerophilaceae;g__Incertae_Sedis
49020284c43f8f63703b9097ead528c4	d__Bacteria;k__Bacillati;p__Clostridiota;c__Clostridia;o__Acetivibrionales;f__Oscillospiraceae;g__Incertae_Sedis
a40493794173b761ac57c7f2bf12e923	d__Bacteria;k__Bacillati;p__Clostridiota;c__Clostridia;o__Acetivibrionales;f__Lachnospiraceae
6f7bbda6e48bb53966affda3a58e1347	d__Bacteria;k__Pseudomonadati--other;p__Spirochaetota;c__Spirochaetia;o__Spirochaetales;f__Treponemataceae;g__Treponema
ff8b4c915af985702214a859f9f9e7aa	d__Bacteria;k__Bacillati;p__Clostridiota;c__Clostridia;o__Acetivibrionales;f__Lachnospiraceae;g__Lachnospira
b7c42b628bad07ff3e4df716524ef5fb	d__Bacteria;k__Pseudomonadati--other;p__Kiritimatiellota;c__Kiritimatiellia--other;o__WCHB1-41;f__Incertae_Sedis;g__Incertae_Sedis
118d70086b8ba03fbe8d8bb781b409be	d__Bacteria;k__Bacillati;p__Clostridiota;c__Clostridia;o__Acetivibrionales;f__Oscillospiraceae;g__UCG-005
cd76c6acda6351092950bd58ce33db59	d__Bacteria;k__Bacillati;p__Mycoplasmatota;c__Mollicutes;o__RF39;f__Incertae_Sedis;g__Incertae_Sedis
4d37fb1e980833416dbf04ac09048946	d__Bacteria;k__Bacillati;p__Clostridiota;c__Clostridia;o__Acetivibrionales;f__Incertae_Sedis;g__Incertae_Sedis
762172a12de97bb53b0e471dda2c313d	d__Bacteria;k__Bacillati;p__Clostridiota;c__Clostridia;o__Acetivibrionales;f__Incertae_Sedis;g__Incertae_Sedis
44bcc3f2359c9fddd2cefaa298b48012	d__Bacteria;k__Bacillati;p__Mycoplasmatota;c__Mollicutes;o__RF39;f__Incertae_Sedis;g__Incertae_Sedis
ad527fba4a022cd8da8d549bb2483b08	d__Bacteria;k__Bacillati;p__Clostridiota;c__Clostridia;o__Acetivibrionales;f__Oscillospiraceae;g__Qingrenia
ed5952d1e022067b212146b9b3bc6812	d__Bacteria;k__Bacillati;p__Clostridiota;c__Clostridia;o__Acetivibrionales;f__Lachnospiraceae;g__Coprococcus
0ba2ea8640511f901318a84e5b886505	d__Bacteria;k__Bacillati;p__Clostridiota;c__Clostridia;o__Acetivibrionales;f__Oscillospiraceae;g__Eubacterium--other
3170b7fbe19a952a94df74392d20bf00	d__Bacteria;k__Bacillati;p__Clostridiota;c__Clostridia;o__Acetivibrionales;f__Oscillospiraceae;g__Qingrenia
f9b52205cb2d03153fd394a290212a10	d__Bacteria;k__Pseudomonadati--other;p__Bacteroidota;c__Bacteroidia;o__Bacteroidales;f__Bacteroidaceae;g__Bacteroides
a0a7b405465da4e00a1f632a8457f01d	d__Bacteria;k__Bacillati;p__Clostridiota;c__Clostridia;o__Acetivibrionales;f__Oscillospiraceae;g__UCG-005
8b2bb509dbf3c036cbf7de2c0916ec76	d__Bacteria;k__Pseudomonadati--other;p__Spirochaetota;c__Spirochaetia;o__Spirochaetales;f__Treponemataceae;g__Treponema
f879a8f8c9dba995b851823c5e9ba540	d__Bacteria;k__Pseudomonadati--other;p__Bacteroidota;c__Bacteroidia;o__Bacteroidales;f__Prevotellaceae;g__Incertae_Sedis
ed5b2f8318964e2bbf83e4c4961c3b4c	d__Bacteria;k__Pseudomonadati;p__Pseudomonadota;c__Gammaproteobacteria;o__Aeromonadales;f__Succinivibrionaceae;g__Incertae_Sedis
6786a5926e1402757615c3fb67b80883	d__Bacteria;k__Bacillati;p__Clostridiota;c__Clostridia;o__Acetivibrionales;f__Lachnospiraceae
bedd047654ab1aedb37ccb34b4d363b9	d__Bacteria;k__Bacillati;p__Mycoplasmatota;c__Erysipelotrichia;o__Erysipelotrichales;f__Coprobacillaceae
1867411638671554ef1ece17225d0798	d__Bacteria;k__Bacillati;p__Clostridiota;c__Clostridia;o__Acetivibrionales;f__Anaerotignaceae;g__Anaeropeptidivorans
cbec26b594288e4cb2e6abc233e5c6e4	d__Bacteria;k__Bacillati;p__Clostridiota;c__Clostridia;o__Acetivibrionales;f__Lachnospiraceae;g__Fusimonas
7c82a2ef7685c5c6dc3080f56033cee9	d__Bacteria;k__Pseudomonadati;p__Pseudomonadota;c__Gammaproteobacteria;o__Burkholderiales;f__Oxalobacteraceae
2631f12db753da77c68cfce166d1c910	d__Bacteria;k__Bacillati;p__Clostridiota;c__Clostridia;o__Acetivibrionales;f__Oscillospiraceae;g__Tepidibaculum
b6df28f0c28dbe5e5fdbdd00536c92b7	d__Bacteria;k__Bacillati;p__Clostridiota;c__Clostridia;o__Acetivibrionales;f__Lachnospiraceae
6bdc82c1d9ddf42852f6c42a7100f852	d__Bacteria;k__Pseudomonadati--other;p__Bacteroidota;c__Bacteroidia;o__Bacteroidales;f__Rikenellaceae;g__Candidatus_Cryptobacteroides
7abb6a927221f77384071216103a0551	d__Bacteria;k__Pseudomonadati--other;p__Fibrobacterota;c__Fibrobacteria;o__Fibrobacterales;f__Fibrobacteraceae;g__Hallerella
f73cf0a1cfa49c43a18265dc3680561e	d__Bacteria;k__Bacillati;p__Clostridiota;c__Clostridia;o__Acetivibrionales;f__Oscillospiraceae;g__Acutalibacter
4f67fded82e8327ee497f2ddfa7c015b	d__Bacteria;k__Bacillati;p__Cyanobacteriota;c__Vampirovibrionophyceae;o__Candidatus_Gastranaerophilales;f__Candidatus_Gastranaerophilaceae;g__Incertae_Sedis
db9caf76f81e72dac22fd1a55da6d5ce	d__Bacteria;k__Bacillati;p__Clostridiota;c__Clostridia;o__Acetivibrionales;f__Oscillospiraceae;g__Ruminococcoides
0e61b0cbc07451a90e789d2dd3c21104	d__Bacteria;k__Pseudomonadati;p__Pseudomonadota;c__Gammaproteobacteria;o__Aeromonadales;f__Succinivibrionaceae
a984c221a2f4e86f2f2b9faef180139a	d__Bacteria;k__Bacillati;p__Clostridiota;c__Clostridia;o__Acetivibrionales;f__Oscillospiraceae;g__Gemmiger
be909592ebd1ccf570f24467f6a09255	d__Bacteria;k__Bacillati;p__Clostridiota;c__Clostridia;o__Acetivibrionales;f__Oscillospiraceae;g__Allofournierella
57877ee0976890e1ab1cdc54504b9df9	d__Bacteria;k__Bacillati;p__Clostridiota;c__Clostridia;o__Acetivibrionales;f__Oscillospiraceae;g__Qingrenia
b38998aa572eed765a1192211c0f7bd7	d__Bacteria;k__Bacillati;p__Clostridiota;c__Clostridia;o__Acetivibrionales;f__Oscillospiraceae;g__Intestinibacillus
167f3b7c2aadb9e2fc84730089a86e18	d__Bacteria;k__Bacillati;p__Mycoplasmatota;c__Mollicutes;o__RF39;f__Incertae_Sedis;g__Incertae_Sedis
1b2056b7c2fdbb78995cd2052c69894f	d__Bacteria;k__Bacillati;p__Clostridiota;c__Clostridia;o__Acetivibrionales;f__Oscillospiraceae
0284e01435d37079866abc4b78e68505	d__Bacteria;k__Bacillati;p__Actinomycetota;c__Coriobacteriia;o__Coriobacteriales--other;f__Incertae_Sedis;g__Raoultibacter
ce7d6bb755dfa7c3d8a613c228301ea1	d__Bacteria;k__Bacillati;p__Clostridiota;c__Clostridia;o__Acetivibrionales;f__Lachnospiraceae;g__Oribacterium
5e177c1bc453db74e8963cea5b95bcb8	d__Bacteria;k__Bacillati
c1210319f3b9450bbd6d68f209389ec0	d__Bacteria;k__Bacillati;p__Clostridiota;c__Clostridia;o__Acetivibrionales;f__Lachnospiraceae;g__Marvinbryantia
0422a40085b84173a522a4fa89531cd3	d__Bacteria;k__Bacillati;p__Clostridiota;c__Clostridia;o__Acetivibrionales;f__Oscillospiraceae;g__UCG-005
aeeef50a0ac3efac1a92376a9681e2c6	d__Bacteria;k__Bacillati;p__Clostridiota;c__Clostridia;o__Acetivibrionales;f__Lachnospiraceae
fd9cf86d7054746f306c7ae566f3eb17	d__Bacteria;k__Bacillati;p__Clostridiota;c__Clostridia;o__Acetivibrionales;f__Oscillospiraceae;g__Incertae_Sedis
6c1f9cd6b403d3f56c3b514adc556b91	d__Bacteria;k__Bacillati;p__Clostridiota;c__Clostridia;o__Acetivibrionales;f__Oscillospiraceae;g__Incertae_Sedis
f37a8cfbfe670c4986d7cf7a119f5a1f	d__Bacteria;k__Bacillati;p__Clostridiota;c__Clostridia;o__Acetivibrionales;f__Aristaeellaceae;g__Aristaeella
0f3b6460969b00d25d8676de5967cb1b	d__Bacteria;k__Bacillati;p__Clostridiota;c__Clostridia;o__Acetivibrionales;f__Lachnospiraceae
1d5e259787b2ee1b8746442bfbe4cc5c	d__Bacteria;k__Pseudomonadati--other;p__Spirochaetota;c__Spirochaetia;o__Spirochaetales;f__Treponemataceae;g__Treponema
52a092e69e3e2ccbb4722fa9b86daa46	d__Bacteria;k__Bacillati;p__Desulfotomaculota;c__Negativicutes;o__Selenomonadales;f__Selenomonadaceae;g__Anaerovibrio
593130e1018427c127e07f807403259c	d__Bacteria;k__Bacillati;p__Clostridiota;c__Clostridia;o__Acetivibrionales;f__Lachnospiraceae;g__Shuttleworthella
056490e761ce3c448fc1e3ff6ccc037b	d__Bacteria;k__Bacillati;p__Mycoplasmatota;c__Mollicutes;o__RF39;f__Incertae_Sedis;g__Incertae_Sedis
4c731267e801c2afe253b5cbb58bdd24	d__Bacteria;k__Bacillati;p__Clostridiota;c__Clostridia;o__Acetivibrionales;f__Lachnospiraceae;g__Tyzzerella
c2923ec3615e1873b46943fef44d3a31	d__Bacteria;k__Bacillati;p__Clostridiota;c__Clostridia;o__Acetivibrionales;f__Lachnospiraceae
9ff2bb00c19f92cab6e98534d5856a6c	d__Bacteria;k__Pseudomonadati--other;p__Bacteroidota;c__Bacteroidia;o__Bacteroidales;f__Tannerellaceae;g__Tannerella
b83f082867daedccf05a49f0128e099e	d__Bacteria;k__Bacillati;p__Cyanobacteriota;c__Vampirovibrionophyceae;o__Candidatus_Gastranaerophilales;f__Candidatus_Gastranaerophilaceae;g__Candidatus_Gastranaerophilus
9ae8d595eb36d991db7b7014f10ea662	d__Bacteria;k__Bacillati;p__Clostridiota;c__Clostridia;o__Acetivibrionales;f__Oscillospiraceae;g__Eubacterium--other
0b7cf5d504279ab282db0b94512819a7	d__Bacteria;k__Bacillati;p__Mycoplasmatota;c__Mollicutes;o__RF39;f__Incertae_Sedis;g__Incertae_Sedis
d61978edabce3d8a7111293d066b7896	d__Bacteria;k__Bacillati;p__Clostridiota;c__Clostridia;o__Acetivibrionales;f__Oscillospiraceae;g__Tepidibaculum
a6924e88081a308e3c03196361a3b89b	d__Bacteria;k__Bacillati;p__Clostridiota;c__Clostridia;o__Acetivibrionales;f__Oscillospiraceae;g__Incertae_Sedis
1748c7cd4b0449fa1777871cbc9c81fb	d__Bacteria;k__Pseudomonadati--other;p__Bacteroidota;c__Bacteroidia;o__Bacteroidales;f__Tannerellaceae
4528692a1bab235f6a935bdeed1fc6c5	d__Bacteria;k__Bacillati;p__Clostridiota;c__Clostridia;o__Acetivibrionales;f__Oscillospiraceae;g__Incertae_Sedis
a92aac8218b7b2c7f9ce24b741b40a04	d__Bacteria;k__Bacillati;p__Clostridiota;c__Clostridia;o__Acetivibrionales;f__Oscillospiraceae;g__UCG-005
9586d81af9b2d5695fee2ad372babf10	d__Bacteria;k__Pseudomonadati--other;p__Bacteroidota;c__Bacteroidia;o__Bacteroidales;f__Prevotellaceae;g__Xylanibacter
a21c8c324a7232627b72c5ec039a5370	d__Bacteria;k__Bacillati;p__Clostridiota;c__Clostridia;o__Acetivibrionales;f__Incertae_Sedis;g__Incertae_Sedis
f41bc12d92287bd92356e4877b82c04b	d__Bacteria;k__Bacillati;p__Actinomycetota;c__Coriobacteriia;o__Incertae_Sedis;f__Incertae_Sedis;g__Incertae_Sedis
4424699f2f0092f6e23a216affb784ba	d__Bacteria;k__Pseudomonadati--other;p__Bacteroidota;c__Bacteroidia;o__Bacteroidales;f__Prevotellaceae
2f548cd9285122dd7a0995aa1f1610e4	d__Bacteria;k__Bacillati;p__Clostridiota;c__Clostridia;o__Acetivibrionales;f__Incertae_Sedis;g__Incertae_Sedis
54499311a48ad82f409218325f3963fa	d__Bacteria;k__Bacillati;p__Clostridiota;c__Clostridia;o__Acetivibrionales;f__Aristaeellaceae;g__Aristaeella
6bfe344f19a8f1df9dd976467aebe569	d__Bacteria;k__Pseudomonadati--other;p__Bacteroidota;c__Bacteroidia;o__Bacteroidales;f__Bacteroidales_RF16_group;g__Incertae_Sedis
4fddc5aa6e10bc51b7a4e10ffae98572	d__Bacteria;k__Bacillati;p__Clostridiota;c__Clostridia;o__Acetivibrionales;f__Oscillospiraceae;g__Qingrenia
58188c7c8d2f6067dbbc35c282d564c4	d__Bacteria;k__Bacillati;p__Actinomycetota;c__Coriobacteriia;o__Coriobacteriales;f__Atopobiaceae--other;g__Incertae_Sedis
841f2814d3b26ff53afa8a43feb0b92e	d__Bacteria;k__Bacillati;p__Clostridiota;c__Clostridia;o__Acetivibrionales;f__Oscillospiraceae;g__Incertae_Sedis
c5a4a3c6945e5096376437e14fff55c0	d__Bacteria;k__Bacillati;p__Clostridiota;c__Clostridia;o__Acetivibrionales;f__Lachnospiraceae
cc9657458cfc76bb6425cdc8335bfee2	d__Bacteria;k__Pseudomonadati--other;p__Spirochaetota;c__Spirochaetia;o__Spirochaetales;f__Treponemataceae;g__Treponema
c948b20bc3b1b821683b219fb35a03fb	d__Bacteria;k__Bacillati;p__Clostridiota;c__Clostridia;o__Acetivibrionales;f__Oscillospiraceae;g__Clostridium--other
e3ac7b9ba1cf5867987b197015b9d657	d__Bacteria;k__Bacillati;p__Desulfotomaculota;c__Negativicutes;o__Acidaminococcales;f__Acidaminococcaceae;g__Acidaminococcus
8b39b38f802e11a032faf334e061f414	d__Bacteria;k__Bacillati;p__Clostridiota;c__Clostridia;o__Acetivibrionales;f__Oscillospiraceae;g__Incertae_Sedis
28220f61a58e87820cc01994987aa328	d__Bacteria;k__Pseudomonadati--other;p__Bacteroidota;c__Bacteroidia;o__Bacteroidales;f__Muribaculaceae;g__Sodaliphilus
42adef14fddd02c4fb3523be94119f3e	d__Bacteria;k__Bacillati;p__Clostridiota;c__Clostridia;o__Acetivibrionales;f__Lachnospiraceae
c94a7d9b0a55201069634dc64e78334c	d__Bacteria;k__Bacillati;p__Mycoplasmatota;c__Mollicutes;o__RF39;f__Incertae_Sedis;g__Incertae_Sedis
ccd45e959449452032e486d6fd640be4	d__Bacteria;k__Bacillati;p__Clostridiota;c__Clostridia;o__Acetivibrionales;f__Incertae_Sedis;g__Incertae_Sedis
7586de21f68cba19db210c7873ca9284	d__Bacteria;k__Bacillati;p__Clostridiota;c__Clostridia;o__Acetivibrionales;f__Incertae_Sedis;g__Incertae_Sedis
e210f80bebf15afd175d21d4c85c0eb1	d__Bacteria;k__Bacillati;p__Cyanobacteriota;c__Vampirovibrionophyceae;o__Candidatus_Gastranaerophilales;f__Candidatus_Gastranaerophilaceae;g__Incertae_Sedis
dd5880d428a639d31471df07daedef55	d__Bacteria;k__Pseudomonadati;p__Pseudomonadota;c__Gammaproteobacteria;o__Spirillales--other;f__Usitatibacteraceae;g__Usitatibacter
3a98ff68d7f2e8ca35623c67dea43642	d__Bacteria;k__Bacillati;p__Mycoplasmatota;c__Mollicutes;o__RF39;f__Incertae_Sedis;g__Incertae_Sedis
6dae9d66a6fd6522673759532b23238f	d__Bacteria;k__Bacillati;p__Clostridiota;c__Clostridia;o__Acetivibrionales;f__Aristaeellaceae;g__Aristaeella
3ea8c45b78476d1ca086b096fd6242db	d__Bacteria;k__Bacillati;p__Clostridiota;c__Clostridia;o__Acetivibrionales;f__Oscillospiraceae;g__Incertae_Sedis
d7483f80d5fb428e3e4484e9c59f3f7d	d__Bacteria;k__Bacillati;p__Mycoplasmatota;c__Mollicutes;o__RF39;f__Incertae_Sedis;g__Incertae_Sedis
279e4ee377257351e01c60af8be05a91	d__Bacteria;k__Bacillati;p__Clostridiota;c__Clostridia;o__Acetivibrionales;f__Oscillospiraceae;g__Tepidibaculum
a7fc18db2349e712a58a7c1609842307	d__Bacteria;k__Bacillati;p__Clostridiota;c__Clostridia;o__Acetivibrionales;f__Incertae_Sedis;g__Incertae_Sedis
26dcdb1d95c24caf474eb295831875c0	d__Bacteria;k__Pseudomonadati--other;p__Bacteroidota;c__Bacteroidia;o__Bacteroidales;f__Prevotellaceae;g__Xylanibacter
ab71ee68a503c976b39d9dff15bbf9c6	d__Bacteria;k__Bacillati;p__Clostridiota;c__Clostridia;o__Peptostreptococcales;f__Anaerovoracaceae;g__Hominibacterium
0fd91e1e2d158c515626283c41c735d2	d__Bacteria;k__Bacillati;p__Clostridiota;c__Clostridia;o__Acetivibrionales;f__Oscillospiraceae;g__Solibaculum
8d576cfdbf0766b97ca514afb0ec1464	d__Bacteria;k__Bacillati;p__Clostridiota;c__Clostridia;o__Acetivibrionales;f__Oscillospiraceae;g__UCG-009
6d6714bb409d495e4dd4bc5275a605d5	d__Bacteria;k__Bacillati;p__Clostridiota;c__Clostridia;o__Acetivibrionales;f__Lachnospiraceae;g__Fusicatenibacter
a9f8fd44f1418dcb9739c38c11b4cbc5	d__Bacteria;k__Bacillati;p__Clostridiota;c__Clostridia;o__Acetivibrionales;f__Anaerotignaceae;g__Anaeropeptidivorans
75c8f2bb0875a5f65b27e84633720783	d__Bacteria;k__Bacillati;p__Clostridiota;c__Clostridia;o__Acetivibrionales;f__Lachnospiraceae;g__Dorea
569d0ac0033402a1a4b8974babae6fe8	d__Bacteria;k__Bacillati;p__Mycoplasmatota;c__Mollicutes;o__RF39;f__Incertae_Sedis;g__Incertae_Sedis
93db50209be95f013556cd0ea6d8c259	d__Bacteria;k__Bacillati;p__Clostridiota;c__Clostridia;o__Acetivibrionales;f__Oscillospiraceae;g__UCG-005
e13068ac63b7d242c9b8391baec1b2be	d__Bacteria;k__Bacillati;p__Clostridiota;c__Clostridia;o__Acetivibrionales;f__Oscillospiraceae;g__Solibaculum
5bfbf11d4bd90e5382f857c34dd25249	d__Bacteria;k__Pseudomonadati--other;p__Bacteroidota;c__Bacteroidia;o__Bacteroidales;f__Muribaculaceae;g__Incertae_Sedis
5b13aaf0ee3e1f37724b2cd02760e70d	d__Bacteria;k__Bacillati;p__Clostridiota;c__Clostridia;o__Acetivibrionales;f__Lachnospiraceae;g__Marvinbryantia
a3b09341b0e289167324668c9fc76d60	d__Bacteria;k__Bacillati;p__Clostridiota;c__Clostridia;o__Acetivibrionales;f__Incertae_Sedis;g__Incertae_Sedis
0c0877456b05c65d097f079ac73ddb40	d__Bacteria;k__Bacillati;p__Clostridiota;c__Clostridia;o__Acetivibrionales;f__Lachnospiraceae;g__Marvinbryantia
c0c365b5a32a28b8d2602de07c5d0b06	d__Bacteria;k__Bacillati;p__Clostridiota;c__Clostridia;o__Acetivibrionales;f__Lachnospiraceae
6202450e9cc95bf3a3774a0059f7c9d7	d__Bacteria;k__Bacillati;p__Clostridiota;c__Clostridia;o__Acetivibrionales;f__Lachnospiraceae
90b709b83c26b558c1d64dbc0cb0146b	d__Bacteria;k__Bacillati;p__Clostridiota;c__Clostridia;o__Acetivibrionales;f__Oscillospiraceae;g__Incertae_Sedis
608a29a76c864c0dd6b7b2ba9c2b65bf	d__Bacteria;k__Bacillati;p__Clostridiota;c__Clostridia;o__Acetivibrionales;f__Oscillospiraceae;g__Incertae_Sedis
737f20eadeb1bebb47dec4ce2dc31938	d__Bacteria;k__Pseudomonadati--other;p__Bacteroidota;c__Bacteroidia;o__Bacteroidales;f__Prevotellaceae;g__Xylanibacter
1dd2cb18c7136aa0c76182076059d744	d__Bacteria;k__Bacillati;p__Mycoplasmatota;c__Mollicutes;o__RF39;f__Incertae_Sedis;g__Incertae_Sedis
2189edb3764a738094de850a96d4e256	d__Bacteria;k__Bacillati;p__Clostridiota;c__Clostridia;o__Acetivibrionales;f__Oscillospiraceae;g__Faecalibacterium
594e581c718424e2145986d20f2fa390	d__Bacteria;k__Bacillati;p__Clostridiota;c__Clostridia;o__Acetivibrionales;f__Oscillospiraceae;g__Incertae_Sedis
d9a14504a6e350aec04f60e6b0b4212a	d__Bacteria;k__Pseudomonadati--other;p__Kiritimatiellota;c__Kiritimatiellia--other;o__WCHB1-41;f__Incertae_Sedis;g__Incertae_Sedis
5e235b5f89869d447f7b183fc84efb27	d__Bacteria;k__Pseudomonadati;p__Pseudomonadota;c__Alphaproteobacteria;o__Rhodospirillales;f__Terasakiellaceae;g__Incertae_Sedis
d490da63dc92208b8756e5ad3594a876	d__Bacteria;k__Bacillati;p__Mycoplasmatota;c__Erysipelotrichia;o__Erysipelotrichales;f__Erysipelotrichaceae;g__Lactimicrobium
5d3ed0fd5006711d8b2ac02e15167ee7	d__Bacteria;k__Pseudomonadati;p__Pseudomonadota;c__Epsilonproteobacteria;o__Campylobacterales;f__Campylobacteraceae;g__Campylobacter
667fb94ce9c28749ac03035101360339	d__Bacteria;k__Bacillati;p__Cyanobacteriota;c__Vampirovibrionophyceae;o__Candidatus_Gastranaerophilales;f__Candidatus_Gastranaerophilaceae;g__Incertae_Sedis
a3e202054254a8903cfd730a1d5e034d	d__Bacteria;k__Bacillati;p__Clostridiota;c__Clostridia;o__Acetivibrionales;f__Oscillospiraceae;g__Candidatus_Ferrisolea
293e7b1e7eff067dfa5f1c010cdc002a	d__Bacteria;k__Bacillati;p__Mycoplasmatota;c__Erysipelotrichia;o__Erysipelotrichales;f__Coprobacillaceae;g__UCG-004
37cb0557ebe16955b6ebd752ab3ee954	d__Bacteria;k__Bacillati;p__Clostridiota;c__Clostridia;o__Acetivibrionales;f__Oscillospiraceae;g__Acutalibacter--other
2604eee9196652960befd6655e0130c8	d__Bacteria;k__Pseudomonadati;p__Pseudomonadota;c__Alphaproteobacteria;o__Rhodospirillales;f__Terasakiellaceae;g__Incertae_Sedis
1a30d06c92ac931e60454ca6d7b74f4d	d__Bacteria;k__Bacillati;p__Clostridiota;c__Clostridia;o__Acetivibrionales;f__Lachnospiraceae
e543591a5933dec1a36d4efb3ea2f9bc	d__Bacteria;k__Bacillati;p__Clostridiota;c__Clostridia;o__Peptostreptococcales;f__Anaerovoracaceae;g__Family_XIII_AD3011_group
2764a9a2781995a3fc17748786b9d1c5	d__Bacteria;k__Bacillati;p__Desulfotomaculota;c__Desulfitisporia;o__Desulfitisporales;f__Peptococcaceae;g__Incertae_Sedis
6bec8c4a6be8f7a544eab8a058f4ce5e	d__Bacteria;k__Bacillati;p__Clostridiota;c__Clostridia;o__Acetivibrionales;f__Lachnospiraceae
30112019d06c0408968065b16684b9d9	d__Bacteria;k__Bacillati;p__Clostridiota;c__Clostridia;o__Acetivibrionales;f__Incertae_Sedis;g__Incertae_Sedis
7b3f3ea0beb9a4f0c7f4b854f046e965	d__Bacteria;k__Bacillati;p__Synergistota;c__Synergistia;o__Synergistales;f__Synergistaceae;g__Cloacibacillus
1a665b907c2aec0649e73efcf92d6c3a	d__Bacteria;k__Bacillati;p__Clostridiota;c__Clostridia;o__Acetivibrionales;f__Lachnospiraceae;g__Coprococcus
305909261c8b8111acc06332fc436010	d__Bacteria;k__Bacillati;p__Actinomycetota;c__Coriobacteriia;o__Coriobacteriales;f__Coriobacteriaceae;g__Collinsella
b1b932ff67f1232e05f99c47f0fcf141	d__Bacteria;k__Pseudomonadati--other;p__Kiritimatiellota;c__Kiritimatiellia--other;o__WCHB1-41;f__Incertae_Sedis;g__Incertae_Sedis
ed69605141255f6ab7cba2bc4e9b55d9	d__Bacteria;k__Pseudomonadati--other;p__Bacteroidota;c__Bacteroidia;o__Bacteroidales;f__Rikenellaceae;g__Candidatus_Cryptobacteroides
d0e5b0bda262519cc59c2191688ee7dd	d__Bacteria;k__Pseudomonadati--other;p__Spirochaetota;c__Spirochaetia;o__Spirochaetales;f__Treponemataceae;g__Treponema
2219cac72296cbcd50964d99b8f4f435	d__Bacteria;k__Pseudomonadati--other;p__Bacteroidota;c__Bacteroidia;o__Bacteroidales;f__Prevotellaceae;g__Segatella
3021464720cfa8dc52d091cf07268e77	d__Bacteria;k__Bacillati;p__Actinomycetota;c__Coriobacteriia;o__Coriobacteriales;f__Atopobiaceae--other;g__Coriobacteriaceae_UCG-003
4b5003b666f55936bebc8a71f3db97ce	d__Bacteria;k__Pseudomonadati--other;p__Bacteroidota;c__Bacteroidia;o__Bacteroidales;f__Prevotellaceae;g__Xylanibacter
3f5acc28d3e256f0ec8bdfe42e285b77	d__Bacteria;k__Pseudomonadati;p__Pseudomonadota;c__Gammaproteobacteria;o__Burkholderiales;f__Sutterellaceae;g__Turicimonas
9550ecd5a0aa39174c257347cc0a877e	d__Bacteria;k__Bacillati;p__Mycoplasmatota;c__Mollicutes;o__RF39;f__Incertae_Sedis;g__Incertae_Sedis
852d30208c3ab190bf5b228bd8b4fd9b	d__Bacteria;k__Bacillati;p__Mycoplasmatota;c__Mollicutes;o__RF39;f__Incertae_Sedis;g__Incertae_Sedis
0ce620311164121c289b3a03aecac123	d__Bacteria;k__Pseudomonadati--other;p__Bacteroidota;c__Bacteroidia;o__Bacteroidales;f__Prevotellaceae;g__Prevotellaceae_UCG-004
73695c7b8163f4f71121c7355a840747	d__Bacteria;k__Pseudomonadati--other;p__Bacteroidota;c__Bacteroidia;o__Bacteroidales;f__Muribaculaceae;g__Incertae_Sedis
ab6e5ab18e6f9e0d1afd0500924df537	d__Bacteria;k__Pseudomonadati--other;p__Spirochaetota;c__Spirochaetia;o__Spirochaetales;f__Treponemataceae;g__Treponema
76cabaedec6b3a569baa48facdba872a	d__Bacteria;k__Bacillati;p__Clostridiota;c__Clostridia;o__Acetivibrionales;f__Oscillospiraceae;g__UCG-005
504bdfff68b4f506dd39d5852b64d1cb	d__Bacteria;k__Bacillati;p__Clostridiota;c__Clostridia;o__Peptostreptococcales;f__Anaerovoracaceae;g__Family_XIII_AD3011_group
7f47e107ffaf8a52377990ef49dbd972	d__Bacteria;k__Bacillati;p__Clostridiota;c__Clostridia;o__Acetivibrionales;f__Aristaeellaceae;g__Aristaeella
e78a16972ab7187c0d088aebaf82f7d2	d__Bacteria;k__Bacillati;p__Clostridiota;c__Clostridia;o__Acetivibrionales;f__Oscillospiraceae;g__Incertae_Sedis
7d1c9e185071b82c735ba6d2d5ff9dbe	d__Bacteria;k__Bacillati;p__Mycoplasmatota;c__Mollicutes;o__RF39;f__Incertae_Sedis;g__Incertae_Sedis
636af47fbe35327862fc793b1e45cec3	d__Bacteria;k__Bacillati;p__Clostridiota;c__Clostridia;o__Acetivibrionales;f__Oscillospiraceae;g__Solibaculum
0fc6ca4b362f24ddf128b7ce96e8c81c	d__Bacteria;k__Bacillati;p__Mycoplasmatota;c__Erysipelotrichia;o__Erysipelotrichales;f__Erysipelotrichaceae;g__Lactimicrobium
dec87d7869c6aa4cbd3072586c0a3a4a	d__Bacteria;k__Bacillati;p__Clostridiota;c__Clostridia;o__Acetivibrionales;f__Oscillospiraceae;g__Tepidibaculum
f9765bd9332162f70268554ab318197e	d__Bacteria;k__Bacillati;p__Clostridiota;c__Clostridia;o__Acetivibrionales;f__Lachnospiraceae
6b40acbf0670513aba159853c18b7e9a	d__Bacteria;k__Bacillati;p__Mycoplasmatota;c__Mollicutes;o__RF39;f__Incertae_Sedis;g__Incertae_Sedis
f564444714f98406d1c0a5307ed180e5	d__Bacteria;k__Bacillati;p__Clostridiota;c__Clostridia;o__Acetivibrionales;f__Lachnospiraceae
ee07539aa7d014638c7ae85f73fea06f	d__Bacteria;k__Bacillati;p__Clostridiota;c__Clostridia;o__Acetivibrionales;f__Lachnospiraceae
59a71102eba27ba69f1774112538a8ee	d__Bacteria;k__Pseudomonadati--other;p__Spirochaetota;c__Spirochaetia;o__Spirochaetales;f__Treponemataceae;g__Treponema
673b3a83b99c3a854f1743ed38042ddb	d__Bacteria;k__Bacillati;p__Clostridiota;c__Clostridia;o__Acetivibrionales;f__Lachnospiraceae;g__Blautia
0209f9868a22059c659df474a746d8f4	d__Bacteria;k__Pseudomonadati--other;p__Bacteroidota;c__Bacteroidia;o__Bacteroidales;f__Barnesiellaceae;g__Barnesiella
269e1e52bdb73c805e760ef1a384a436	d__Bacteria;k__Bacillati;p__Clostridiota;c__Clostridia;o__Acetivibrionales;f__Incertae_Sedis;g__Incertae_Sedis
8b82629c4a9f73732541b3383c9caa65	d__Bacteria;k__Bacillati;p__Clostridiota;c__Clostridia;o__Acetivibrionales;f__Incertae_Sedis;g__Incertae_Sedis
884bcd0d9d60d875c77de204348be19e	d__Bacteria;k__Bacillati;p__Clostridiota;c__Clostridia;o__Acetivibrionales;f__Oscillospiraceae;g__UCG-007
113011ff8a8327e94d2783351db0923f	d__Bacteria;k__Bacillati;p__Clostridiota;c__Clostridia;o__Acetivibrionales;f__Incertae_Sedis;g__Incertae_Sedis
98d650de48dcf2c9bcc1789eb14566d8	d__Bacteria;k__Pseudomonadati--other;p__Bacteroidota;c__Bacteroidia;o__Bacteroidales;f__Rikenellaceae;g__Candidatus_Cryptobacteroides
51372dac7911b391b002d6113191428a	d__Bacteria;k__Pseudomonadati--other;p__Bacteroidota;c__Bacteroidia;o__Bacteroidales
271a7bad9e813d3a35622cd2e77568c5	d__Bacteria;k__Bacillati;p__Clostridiota;c__Clostridia;o__Acetivibrionales;f__Lachnospiraceae;g__Lachnospira
5d4efa9ff84c38d1ec5ab7fc04963d03	d__Bacteria;k__Bacillati;p__Mycoplasmatota;c__Erysipelotrichia;o__Erysipelotrichales;f__Coprobacillaceae;g__UCG-004
846b433f433cbb20d6208bd54067f911	d__Bacteria;k__Bacillati;p__Desulfotomaculota;c__Negativicutes;o__Veillonellales;f__Veillonellaceae;g__Dialister--other
64d53945007a0272e72afbfaa4814fff	d__Bacteria;k__Bacillati;p__Clostridiota;c__Clostridia;o__Acetivibrionales;f__Oscillospiraceae
119b15c7ea5018f6986968232bc705c3	d__Bacteria;k__Bacillati;p__Mycoplasmatota;c__Mollicutes;o__Anaeroplasmatales;f__Anaeroplasmataceae;g__Anaeroplasma
073308318ba7ead417af0e936621b3b8	d__Bacteria;k__Bacillati;p__Actinomycetota;c__Coriobacteriia;o__Eggerthellales;f__Eggerthellaceae
77f50a7b03580e9ec2a87513fd6eb441	d__Bacteria;k__Pseudomonadati--other;p__Kiritimatiellota;c__Kiritimatiellia--other;o__WCHB1-41;f__Incertae_Sedis;g__Incertae_Sedis
9d33b7349930e31be451f51ecb312230	d__Bacteria;k__Pseudomonadati;p__Desulfovibrionota;c__Desulfovibrionia;o__Desulfovibrionales;f__Desulfovibrionaceae;g__Desulfovibrio
42b085b1f2e72f62d51fc8c0565daa9c	d__Bacteria;k__Bacillati;p__Clostridiota;c__Clostridia;o__Acetivibrionales;f__Oscillospiraceae;g__NK4A214_group
9fa49550cf5b793a56226a92dc778a76	d__Bacteria;k__Bacillati;p__Clostridiota;c__Clostridia;o__Acetivibrionales;f__Oscillospiraceae;g__Flavonifractor
73a33e8e37fa491c4780c43ae4113784	d__Bacteria;k__Bacillati;p__Mycoplasmatota;c__Erysipelotrichia;o__Erysipelotrichales;f__Coprobacillaceae;g__Holdemanella
63585227fdf29cee6818d70d094e37bc	d__Bacteria;k__Bacillati;p__Clostridiota;c__Clostridia;o__Acetivibrionales;f__Oscillospiraceae;g__Faecalibacterium
3073ff7b7e011ed04ca798f83c2e5f5c	d__Bacteria;k__Bacillati;p__Clostridiota;c__Clostridia;o__Acetivibrionales;f__Oscillospiraceae;g__Incertae_Sedis
08ba0ffdb1ceb1cf44aab9dcca58575b	d__Bacteria;k__Bacillati;p__Clostridiota;c__Clostridia;o__Clostridiales;f__Clostridiaceae;g__Clostridium
e9d1a03628c3148cf53ab5114587473b	d__Bacteria;k__Pseudomonadati--other;p__Bacteroidota;c__Bacteroidia;o__Bacteroidales;f__Prevotellaceae;g__Xylanibacter
667e98a096b2982c0498295d5ebbcbe4	d__Bacteria;k__Bacillati;p__Clostridiota;c__Clostridia;o__Acetivibrionales;f__Oscillospiraceae;g__Flavonifractor
861547df3102caa7ce285f08b4e3470e	d__Bacteria;k__Bacillati;p__Clostridiota;c__Clostridia;o__Acetivibrionales;f__Lachnospiraceae
efe3c29a4105061994b6ea21f75da264	d__Bacteria;k__Bacillati;p__Clostridiota;c__Clostridia;o__Acetivibrionales;f__Oscillospiraceae;g__Incertae_Sedis
bd5baa1a0f833c814b9bb7e63e0c6e17	d__Bacteria;k__Bacillati;p__Clostridiota;c__Clostridia;o__Acetivibrionales;f__Incertae_Sedis;g__Incertae_Sedis
2768c6167880334ca82287274af2adbe	d__Bacteria;k__Pseudomonadati--other;p__Bacteroidota;c__Bacteroidia;o__Bacteroidales;f__Prevotellaceae;g__Xylanibacter
495d2acec309136d07cec7e14f6293f3	d__Bacteria;k__Pseudomonadati--other;p__Bacteroidota;c__Bacteroidia;o__Bacteroidales;f__Prevotellaceae;g__Xylanibacter
c996e7f87455435a915d71d5730ca674	d__Bacteria;k__Pseudomonadati--other;p__Bacteroidota;c__Bacteroidia;o__Bacteroidales;f__Rikenellaceae;g__Candidatus_Egerieousia
b4a465de14d0238060d7d5ae849a7f4f	d__Bacteria;k__Bacillati;p__Clostridiota;c__Clostridia;o__Acetivibrionales;f__Oscillospiraceae;g__Incertae_Sedis
c0ba7607ea32fb2f504c8f4b03c52b47	d__Bacteria;k__Bacillati;p__Desulfotomaculota;c__Negativicutes
bdbab59dd8f3522b064c3b5387648231	d__Bacteria;k__Bacillati;p__Clostridiota;c__Clostridia;o__Peptostreptococcales;f__Anaerovoracaceae;g__Family_XIII_AD3011_group
df960450abcc203ea08a8cec08892c2a	d__Bacteria;k__Bacillati;p__Clostridiota;c__Clostridia;o__Acetivibrionales;f__Lachnospiraceae;g__Marvinbryantia
54feeac7d9b83f36b9d7ee5527313d3d	d__Bacteria;k__Bacillati;p__Mycoplasmatota;c__Mollicutes;o__RF39;f__Incertae_Sedis;g__Incertae_Sedis
033e085ee4673f054a98ebf74742ad4d	d__Bacteria;k__Bacillati;p__Clostridiota;c__Clostridia;o__Acetivibrionales;f__Oscillospiraceae;g__Incertae_Sedis
8dcf2dcccd83f0cd2b35eb02b3f2338b	d__Bacteria;k__Pseudomonadati--other;p__Kiritimatiellota;c__Kiritimatiellia--other;o__WCHB1-41;f__Incertae_Sedis;g__Incertae_Sedis
79f4e85e7675d9fe560afcd6a833744a	d__Bacteria;k__Bacillati;p__Clostridiota;c__Clostridia;o__Acetivibrionales;f__Oscillospiraceae;g__Faecalibacterium
216ed7d400d264d649ca7f611d11402d	d__Bacteria;k__Bacillati;p__Clostridiota;c__Clostridia;o__Acetivibrionales;f__Aristaeellaceae;g__Aristaeella
cbd4c8bc5b78c6d9e0cc09276c966647	d__Bacteria;k__Bacillati;p__Clostridiota;c__Clostridia;o__Acetivibrionales;f__Incertae_Sedis;g__Incertae_Sedis
5c3a52437ea926e9136278bf50d0d6c0	d__Bacteria;k__Bacillati;p__Clostridiota;c__Clostridia;o__Acetivibrionales;f__Lachnospiraceae
352d519968db090732b9273909f40860	d__Bacteria;k__Pseudomonadati--other;p__Bacteroidota;c__Bacteroidia;o__Bacteroidales;f__Muribaculaceae;g__Sodaliphilus
276f1e719a8bd80b26e331cd3e1af2f7	d__Bacteria;k__Bacillati;p__Clostridiota;c__Clostridia;o__Acetivibrionales;f__Oscillospiraceae;g__UCG-005
cbf7cce98cb8a8496fb676ba1882673e	d__Bacteria;k__Bacillati;p__Clostridiota;c__Clostridia;o__Acetivibrionales;f__Oscillospiraceae;g__Incertae_Sedis
a9019bf0ec7c3dd47654f9ec59821f77	d__Bacteria;k__Bacillati;p__Clostridiota;c__Clostridia;o__Acetivibrionales;f__Oscillospiraceae;g__Faecalibacterium
09ee2c2d76be17c9ede2d4c57412adeb	d__Bacteria;k__Bacillati;p__Clostridiota;c__Clostridia;o__Acetivibrionales;f__Aristaeellaceae;g__Aristaeella
196e92e94264d383236bd1b9c77e2ea0	d__Bacteria;k__Bacillati;p__Clostridiota;c__Clostridia;o__Acetivibrionales;f__Oscillospiraceae;g__Incertae_Sedis
f7e7046896677a5dc2812d521537a53c	d__Bacteria;k__Bacillati;p__Clostridiota;c__Clostridia;o__Acetivibrionales;f__Oscillospiraceae;g__Incertae_Sedis
00fa4429f2bff758fff635d6b4f81a6b	d__Bacteria;k__Bacillati;p__Mycoplasmatota;c__Mollicutes;o__RF39;f__Incertae_Sedis;g__Incertae_Sedis
48c27efd47ce7f6630730d2e2206270b	d__Bacteria;k__Bacillati;p__Cyanobacteriota;c__Vampirovibrionophyceae;o__Candidatus_Gastranaerophilales;f__Candidatus_Gastranaerophilaceae;g__Incertae_Sedis
660c922508b8df1e5155b710aa55cb8c	d__Bacteria;k__Bacillati;p__Clostridiota;c__Clostridia;o__Acetivibrionales;f__Lachnospiraceae
4ea71e2380629abbd1faf184f7b191dc	d__Bacteria;k__Bacillati;p__Mycoplasmatota;c__Erysipelotrichia;o__Erysipelotrichales;f__Erysipelotrichaceae;g__Anaerolactibacter
2f9fcdf2292c5892352bce6cdb11c46e	d__Bacteria;k__Bacillati;p__Clostridiota;c__Clostridia;o__Acetivibrionales;f__Oscillospiraceae;g__Intestinibacillus
3f017acb1cf9e0e38fbf7296f08c3464	d__Bacteria;k__Bacillati;p__Chloroflexota--other;c__Anaerolineae;o__Anaerolineales;f__Anaerolineaceae;g__Flexilinea
a8e26310630ed74609b20a028c05405f	d__Bacteria;k__Pseudomonadati--other;p__Bacteroidota;c__Bacteroidia;o__Bacteroidales;f__Prevotellaceae;g__Xylanibacter
8e86465136ed4bcb7eef02845a459177	d__Bacteria;k__Bacillati;p__Clostridiota;c__Clostridia;o__Acetivibrionales;f__Oscillospiraceae;g__Incertae_Sedis
78a0407bd3956446bae978142f779490	d__Bacteria;k__Bacillati;p__Clostridiota;c__Clostridia;o__Acetivibrionales;f__Oscillospiraceae;g__UCG-005
5e274ebaaac87b0c4918aa1403a60652	d__Bacteria;k__Bacillati;p__Clostridiota;c__Clostridia;o__Acetivibrionales;f__Lachnospiraceae;g__Butyrivibrio
0d922940f8c67cb859e3efb965e700d3	d__Bacteria;k__Pseudomonadati--other;p__Bacteroidota;c__Bacteroidia;o__Bacteroidales;f__Rikenellaceae;g__Candidatus_Cryptobacteroides
a7ad8488406787c9cbbfe3ddc8264fc5	d__Bacteria;k__Pseudomonadati;p__Pseudomonadota;c__Gammaproteobacteria
f159bf93916af85961c92e8e1482c259	d__Bacteria;k__Bacillati;p__Clostridiota;c__Clostridia;o__Acetivibrionales;f__Lachnospiraceae;g__Tyzzerella
da7714c229ee13478c8924f80ff5358e	d__Bacteria;k__Bacillati;p__Clostridiota;c__Clostridia;o__Acetivibrionales;f__Lachnospiraceae
54a2be91013bad0b508fcd30c74dfebb	d__Archaea;k__Methanobacteriati--other;p__Thermoplasmatota;c__Thermoplasmata--other;o__Methanomassiliicoccales;f__Methanomethylophilaceae;g__Candidatus_Methanogranum
407b3909330cc03debb2d88082379c25	d__Bacteria;k__Bacillati;p__Clostridiota;c__Clostridia;o__Acetivibrionales;f__Lachnospiraceae;g__Pararoseburia
30e66ea3bb33ebe38f8f993780380550	d__Bacteria;k__Bacillati;p__Mycoplasmatota;c__Mollicutes;o__RF39;f__Incertae_Sedis;g__Incertae_Sedis
7b51495f700434c41af27835c50bfe7d	d__Bacteria;k__Bacillati;p__Clostridiota;c__Clostridia;o__Acetivibrionales;f__Lachnospiraceae;g__Roseburia
65e7eec910a47fcfdd21e077fbe93fa6	d__Bacteria;k__Bacillati;p__Clostridiota;c__Clostridia;o__Acetivibrionales;f__Lachnospiraceae
a60bc23422adf833dfd36214a6fab8bc	d__Bacteria;k__Bacillati;p__Clostridiota;c__Clostridia;o__Acetivibrionales;f__Oscillospiraceae;g__Intestinibacillus
0bffbb90a4c9c82e72dee819dba8a978	d__Bacteria;k__Pseudomonadati--other;p__Bacteroidota;c__Bacteroidia;o__Bacteroidales;f__Rikenellaceae;g__Candidatus_Cryptobacteroides
55ea39975611039da1307ecadb6a84ba	d__Bacteria;k__Bacillati;p__Clostridiota;c__Clostridia;o__Acetivibrionales;f__Oscillospiraceae;g__Incertae_Sedis
859b75cc55f500e81159b63f333443b7	d__Bacteria;k__Bacillati;p__Clostridiota;c__Clostridia;o__Acetivibrionales;f__Oscillospiraceae;g__Candidatus_Ferrisolea
e18f02b31299b8688ba1a73c4b0982ce	d__Bacteria;k__Bacillati;p__Cyanobacteriota;c__Vampirovibrionophyceae;o__Candidatus_Gastranaerophilales;f__Candidatus_Gastranaerophilaceae;g__Incertae_Sedis
5bda4fee8a5cc1b9362b1cece042e05c	d__Bacteria;k__Bacillati;p__Mycoplasmatota;c__Mollicutes;o__RF39;f__Incertae_Sedis;g__Incertae_Sedis
846c021059d9ad092c287f8e14d2a3a9	d__Bacteria;k__Bacillati;p__Actinomycetota;c__Coriobacteriia;o__Eggerthellales;f__Eggerthellaceae
5de834ebd7ed6878abcce8d6b292e96f	d__Bacteria;k__Bacillati;p__Clostridiota;c__Clostridia;o__Acetivibrionales;f__Lachnospiraceae
ceb63ff8dd9e9002c7ad39b4cad71b2e	d__Bacteria;k__Pseudomonadati--other;p__Bacteroidota;c__Bacteroidia;o__Bacteroidales;f__Rikenellaceae;g__Candidatus_Cryptobacteroides
cba7d6dc45ddcec0454146a1e50e333f	d__Bacteria;k__Bacillati;p__Clostridiota;c__Clostridia;o__Acetivibrionales;f__Oscillospiraceae;g__Incertae_Sedis
16e8a03eb72cf1b5bd1677117f974bd5	d__Bacteria;k__Bacillati;p__Clostridiota;c__Clostridia;o__Peptostreptococcales;f__Anaerovoracaceae;g__Mogibacterium
afc0995bd0d36287d4dd2ae70b8cacfb	d__Bacteria;k__Bacillati;p__Clostridiota;c__Clostridia;o__Acetivibrionales;f__Anaerotignaceae;g__Anaeropeptidivorans
636a16e3032ddaa572e7c5a7b7b85c3d	d__Bacteria;k__Bacillati;p__Clostridiota;c__Clostridia;o__Acetivibrionales;f__Oscillospiraceae;g__Incertae_Sedis
a9ea15f544cb2ecb602963a264585697	d__Bacteria;k__Pseudomonadati;p__Pseudomonadota;c__Alphaproteobacteria;o__Rhodospirillales;f__Terasakiellaceae;g__Incertae_Sedis
52f7672e905b1d14ae2f75a526c8d5ce	d__Bacteria;k__Bacillati;p__Mycoplasmatota;c__Mollicutes;o__RF39;f__Incertae_Sedis;g__Incertae_Sedis
9f916e0c0c989228499bf4d75bcd34dc	d__Bacteria;k__Bacillati;p__Clostridiota;c__Clostridia;o__Acetivibrionales;f__Oscillospiraceae;g__Incertae_Sedis
93a992bab7c0bc10bf3d12d319af9677	d__Bacteria;k__Pseudomonadati--other;p__Spirochaetota;c__Spirochaetia;o__Spirochaetales;f__Treponemataceae;g__Treponema
9d79ad9b444bdc3947656cf3451fd544	d__Bacteria;k__Bacillati;p__Clostridiota;c__Clostridia;o__Acetivibrionales;f__Anaerotignaceae;g__Anaerotignum--other
34ff9d27078daed30467bd5b4ce3b056	d__Bacteria;k__Pseudomonadati--other;p__Bacteroidota;c__Bacteroidia;o__Bacteroidales;f__Prevotellaceae
da7666b8e9c96db4803ecdf72c055375	d__Bacteria;k__Pseudomonadati--other;p__Bacteroidota;c__Bacteroidia;o__Bacteroidales;f__Muribaculaceae;g__Sodaliphilus
94b4c4c00ffc87b9da7b5fe00fb4c92d	d__Bacteria;k__Bacillati;p__Clostridiota;c__Clostridia;o__Acetivibrionales;f__Anaerotignaceae;g__Anaeropeptidivorans
84363426a9880ff6aa27ec34ff9b37be	d__Bacteria;k__Pseudomonadati--other;p__Bacteroidota;c__Bacteroidia;o__Bacteroidales;f__Prevotellaceae;g__Alloprevotella
4be8ffee109c354f5e19e72e77bf8cf6	d__Bacteria;k__Bacillati;p__Clostridiota;c__Clostridia;o__Acetivibrionales;f__Oscillospiraceae;g__Incertae_Sedis
678d107983b9514e02ee58ae08c7646e	d__Bacteria;k__Bacillati;p__Clostridiota;c__Clostridia;o__Acetivibrionales;f__Oscillospiraceae;g__Solibaculum
b3fba20819ad12b9e0db09e690c5d66e	d__Bacteria;k__Bacillati;p__Cyanobacteriota;c__Vampirovibrionophyceae;o__Candidatus_Gastranaerophilales;f__Candidatus_Gastranaerophilaceae;g__Incertae_Sedis
2514f1150e5349a8d47badf08a88a582	d__Bacteria;k__Bacillati;p__Clostridiota;c__Clostridia;o__Acetivibrionales;f__Oscillospiraceae;g__Clostridium--other
096db825bd438b96171e0a56649dc1ba	d__Bacteria;k__Bacillati;p__Cyanobacteriota;c__Vampirovibrionophyceae;o__Candidatus_Gastranaerophilales;f__Candidatus_Gastranaerophilaceae;g__Incertae_Sedis
0320371e96b018747c0c9715cde29b92	d__Bacteria;k__Bacillati;p__Clostridiota;c__Clostridia;o__Acetivibrionales;f__Incertae_Sedis;g__Incertae_Sedis
b0606c8af6e611ff0b31f27a59146ce0	d__Bacteria;k__Bacillati;p__Clostridiota;c__Clostridia;o__Acetivibrionales;f__Lachnospiraceae;g__Oribacterium
1c8dad6af4bad898b3bb96ae79dc83e4	d__Bacteria;k__Bacillati;p__Clostridiota;c__Clostridia;o__Acetivibrionales;f__Oscillospiraceae;g__Incertae_Sedis
4f32ecdcf945492e0a79a41c0848886d	d__Bacteria;k__Bacillati;p__Clostridiota;c__Clostridia;o__Acetivibrionales;f__Aristaeellaceae;g__Aristaeella
8d3e4a0e7fea9cf70fb0d2aee1041371	d__Bacteria;k__Bacillati;p__Clostridiota;c__Clostridia;o__Acetivibrionales;f__Oscillospiraceae;g__Faecalibacterium
96bb72ab0d49fac82281dd85bad30b8e	d__Bacteria;k__Bacillati;p__Clostridiota;c__Clostridia;o__Acetivibrionales;f__Oscillospiraceae;g__Incertae_Sedis
765b001970cd6731e1edde261f1068fc	d__Bacteria;k__Bacillati;p__Clostridiota;c__Clostridia;o__Acetivibrionales;f__Lachnospiraceae
23185cbc9bd4fd7a779182c62ab33f61	d__Bacteria;k__Bacillati;p__Clostridiota;c__Clostridia;o__Acetivibrionales;f__Oscillospiraceae;g__Vescimonas
b1cc61423f9cdd7009e52e461c8d09a8	d__Bacteria;k__Bacillati;p__Clostridiota;c__Clostridia;o__Acetivibrionales;f__Lachnospiraceae;g__Fusimonas
654cf5306f658932721abda3fa9f91eb	d__Bacteria;k__Bacillati;p__Clostridiota;c__Clostridia;o__Acetivibrionales;f__Aristaeellaceae;g__Aristaeella
fec220c64cd5f878a753554ddb5c13d9	d__Bacteria;k__Bacillati;p__Cyanobacteriota;c__Vampirovibrionophyceae;o__Candidatus_Gastranaerophilales;f__Candidatus_Gastranaerophilaceae;g__Candidatus_Gastranaerophilus
0c14cdc9b889e1980260bf79ef4786fa	d__Bacteria;k__Bacillati;p__Clostridiota;c__Clostridia;o__Acetivibrionales;f__Oscillospiraceae;g__Incertae_Sedis
a5f28ac6cb2609737f7c94eedc08d889	d__Bacteria;k__Bacillati;p__Cyanobacteriota;c__Vampirovibrionophyceae;o__Candidatus_Gastranaerophilales;f__Candidatus_Gastranaerophilaceae
7e54570d21f03dfcefff07151a8c2d54	d__Bacteria;k__Bacillati;p__Actinomycetota;c__Actinomycetes;o__Micrococcales;f__Dermabacteraceae;g__Brachybacterium
d32627161d829a1488c2a047669cb29f	d__Bacteria;k__Bacillati;p__Clostridiota;c__Clostridia;o__Acetivibrionales;f__Oscillospiraceae;g__Solibaculum
e0582e0f5fcf8647951b85374742692a	d__Bacteria;k__Bacillati;p__Clostridiota;c__Clostridia;o__Acetivibrionales;f__Oscillospiraceae;g__UCG-005
74569b9940b0808fe96adfaea056da1d	d__Bacteria;k__Bacillati;p__Clostridiota;c__Clostridia;o__Peptostreptococcales;f__Anaerovoracaceae;g__Anaerovorax
cec0726ad2e1a44d389156034d5548b4	d__Bacteria;k__Pseudomonadati--other;p__Bacteroidota;c__Bacteroidia;o__Bacteroidales;f__Prevotellaceae
8f5927368b18333c9f559841ce1d79a1	d__Bacteria;k__Bacillati;p__Clostridiota;c__Clostridia;o__Acetivibrionales;f__Lachnospiraceae
82f9f335f661d11cc419e0f0d7ab8920	d__Bacteria;k__Bacillati;p__Clostridiota;c__Clostridia;o__Acetivibrionales;f__Lachnospiraceae;g__Coprococcus
8a0569cbdf9d8488d07d398efed0e0b9	d__Bacteria;k__Bacillati;p__Mycoplasmatota;c__Mollicutes;o__Anaeroplasmatales;f__Anaeroplasmataceae;g__Anaeroplasma
dbc1144bdaf89643e0ba8d7a38bc2674	d__Bacteria;k__Bacillati;p__Clostridiota;c__Clostridia;o__Acetivibrionales;f__Oscillospiraceae;g__Tepidibaculum
70a42c37099a18630f9d845ca80c0f6f	d__Bacteria;k__Bacillati;p__Clostridiota;c__Clostridia;o__Acetivibrionales;f__Anaerotignaceae;g__Anaerotignum--other
6be6b738b3b5665e27652fbcbaf7a4bf	d__Bacteria;k__Bacillati;p__Mycoplasmatota;c__Mollicutes;o__RF39;f__Incertae_Sedis;g__Incertae_Sedis
6707bbe4bc99d135a59566b32af62a26	d__Bacteria;k__Bacillati;p__Clostridiota;c__Clostridia;o__Acetivibrionales;f__Lachnospiraceae;g__Anaerostipes--other
d39f37b814ebd81091a949f8bd9d1710	d__Bacteria;k__Pseudomonadati--other;p__Bacteroidota;c__Bacteroidia;o__Bacteroidales;f__Bacteroidaceae;g__Bacteroides
d09192f8ec38d50e36275a2b870e2ade	d__Bacteria;k__Bacillati;p__Mycoplasmatota;c__Erysipelotrichia;o__Erysipelotrichales;f__Coprobacillaceae;g__UCG-004
9e66abbb1483bf6f79b052bd7a39a12d	d__Bacteria;k__Pseudomonadati--other;p__Bacteroidota;c__Bacteroidia;o__Bacteroidales;f__Bacteroidaceae;g__Paraphocaeicola
8d06e4d4164830d337cf3a3c1550ab5a	d__Bacteria;k__Bacillati;p__Clostridiota;c__Clostridia;o__Acetivibrionales;f__Lachnospiraceae
faa59437074bf8315678a6dcd66bc552	d__Bacteria;k__Bacillati;p__Actinomycetota;c__Coriobacteriia;o__Coriobacteriales--other;f__Incertae_Sedis;g__Incertae_Sedis
26fe09051d545bae05b7ef8111a0040a	d__Bacteria;k__Bacillati;p__Clostridiota;c__Clostridia;o__Acetivibrionales;f__Oscillospiraceae;g__Incertae_Sedis
86124c7987536c7236178add9dbb4d24	d__Bacteria;k__Bacillati;p__Actinomycetota;c__Coriobacteriia;o__Eggerthellales;f__Eggerthellaceae
937f55eefbe69fa25ebcb4e5c6a7bf6c	d__Bacteria;k__Bacillati;p__Actinomycetota;c__Coriobacteriia;o__Eggerthellales;f__Eggerthellaceae
ec5a3c0ba269a073ce79452ef30d9346	d__Bacteria;k__Bacillati;p__Clostridiota;c__Clostridia;o__Acetivibrionales;f__Lachnospiraceae
da46f2eb49634188c36686af5a4c7f87	d__Bacteria;k__Bacillati;p__Mycoplasmatota;c__Mollicutes;o__RF39;f__Incertae_Sedis;g__Incertae_Sedis
dab74702ab9f9d2eaa07d991fa1d0fae	d__Bacteria;k__Bacillati;p__Clostridiota;c__Clostridia;o__Acetivibrionales;f__Lachnospiraceae;g__Pilosibacter
79c83476ae7b1e170aaa2e0a1f64f816	d__Bacteria;k__Pseudomonadati--other;p__Bacteroidota;c__Bacteroidia;o__Bacteroidales;f__Prevotellaceae;g__Xylanibacter
16e0afd476da22c741a6f550a18acc65	d__Bacteria;k__Bacillati;p__Mycoplasmatota;c__Mollicutes;o__RF39;f__Incertae_Sedis;g__Incertae_Sedis
0d3070fc8b167415b2805f257af542e1	d__Bacteria;k__Bacillati;p__Clostridiota;c__Clostridia;o__Acetivibrionales;f__Oscillospiraceae;g__Incertae_Sedis
5c00b0e648a321b07236514fe58ac63e	d__Bacteria;k__Bacillati;p__Clostridiota;c__Clostridia;o__Acetivibrionales;f__Oscillospiraceae;g__Incertae_Sedis
3d0116fdb0e16fcffb099a0b38c49d29	d__Bacteria;k__Pseudomonadati--other;p__Bacteroidota;c__Bacteroidia;o__Bacteroidales;f__Rikenellaceae;g__hoa5-07d05_gut_group
97dcbfbac480907a0c3e248fa90717f3	d__Bacteria;k__Bacillati;p__Actinomycetota;c__Coriobacteriia
71910a6148a6d933275a02149802a024	d__Bacteria;k__Bacillati;p__Clostridiota;c__Clostridia;o__Acetivibrionales;f__Lachnospiraceae;g__Lachnospiraceae_AC2044_group
62bd11842ac68442ac4fe7372f5e2fba	d__Bacteria;k__Bacillati;p__Clostridiota;c__Clostridia;o__Acetivibrionales;f__Incertae_Sedis;g__Incertae_Sedis
c828de26bb160d51d1e33d21484705df	d__Bacteria;k__Pseudomonadati--other;p__Kiritimatiellota;c__Kiritimatiellia--other;o__WCHB1-41;f__Incertae_Sedis;g__Incertae_Sedis
6dc7c35850ca3f448619dee02f3dbc2f	d__Bacteria;k__Bacillati;p__Clostridiota;c__Clostridia;o__Acetivibrionales;f__Lachnospiraceae;g__Acetatifactor
b4a40c1cf850633e8f30600193f8395c	d__Bacteria;k__Pseudomonadati;p__Pseudomonadota;c__Alphaproteobacteria;o__Rhodospirillales;f__Terasakiellaceae;g__Incertae_Sedis
3610bf83a8896507ca70d9d99045072c	d__Bacteria;k__Bacillati;p__Mycoplasmatota;c__Mollicutes;o__RF39;f__Incertae_Sedis;g__Incertae_Sedis
7180532e6fb1eaf74c23c96ffe741976	d__Bacteria;k__Bacillati;p__Cyanobacteriota;c__Vampirovibrionophyceae;o__Candidatus_Gastranaerophilales;f__Candidatus_Gastranaerophilaceae;g__Candidatus_Gastranaerophilus
f9018361f7e00550b9b400b936d4e3f5	d__Bacteria;k__Bacillati;p__Clostridiota;c__Clostridia;o__Acetivibrionales;f__Lachnospiraceae;g__Marvinbryantia
1daa79d586b5df2b583f18947eebce42	d__Bacteria;k__Pseudomonadati;p__Pseudomonadota;c__Alphaproteobacteria;o__Rhodospirillales;f__Terasakiellaceae;g__Incertae_Sedis
172b569e973d6c0a1b36549048887128	d__Bacteria;k__Pseudomonadati--other;p__Kiritimatiellota;c__Kiritimatiellia--other;o__WCHB1-41;f__Incertae_Sedis;g__Incertae_Sedis
7ef58f0e54bc8315c5a49183c0b58cc5	d__Bacteria;k__Pseudomonadati;p__Pseudomonadota;c__Alphaproteobacteria;o__Rickettsiales;f__Incertae_Sedis;g__Incertae_Sedis
aabd47a98136e24f07a036b9e7668c98	d__Bacteria;k__Bacillati;p__Clostridiota;c__Clostridia;o__Acetivibrionales;f__Lachnospiraceae;g__Fusimonas
37167d240e0812c12f5380e0d58d5ee6	d__Bacteria;k__Bacillati;p__Mycoplasmatota;c__Mollicutes;o__RF39;f__Incertae_Sedis;g__Incertae_Sedis
1ba50888af837612845e225113fb0b71	d__Bacteria;k__Pseudomonadati--other;p__Bacteroidota;c__Bacteroidia;o__Bacteroidales;f__Prevotellaceae;g__Xylanibacter
f713b64ca10de3c1283791b333bb36ff	d__Bacteria;k__Pseudomonadati--other;p__Bacteroidota;c__Bacteroidia;o__Bacteroidales;f__Prevotellaceae;g__Alloprevotella
8fe118e02257f67d7bd68e7e4033f72c	d__Bacteria;k__Bacillati;p__Mycoplasmatota;c__Erysipelotrichia;o__Erysipelotrichales;f__Coprobacillaceae;g__Asteroleplasma
b067e3bf4451c631f4733f9a2fbb7bb7	d__Bacteria;k__Bacillati;p__Clostridiota;c__Clostridia;o__Acetivibrionales;f__Lachnospiraceae;g__Butyribacter
13210f45625e8bee8811ceb1c538eb2c	d__Bacteria;k__Bacillati;p__Clostridiota;c__Clostridia;o__Acetivibrionales;f__Oscillospiraceae;g__UCG-009
032809a674442016d4da3ced80eef1e9	d__Bacteria;k__Pseudomonadati--other;p__Bacteroidota;c__Bacteroidia;o__Bacteroidales;f__Tannerellaceae;g__Parabacteroides
ba545bafa134d1d1ea3418bd7c11bc53	d__Bacteria;k__Bacillati;p__Mycoplasmatota;c__Mollicutes;o__RF39;f__Incertae_Sedis;g__Incertae_Sedis
361ef5403b473cd04265b8dc41d57af6	d__Bacteria;k__Bacillati;p__Mycoplasmatota;c__Erysipelotrichia;o__Erysipelotrichales;f__Coprobacillaceae;g__Allocoprobacillus
38456fb6f0c8d91b6ad7c08be8219fd8	d__Bacteria;k__Bacillati;p__Clostridiota;c__Clostridia;o__Acetivibrionales;f__Oscillospiraceae;g__Faecalibacterium
2d7fc1ad6434f7702600e2d926d0e83f	d__Bacteria;k__Bacillati;p__Clostridiota;c__Clostridia;o__Acetivibrionales;f__Oscillospiraceae;g__Incertae_Sedis
f7194c7d552bfeb75c8552c7c7041721	d__Bacteria;k__Bacillati;p__Clostridiota;c__Clostridia;o__Acetivibrionales
b3664c4355c27c333266783abf4d9c71	d__Bacteria;k__Bacillati;p__Mycoplasmatota;c__Mollicutes;o__RF39;f__Incertae_Sedis;g__Incertae_Sedis
743c9cb4913443ed309428120e96abc2	d__Bacteria;k__Bacillati;p__Clostridiota;c__Clostridia;o__Acetivibrionales;f__Lachnospiraceae
8be0ce5a179baf2e3480a7b4ba738f24	d__Bacteria;k__Bacillati;p__Clostridiota;c__Clostridia;o__Acetivibrionales;f__Oscillospiraceae;g__Incertae_Sedis
2b11b22357a4ff817bf258feb9cef7e5	d__Bacteria;k__Bacillati;p__Clostridiota;c__Clostridia;o__Acetivibrionales;f__Lachnospiraceae
0db98255f13ae4e032d9acf691740d1c	d__Bacteria;k__Pseudomonadati--other;p__Bacteroidota;c__Bacteroidia;o__Bacteroidales;f__Prevotellaceae;g__Xylanibacter
c31887f77672af59075f89190ed28066	d__Bacteria;k__Pseudomonadati--other;p__Bacteroidota;c__Bacteroidia;o__Bacteroidales;f__Prevotellaceae;g__Xylanibacter
5c730287e8b4e9cb396b646b6d06f81d	d__Bacteria;k__Bacillati;p__Clostridiota;c__Clostridia;o__Acetivibrionales;f__Lachnospiraceae
6c2b75e02c568da4db9785371d314ad3	d__Bacteria;k__Pseudomonadati--other;p__Bacteroidota;c__Bacteroidia;o__Bacteroidales
b1c10eefe0b694f8efa0bebfa3271d12	d__Bacteria;k__Pseudomonadati;p__Desulfovibrionota;c__Desulfovibrionia;o__Desulfovibrionales;f__Desulfovibrionaceae;g__Desulfovibrio
3ee4418a66c09256ebeb4a47f7f3e37a	d__Bacteria;k__Bacillati;p__Mycoplasmatota;c__Mollicutes;o__RF39;f__Incertae_Sedis;g__Incertae_Sedis
8780ade4b87ef096caa638bb0613233b	d__Bacteria;k__Pseudomonadati--other;p__Bacteroidota;c__Bacteroidia;o__Bacteroidales;f__Rikenellaceae;g__Candidatus_Cryptobacteroides
3d5d1deeab13ee5a44fc6838da4c5124	d__Bacteria;k__Bacillati;p__Clostridiota;c__Clostridia;o__Acetivibrionales;f__Lachnospiraceae
32bb1fe876256cc31b5fbe9f28e0d50d	d__Bacteria;k__Bacillati;p__Clostridiota;c__Clostridia;o__Acetivibrionales;f__Oscillospiraceae;g__Subdoligranulum
643025d541f8102445753b7c70e03947	d__Bacteria;k__Bacillati;p__Clostridiota;c__Clostridia;o__Acetivibrionales;f__Lachnospiraceae;g__Blautia
ea6705d0f6df5f089e6c413d6efcac70	d__Bacteria;k__Bacillati;p__Mycoplasmatota;c__Erysipelotrichia;o__Erysipelotrichales;f__Coprobacillaceae;g__Longibaculum--other
f0f6612fc1ec5349a3b5b47d1b77ddbc	d__Bacteria;k__Pseudomonadati--other;p__Bacteroidota;c__Bacteroidia;o__Bacteroidales;f__Prevotellaceae
0ef0cace2fb65b60b69b73b897fe63d7	d__Bacteria;k__Bacillati;p__Clostridiota;c__Clostridia;o__Acetivibrionales;f__Lachnospiraceae
368ceaddf25565e90674edfc6169c975	d__Bacteria;k__Pseudomonadati--other;p__Bacteroidota;c__Bacteroidia;o__Bacteroidales;f__Bacteroidaceae;g__Caecibacteroides
680e287541534f7e9825c2916342dbf7	d__Bacteria;k__Pseudomonadati--other;p__Kiritimatiellota;c__Kiritimatiellia--other;o__WCHB1-41;f__Incertae_Sedis;g__Incertae_Sedis
0bcbb5384c8d8dd74ec8faacd796aa4a	d__Bacteria;k__Bacillati;p__Clostridiota;c__Clostridia;o__Acetivibrionales;f__Oscillospiraceae;g__Solibaculum
e1bb4318f5d56e09d124078661167b0a	d__Bacteria;k__Bacillati;p__Desulfotomaculota;c__Negativicutes;o__Selenomonadales;f__Selenomonadaceae;g__Incertae_Sedis
fab80abc33d61e8cea16a2743a0efd43	d__Bacteria;k__Bacillati;p__Clostridiota;c__Clostridia;o__Acetivibrionales;f__Oscillospiraceae;g__UCG-005
09eece16f9be5e03447ae6f01c558a12	d__Bacteria;k__Bacillati;p__Clostridiota;c__Clostridia;o__Acetivibrionales;f__Oscillospiraceae;g__Solibaculum
100f6d072a08a241f81b18361e34b7d4	d__Bacteria;k__Bacillati;p__Clostridiota;c__Clostridia;o__Acetivibrionales;f__Lachnospiraceae;g__Butyrivibrio
cb2fcc64dde8fdbee6185bfd8d185c7c	d__Bacteria;k__Pseudomonadati--other;p__Bacteroidota;c__Bacteroidia;o__Bacteroidales;f__Prevotellaceae;g__Xylanibacter
41a7d9032a076ffaf1cc4e0193eba50a	d__Bacteria;k__Bacillati;p__Clostridiota;c__Clostridia;o__Acetivibrionales;f__Lachnospiraceae;g__Coprococcus
4901df3c8ebbf5f54678f210a1e89d17	d__Bacteria;k__Bacillati;p__Clostridiota;c__Clostridia;o__Acetivibrionales;f__Lachnospiraceae
6a8f8f9deb2d47f2ef8543bd4ef75210	d__Bacteria;k__Bacillati;p__Clostridiota;c__Clostridia;o__Acetivibrionales;f__Oscillospiraceae;g__Solibaculum
905b50f8c944c187817334b55d18a1f1	d__Bacteria;k__Bacillati;p__Clostridiota;c__Clostridia;o__Acetivibrionales;f__Oscillospiraceae;g__Incertae_Sedis
ea15b4d6dea4fabb461f6b77afb296c5	d__Bacteria;k__Pseudomonadati--other;p__Bacteroidota;c__Bacteroidia;o__Bacteroidales;f__Muribaculaceae;g__Paramuribaculum
61c9f9ecfcd211cd9c59c1400d217190	d__Bacteria;k__Bacillati;p__Clostridiota;c__Clostridia;o__Acetivibrionales;f__Lachnospiraceae
dfe6a1edfe10fb97d0fba5f64bc1c36f	d__Bacteria;k__Bacillati;p__Actinomycetota;c__Coriobacteriia;o__Coriobacteriales;f__Coriobacteriaceae;g__Collinsella
a049a00c0969a2beb4f67275d0f45163	d__Bacteria;k__Bacillati;p__Clostridiota;c__Clostridia;o__Acetivibrionales;f__Lachnospiraceae
134009ff448e2e191e18eb145bdb0fb6	d__Bacteria;k__Bacillati;p__Clostridiota;c__Clostridia;o__Acetivibrionales;f__Lachnospiraceae
758942010e8bc2d7582380d03d750b93	d__Bacteria;k__Bacillati;p__Clostridiota;c__Clostridia;o__Peptostreptococcales;f__Anaerovoracaceae;g__Mogibacterium
9987d108e0b7c1f09ea584009dd2d721	d__Archaea;k__Methanobacteriati;p__Methanobacteriota;c__Methanobacteria;o__Methanobacteriales;f__Methanobacteriaceae;g__Methanobrevibacter
d4e81ec23a2f9366811bbef1e2a5f6a0	d__Bacteria;k__Bacillati;p__Mycoplasmatota;c__Mollicutes;o__RF39;f__Incertae_Sedis;g__Incertae_Sedis
68c6d72d140dab488778e7c0febdbf41	d__Bacteria;k__Bacillati;p__Mycoplasmatota;c__Erysipelotrichia;o__Erysipelotrichales;f__Erysipelotrichaceae;g__Lactimicrobium
e565c4b3df16982a934795564f4ee8aa	d__Bacteria;k__Bacillati;p__Mycoplasmatota;c__Erysipelotrichia;o__Erysipelotrichales;f__Coprobacillaceae;g__Holdemanella
3351cd14cafa1f858594388468826188	d__Bacteria;k__Bacillati;p__Clostridiota;c__Clostridia;o__Acetivibrionales;f__Incertae_Sedis;g__Incertae_Sedis
ac51b1d8407370168ba372a741192d46	d__Bacteria;k__Bacillati;p__Clostridiota;c__Clostridia;o__Acetivibrionales;f__Lachnospiraceae
bc3cfdef0780042f37819c82eaa7992a	d__Bacteria;k__Bacillati;p__Clostridiota;c__Clostridia;o__Acetivibrionales;f__Lachnospiraceae
65958ff4fe78d96a2316ff66b630a1a6	d__Bacteria;k__Bacillati;p__Actinomycetota;c__Coriobacteriia;o__Coriobacteriales;f__Atopobiaceae;g__Thermophilibacter
8eb822c950162e722ae722abfcd52790	d__Bacteria;k__Bacillati;p__Clostridiota;c__Clostridia;o__Acetivibrionales;f__Lachnospiraceae
e71b1904d206612ce9b10c2580f903c0	d__Bacteria;k__Bacillati;p__Clostridiota;c__Clostridia;o__Acetivibrionales;f__Oscillospiraceae;g__Incertae_Sedis
5e4405e37412f415c47c112a0cbc487a	d__Bacteria;k__Bacillati;p__Clostridiota;c__Clostridia;o__Acetivibrionales;f__Anaerotignaceae
befc821a020eee86b68f5d37e11b2222	d__Bacteria;k__Bacillati;p__Clostridiota;c__Clostridia;o__Acetivibrionales;f__Lachnospiraceae;g__Coprococcus
d208cad7c585049e04076ac7df960e7f	d__Bacteria;k__Bacillati;p__Clostridiota;c__Clostridia;o__Acetivibrionales;f__Oscillospiraceae;g__Agathobaculum
d08ce1210f276643803bea4d9401f732	d__Bacteria;k__Bacillati;p__Clostridiota;c__Clostridia;o__Acetivibrionales;f__Lachnospiraceae;g__Lachnospiraceae_AC2044_group
0f1344068dd7c7d6f85ef5fdfe6151b2	d__Eukaryota;k__Eukaryota;p__Parabasalia;c__Hypotrichomonadea;o__Hypotrichomonadea;f__Hypotrichomonadea;g__Trichomitus
ca8a7a53e460169a83343cd84625b867	d__Bacteria;k__Bacillati;p__Clostridiota;c__Clostridia;o__Acetivibrionales;f__Oscillospiraceae;g__Faecalibacterium
1012b6660576ea7ba898c8dec21641f3	d__Bacteria;k__Pseudomonadati--other;p__Bacteroidota;c__Bacteroidia;o__Bacteroidales;f__Odoribacteraceae;g__Odoribacter
6d525ae4d9e0d2d61373c94d2f90234e	d__Bacteria;k__Bacillati;p__Clostridiota;c__Clostridia;o__Acetivibrionales;f__Lachnospiraceae;g__Oribacterium
69c24f90f1b9e72b1dd7419a3c8c6cc9	d__Bacteria;k__Bacillati;p__Clostridiota;c__Clostridia;o__Acetivibrionales;f__Lachnospiraceae
be3f7d9db3bcf5088544a820336e464f	d__Bacteria;k__Pseudomonadati--other;p__Bacteroidota;c__Bacteroidia;o__Bacteroidales;f__Bacteroidales_RF16_group;g__Incertae_Sedis
fbb1d3204eaa53ea805fe2d2df3da399	d__Bacteria;k__Bacillati;p__Clostridiota;c__Clostridia;o__Acetivibrionales;f__Oscillospiraceae;g__Candidatus_Paraimprobicoccus
61e96999ffc196bef29faacd556ac0a9	d__Bacteria;k__Bacillati;p__Mycoplasmatota;c__Mollicutes;o__RF39;f__Incertae_Sedis;g__Incertae_Sedis
917845c37cceb11658afcf669db1e77d	d__Bacteria;k__Bacillati;p__Clostridiota;c__Clostridia;o__Acetivibrionales;f__Oscillospiraceae;g__Incertae_Sedis
0c39693fcb14d2864f071ae9ca2b0968	d__Bacteria;k__Pseudomonadati--other;p__Bacteroidota;c__Bacteroidia;o__Bacteroidales;f__Rikenellaceae;g__Candidatus_Cryptobacteroides
e27456340431323e0e9066d66551523b	d__Bacteria;k__Bacillati;p__Mycoplasmatota;c__Erysipelotrichia;o__Erysipelotrichales;f__Coprobacillaceae;g__Longibaculum--other
8f0ceb98a80b248c9ebda87e93070e27	d__Bacteria;k__Bacillati;p__Clostridiota;c__Clostridia;o__Acetivibrionales;f__Oscillospiraceae;g__Incertae_Sedis
5e2b6321671bd313e5082ba7e409efd5	d__Bacteria;k__Bacillati;p__Clostridiota;c__Clostridia;o__Acetivibrionales;f__Oscillospiraceae;g__Ruminococcoides
d7c3f1413e6782fb1fa05de470f26206	d__Bacteria;k__Bacillati;p__Clostridiota;c__Clostridia;o__Acetivibrionales;f__Lachnospiraceae
3085963904e1c95bb023a6f820975b9c	d__Bacteria;k__Bacillati;p__Clostridiota;c__Clostridia;o__Acetivibrionales;f__Lachnospiraceae
55ab1bdc33dcd65d76c904af407cfe4c	d__Bacteria;k__Pseudomonadati--other;p__Bacteroidota;c__Bacteroidia;o__Bacteroidales;f__Prevotellaceae;g__Xylanibacter
177a7fdb5299557419c485debfb4e243	d__Bacteria;k__Bacillati;p__Mycoplasmatota;c__Erysipelotrichia;o__Erysipelotrichales;f__Coprobacillaceae;g__Breznakia
af486ab07942dc299701cc3bf5782b3e	d__Bacteria;k__Bacillati;p__Clostridiota;c__Clostridia;o__Acetivibrionales;f__Aristaeellaceae;g__Aristaeella
ac4c096b026b4bcb68151c8a8d7073a4	d__Bacteria;k__Bacillati;p__Chloroflexota--other;c__Anaerolineae;o__Anaerolineales;f__Anaerolineaceae;g__Flexilinea
39f6ab99e1633cb02f57b3b767a553d7	d__Bacteria;k__Bacillati;p__Synergistota;c__Synergistia;o__Synergistales;f__Dethiosulfovibrionaceae;g__Incertae_Sedis
987f40d740e743e134246fb2ff2984b6	d__Bacteria;k__Pseudomonadati--other;p__Bacteroidota;c__Bacteroidia;o__Bacteroidales;f__Rikenellaceae;g__hoa5-07d05_gut_group
e661f3a193d72480460d8e8212fb2a93	d__Bacteria;k__Pseudomonadati--other;p__Bacteroidota;c__Bacteroidia;o__Bacteroidales;f__Prevotellaceae;g__Xylanibacter
96a935a0b5cdf07d75679f9c0412c4b8	d__Bacteria;k__Bacillati
017daed1c8fb900bbc49faf191f59d8e	d__Bacteria;k__Bacillati;p__Clostridiota;c__Clostridia;o__Acetivibrionales;f__Oscillospiraceae;g__Incertae_Sedis
6c92eaee36e97f78d053854d49810711	d__Bacteria;k__Bacillati;p__Clostridiota;c__Clostridia;o__Acetivibrionales;f__Oscillospiraceae;g__Faecalibacterium
921d87d45413e637e3c2060f50844026	d__Bacteria;k__Bacillati;p__Clostridiota;c__Clostridia;o__Acetivibrionales;f__Oscillospiraceae;g__Incertae_Sedis
db4faf5d4e61a35ae470f8208f0f3307	d__Bacteria;k__Bacillati;p__Clostridiota;c__Clostridia;o__Acetivibrionales;f__Oscillospiraceae;g__Solibaculum
d356950cc7406f1cbd59ccbcd4bc1254	d__Bacteria;k__Pseudomonadati;p__Pseudomonadota;c__Epsilonproteobacteria;o__Campylobacterales;f__Campylobacteraceae;g__Campylobacter
42d8f95f1188c15a09a0c36c5b21f451	d__Bacteria;k__Bacillati;p__Clostridiota;c__Clostridia;o__Acetivibrionales;f__Lachnospiraceae
27aaea1633f64031432d60f2eec8b942	d__Bacteria;k__Bacillati;p__Clostridiota;c__Clostridia;o__Acetivibrionales;f__Lachnospiraceae
79597b823994fcee3a745b9dd5a7a3cf	d__Bacteria;k__Pseudomonadati--other;p__Bacteroidota;c__Bacteroidia;o__Bacteroidales;f__Prevotellaceae;g__Phocaeicola
e09975e3c75552917359678544aa4bcd	d__Bacteria;k__Bacillati;p__Clostridiota;c__Clostridia;o__Acetivibrionales;f__Oscillospiraceae;g__Incertae_Sedis
26d016f8c563054de2ffdeb95dfb6a4c	d__Bacteria;k__Bacillati;p__Clostridiota;c__Clostridia;o__Acetivibrionales;f__Aristaeellaceae;g__Aristaeella
750a320e2440e97c357d73b14165dc31	d__Bacteria;k__Bacillati;p__Clostridiota;c__Clostridia;o__Acetivibrionales;f__Oscillospiraceae;g__UCG-005
f7540f79c9e93be2cf9d3d6d829e76d7	d__Bacteria;k__Pseudomonadati--other;p__Verrucomicrobiota;c__Verrucomicrobiia;o__Verrucomicrobiales;f__Akkermansiaceae;g__Akkermansia
314e5c196fb5e6dedd630aba9d1dcffc	d__Bacteria;k__Pseudomonadati--other;p__Bacteroidota;c__Bacteroidia;o__Bacteroidales;f__Bacteroidaceae;g__Bacteroides
2ae26e64b192821c3f436d318728e368	d__Bacteria;k__Bacillati;p__Actinomycetota;c__Coriobacteriia;o__Coriobacteriales--other;f__Incertae_Sedis;g__Incertae_Sedis
1fea630d2f2dcd2bcd3fdeb43c3fdae7	d__Bacteria;k__Bacillati;p__Clostridiota;c__Clostridia;o__Acetivibrionales;f__Oscillospiraceae;g__Incertae_Sedis
496fffe92e7fccc34c260da5400ebda3	d__Bacteria;k__Bacillati;p__Clostridiota;c__Clostridia;o__Acetivibrionales;f__Anaerotignaceae;g__Anaeropeptidivorans
08c70266f3fc0613634465465bd0ef12	d__Bacteria;k__Bacillati;p__Clostridiota;c__Clostridia;o__Acetivibrionales;f__Lachnospiraceae
9a6deedafdd9652f88d18290fe221253	d__Bacteria;k__Bacillati;p__Clostridiota;c__Clostridia;o__Acetivibrionales;f__Incertae_Sedis;g__Incertae_Sedis
963e1cc398bbf7fca9c85c504c57084b	d__Bacteria;k__Bacillati;p__Clostridiota;c__Clostridia;o__Acetivibrionales;f__Oscillospiraceae;g__UCG-005
184198b1647c20c5dc067f066549659e	d__Bacteria;k__Bacillati;p__Cyanobacteriota;c__Vampirovibrionophyceae;o__Candidatus_Gastranaerophilales;f__Candidatus_Gastranaerophilaceae;g__Incertae_Sedis
72819b7d9058e57820a6e0bc5b4b9b30	d__Bacteria;k__Bacillati;p__Mycoplasmatota;c__Mollicutes;o__Anaeroplasmatales;f__Anaeroplasmataceae;g__Anaeroplasma
c4d0759f501772671ac4df8407344851	d__Bacteria;k__Bacillati;p__Clostridiota;c__Clostridia;o__Acetivibrionales;f__Oscillospiraceae;g__Incertae_Sedis
54b9c530a3263d360d23631b46810240	d__Bacteria;k__Pseudomonadati--other;p__Bacteroidota;c__Bacteroidia;o__Bacteroidales;f__Prevotellaceae;g__Xylanibacter
c4e3814664313992033acf89137034b5	d__Bacteria;k__Bacillati;p__Clostridiota;c__Clostridia;o__Acetivibrionales;f__Oscillospiraceae;g__Incertae_Sedis
63c678e64da856c0717248168d42a08c	d__Bacteria;k__Bacillati;p__Clostridiota;c__Clostridia;o__Acetivibrionales;f__Oscillospiraceae;g__Incertae_Sedis
2f4a23ac0033e9857aa452fd6b524e9b	d__Bacteria;k__Bacillati;p__Clostridiota;c__Clostridia;o__Acetivibrionales;f__Incertae_Sedis;g__Incertae_Sedis
42c4df98f85ec992ddbbf8b518ad0d61	d__Bacteria;k__Bacillati;p__Clostridiota;c__Clostridia;o__Acetivibrionales;f__Oscillospiraceae;g__Candidatus_Pseudoruminococcus
44001b4a463c81f8717bc2013c27400f	d__Bacteria;k__Bacillati;p__Mycoplasmatota;c__Erysipelotrichia;o__Erysipelotrichales;f__Coprobacillaceae;g__UCG-004
bd9c5941a4f9539c169a7fcefc884fcf	d__Bacteria;k__Bacillati;p__Actinomycetota;c__Coriobacteriia;o__Coriobacteriales;f__Coriobacteriaceae;g__Collinsella
8711e05aa27bb2eabc5e58924140160c	d__Bacteria;k__Bacillati;p__Mycoplasmatota;c__Erysipelotrichia;o__Erysipelotrichales;f__Coprobacillaceae
2943b435691b5b7d6c047c1bf35c3a54	d__Bacteria;k__Bacillati;p__Clostridiota;c__Clostridia;o__Acetivibrionales;f__Oscillospiraceae;g__NK4A214_group
ca010470a132c913b0857934e90f9818	d__Bacteria;k__Bacillati;p__Clostridiota;c__Clostridia;o__Acetivibrionales;f__Oscillospiraceae;g__Incertae_Sedis
ff15be4cfecb23835a372e4dba72ee7a	d__Bacteria;k__Bacillati;p__Cyanobacteriota;c__Vampirovibrionophyceae;o__Candidatus_Gastranaerophilales;f__Candidatus_Gastranaerophilaceae;g__Candidatus_Gastranaerophilus
77e7090917f8e59cf945519d2931d05c	d__Bacteria;k__Bacillati;p__Clostridiota;c__Clostridia;o__Acetivibrionales;f__Oscillospiraceae;g__Incertae_Sedis
32af4dee9a4adce7db2c30abfa0b9724	d__Bacteria;k__Pseudomonadati--other;p__Bacteroidota;c__Bacteroidia;o__Bacteroidales;f__Prevotellaceae;g__Xylanibacter
2eee55e08ba6a1a1e619376de3626e5d	d__Bacteria;k__Bacillati;p__Cyanobacteriota;c__Vampirovibrionophyceae;o__Candidatus_Gastranaerophilales;f__Candidatus_Gastranaerophilaceae;g__Incertae_Sedis
069ebbe77d7a9b5c409c2aa456e503da	d__Bacteria;k__Bacillati;p__Clostridiota;c__Clostridia;o__Acetivibrionales;f__Oscillospiraceae;g__UCG-005
a2097b5f1928e56fac10f5c459e8aef8	d__Bacteria;k__Bacillati;p__Clostridiota;c__Clostridia;o__Acetivibrionales;f__Oscillospiraceae;g__Candidatus_Evtepia
beb9d1aa034aa93818ab7c3cdaf09707	d__Bacteria;k__Bacillati;p__Clostridiota;c__Clostridia;o__Acetivibrionales;f__Oscillospiraceae;g__Incertae_Sedis
52b65f0b8f966f44f85333afde8eb997	d__Bacteria;k__Pseudomonadati--other;p__Bacteroidota;c__Bacteroidia;o__Bacteroidales;f__Bacteroidaceae;g__Bacteroides
a47221e0946118101b5c8760ca6a2af8	d__Bacteria;k__Bacillati;p__Clostridiota;c__Clostridia;o__Acetivibrionales;f__Oscillospiraceae;g__Incertae_Sedis
a9a12944dba4b6f8c92b523d194e3204	d__Bacteria;k__Bacillati;p__Clostridiota;c__Clostridia;o__Acetivibrionales;f__Oscillospiraceae
0f2081b3890b76e98a10b5a43bfe82c5	d__Bacteria;k__Bacillati;p__Clostridiota;c__Clostridia;o__Acetivibrionales;f__Lachnospiraceae
10d3ac6d069f8a9f8f726e86d63dfa3f	d__Bacteria;k__Bacillati;p__Clostridiota;c__Clostridia;o__Acetivibrionales;f__Lachnospiraceae
f4d546122a2d02b90049b5a5262c7275	d__Bacteria;k__Bacillati;p__Mycoplasmatota;c__Mollicutes;o__RF39;f__Incertae_Sedis;g__Incertae_Sedis
059838532ae0a16ddb4181fa0a3056b2	d__Bacteria;k__Bacillati;p__Clostridiota;c__Clostridia;o__Acetivibrionales;f__Oscillospiraceae;g__Incertae_Sedis
be1cedc66c637aa3f46b71acfcf23c8d	d__Bacteria;k__Pseudomonadati--other;p__Bacteroidota;c__Bacteroidia;o__Bacteroidales;f__Prevotellaceae;g__Incertae_Sedis
4b3770f41f4deb568185c95344fab5c8	d__Bacteria;k__Bacillati;p__Clostridiota;c__Clostridia;o__Acetivibrionales;f__Lachnospiraceae
c28dcaaee6c85f1df456d3abc2c72cfe	d__Bacteria;k__Bacillati;p__Cyanobacteriota;c__Vampirovibrionophyceae;o__Candidatus_Gastranaerophilales;f__Candidatus_Gastranaerophilaceae;g__Incertae_Sedis
6aa30f7a30fb840f06149cc750202597	d__Bacteria;k__Bacillati;p__Clostridiota;c__Clostridia;o__Acetivibrionales;f__Lachnospiraceae;g__Anaerostipes--other
6dca813387ca4e80c86cc760e630ee81	d__Bacteria;k__Bacillati;p__Clostridiota;c__Clostridia;o__Acetivibrionales;f__Oscillospiraceae;g__Faecalibacterium
c4c5851d0c781cea4cfc7a1f1ef65252	d__Bacteria;k__Pseudomonadati--other;p__Bacteroidota;c__Bacteroidia;o__Bacteroidales;f__Rikenellaceae;g__Candidatus_Egerieousia
f36bb7b5f64ad7011f305a0e3ab7d114	d__Bacteria;k__Bacillati;p__Clostridiota;c__Clostridia;o__Acetivibrionales;f__Lachnospiraceae
dde956cca472aeea6f585345cb2b3f12	d__Bacteria;k__Bacillati;p__Clostridiota;c__Clostridia;o__Acetivibrionales;f__Lachnospiraceae;g__Catenibacillus
bf9d7625a293cf95f1cdabc21f3eaaa9	d__Bacteria;k__Bacillati;p__Clostridiota;c__Clostridia;o__Acetivibrionales;f__Lachnospiraceae
0909e28337b0efdda2cf27ec11968955	d__Bacteria;k__Bacillati;p__Clostridiota;c__Clostridia;o__Acetivibrionales;f__Lachnospiraceae;g__Oribacterium
fd35664ae7671377d9d883e2305e47d5	d__Bacteria;k__Bacillati;p__Mycoplasmatota;c__Mollicutes;o__RF39;f__Incertae_Sedis;g__Incertae_Sedis
a1b726901d57f9e00927c07fff427f45	d__Bacteria;k__Bacillati;p__Clostridiota;c__Clostridia;o__Acetivibrionales;f__Lachnospiraceae;g__Lachnospira
eb9e9f793ca12288a12ed12a3f7d8a89	d__Bacteria;k__Bacillati;p__Clostridiota;c__Clostridia;o__Acetivibrionales;f__Oscillospiraceae;g__Incertae_Sedis
8864401da4d5663981f4d309258008f1	d__Bacteria;k__Bacillati;p__Clostridiota;c__Clostridia;o__Acetivibrionales;f__Lachnospiraceae;g__Tyzzerella
a69cb5449347a9b7b7a4b0373131a514	d__Bacteria;k__Bacillati;p__Cyanobacteriota;c__Vampirovibrionophyceae;o__Candidatus_Gastranaerophilales;f__Candidatus_Gastranaerophilaceae;g__Incertae_Sedis
f2602093cd0eba09491f50d1dc593499	d__Bacteria;k__Bacillati;p__Clostridiota;c__Clostridia;o__Acetivibrionales;f__Incertae_Sedis;g__Incertae_Sedis
ec6c9ea52e88226c339487585ea02f42	d__Bacteria;k__Bacillati;p__Clostridiota;c__Clostridia;o__Acetivibrionales;f__Oscillospiraceae;g__NK4A214_group
d653b8b7adc9747902bb8ef2483625dd	d__Bacteria;k__Bacillati;p__Mycoplasmatota;c__Erysipelotrichia;o__Erysipelotrichales;f__Coprobacillaceae;g__UCG-004
2bc6c585bcb7f78cf6541ec1e165a302	d__Archaea;k__Methanobacteriati--other;p__Thermoplasmatota;c__Thermoplasmata--other;o__Methanomassiliicoccales;f__Methanomethylophilaceae;g__Candidatus_Methanogranum
aafce01b956a3eff79eb46a68d17916a	d__Bacteria;k__Bacillati;p__Actinomycetota;c__Coriobacteriia;o__Eggerthellales;f__Eggerthellaceae;g__Slackia--other
bb13772964d65fd1f9671a296a594b2d	d__Bacteria;k__Bacillati;p__Clostridiota;c__Clostridia;o__Acetivibrionales;f__Oscillospiraceae;g__Incertae_Sedis
e7131364c0f75b2c6bd8de661fc347c1	d__Bacteria;k__Bacillati;p__Clostridiota;c__Clostridia;o__Acetivibrionales;f__Lachnospiraceae;g__Pseudobutyrivibrio
4ac1cc40c15353ae4afc8a9f378b176a	d__Bacteria;k__Bacillati;p__Clostridiota;c__Clostridia;o__Acetivibrionales;f__Lachnospiraceae
ca6d333ea6f150f683b7bc9d5abadb07	d__Bacteria;k__Bacillati;p__Clostridiota;c__Clostridia;o__Acetivibrionales;f__Oscillospiraceae;g__Incertae_Sedis
0635a6fa3ee82e3082435d8b170fb4a2	d__Bacteria;k__Bacillati;p__Clostridiota;c__Clostridia;o__Acetivibrionales;f__Oscillospiraceae;g__Incertae_Sedis
f470be1f4ee1ae0c353f834b9bd503e0	d__Bacteria;k__Bacillati;p__Cyanobacteriota;c__Vampirovibrionophyceae;o__Candidatus_Gastranaerophilales;f__Candidatus_Gastranaerophilaceae;g__Candidatus_Gastranaerophilus
ff203532a402480998ab589d1e2d3928	d__Bacteria;k__Bacillati;p__Clostridiota;c__Clostridia;o__Acetivibrionales;f__Lachnospiraceae
b0aa117c7108f6b3190ab945a387f2fc	d__Bacteria;k__Bacillati;p__Clostridiota;c__Clostridia;o__Acetivibrionales;f__Oscillospiraceae;g__Incertae_Sedis
0b51223edfa051524b8a95c4b4508ea4	d__Archaea;k__Methanobacteriati--other;p__Thermoplasmatota;c__Thermoplasmata--other;o__Methanomassiliicoccales;f__Methanomethylophilaceae
7da3f6ea2d795e6f6f6d3c7e218c0c64	d__Bacteria;k__Bacillati;p__Clostridiota;c__Clostridia;o__Acetivibrionales;f__Oscillospiraceae
0d23634bb6e6c2c9074a34e2afceae73	d__Bacteria;k__Pseudomonadati--other;p__Bacteroidota;c__Bacteroidia;o__Bacteroidales;f__Prevotellaceae;g__Xylanibacter
95880b863eb9614d84b816fc8c3b9e7a	d__Bacteria;k__Bacillati;p__Clostridiota;c__Clostridia;o__Acetivibrionales;f__Oscillospiraceae;g__Ruminococcus
511c4a52c42a321f66bfe1e60ee620e6	d__Bacteria;k__Bacillati;p__Clostridiota;c__Clostridia;o__Acetivibrionales;f__Lachnospiraceae;g__Chordicoccus
be9febba3d5693f049d017337e522fa9	d__Bacteria;k__Bacillati;p__Mycoplasmatota;c__Mollicutes;o__RF39;f__Incertae_Sedis;g__Incertae_Sedis
fb730898169b5406b3bb393eafa3256f	d__Bacteria;k__Bacillati;p__Clostridiota;c__Clostridia;o__Acetivibrionales;f__Incertae_Sedis;g__Incertae_Sedis
506a0bd23573927555b3dab7b1b4d599	d__Bacteria;k__Pseudomonadati--other;p__Spirochaetota;c__Spirochaetia;o__Spirochaetales;f__Treponemataceae;g__Treponema
907b49f02ad2be8be64b7aa85db4564f	d__Bacteria;k__Bacillati;p__Mycoplasmatota;c__Mollicutes;o__RF39;f__Incertae_Sedis;g__Incertae_Sedis
61a529596119ac54773c77dcbed0e3df	d__Bacteria;k__Bacillati;p__Clostridiota;c__Clostridia;o__Acetivibrionales;f__Lachnospiraceae
6c70d7a5d4139a240c700f64bec6d6c7	d__Bacteria;k__Bacillati;p__Clostridiota;c__Clostridia;o__Acetivibrionales;f__Oscillospiraceae;g__Incertae_Sedis
b69d7a198b202c5ad491a93de804bd94	d__Bacteria;k__Bacillati;p__Mycoplasmatota;c__Erysipelotrichia;o__Erysipelotrichales;f__Coprobacillaceae
98e7d8426ee6de0211703a896f86eef2	d__Bacteria;k__Bacillati;p__Clostridiota;c__Clostridia;o__Acetivibrionales;f__Oscillospiraceae;g__Incertae_Sedis
4ef777e79f6cca6b46a6c52849aeaabc	d__Bacteria;k__Bacillati;p__Mycoplasmatota;c__Mollicutes;o__RF39;f__Incertae_Sedis;g__Incertae_Sedis
c91bb33a7025e9846625d95466a6338f	d__Bacteria;k__Bacillati;p__Clostridiota;c__Clostridia;o__Acetivibrionales;f__Lachnospiraceae;g__Anaerostipes--other
24193508f045e00fa52f7670a81610a6	d__Bacteria;k__Bacillati;p__Clostridiota;c__Clostridia;o__Acetivibrionales;f__Lachnospiraceae;g__Lachnospiraceae_UCG-003
5ca5ea401c8d3569e69626d2f81d5578	d__Bacteria;k__Bacillati;p__Clostridiota;c__Clostridia;o__Acetivibrionales;f__Oscillospiraceae;g__Solibaculum
ef9f63cd396591ae1deb72ff1720317c	d__Bacteria;k__Bacillati;p__Clostridiota;c__Clostridia;o__Acetivibrionales;f__Lachnospiraceae;g__Anaerostipes--other
2c5c5d710e1b9229efa72f98ca7b4e71	d__Bacteria;k__Bacillati;p__Clostridiota;c__Clostridia;o__Acetivibrionales;f__Oscillospiraceae;g__Incertae_Sedis
b884037822bb605b4838a31912541576	d__Bacteria;k__Bacillati;p__Clostridiota;c__Clostridia;o__Acetivibrionales;f__Incertae_Sedis;g__Incertae_Sedis
0655b61382673782b65c4210c25f1eeb	d__Bacteria;k__Bacillati;p__Clostridiota;c__Clostridia;o__Acetivibrionales;f__Lachnospiraceae
2520db9264b6ecc35c96f5e2a6d50a8e	d__Bacteria;k__Bacillati;p__Clostridiota;c__Clostridia;o__Acetivibrionales;f__Lachnospiraceae;g__Incertae_Sedis
03dba6538f55ac45f067d8d8e3383a8e	d__Bacteria;k__Bacillati;p__Clostridiota;c__Clostridia;o__Acetivibrionales
61547bb01fc731f0a1425d5848285aba	d__Bacteria;k__Bacillati;p__Clostridiota;c__Clostridia;o__Acetivibrionales;f__Oscillospiraceae;g__Incertae_Sedis
85794281a4485b7ed5bbb632c868970f	d__Bacteria;k__Pseudomonadati--other;p__Bacteroidota;c__Bacteroidia;o__Bacteroidales;f__Bacteroidales_RF16_group;g__Incertae_Sedis
ed80c184fb3d31c07836441bc472bc43	d__Bacteria;k__Bacillati;p__Clostridiota;c__Clostridia;o__Acetivibrionales;f__Oscillospiraceae;g__Qingrenia
e23f12bce5b084f3a25fe2c8b945790f	d__Bacteria;k__Bacillati;p__Clostridiota;c__Clostridia;o__Acetivibrionales;f__Oscillospiraceae;g__Allofournierella
fbdedfac2500aab58adee492f292b7f6	d__Bacteria;k__Pseudomonadati--other;p__Bacteroidota;c__Bacteroidia;o__Bacteroidales;f__Prevotellaceae;g__Xylanibacter
04fb10837b6a942fb88912a35832b496	d__Bacteria;k__Pseudomonadati--other;p__Bacteroidota;c__Bacteroidia;o__Bacteroidales;f__Prevotellaceae;g__Xylanibacter
94893581a87b054eca65b154e52b920a	d__Bacteria;k__Bacillati;p__Clostridiota;c__Clostridia;o__Acetivibrionales;f__Oscillospiraceae
965d663a8d3ce8ca02a673d46172b8a8	d__Bacteria;k__Bacillati;p__Clostridiota;c__Clostridia;o__Acetivibrionales;f__Lachnospiraceae
25def15fb42bed6855ede4893d27a21d	d__Bacteria;k__Pseudomonadati--other;p__Verrucomicrobiota;c__Verrucomicrobiia;o__Verrucomicrobiales;f__Akkermansiaceae;g__Akkermansia
d5a9e0d5f7c8301b53dfcd9cb0f990c3	d__Bacteria;k__Bacillati;p__Clostridiota;c__Clostridia;o__Acetivibrionales;f__Oscillospiraceae;g__Incertae_Sedis
caf6bdd46fc960ff527c34ee5edc63b3	d__Bacteria;k__Bacillati;p__Clostridiota;c__Clostridia;o__Peptostreptococcales;f__Anaerovoracaceae
9292da5b8344ab23e13ed2b69b3106b6	d__Bacteria;k__Bacillati;p__Mycoplasmatota;c__Mollicutes;o__RF39;f__Incertae_Sedis;g__Incertae_Sedis
60c57911662a9159dfdd0fc05d975a55	d__Bacteria;k__Bacillati;p__Clostridiota;c__Clostridia;o__Acetivibrionales;f__Oscillospiraceae
e87500e472e3b24da847e4a25ad9599d	d__Bacteria;k__Bacillati;p__Mycoplasmatota;c__Mollicutes;o__Liberiplasmatales;f__Incertae_Sedis;g__Incertae_Sedis
a83cda47e1fc91452ba013222f6f28ce	d__Bacteria;k__Bacillati;p__Cyanobacteriota;c__Vampirovibrionophyceae;o__Candidatus_Gastranaerophilales;f__Candidatus_Gastranaerophilaceae;g__Incertae_Sedis
8fe7ae8111a43e06c6c27f6e7549e55b	d__Bacteria;k__Bacillati;p__Clostridiota;c__Clostridia;o__Acetivibrionales;f__Oscillospiraceae;g__Faecalibacterium
cee5c42a007bedb4216ec2087ef34b9a	d__Bacteria;k__Pseudomonadati--other;p__Bacteroidota;c__Bacteroidia;o__Bacteroidales;f__Muribaculaceae;g__Incertae_Sedis
d647b2958768b89d3ba343d41f7f3390	d__Bacteria;k__Bacillati;p__Clostridiota;c__Clostridia;o__Acetivibrionales;f__Oscillospiraceae;g__Incertae_Sedis
1cf454def1eb7872b4894e66ebd2b756	d__Bacteria;k__Bacillati;p__Clostridiota;c__Clostridia;o__Acetivibrionales;f__Oscillospiraceae;g__NK4A214_group
cec1f4af28b94c36296581da8e468254	d__Bacteria;k__Bacillati;p__Clostridiota;c__Clostridia;o__Acetivibrionales;f__Oscillospiraceae;g__Incertae_Sedis
8c89ff22dd16518c9f6d39379e1c0d93	d__Bacteria;k__Bacillati;p__Clostridiota;c__Clostridia;o__Acetivibrionales;f__Lachnospiraceae
9b68d85d6d313d39aba2984b8257a667	d__Bacteria;k__Bacillati;p__Clostridiota;c__Clostridia;o__Acetivibrionales;f__Oscillospiraceae;g__UCG-005
847fa5c2b3eca67a001b1e1954ec2051	d__Bacteria;k__Bacillati;p__Clostridiota;c__Clostridia;o__Acetivibrionales;f__Oscillospiraceae
