silva_genus	ncbi_genus_name	ncbi_genus_taxid	ncbi_species_name	ncbi_species_taxid	total_samples	fecal_gut_samples	contaminant_samples	animal_samples	other_samples	unknown_samples
Absicoccus	Absicoccus	2718525	Absicoccus intestinalis	2926319	2	0	0	0	1	1
Absicoccus	Absicoccus	2718525	Absicoccus porci	2486576	24	20	0	1	1	2
Absicoccus	Absicoccus	2718525	Absicoccus sp.	2718527	22	21	1	0	0	0
Absicoccus	Absicoccus	2718525	uncultured Absicoccus sp.	2718529	1	1	0	0	0	0
Acetatifactor	Acetatifactor	1427378	Acetatifactor aquisgranensis	2941233	1	0	0	0	0	1
Acetatifactor	Acetatifactor	1427378	Acetatifactor muris	879566	27	14	0	0	0	13
Acetatifactor	Acetatifactor	1427378	Acetatifactor sp.	1872090	1220	771	10	9	0	430
Acetatifactor	Acetatifactor	1427378	Acetatifactor sp. DFI.5.50	2908897	1	1	0	0	0	0
Acetatifactor	Acetatifactor	1427378	Candidatus Acetatifactor stercoripullorum	2838414	7	6	0	0	0	1
Acetatifactor	Acetatifactor	1427378	uncultured Acetatifactor sp.	1671927	3003	2992	0	0	4	7
Acidaminococcus	Acidaminococcus	904	Acidaminococcus fermentans	905	324	118	0	3	2	201
Acidaminococcus	Acidaminococcus	904	Acidaminococcus hominis	2897706	39	8	1	0	0	30
Acidaminococcus	Acidaminococcus	904	Acidaminococcus intestini	187327	2293	914	1	11	1	1366
Acidaminococcus	Acidaminococcus	904	Acidaminococcus massiliensis	1852375	184	80	0	0	0	104
Acidaminococcus	Acidaminococcus	904	Acidaminococcus nyctereutis	3456956	1	0	0	0	0	1
Acidaminococcus	Acidaminococcus	904	Acidaminococcus sp.	1872103	567	274	4	1	5	283
Acidaminococcus	Acidaminococcus	904	Acidaminococcus sp. AM05-11	2291997	1	1	0	0	0	0
Acidaminococcus	Acidaminococcus	904	Acidaminococcus sp. AM33-14BH	2292909	1	1	0	0	0	0
Acidaminococcus	Acidaminococcus	904	Acidaminococcus sp. BV3L6	1111120	4	0	0	0	0	4
Acidaminococcus	Acidaminococcus	904	Acidaminococcus sp. CAG:542	1262687	1	1	0	0	0	0
Acidaminococcus	Acidaminococcus	904	Acidaminococcus sp. CAG:917	1262688	5	5	0	0	0	0
Acidaminococcus	Acidaminococcus	904	Acidaminococcus sp. HCP3S3_G9_1	3438732	1	1	0	0	0	0
Acidaminococcus	Acidaminococcus	904	Acidaminococcus sp. HCP3S3_H5	3438733	1	1	0	0	0	0
Acidaminococcus	Acidaminococcus	904	Acidaminococcus sp. HPA0509	1203555	2	0	0	0	0	2
Acidaminococcus	Acidaminococcus	904	Acidaminococcus sp. JGI 01_J13_750m	2664025	1	0	0	0	0	1
Acidaminococcus	Acidaminococcus	904	Acidaminococcus sp. PS058	2710821	1	0	0	0	0	1
Acidaminococcus	Acidaminococcus	904	Acidaminococcus sp. PS273	2710822	1	0	0	0	0	1
Acidaminococcus	Acidaminococcus	904	Acidaminococcus sp. PS274	2710823	1	0	0	0	0	1
Acidaminococcus	Acidaminococcus	904	Acidaminococcus sp. UBA2733	1945915	1	1	0	0	0	0
Acidaminococcus	Acidaminococcus	904	Acidaminococcus sp. UBA2908	1945916	1	1	0	0	0	0
Acidaminococcus	Acidaminococcus	904	Acidaminococcus sp. UBA7736	1945917	1	1	0	0	0	0
Acidaminococcus	Acidaminococcus	904	Acidaminococcus timonensis	1871002	38	29	1	0	0	8
Acidaminococcus	Acidaminococcus	904	uncultured Acidaminococcus sp.	352152	319	316	0	0	1	2
Acutalibacter	Acutalibacter	1918385	Acutalibacter caecimuris	3093657	1	0	0	0	0	1
Acutalibacter	Acutalibacter	1918385	Acutalibacter intestini	3093659	1	0	0	0	0	1
Acutalibacter	Acutalibacter	1918385	Acutalibacter muris	1796620	201	184	0	0	1	16
Acutalibacter	Acutalibacter	1918385	Acutalibacter sp.	1918636	150	123	1	0	1	25
Acutalibacter	Acutalibacter	1918385	Acutalibacter sp. 1XD8-33	2320081	3	2	0	0	0	1
Acutalibacter	Acutalibacter	1918385	Acutalibacter sp. 1XD8-36	2320852	8	7	0	0	0	1
Acutalibacter	Acutalibacter	1918385	Acutalibacter sp. JLR.KK004	3112622	1	1	0	0	0	0
Acutalibacter	Acutalibacter	1918385	Acutalibacter sp. LFL-21	2983399	1	1	0	0	0	0
Acutalibacter	Acutalibacter	1918385	Candidatus Acutalibacter ornithocaccae	2838416	41	40	0	0	0	1
Acutalibacter	Acutalibacter	1918385	Candidatus Acutalibacter pullicola	2838417	3	2	0	0	0	1
Acutalibacter	Acutalibacter	1918385	Candidatus Acutalibacter pullistercoris	2838418	13	4	0	0	0	9
Acutalibacter	Acutalibacter	1918385	Candidatus Acutalibacter stercoravium	2838419	15	14	0	0	0	1
Acutalibacter	Acutalibacter	1918385	Candidatus Acutalibacter stercorigallinarum	2838420	12	11	0	0	0	1
Acutalibacter	Acutalibacter	1918385	uncultured Acutalibacter sp.	1918638	50	50	0	0	0	0
Agathobacter	Agathobacter	1766253	Agathobacter rectalis	39491	4572	2211	78	33	2	2248
Agathobacter	Agathobacter	1766253	Agathobacter ruminis	1712665	6	2	0	0	0	4
Agathobacter	Agathobacter	1766253	Agathobacter sp.	2021311	763	338	13	1	1	410
Agathobacter	Agathobacter	1766253	Agathobacter sp. LCP21S3_B2	3438734	1	1	0	0	0	0
Agathobacter	Agathobacter	1766253	uncultured Agathobacter sp.	1766256	1017	1017	0	0	0	0
Agathobaculum	Agathobaculum	2048137	Agathobaculum ammoniilyticum	2981778	12	9	0	0	0	3
Agathobaculum	Agathobaculum	2048137	Agathobaculum butyriciproducens	1628085	762	286	4	5	1	466
Agathobaculum	Agathobaculum	2048137	Agathobaculum desmolans	39484	44	8	0	0	0	36
Agathobaculum	Agathobaculum	2048137	Agathobaculum faecis	2763013	1	1	0	0	0	0
Agathobaculum	Agathobaculum	2048137	Agathobaculum hominis	2763014	63	62	0	0	0	1
Agathobaculum	Agathobaculum	2048137	Agathobaculum massiliense	3014267	3	3	0	0	0	0
Agathobaculum	Agathobaculum	2048137	Agathobaculum sp.	2048138	333	201	2	1	1	128
Agathobaculum	Agathobaculum	2048137	Agathobaculum sp. LCP25S3_E8	3438735	1	1	0	0	0	0
Agathobaculum	Agathobaculum	2048137	Agathobaculum sp. Marseille-P7918	2479843	2	1	0	0	0	1
Agathobaculum	Agathobaculum	2048137	Agathobaculum sp. NTUH-O15-33	3079302	1	1	0	0	0	0
Agathobaculum	Agathobaculum	2048137	Agathobaculum sp. TL06	3391774	1	1	0	0	0	0
Agathobaculum	Agathobaculum	2048137	Candidatus Agathobaculum intestinigallinarum	2838421	97	51	0	0	0	46
Agathobaculum	Agathobaculum	2048137	Candidatus Agathobaculum intestinipullorum	2838422	24	5	0	0	0	19
Agathobaculum	Agathobaculum	2048137	Candidatus Agathobaculum merdavium	2838423	22	3	0	0	0	19
Agathobaculum	Agathobaculum	2048137	Candidatus Agathobaculum merdigallinarum	2838424	9	1	0	0	0	8
Agathobaculum	Agathobaculum	2048137	Candidatus Agathobaculum merdipullorum	2838425	15	11	0	0	0	4
Agathobaculum	Agathobaculum	2048137	Candidatus Agathobaculum pullicola	2838426	2	1	0	0	0	1
Agathobaculum	Agathobaculum	2048137	Candidatus Agathobaculum pullistercoris	2838427	3	2	0	0	0	1
Agathobaculum	Agathobaculum	2048137	Candidatus Agathobaculum stercoravium	2838428	26	25	0	0	0	1
Agathobaculum	Agathobaculum	2048137	uncultured Agathobaculum sp.	2048140	384	382	0	0	2	0
Akkermansia	Akkermansia	239934	Akkermansia biwaensis	2946555	24	20	0	0	0	4
Akkermansia	Akkermansia	239934	Akkermansia massiliensis	2927224	167	152	0	0	2	13
Akkermansia	Akkermansia	239934	Akkermansia muciniphila	239935	11445	3821	248	115	33	7228
Akkermansia	Akkermansia	239934	Akkermansia sp.	1872421	2920	2224	18	7	34	637
Akkermansia	Akkermansia	239934	Akkermansia sp. 54_46	1896967	1	0	0	0	1	0
Akkermansia	Akkermansia	239934	Akkermansia sp. aa_0143	2478952	15	15	0	0	0	0
Akkermansia	Akkermansia	239934	Akkermansia sp. AE01SA01	3115151	1	0	0	0	0	1
Akkermansia	Akkermansia	239934	Akkermansia sp. AKK6	3567996	1	1	0	0	0	0
Akkermansia	Akkermansia	239934	Akkermansia sp. BCRC 18949	3037987	1	1	0	0	0	0
Akkermansia	Akkermansia	239934	Akkermansia sp. BIOML-A1	2584557	2	1	0	0	0	1
Akkermansia	Akkermansia	239934	Akkermansia sp. BIOML-A10	2584566	2	1	0	0	0	1
Akkermansia	Akkermansia	239934	Akkermansia sp. BIOML-A11	2584567	2	1	0	0	0	1
Akkermansia	Akkermansia	239934	Akkermansia sp. BIOML-A12	2584568	2	1	0	0	0	1
Akkermansia	Akkermansia	239934	Akkermansia sp. BIOML-A13	2584569	2	1	0	0	0	1
Akkermansia	Akkermansia	239934	Akkermansia sp. BIOML-A14	2584570	2	1	0	0	0	1
Akkermansia	Akkermansia	239934	Akkermansia sp. BIOML-A15	2584571	2	1	0	0	0	1
Akkermansia	Akkermansia	239934	Akkermansia sp. BIOML-A16	2584572	2	1	0	0	0	1
Akkermansia	Akkermansia	239934	Akkermansia sp. BIOML-A17	2584573	2	1	0	0	0	1
Akkermansia	Akkermansia	239934	Akkermansia sp. BIOML-A18	2584574	2	1	0	0	0	1
Akkermansia	Akkermansia	239934	Akkermansia sp. BIOML-A19	2584575	2	1	0	0	0	1
Akkermansia	Akkermansia	239934	Akkermansia sp. BIOML-A2	2584558	2	1	0	0	0	1
Akkermansia	Akkermansia	239934	Akkermansia sp. BIOML-A20	2584576	2	1	0	0	0	1
Akkermansia	Akkermansia	239934	Akkermansia sp. BIOML-A21	2584577	2	1	0	0	0	1
Akkermansia	Akkermansia	239934	Akkermansia sp. BIOML-A22	2584578	2	1	0	0	0	1
Akkermansia	Akkermansia	239934	Akkermansia sp. BIOML-A23	2584579	2	1	0	0	0	1
Akkermansia	Akkermansia	239934	Akkermansia sp. BIOML-A24	2584580	2	1	0	0	0	1
Akkermansia	Akkermansia	239934	Akkermansia sp. BIOML-A25	2584581	2	1	0	0	0	1
Akkermansia	Akkermansia	239934	Akkermansia sp. BIOML-A26	2584582	2	1	0	0	0	1
Akkermansia	Akkermansia	239934	Akkermansia sp. BIOML-A27	2584583	2	1	0	0	0	1
Akkermansia	Akkermansia	239934	Akkermansia sp. BIOML-A28	2584584	2	1	0	0	0	1
Akkermansia	Akkermansia	239934	Akkermansia sp. BIOML-A29	2584585	2	1	0	0	0	1
Akkermansia	Akkermansia	239934	Akkermansia sp. BIOML-A3	2584559	2	1	0	0	0	1
Akkermansia	Akkermansia	239934	Akkermansia sp. BIOML-A30	2584586	2	1	0	0	0	1
Akkermansia	Akkermansia	239934	Akkermansia sp. BIOML-A31	2584587	2	1	0	0	0	1
Akkermansia	Akkermansia	239934	Akkermansia sp. BIOML-A32	2584588	2	1	0	0	0	1
Akkermansia	Akkermansia	239934	Akkermansia sp. BIOML-A33	2584589	2	1	0	0	0	1
Akkermansia	Akkermansia	239934	Akkermansia sp. BIOML-A34	2584590	2	1	0	0	0	1
Akkermansia	Akkermansia	239934	Akkermansia sp. BIOML-A35	2584591	2	1	0	0	0	1
Akkermansia	Akkermansia	239934	Akkermansia sp. BIOML-A36	2584592	2	1	0	0	0	1
Akkermansia	Akkermansia	239934	Akkermansia sp. BIOML-A37	2584593	2	1	0	0	0	1
Akkermansia	Akkermansia	239934	Akkermansia sp. BIOML-A38	2584594	2	1	0	0	0	1
Akkermansia	Akkermansia	239934	Akkermansia sp. BIOML-A39	2584595	2	1	0	0	0	1
Akkermansia	Akkermansia	239934	Akkermansia sp. BIOML-A4	2584560	2	1	0	0	0	1
Akkermansia	Akkermansia	239934	Akkermansia sp. BIOML-A40	2584596	2	1	0	0	0	1
Akkermansia	Akkermansia	239934	Akkermansia sp. BIOML-A41	2584597	2	1	0	0	0	1
Akkermansia	Akkermansia	239934	Akkermansia sp. BIOML-A42	2584598	2	1	0	0	0	1
Akkermansia	Akkermansia	239934	Akkermansia sp. BIOML-A43	2584599	2	1	0	0	0	1
Akkermansia	Akkermansia	239934	Akkermansia sp. BIOML-A44	2584600	2	1	0	0	0	1
Akkermansia	Akkermansia	239934	Akkermansia sp. BIOML-A45	2584601	2	1	0	0	0	1
Akkermansia	Akkermansia	239934	Akkermansia sp. BIOML-A46	2584602	2	1	0	0	0	1
Akkermansia	Akkermansia	239934	Akkermansia sp. BIOML-A47	2584603	2	1	0	0	0	1
Akkermansia	Akkermansia	239934	Akkermansia sp. BIOML-A48	2584604	2	1	0	0	0	1
Akkermansia	Akkermansia	239934	Akkermansia sp. BIOML-A49	2584605	2	1	0	0	0	1
Akkermansia	Akkermansia	239934	Akkermansia sp. BIOML-A5	2584561	2	1	0	0	0	1
Akkermansia	Akkermansia	239934	Akkermansia sp. BIOML-A50	2584606	2	1	0	0	0	1
Akkermansia	Akkermansia	239934	Akkermansia sp. BIOML-A51	2584607	2	1	0	0	0	1
Akkermansia	Akkermansia	239934	Akkermansia sp. BIOML-A52	2584608	2	1	0	0	0	1
Akkermansia	Akkermansia	239934	Akkermansia sp. BIOML-A53	2584609	2	1	0	0	0	1
Akkermansia	Akkermansia	239934	Akkermansia sp. BIOML-A54	2584610	2	1	0	0	0	1
Akkermansia	Akkermansia	239934	Akkermansia sp. BIOML-A55	2584611	2	1	0	0	0	1
Akkermansia	Akkermansia	239934	Akkermansia sp. BIOML-A56	2584612	2	1	0	0	0	1
Akkermansia	Akkermansia	239934	Akkermansia sp. BIOML-A57	2584613	2	1	0	0	0	1
Akkermansia	Akkermansia	239934	Akkermansia sp. BIOML-A58	2584614	2	1	0	0	0	1
Akkermansia	Akkermansia	239934	Akkermansia sp. BIOML-A59	2584615	2	1	0	0	0	1
Akkermansia	Akkermansia	239934	Akkermansia sp. BIOML-A6	2584562	2	1	0	0	0	1
Akkermansia	Akkermansia	239934	Akkermansia sp. BIOML-A60	2584616	2	1	0	0	0	1
Akkermansia	Akkermansia	239934	Akkermansia sp. BIOML-A61	2584617	2	1	0	0	0	1
Akkermansia	Akkermansia	239934	Akkermansia sp. BIOML-A62	2584618	2	1	0	0	0	1
Akkermansia	Akkermansia	239934	Akkermansia sp. BIOML-A63	2584619	2	1	0	0	0	1
Akkermansia	Akkermansia	239934	Akkermansia sp. BIOML-A64	2584620	2	1	0	0	0	1
Akkermansia	Akkermansia	239934	Akkermansia sp. BIOML-A65	2584621	2	1	0	0	0	1
Akkermansia	Akkermansia	239934	Akkermansia sp. BIOML-A66	2584622	2	1	0	0	0	1
Akkermansia	Akkermansia	239934	Akkermansia sp. BIOML-A67	2584623	2	1	0	0	0	1
Akkermansia	Akkermansia	239934	Akkermansia sp. BIOML-A7	2584563	2	1	0	0	0	1
Akkermansia	Akkermansia	239934	Akkermansia sp. BIOML-A8	2584564	2	1	0	0	0	1
Akkermansia	Akkermansia	239934	Akkermansia sp. BIOML-A9	2584565	2	1	0	0	0	1
Akkermansia	Akkermansia	239934	Akkermansia sp. CAG 344	3134035	1	0	0	1	0	0
Akkermansia	Akkermansia	239934	Akkermansia sp. CAG:344	1262691	2	2	0	0	0	0
Akkermansia	Akkermansia	239934	Akkermansia sp. EB-AMDK43	3073964	1	1	0	0	0	0
Akkermansia	Akkermansia	239934	Akkermansia sp. GGCC_0220	2731210	1	1	0	0	0	0
Akkermansia	Akkermansia	239934	Akkermansia sp. H38	2608916	1	0	0	0	0	1
Akkermansia	Akkermansia	239934	Akkermansia sp. JRP_AM1	3414159	1	1	0	0	0	0
Akkermansia	Akkermansia	239934	Akkermansia sp. KLE1605	1131336	1	0	0	0	1	0
Akkermansia	Akkermansia	239934	Akkermansia sp. KLE1797	1574264	1	1	0	0	0	0
Akkermansia	Akkermansia	239934	Akkermansia sp. KLE1798	1574265	55	55	0	0	0	0
Akkermansia	Akkermansia	239934	Akkermansia sp. N21116	3040764	1	1	0	0	0	0
Akkermansia	Akkermansia	239934	Akkermansia sp. N21169	3040765	1	1	0	0	0	0
Akkermansia	Akkermansia	239934	Akkermansia sp. NBRC 115031	2994522	2	1	0	0	0	1
Akkermansia	Akkermansia	239934	Akkermansia sp. Phil8	1929996	1	1	0	0	0	0
Akkermansia	Akkermansia	239934	Akkermansia sp. RCC_12PD	3115152	6	5	0	0	0	1
Akkermansia	Akkermansia	239934	Akkermansia sp. sam_akk M16	2834808	1	1	0	0	0	0
Akkermansia	Akkermansia	239934	Akkermansia sp. sam_akk M17	2834809	1	1	0	0	0	0
Akkermansia	Akkermansia	239934	Akkermansia sp. sam_akk M18	2834810	1	1	0	0	0	0
Akkermansia	Akkermansia	239934	Akkermansia sp. sam_akk M19	2834811	1	1	0	0	0	0
Akkermansia	Akkermansia	239934	Akkermansia sp. sam_akk M20	2834812	1	1	0	0	0	0
Akkermansia	Akkermansia	239934	Akkermansia sp. sam_con S10	2834802	1	1	0	0	0	0
Akkermansia	Akkermansia	239934	Akkermansia sp. sam_con S6	2834798	1	1	0	0	0	0
Akkermansia	Akkermansia	239934	Akkermansia sp. sam_con S7	2834799	1	1	0	0	0	0
Akkermansia	Akkermansia	239934	Akkermansia sp. sam_con S8	2834800	1	1	0	0	0	0
Akkermansia	Akkermansia	239934	Akkermansia sp. sam_con S9	2834801	1	1	0	0	0	0
Akkermansia	Akkermansia	239934	Akkermansia sp. sam_In_akk I21	2834813	1	1	0	0	0	0
Akkermansia	Akkermansia	239934	Akkermansia sp. sam_In_akk I22	2834814	1	1	0	0	0	0
Akkermansia	Akkermansia	239934	Akkermansia sp. sam_In_akk I23	2834815	1	1	0	0	0	0
Akkermansia	Akkermansia	239934	Akkermansia sp. sam_In_akk I24	2834816	1	1	0	0	0	0
Akkermansia	Akkermansia	239934	Akkermansia sp. sam_In_akk I25	2834817	1	1	0	0	0	0
Akkermansia	Akkermansia	239934	Akkermansia sp. sam_mod A11	2834803	1	1	0	0	0	0
Akkermansia	Akkermansia	239934	Akkermansia sp. sam_mod A12	2834804	1	1	0	0	0	0
Akkermansia	Akkermansia	239934	Akkermansia sp. sam_mod A13	2834805	1	1	0	0	0	0
Akkermansia	Akkermansia	239934	Akkermansia sp. sam_mod A14	2834806	1	1	0	0	0	0
Akkermansia	Akkermansia	239934	Akkermansia sp. sam_mod A15	2834807	1	1	0	0	0	0
Akkermansia	Akkermansia	239934	Akkermansia sp. sam_nor C1	2834793	1	1	0	0	0	0
Akkermansia	Akkermansia	239934	Akkermansia sp. sam_nor C2	2834794	1	1	0	0	0	0
Akkermansia	Akkermansia	239934	Akkermansia sp. sam_nor C3	2834795	1	1	0	0	0	0
Akkermansia	Akkermansia	239934	Akkermansia sp. sam_nor C4	2834796	1	1	0	0	0	0
Akkermansia	Akkermansia	239934	Akkermansia sp. sam_nor C5	2834797	1	1	0	0	0	0
Akkermansia	Akkermansia	239934	Akkermansia sp. thankcome01	3817490	1	0	0	0	0	1
Akkermansia	Akkermansia	239934	Akkermansia sp. UBA3271	1945963	1	1	0	0	0	0
Akkermansia	Akkermansia	239934	Akkermansia sp. UBA5128	1945964	1	0	0	0	1	0
Akkermansia	Akkermansia	239934	Akkermansia sp. UBA7059	1945965	1	1	0	0	0	0
Akkermansia	Akkermansia	239934	Akkermansia sp. UBA7090	1945966	1	1	0	0	0	0
Akkermansia	Akkermansia	239934	Akkermansia sp. UNK.MGS-1	1638783	1	1	0	0	0	0
Akkermansia	Akkermansia	239934	Akkermansia sp. WB2855	2939921	1	0	0	0	0	1
Akkermansia	Akkermansia	239934	Akkermansia sp. WB2863	2939924	1	0	0	0	0	1
Akkermansia	Akkermansia	239934	uncultured Akkermansia sp.	512294	424	323	61	0	40	0
Alistipes	Alistipes	239759	Alistipes communis	2585118	2744	831	1	2	6	1904
Alistipes	Alistipes	239759	Alistipes dispar	2585119	147	118	0	1	1	27
Alistipes	Alistipes	239759	Alistipes finegoldii	214856	2835	630	6	7	3	2189
Alistipes	Alistipes	239759	Alistipes hominis	2763015	23	21	1	0	0	1
Alistipes	Alistipes	239759	Alistipes ihumii	1470347	1409	544	1	4	5	855
Alistipes	Alistipes	239759	Alistipes indistinctus	626932	996	391	1	14	1	589
Alistipes	Alistipes	239759	Alistipes inops	1501391	240	239	0	0	0	1
Alistipes	Alistipes	239759	Alistipes intestinihominis	3133172	2	0	0	0	0	2
Alistipes	Alistipes	239759	Alistipes megaguti	2364787	13	6	0	1	0	6
Alistipes	Alistipes	239759	Alistipes montrealensis	2834113	5	3	0	0	0	2
Alistipes	Alistipes	239759	Alistipes muris	2941326	3	2	0	0	0	1
Alistipes	Alistipes	239759	Alistipes onderdonkii	328813	7524	1316	6	6	3	6193
Alistipes	Alistipes	239759	Alistipes provencensis	1816676	7	4	0	0	0	3
Alistipes	Alistipes	239759	Alistipes putredinis	28117	15459	3249	17	48	7	12138
Alistipes	Alistipes	239759	Alistipes senegalensis	1288121	289	108	0	1	2	178
Alistipes	Alistipes	239759	Alistipes shahii	328814	1293	637	3	2	1	650
Alistipes	Alistipes	239759	Alistipes sp.	1872444	18877	7283	30	22	87	11455
Alistipes	Alistipes	239759	Alistipes sp. 10_1_37FAA	457386	1	0	0	0	0	1
Alistipes	Alistipes	239759	Alistipes sp. 56_11	1896968	1	0	0	0	1	0
Alistipes	Alistipes	239759	Alistipes sp. 56_sp_Nov_56_25	1896969	1	0	0	0	1	0
Alistipes	Alistipes	239759	Alistipes sp. 58_9_plus	1896970	1	0	0	0	1	0
Alistipes	Alistipes	239759	Alistipes sp. AF14-19	2292910	1	1	0	0	0	0
Alistipes	Alistipes	239759	Alistipes sp. AF17-16	2292190	1	1	0	0	0	0
Alistipes	Alistipes	239759	Alistipes sp. AF48-12	2291998	1	1	0	0	0	0
Alistipes	Alistipes	239759	Alistipes sp. AH-173-L17	2269101	1	0	0	0	0	1
Alistipes	Alistipes	239759	Alistipes sp. AH-173-N15	2269102	1	0	0	0	0	1
Alistipes	Alistipes	239759	Alistipes sp. AH-173-O09	2269103	1	0	0	0	0	1
Alistipes	Alistipes	239759	Alistipes sp. AH-177-A08	2269104	1	0	0	0	0	1
Alistipes	Alistipes	239759	Alistipes sp. AH-177-J17	2269105	1	0	0	0	0	1
Alistipes	Alistipes	239759	Alistipes sp. AH-177-P20	2269106	1	0	0	0	0	1
Alistipes	Alistipes	239759	Alistipes sp. AL-1	1499682	1	1	0	0	0	0
Alistipes	Alistipes	239759	Alistipes sp. AM16-43	2292911	1	1	0	0	0	0
Alistipes	Alistipes	239759	Alistipes sp. An116	1965546	1	1	0	0	0	0
Alistipes	Alistipes	239759	Alistipes sp. An31A	1965631	1	1	0	0	0	0
Alistipes	Alistipes	239759	Alistipes sp. An54	1965645	1	1	0	0	0	0
Alistipes	Alistipes	239759	Alistipes sp. An66	1965650	1	1	0	0	0	0
Alistipes	Alistipes	239759	Alistipes sp. c11	2282422	1	1	0	0	0	0
Alistipes	Alistipes	239759	Alistipes sp. c12	2282423	1	1	0	0	0	0
Alistipes	Alistipes	239759	Alistipes sp. c13	2282424	1	1	0	0	0	0
Alistipes	Alistipes	239759	Alistipes sp. c14	2282425	1	1	0	0	0	0
Alistipes	Alistipes	239759	Alistipes sp. c15	2282426	1	1	0	0	0	0
Alistipes	Alistipes	239759	Alistipes sp. c16	2282427	1	1	0	0	0	0
Alistipes	Alistipes	239759	Alistipes sp. c17	2282428	1	1	0	0	0	0
Alistipes	Alistipes	239759	Alistipes sp. c18	2282429	1	1	0	0	0	0
Alistipes	Alistipes	239759	Alistipes sp. c19	2282430	1	1	0	0	0	0
Alistipes	Alistipes	239759	Alistipes sp. CAG:157	1262692	1	1	0	0	0	0
Alistipes	Alistipes	239759	Alistipes sp. CAG:268	1262693	4	3	0	1	0	0
Alistipes	Alistipes	239759	Alistipes sp. CAG:29	1262694	2	2	0	0	0	0
Alistipes	Alistipes	239759	Alistipes sp. CAG:435	1262695	434	388	0	46	0	0
Alistipes	Alistipes	239759	Alistipes sp. CAG:514	1262696	120	116	0	4	0	0
Alistipes	Alistipes	239759	Alistipes sp. CAG:53	1262697	1	1	0	0	0	0
Alistipes	Alistipes	239759	Alistipes sp. CAG:831	1262698	12	12	0	0	0	0
Alistipes	Alistipes	239759	Alistipes sp. CHKCI003	1780376	4	3	0	0	1	0
Alistipes	Alistipes	239759	Alistipes sp. CU970	2780100	1	1	0	0	0	0
Alistipes	Alistipes	239759	Alistipes sp. cv1	1622071	6	5	0	0	0	1
Alistipes	Alistipes	239759	Alistipes sp. D31t1_170403_E11	2787128	2	2	0	0	0	0
Alistipes	Alistipes	239759	Alistipes sp. DJF_B185	537273	1	0	0	0	0	1
Alistipes	Alistipes	239759	Alistipes sp. dk3620	2662432	1	0	0	1	0	0
Alistipes	Alistipes	239759	Alistipes sp. dk3624	2662363	6	1	0	4	1	0
Alistipes	Alistipes	239759	Alistipes sp. F169	3468714	1	1	0	0	0	0
Alistipes	Alistipes	239759	Alistipes sp. F174	3468715	1	1	0	0	0	0
Alistipes	Alistipes	239759	Alistipes sp. H58	2608933	1	0	0	0	0	1
Alistipes	Alistipes	239759	Alistipes sp. HGB5	908612	1	0	0	0	0	1
Alistipes	Alistipes	239759	Alistipes sp. i18-0019-D1	3132707	1	1	0	0	0	0
Alistipes	Alistipes	239759	Alistipes sp. Marseille-P2263	2824911	1	1	0	0	0	0
Alistipes	Alistipes	239759	Alistipes sp. Marseille-P5061	2048242	2	1	0	1	0	0
Alistipes	Alistipes	239759	Alistipes sp. N15.MGS-157	1637503	2	1	0	1	0	0
Alistipes	Alistipes	239759	Alistipes sp. OttesenSCG-928-B03	2885270	1	1	0	0	0	0
Alistipes	Alistipes	239759	Alistipes sp. OttesenSCG-928-L06	2885271	1	1	0	0	0	0
Alistipes	Alistipes	239759	Alistipes sp. P12wF12	3018451	1	0	0	0	0	1
Alistipes	Alistipes	239759	Alistipes sp. P12wF6	3018452	1	0	0	0	0	1
Alistipes	Alistipes	239759	Alistipes sp. P12wF7	3018453	1	0	0	0	0	1
Alistipes	Alistipes	239759	Alistipes sp. P12wG1	3018454	1	0	0	0	0	1
Alistipes	Alistipes	239759	Alistipes sp. P15wE9	3018455	1	0	0	0	0	1
Alistipes	Alistipes	239759	Alistipes sp. P16wB7	3018456	1	0	0	0	0	1
Alistipes	Alistipes	239759	Alistipes sp. P16wG1	3018457	1	0	0	0	0	1
Alistipes	Alistipes	239759	Alistipes sp. P16wG9	3018458	1	0	0	0	0	1
Alistipes	Alistipes	239759	Alistipes sp. P18wB3	3018459	1	0	0	0	0	1
Alistipes	Alistipes	239759	Alistipes sp. P18wB8	3018460	1	0	0	0	0	1
Alistipes	Alistipes	239759	Alistipes sp. P23wA8	3018461	1	0	0	0	0	1
Alistipes	Alistipes	239759	Alistipes sp. P23wH11	3018462	1	0	0	0	0	1
Alistipes	Alistipes	239759	Alistipes sp. P24wA3	3018463	1	0	0	0	0	1
Alistipes	Alistipes	239759	Alistipes sp. P24wB2	3018464	1	0	0	0	0	1
Alistipes	Alistipes	239759	Alistipes sp. P24wB9	3018465	1	0	0	0	0	1
Alistipes	Alistipes	239759	Alistipes sp. P24wC5	3018466	1	0	0	0	0	1
Alistipes	Alistipes	239759	Alistipes sp. P24wE9	3018467	1	0	0	0	0	1
Alistipes	Alistipes	239759	Alistipes sp. P26wF12	3018468	1	0	0	0	0	1
Alistipes	Alistipes	239759	Alistipes sp. P26wG10	3018469	1	0	0	0	0	1
Alistipes	Alistipes	239759	Alistipes sp. P3wE4	3018470	1	0	0	0	0	1
Alistipes	Alistipes	239759	Alistipes sp. P5wE4	3018471	1	0	0	0	0	1
Alistipes	Alistipes	239759	Alistipes sp. PS198	2710824	1	0	0	0	0	1
Alistipes	Alistipes	239759	Alistipes sp. RACS_AR10	2871946	1	1	0	0	0	0
Alistipes	Alistipes	239759	Alistipes sp. RACS_AR16	2871953	1	1	0	0	0	0
Alistipes	Alistipes	239759	Alistipes sp. RACS_AR22	2871959	1	1	0	0	0	0
Alistipes	Alistipes	239759	Alistipes sp. RACS_AR23	2871960	1	1	0	0	0	0
Alistipes	Alistipes	239759	Alistipes sp. RACS_AR69	2872006	1	1	0	0	0	0
Alistipes	Alistipes	239759	Alistipes sp. RACS_AR70	2872007	1	1	0	0	0	0
Alistipes	Alistipes	239759	Alistipes sp. t1711	2282431	1	1	0	0	0	0
Alistipes	Alistipes	239759	Alistipes sp. t1712	2282432	1	1	0	0	0	0
Alistipes	Alistipes	239759	Alistipes sp. t1713	2282433	1	1	0	0	0	0
Alistipes	Alistipes	239759	Alistipes sp. t1714	2282434	1	1	0	0	0	0
Alistipes	Alistipes	239759	Alistipes sp. t1715	2282435	1	1	0	0	0	0
Alistipes	Alistipes	239759	Alistipes sp. t1716	2282436	1	1	0	0	0	0
Alistipes	Alistipes	239759	Alistipes sp. t1717	2282437	1	1	0	0	0	0
Alistipes	Alistipes	239759	Alistipes sp. t1718	2282438	1	1	0	0	0	0
Alistipes	Alistipes	239759	Alistipes sp. t1719	2282439	1	1	0	0	0	0
Alistipes	Alistipes	239759	Alistipes sp. t3411	2282440	1	1	0	0	0	0
Alistipes	Alistipes	239759	Alistipes sp. t3412	2282441	1	1	0	0	0	0
Alistipes	Alistipes	239759	Alistipes sp. t3413	2282442	1	1	0	0	0	0
Alistipes	Alistipes	239759	Alistipes sp. t3414	2282443	1	1	0	0	0	0
Alistipes	Alistipes	239759	Alistipes sp. t3415	2282444	1	1	0	0	0	0
Alistipes	Alistipes	239759	Alistipes sp. t3416	2282445	1	1	0	0	0	0
Alistipes	Alistipes	239759	Alistipes sp. t3417	2282446	1	1	0	0	0	0
Alistipes	Alistipes	239759	Alistipes sp. t3418	2282447	1	1	0	0	0	0
Alistipes	Alistipes	239759	Alistipes sp. t3419	2282448	1	1	0	0	0	0
Alistipes	Alistipes	239759	Alistipes sp. UBA1686	1946007	1	1	0	0	0	0
Alistipes	Alistipes	239759	Alistipes sp. UBA1813	1946008	1	1	0	0	0	0
Alistipes	Alistipes	239759	Alistipes sp. UBA1825	1946009	1	1	0	0	0	0
Alistipes	Alistipes	239759	Alistipes sp. UBA3274	1946010	1	1	0	0	0	0
Alistipes	Alistipes	239759	Alistipes sp. UBA3409	1946011	1	1	0	0	0	0
Alistipes	Alistipes	239759	Alistipes sp. UBA6068	1946012	195	194	1	0	0	0
Alistipes	Alistipes	239759	Alistipes sp. UBA7106	1946013	1	1	0	0	0	0
Alistipes	Alistipes	239759	Alistipes sp. UBA928	1946014	1	1	0	0	0	0
Alistipes	Alistipes	239759	Alistipes sp. UBA934	1946015	1	1	0	0	0	0
Alistipes	Alistipes	239759	Alistipes sp. UBA936	1946016	1	1	0	0	0	0
Alistipes	Alistipes	239759	Alistipes sp. UBA940	1946017	1	1	0	0	0	0
Alistipes	Alistipes	239759	Alistipes sp. UBA943	1946018	1	1	0	0	0	0
Alistipes	Alistipes	239759	Alistipes sp. Z76	2304565	1	0	0	0	1	0
Alistipes	Alistipes	239759	Alistipes sp. Zagget8	1930002	1	1	0	0	0	0
Alistipes	Alistipes	239759	Alistipes sp. ZOR0009	1339253	1	0	0	0	0	1
Alistipes	Alistipes	239759	Alistipes timonensis	1465754	57	30	0	0	0	27
Alistipes	Alistipes	239759	Candidatus Alistipes avicola	2838432	61	35	0	0	0	26
Alistipes	Alistipes	239759	Candidatus Alistipes avistercoris	2838433	60	58	0	1	0	1
Alistipes	Alistipes	239759	Candidatus Alistipes cottocaccae	2838434	112	73	0	0	0	39
Alistipes	Alistipes	239759	Candidatus Alistipes equi	3083044	1	1	0	0	0	0
Alistipes	Alistipes	239759	Candidatus Alistipes excrementavium	2838435	3	2	0	0	0	1
Alistipes	Alistipes	239759	Candidatus Alistipes excrementigallinarum	2838436	47	45	1	0	0	1
Alistipes	Alistipes	239759	Candidatus Alistipes excrementipullorum	2838437	26	21	0	0	0	5
Alistipes	Alistipes	239759	Candidatus Alistipes faecavium	2838438	12	3	0	0	0	9
Alistipes	Alistipes	239759	Candidatus Alistipes faecigallinarum	2838439	66	60	0	0	0	6
Alistipes	Alistipes	239759	Candidatus Alistipes intestinigallinarum	2838440	9	3	0	0	0	6
Alistipes	Alistipes	239759	Candidatus Alistipes intestinipullorum	2838441	3	2	0	0	0	1
Alistipes	Alistipes	239759	Candidatus Alistipes merdavium	2838442	10	9	0	0	0	1
Alistipes	Alistipes	239759	Candidatus Alistipes merdigallinarum	2838443	14	2	0	0	0	12
Alistipes	Alistipes	239759	Candidatus Alistipes merdipullorum	2838444	19	18	0	0	0	1
Alistipes	Alistipes	239759	Candidatus Alistipes pullicola	2838445	28	6	0	0	0	22
Alistipes	Alistipes	239759	Candidatus Alistipes pullistercoris	2838446	4	1	0	1	0	2
Alistipes	Alistipes	239759	Candidatus Alistipes stercoravium	2838447	9	2	0	0	0	7
Alistipes	Alistipes	239759	Candidatus Alistipes stercorigallinarum	2838448	6	5	0	0	0	1
Alistipes	Alistipes	239759	Candidatus Alistipes stercoripullorum	2838449	1	0	0	0	0	1
Alistipes	Alistipes	239759	uncultured Alistipes sp.	538949	11681	11575	0	2	72	32
Allocoprobacillus	Allocoprobacillus	3059504	Allocoprobacillus halotolerans	2944914	2	2	0	0	0	0
Allocoprobacillus	Allocoprobacillus	3059504	uncultured Allocoprobacillus sp.	3059508	2	2	0	0	0	0
Allofournierella	Allofournierella	1940255	Allofournierella massiliensis	1650663	54	36	0	0	0	18
Allofournierella	Allofournierella	1940255	Allofournierella sp.	1940256	61	61	0	0	0	0
Allofournierella	Allofournierella	1940255	Allofournierella sp. CML151	2998082	1	1	0	0	0	0
Allofournierella	Allofournierella	1940255	Allofournierella sp. SW312	2650751	1	0	0	0	1	0
Allofournierella	Allofournierella	1940255	Candidatus Allofournierella excrementavium	2838591	9	8	0	0	0	1
Allofournierella	Allofournierella	1940255	Candidatus Allofournierella excrementigallinarum	2838592	2	1	0	0	0	1
Allofournierella	Allofournierella	1940255	Candidatus Allofournierella merdavium	2838593	5	4	0	0	0	1
Allofournierella	Allofournierella	1940255	Candidatus Allofournierella merdigallinarum	2838594	1	0	0	0	0	1
Allofournierella	Allofournierella	1940255	Candidatus Allofournierella merdipullorum	2838595	8	7	0	0	0	1
Allofournierella	Allofournierella	1940255	Candidatus Allofournierella pullicola	2838596	2	1	0	0	0	1
Allofournierella	Allofournierella	1940255	Candidatus Allofournierella pullistercoris	2838597	2	2	0	0	0	0
Allofournierella	Allofournierella	1940255	uncultured Allofournierella sp.	1940258	10	10	0	0	0	0
Alloprevotella	Alloprevotella	1283313	Alloprevotella rava	671218	8	1	0	4	0	3
Alloprevotella	Alloprevotella	1283313	Alloprevotella sp.	1872471	664	480	4	106	4	70
Alloprevotella	Alloprevotella	1283313	Alloprevotella sp. CON1	2594464	1	0	0	0	0	1
Alloprevotella	Alloprevotella	1283313	Alloprevotella sp. CON2	2594465	1	0	0	0	0	1
Alloprevotella	Alloprevotella	1283313	Alloprevotella sp. CON3	2594466	1	0	0	0	0	1
Alloprevotella	Alloprevotella	1283313	Alloprevotella sp. LPR001	3063741	1	0	0	1	0	0
Alloprevotella	Alloprevotella	1283313	Alloprevotella sp. Lung230	2766595	1	0	0	0	1	0
Alloprevotella	Alloprevotella	1283313	Alloprevotella sp. OH1205_COT-284	2491043	1	0	0	1	0	0
Alloprevotella	Alloprevotella	1283313	Alloprevotella sp. oral taxon 473	712469	1	0	0	1	0	0
Alloprevotella	Alloprevotella	1283313	Alloprevotella tannerae	76122	180	12	0	118	1	49
Alloprevotella	Alloprevotella	1283313	uncultured Alloprevotella sp.	1283315	123	44	0	79	0	0
Anaerobutyricum	Anaerobutyricum	2569097	Anaerobutyricum hallii	39488	1751	1176	5	1	2	567
Anaerobutyricum	Anaerobutyricum	2569097	Anaerobutyricum soehngenii	105843	218	69	0	0	1	148
Anaerobutyricum	Anaerobutyricum	2569097	Anaerobutyricum sp.	2569098	86	71	2	1	2	10
Anaerobutyricum	Anaerobutyricum	2569097	Anaerobutyricum sp. 25CCBH10	3231176	1	1	0	0	0	0
Anaerobutyricum	Anaerobutyricum	2569097	Candidatus Anaerobutyricum avicola	2838454	54	13	0	0	0	41
Anaerobutyricum	Anaerobutyricum	2569097	Candidatus Anaerobutyricum faecale	2838455	3	2	0	0	0	1
Anaerobutyricum	Anaerobutyricum	2569097	Candidatus Anaerobutyricum stercoripullorum	2838456	13	10	0	0	0	3
Anaerobutyricum	Anaerobutyricum	2569097	Candidatus Anaerobutyricum stercoris	2838457	13	12	0	0	0	1
Anaerobutyricum	Anaerobutyricum	2569097	uncultured Anaerobutyricum sp.	2569100	302	302	0	0	0	0
Anaerofilum	Anaerofilum	52784	Anaerofilum hominis	2763016	1	1	0	0	0	0
Anaerofilum	Anaerofilum	52784	Anaerofilum sp.	1872516	24	13	0	0	0	11
Anaerofilum	Anaerofilum	52784	Anaerofilum sp. An201	1965588	2	2	0	0	0	0
Anaerofilum	Anaerofilum	52784	Anaerofilum sp. Marseille-P3374	1964394	1	0	0	1	0	0
Anaerofilum	Anaerofilum	52784	Candidatus Anaerofilum excrementigallinarum	2838458	18	6	0	0	0	12
Anaerofilum	Anaerofilum	52784	Candidatus Anaerofilum faecale	2838459	8	2	0	0	0	6
Anaerofilum	Anaerofilum	52784	uncultured Anaerofilum sp.	269679	14	11	0	0	3	0
Anaerolactibacter	Anaerolactibacter	2563783	Anaerolactibacter massiliensis	2044573	2	1	1	0	0	0
Anaeropeptidivorans	Anaeropeptidivorans	2997360	Anaeropeptidivorans aminofermentans	2934315	1	0	0	0	0	1
Anaeroplasma	Anaeroplasma	2086	Anaeroplasma abactoclasticum	2087	2	0	0	0	0	2
Anaeroplasma	Anaeroplasma	2086	Anaeroplasma bactoclasticum	2088	5	3	0	0	0	2
Anaeroplasma	Anaeroplasma	2086	Anaeroplasma intermedium	2090	1	0	0	0	0	1
Anaeroplasma	Anaeroplasma	2086	Anaeroplasma sp.	1872523	68	40	1	2	0	25
Anaeroplasma	Anaeroplasma	2086	Anaeroplasma varium	2089	1	0	0	0	0	1
Anaeroplasma	Anaeroplasma	2086	uncultured Anaeroplasma sp.	538969	22	22	0	0	0	0
Anaerorhabdus	Anaerorhabdus	118966	Anaerorhabdus furcosa	118967	3	1	0	1	0	1
Anaerorhabdus	Anaerorhabdus	118966	Anaerorhabdus sp.	1872524	36	32	0	1	3	0
Anaerovibrio	Anaerovibrio	82373	Anaerovibrio lipolyticus	82374	35	6	0	1	0	28
Anaerovibrio	Anaerovibrio	82373	Anaerovibrio slackiae	2652309	25	15	2	1	0	7
Anaerovibrio	Anaerovibrio	82373	Anaerovibrio sp.	1872532	303	176	1	2	2	122
Anaerovibrio	Anaerovibrio	82373	Anaerovibrio sp. JC8	1240085	1	1	0	0	0	0
Anaerovibrio	Anaerovibrio	82373	Anaerovibrio sp. RM50	1200557	1	0	0	0	0	1
Anaerovibrio	Anaerovibrio	82373	Anaerovibrio sp. WDF1_S21	3687814	1	0	0	0	0	1
Anaerovibrio	Anaerovibrio	82373	Anaerovibrio sp. WDF2_S22	3687815	1	0	0	0	0	1
Anaerovibrio	Anaerovibrio	82373	Anaerovibrio sp. WDF3_S24	3687816	1	0	0	0	0	1
Anaerovibrio	Anaerovibrio	82373	uncultured Anaerovibrio sp.	361586	202	201	0	0	1	0
Anaerovorax	Anaerovorax	109326	Anaerovorax odorimutans	109327	9	2	1	0	0	6
Anaerovorax	Anaerovorax	109326	Anaerovorax sp.	1872534	6	4	0	1	0	1
Anaerovorax	Anaerovorax	109326	Anaerovorax sp. IOR16	2773458	1	0	1	0	0	0
Anaerovorax	Anaerovorax	109326	Anaerovorax sp. JGI_KR46_SmLR_5_G19	2663972	1	0	0	0	0	1
Anaerovorax	Anaerovorax	109326	Anaerovorax sp. ORNL_6EZ5-Gt_3_Pl2-127	1393975	2	0	0	0	0	2
Anaerovorax	Anaerovorax	109326	uncultured Anaerovorax sp.	427146	6	2	0	1	0	3
Angelakisella	Angelakisella	1935176	Angelakisella massiliensis	1871018	18	16	0	0	0	2
Angelakisella	Angelakisella	1935176	Angelakisella sp.	1935177	319	249	5	2	1	62
Angelakisella	Angelakisella	1935176	uncultured Angelakisella sp.	1935179	1044	1042	1	0	1	0
Aristaeella	Aristaeella	3046369	Aristaeella hokkaidonensis	3046382	2	1	0	0	0	1
Aristaeella	Aristaeella	3046369	Aristaeella lactis	3046383	2	1	0	0	0	1
Asteroleplasma	Asteroleplasma	2152	Asteroleplasma anaerobium	2153	1	0	0	0	0	1
Bacteroides	Bacteroides	816	Bacteroides acidifaciens	85831	763	612	0	3	4	144
Bacteroides	Bacteroides	816	Bacteroides bouchesdurhonensis	1841855	5	3	0	0	0	2
Bacteroides	Bacteroides	816	Bacteroides caccae	47678	3439	902	3	10	62	2462
Bacteroides	Bacteroides	816	Bacteroides caecicola	1462569	6	4	0	0	1	1
Bacteroides	Bacteroides	816	Bacteroides caecigallinarum	1411144	38	12	1	11	0	14
Bacteroides	Bacteroides	816	Bacteroides caecimuris	1796613	209	184	0	0	0	25
Bacteroides	Bacteroides	816	Bacteroides celer	2025659	1	1	0	0	0	0
Bacteroides	Bacteroides	816	Bacteroides cellulolyticus	2981780	1	1	0	0	0	0
Bacteroides	Bacteroides	816	Bacteroides cellulosilyticus	246787	2263	537	1	4	10	1711
Bacteroides	Bacteroides	816	Bacteroides clarus	626929	848	188	0	1	0	659
Bacteroides	Bacteroides	816	Bacteroides congonensis	1871006	134	103	0	0	0	31
Bacteroides	Bacteroides	816	Bacteroides coprosuis	151276	12	3	2	0	0	7
Bacteroides	Bacteroides	816	Bacteroides cutis	2024197	14	9	0	1	0	4
Bacteroides	Bacteroides	816	Bacteroides difficilis	2763021	3	3	0	0	0	0
Bacteroides	Bacteroides	816	Bacteroides eggerthii	28111	1811	600	3	2	1	1205
Bacteroides	Bacteroides	816	Bacteroides faecalis	2447885	1	0	0	0	0	1
Bacteroides	Bacteroides	816	Bacteroides faecichinchillae	871325	7	3	0	0	0	4
Bacteroides	Bacteroides	816	Bacteroides faecis	674529	791	256	1	27	0	507
Bacteroides	Bacteroides	816	Bacteroides faecium	2715212	1	1	0	0	0	0
Bacteroides	Bacteroides	816	Bacteroides finegoldii	338188	762	211	0	0	14	537
Bacteroides	Bacteroides	816	Bacteroides fluxus	626930	99	33	0	0	0	66
Bacteroides	Bacteroides	816	Bacteroides fragilis	817	9765	3304	16	1018	471	4956
Bacteroides	Bacteroides	816	Bacteroides galacturonicus	384639	2	1	0	0	0	1
Bacteroides	Bacteroides	816	Bacteroides gallinaceum	1462571	20	12	1	0	0	7
Bacteroides	Bacteroides	816	Bacteroides gallinarum	376806	14	5	0	0	0	9
Bacteroides	Bacteroides	816	Bacteroides graminisolvens	477666	64	1	39	2	17	5
Bacteroides	Bacteroides	816	Bacteroides helcogenes	290053	9	6	0	2	0	1
Bacteroides	Bacteroides	816	Bacteroides hominis	2763023	195	39	3	103	15	35
Bacteroides	Bacteroides	816	Bacteroides ihuae	1852362	1	0	0	0	0	1
Bacteroides	Bacteroides	816	Bacteroides ilei	1907658	26	8	0	0	0	18
Bacteroides	Bacteroides	816	Bacteroides intestinalis	329854	1184	446	0	0	5	733
Bacteroides	Bacteroides	816	Bacteroides luhongzhouii	2650158	6	4	0	0	0	2
Bacteroides	Bacteroides	816	Bacteroides luti	1297750	7	1	2	0	0	4
Bacteroides	Bacteroides	816	Bacteroides maternus	3117552	2	2	0	0	0	0
Bacteroides	Bacteroides	816	Bacteroides mediterraneensis	1841856	39	9	0	0	0	30
Bacteroides	Bacteroides	816	Bacteroides mucinivorans	3096000	1	0	0	0	0	1
Bacteroides	Bacteroides	816	Bacteroides multiformis	2763024	1	1	0	0	0	0
Bacteroides	Bacteroides	816	Bacteroides muris (ex Afrizal et al. 2022)	2516960	1	1	0	0	0	0
Bacteroides	Bacteroides	816	Bacteroides muris (ex Fokt et al. 2023)	2937417	4	4	0	0	0	0
Bacteroides	Bacteroides	816	Bacteroides ndongoniae	1903262	18	10	0	0	0	8
Bacteroides	Bacteroides	816	Bacteroides neonati	1347393	4	1	1	1	0	1
Bacteroides	Bacteroides	816	Bacteroides nordii	291645	287	87	1	4	1	194
Bacteroides	Bacteroides	816	Bacteroides oleiciplenus	626931	15	6	0	0	1	8
Bacteroides	Bacteroides	816	Bacteroides ovatus	28116	5592	2006	3	39	78	3466
Bacteroides	Bacteroides	816	Bacteroides parvus	2763025	6	4	0	0	0	2
Bacteroides	Bacteroides	816	Bacteroides propionicifaciens	392838	4	0	0	0	0	4
Bacteroides	Bacteroides	816	Bacteroides propionicigenes	2834112	7	6	0	0	0	1
Bacteroides	Bacteroides	816	Bacteroides pyogenes	310300	107	14	3	38	1	51
Bacteroides	Bacteroides	816	Bacteroides reticulotermitis	1133319	14	4	3	0	2	5
Bacteroides	Bacteroides	816	Bacteroides rodentium	691816	30	16	0	0	1	13
Bacteroides	Bacteroides	816	Bacteroides salyersiae	291644	593	185	3	5	2	398
Bacteroides	Bacteroides	816	Bacteroides sedimenti	2136147	1	0	0	0	0	1
Bacteroides	Bacteroides	816	Bacteroides sp.	29523	8212	3789	101	59	136	4127
Bacteroides	Bacteroides	816	Bacteroides sp. 1001136B_160425_E2	2787083	1	1	0	0	0	0
Bacteroides	Bacteroides	816	Bacteroides sp. 1001302B_160321_D4	2789205	1	1	0	0	0	0
Bacteroides	Bacteroides	816	Bacteroides sp. 11BF	2815359	1	1	0	0	0	0
Bacteroides	Bacteroides	816	Bacteroides sp. 14(A)	1163670	2	0	0	0	0	2
Bacteroides	Bacteroides	816	Bacteroides sp. 1_1_14	469585	2	0	0	0	0	2
Bacteroides	Bacteroides	816	Bacteroides sp. 1_1_30	457387	3	2	0	0	0	1
Bacteroides	Bacteroides	816	Bacteroides sp. 20250402-32	3790855	1	0	0	0	0	1
Bacteroides	Bacteroides	816	Bacteroides sp. 214	2302935	1	1	0	0	0	0
Bacteroides	Bacteroides	816	Bacteroides sp. 2201st1_D9_2201SCRN_220225	3143218	1	1	0	0	0	0
Bacteroides	Bacteroides	816	Bacteroides sp. 224	2302936	1	1	0	0	0	0
Bacteroides	Bacteroides	816	Bacteroides sp. 260	3157347	2	0	0	1	0	1
Bacteroides	Bacteroides	816	Bacteroides sp. 263	3157348	2	0	0	1	0	1
Bacteroides	Bacteroides	816	Bacteroides sp. 265	3157349	2	0	0	1	0	1
Bacteroides	Bacteroides	816	Bacteroides sp. 268	3157350	2	0	0	1	0	1
Bacteroides	Bacteroides	816	Bacteroides sp. 270	3157351	2	0	0	1	0	1
Bacteroides	Bacteroides	816	Bacteroides sp. 272	3157352	2	0	0	1	0	1
Bacteroides	Bacteroides	816	Bacteroides sp. 2_1_22	469588	6	0	0	0	0	6
Bacteroides	Bacteroides	816	Bacteroides sp. 2_1_33B	469589	2	0	0	0	0	2
Bacteroides	Bacteroides	816	Bacteroides sp. 2_2_4	469590	6	2	0	0	0	4
Bacteroides	Bacteroides	816	Bacteroides sp. 2b	2971096	1	0	0	1	0	0
Bacteroides	Bacteroides	816	Bacteroides sp. 3_1_13	457389	2	0	0	0	0	2
Bacteroides	Bacteroides	816	Bacteroides sp. 3_1_19	469592	4	0	0	0	0	4
Bacteroides	Bacteroides	816	Bacteroides sp. 3_1_23	457390	2	0	0	0	0	2
Bacteroides	Bacteroides	816	Bacteroides sp. 3_1_33FAA	457391	5	2	0	0	1	2
Bacteroides	Bacteroides	816	Bacteroides sp. 3_1_40A	469593	2	0	0	0	0	2
Bacteroides	Bacteroides	816	Bacteroides sp. 3_2_5	457392	2	0	0	0	0	2
Bacteroides	Bacteroides	816	Bacteroides sp. 41_26	1896973	2	1	0	0	1	0
Bacteroides	Bacteroides	816	Bacteroides sp. 43_108	1896974	9	8	0	0	1	0
Bacteroides	Bacteroides	816	Bacteroides sp. 43_46	1897051	1	0	0	0	1	0
Bacteroides	Bacteroides	816	Bacteroides sp. 44_46	1897052	1	0	0	0	1	0
Bacteroides	Bacteroides	816	Bacteroides sp. 47	3016008	1	1	0	0	0	0
Bacteroides	Bacteroides	816	Bacteroides sp. 4_1_36	457393	4	2	0	0	0	2
Bacteroides	Bacteroides	816	Bacteroides sp. 4_3_47FAA	457394	2	1	0	0	0	1
Bacteroides	Bacteroides	816	Bacteroides sp. 51	2302938	1	1	0	0	0	0
Bacteroides	Bacteroides	816	Bacteroides sp. 519	2302937	1	1	0	0	0	0
Bacteroides	Bacteroides	816	Bacteroides sp. 90-K9/2	3142453	1	1	0	0	0	0
Bacteroides	Bacteroides	816	Bacteroides sp. 9_1_42FAA	457395	4	0	0	0	0	4
Bacteroides	Bacteroides	816	Bacteroides sp. A1C1	2528203	1	1	0	0	0	0
Bacteroides	Bacteroides	816	Bacteroides sp. AA12	3410288	1	0	0	0	1	0
Bacteroides	Bacteroides	816	Bacteroides sp. AA13	3410289	1	0	0	0	1	0
Bacteroides	Bacteroides	816	Bacteroides sp. AA2	3410290	1	0	0	0	1	0
Bacteroides	Bacteroides	816	Bacteroides sp. AA3	3410291	1	0	0	0	1	0
Bacteroides	Bacteroides	816	Bacteroides sp. AF04-22	2292913	1	1	0	0	0	0
Bacteroides	Bacteroides	816	Bacteroides sp. AF14-46	2292914	1	1	0	0	0	0
Bacteroides	Bacteroides	816	Bacteroides sp. AF15-14LB	2292915	1	1	0	0	0	0
Bacteroides	Bacteroides	816	Bacteroides sp. AF15-23LB	2292916	1	1	0	0	0	0
Bacteroides	Bacteroides	816	Bacteroides sp. AF16-29	2292917	1	1	0	0	0	0
Bacteroides	Bacteroides	816	Bacteroides sp. AF16-49	2292192	1	1	0	0	0	0
Bacteroides	Bacteroides	816	Bacteroides sp. AF16-7	2292918	1	1	0	0	0	0
Bacteroides	Bacteroides	816	Bacteroides sp. AF17-1	2292919	1	1	0	0	0	0
Bacteroides	Bacteroides	816	Bacteroides sp. AF18-33	2292920	1	1	0	0	0	0
Bacteroides	Bacteroides	816	Bacteroides sp. AF20-13LB	2292921	1	1	0	0	0	0
Bacteroides	Bacteroides	816	Bacteroides sp. AF25-17LB	2292922	1	1	0	0	0	0
Bacteroides	Bacteroides	816	Bacteroides sp. AF25-18	2292923	1	1	0	0	0	0
Bacteroides	Bacteroides	816	Bacteroides sp. AF25-38AC	2292924	1	1	0	0	0	0
Bacteroides	Bacteroides	816	Bacteroides sp. AF25-5LB	2292925	1	1	0	0	0	0
Bacteroides	Bacteroides	816	Bacteroides sp. AF26-10BH	2292926	1	1	0	0	0	0
Bacteroides	Bacteroides	816	Bacteroides sp. AF26-7BH	2292193	1	1	0	0	0	0
Bacteroides	Bacteroides	816	Bacteroides sp. AF27-10BH	2292927	1	1	0	0	0	0
Bacteroides	Bacteroides	816	Bacteroides sp. AF27-33	2292194	1	1	0	0	0	0
Bacteroides	Bacteroides	816	Bacteroides sp. AF29-11	2292928	1	1	0	0	0	0
Bacteroides	Bacteroides	816	Bacteroides sp. AF32-15BH	2292929	1	1	0	0	0	0
Bacteroides	Bacteroides	816	Bacteroides sp. AF32-8BH	2302925	1	1	0	0	0	0
Bacteroides	Bacteroides	816	Bacteroides sp. AF33-23	2292930	1	1	0	0	0	0
Bacteroides	Bacteroides	816	Bacteroides sp. AF34-31BH	2292931	1	1	0	0	0	0
Bacteroides	Bacteroides	816	Bacteroides sp. AF35-22	2292932	1	1	0	0	0	0
Bacteroides	Bacteroides	816	Bacteroides sp. AF36-11BH	2292933	1	1	0	0	0	0
Bacteroides	Bacteroides	816	Bacteroides sp. AF37-16AC	2292934	1	1	0	0	0	0
Bacteroides	Bacteroides	816	Bacteroides sp. AF39-10AT	2292935	1	1	0	0	0	0
Bacteroides	Bacteroides	816	Bacteroides sp. AF39-11AC	2291999	1	1	0	0	0	0
Bacteroides	Bacteroides	816	Bacteroides sp. AF39-16AC	2292936	1	1	0	0	0	0
Bacteroides	Bacteroides	816	Bacteroides sp. AH-173-B13	2269107	1	0	0	0	0	1
Bacteroides	Bacteroides	816	Bacteroides sp. AH-173-F14	2269108	1	0	0	0	0	1
Bacteroides	Bacteroides	816	Bacteroides sp. AH-173-I13	2269109	1	0	0	0	0	1
Bacteroides	Bacteroides	816	Bacteroides sp. AH-173-I18	2269110	1	0	0	0	0	1
Bacteroides	Bacteroides	816	Bacteroides sp. AH-173-K19	2269111	1	0	0	0	0	1
Bacteroides	Bacteroides	816	Bacteroides sp. AH-173-P07	2269112	1	0	0	0	0	1
Bacteroides	Bacteroides	816	Bacteroides sp. AH-177-B15	2269113	1	0	0	0	0	1
Bacteroides	Bacteroides	816	Bacteroides sp. AH-177-B16	2269114	1	0	0	0	0	1
Bacteroides	Bacteroides	816	Bacteroides sp. AH-177-D20	2269115	1	0	0	0	0	1
Bacteroides	Bacteroides	816	Bacteroides sp. AM07-16	2292000	1	1	0	0	0	0
Bacteroides	Bacteroides	816	Bacteroides sp. AM07-18	2292937	1	1	0	0	0	0
Bacteroides	Bacteroides	816	Bacteroides sp. AM10-21B	2292001	1	1	0	0	0	0
Bacteroides	Bacteroides	816	Bacteroides sp. AM16-13	2292938	1	1	0	0	0	0
Bacteroides	Bacteroides	816	Bacteroides sp. AM16-15	2292939	1	1	0	0	0	0
Bacteroides	Bacteroides	816	Bacteroides sp. AM16-24	2292002	1	1	0	0	0	0
Bacteroides	Bacteroides	816	Bacteroides sp. AM18-9	2292940	1	1	0	0	0	0
Bacteroides	Bacteroides	816	Bacteroides sp. AM22-3LB	2292941	1	1	0	0	0	0
Bacteroides	Bacteroides	816	Bacteroides sp. AM23-12	2292942	1	1	0	0	0	0
Bacteroides	Bacteroides	816	Bacteroides sp. AM23-18	2292943	1	1	0	0	0	0
Bacteroides	Bacteroides	816	Bacteroides sp. AM25-34	2292944	1	1	0	0	0	0
Bacteroides	Bacteroides	816	Bacteroides sp. AM26-11	2292945	1	1	0	0	0	0
Bacteroides	Bacteroides	816	Bacteroides sp. AM26-2	2292946	1	1	0	0	0	0
Bacteroides	Bacteroides	816	Bacteroides sp. AM27-13	2292947	1	1	0	0	0	0
Bacteroides	Bacteroides	816	Bacteroides sp. AM28-6	2292948	1	1	0	0	0	0
Bacteroides	Bacteroides	816	Bacteroides sp. AM30-16	2292949	1	1	0	0	0	0
Bacteroides	Bacteroides	816	Bacteroides sp. AM32-11AC	2292950	1	1	0	0	0	0
Bacteroides	Bacteroides	816	Bacteroides sp. AM37-9	2292951	1	1	0	0	0	0
Bacteroides	Bacteroides	816	Bacteroides sp. AM41-16	2292952	1	1	0	0	0	0
Bacteroides	Bacteroides	816	Bacteroides sp. AM44-19	2292953	1	1	0	0	0	0
Bacteroides	Bacteroides	816	Bacteroides sp. AM51-7	2292954	1	1	0	0	0	0
Bacteroides	Bacteroides	816	Bacteroides sp. AM54-2NS	2292955	1	1	0	0	0	0
Bacteroides	Bacteroides	816	Bacteroides sp. AM56-10ce	2302926	1	1	0	0	0	0
Bacteroides	Bacteroides	816	Bacteroides sp. An19	1965580	1	1	0	0	0	0
Bacteroides	Bacteroides	816	Bacteroides sp. An269	1965613	2	2	0	0	0	0
Bacteroides	Bacteroides	816	Bacteroides sp. An279	1965620	1	1	0	0	0	0
Bacteroides	Bacteroides	816	Bacteroides sp. An322	1965632	2	2	0	0	0	0
Bacteroides	Bacteroides	816	Bacteroides sp. AN502(2024)	3160599	1	0	0	0	0	1
Bacteroides	Bacteroides	816	Bacteroides sp. An51A	1965640	1	1	0	0	0	0
Bacteroides	Bacteroides	816	Bacteroides sp. AR20	93974	2	0	0	0	0	2
Bacteroides	Bacteroides	816	Bacteroides sp. AR29	93975	1	0	0	0	0	1
Bacteroides	Bacteroides	816	Bacteroides sp. AW1	3410274	1	0	0	0	1	0
Bacteroides	Bacteroides	816	Bacteroides sp. AW21	3410275	1	0	0	0	1	0
Bacteroides	Bacteroides	816	Bacteroides sp. AW22	3410276	1	0	0	0	1	0
Bacteroides	Bacteroides	816	Bacteroides sp. AW31	3410277	1	0	0	0	1	0
Bacteroides	Bacteroides	816	Bacteroides sp. AW32	3410278	1	0	0	0	1	0
Bacteroides	Bacteroides	816	Bacteroides sp. AW33	3410279	1	0	0	0	1	0
Bacteroides	Bacteroides	816	Bacteroides sp. AW41	3410280	1	0	0	0	1	0
Bacteroides	Bacteroides	816	Bacteroides sp. AW42	3410281	1	0	0	0	1	0
Bacteroides	Bacteroides	816	Bacteroides sp. AW5	3410282	1	0	0	0	1	0
Bacteroides	Bacteroides	816	Bacteroides sp. AW61	3410283	1	0	0	0	1	0
Bacteroides	Bacteroides	816	Bacteroides sp. AW62	3410284	1	0	0	0	1	0
Bacteroides	Bacteroides	816	Bacteroides sp. AW71	3410285	1	0	0	0	1	0
Bacteroides	Bacteroides	816	Bacteroides sp. AW72	3410286	1	0	0	0	1	0
Bacteroides	Bacteroides	816	Bacteroides sp. AW73	3410287	1	0	0	0	1	0
Bacteroides	Bacteroides	816	Bacteroides sp. B1-V-101	2949660	1	1	0	0	0	0
Bacteroides	Bacteroides	816	Bacteroides sp. BA1	3410292	1	0	0	0	1	0
Bacteroides	Bacteroides	816	Bacteroides sp. BA2	3410293	1	0	0	0	1	0
Bacteroides	Bacteroides	816	Bacteroides sp. BFG-257	2972761	1	0	0	0	0	1
Bacteroides	Bacteroides	816	Bacteroides sp. BFG-551	2972762	1	0	0	0	0	1
Bacteroides	Bacteroides	816	Bacteroides sp. BFG-606	2972763	1	0	0	0	0	1
Bacteroides	Bacteroides	816	Bacteroides sp. BFG-637	2972764	1	0	0	0	0	1
Bacteroides	Bacteroides	816	Bacteroides sp. BFG-638	2972765	1	0	0	0	0	1
Bacteroides	Bacteroides	816	Bacteroides sp. BW1	3410294	1	0	0	0	1	0
Bacteroides	Bacteroides	816	Bacteroides sp. BW2	3410295	1	0	0	0	1	0
Bacteroides	Bacteroides	816	Bacteroides sp. BW3	3410296	1	0	0	0	1	0
Bacteroides	Bacteroides	816	Bacteroides sp. BW4	3410297	1	0	0	0	1	0
Bacteroides	Bacteroides	816	Bacteroides sp. BW5	3410298	1	0	0	0	1	0
Bacteroides	Bacteroides	816	Bacteroides sp. BW6	3410299	1	0	0	0	1	0
Bacteroides	Bacteroides	816	Bacteroides sp. CACC 737	2755405	2	1	0	0	1	0
Bacteroides	Bacteroides	816	Bacteroides sp. CAG:1060	1262734	13	13	0	0	0	0
Bacteroides	Bacteroides	816	Bacteroides sp. CAG:1060_57_27	1896975	3	2	0	0	1	0
Bacteroides	Bacteroides	816	Bacteroides sp. CAG:1076	1262735	4	4	0	0	0	0
Bacteroides	Bacteroides	816	Bacteroides sp. CAG:144	1262736	1	1	0	0	0	0
Bacteroides	Bacteroides	816	Bacteroides sp. CAG:189	1262737	1	1	0	0	0	0
Bacteroides	Bacteroides	816	Bacteroides sp. CAG:20	1262738	6	6	0	0	0	0
Bacteroides	Bacteroides	816	Bacteroides sp. CAG:443	1262739	42	42	0	0	0	0
Bacteroides	Bacteroides	816	Bacteroides sp. CAG:462	1262740	1	1	0	0	0	0
Bacteroides	Bacteroides	816	Bacteroides sp. CAG:530	1262741	59	59	0	0	0	0
Bacteroides	Bacteroides	816	Bacteroides sp. CAG:545	1262742	167	167	0	0	0	0
Bacteroides	Bacteroides	816	Bacteroides sp. CAG:598	1262743	1	1	0	0	0	0
Bacteroides	Bacteroides	816	Bacteroides sp. CAG:633	1262744	1	1	0	0	0	0
Bacteroides	Bacteroides	816	Bacteroides sp. CAG:661	1262746	1	1	0	0	0	0
Bacteroides	Bacteroides	816	Bacteroides sp. CAG:702	1262747	1	1	0	0	0	0
Bacteroides	Bacteroides	816	Bacteroides sp. CAG:709	1262748	94	94	0	0	0	0
Bacteroides	Bacteroides	816	Bacteroides sp. CAG:714	1262749	1	1	0	0	0	0
Bacteroides	Bacteroides	816	Bacteroides sp. CAG:754	1262750	1	1	0	0	0	0
Bacteroides	Bacteroides	816	Bacteroides sp. CAG:770	1262751	10	9	0	1	0	0
Bacteroides	Bacteroides	816	Bacteroides sp. CAG:875	1262752	1	1	0	0	0	0
Bacteroides	Bacteroides	816	Bacteroides sp. CAG:927	1262753	34	30	0	3	1	0
Bacteroides	Bacteroides	816	Bacteroides sp. CAG:98	1262754	2	2	0	0	0	0
Bacteroides	Bacteroides	816	Bacteroides sp. CF01-10NS	2292956	1	1	0	0	0	0
Bacteroides	Bacteroides	816	Bacteroides sp. con4	2230888	1	0	0	0	1	0
Bacteroides	Bacteroides	816	Bacteroides sp. CR5/BHMF/2	3094836	1	0	0	0	0	1
Bacteroides	Bacteroides	816	Bacteroides sp. D1	556258	2	1	0	0	0	1
Bacteroides	Bacteroides	816	Bacteroides sp. D2	556259	7	1	0	0	3	3
Bacteroides	Bacteroides	816	Bacteroides sp. D20	585543	5	3	0	0	0	2
Bacteroides	Bacteroides	816	Bacteroides sp. D22	585544	3	0	0	0	0	3
Bacteroides	Bacteroides	816	Bacteroides sp. D55t1_190419_B8	2787080	1	1	0	0	0	0
Bacteroides	Bacteroides	816	Bacteroides sp. DCT1_S13	3687805	1	0	0	0	0	1
Bacteroides	Bacteroides	816	Bacteroides sp. DCT2_S14	3687806	1	0	0	0	0	1
Bacteroides	Bacteroides	816	Bacteroides sp. DCT3_S15	3687807	1	0	0	0	0	1
Bacteroides	Bacteroides	816	Bacteroides sp. DH3716P	2847299	1	0	0	0	0	1
Bacteroides	Bacteroides	816	Bacteroides sp. EM4	2807694	1	0	0	0	0	1
Bacteroides	Bacteroides	816	Bacteroides sp. EM7	2807711	1	0	0	0	0	1
Bacteroides	Bacteroides	816	Bacteroides sp. ET225	2972461	1	1	0	0	0	0
Bacteroides	Bacteroides	816	Bacteroides sp. ET336	2972459	1	1	0	0	0	0
Bacteroides	Bacteroides	816	Bacteroides sp. ET489	3057126	1	1	0	0	0	0
Bacteroides	Bacteroides	816	Bacteroides sp. ET71	2939421	1	1	0	0	0	0
Bacteroides	Bacteroides	816	Bacteroides sp. f07	3132704	1	1	0	0	0	0
Bacteroides	Bacteroides	816	Bacteroides sp. FDAARGOS 1230	2778075	1	0	0	0	1	0
Bacteroides	Bacteroides	816	Bacteroides sp. FDAARGOS 1232	2778076	1	0	0	0	1	0
Bacteroides	Bacteroides	816	Bacteroides sp. FSHCM14E1	2784518	1	1	0	0	0	0
Bacteroides	Bacteroides	816	Bacteroides sp. Ga6A1	1410607	1	0	0	0	0	1
Bacteroides	Bacteroides	816	Bacteroides sp. Ga6A2	1410608	1	0	0	0	0	1
Bacteroides	Bacteroides	816	Bacteroides sp. GD17	3139826	1	1	0	0	0	0
Bacteroides	Bacteroides	816	Bacteroides sp. GDM.C1	2594470	1	0	0	0	0	1
Bacteroides	Bacteroides	816	Bacteroides sp. GDM.C2	2594471	1	0	0	0	0	1
Bacteroides	Bacteroides	816	Bacteroides sp. GDM.C3	2594472	1	0	0	0	0	1
Bacteroides	Bacteroides	816	Bacteroides sp. GDM1	2594467	1	0	0	0	0	1
Bacteroides	Bacteroides	816	Bacteroides sp. GDM2	2594468	1	0	0	0	0	1
Bacteroides	Bacteroides	816	Bacteroides sp. GDM3	2594469	1	0	0	0	0	1
Bacteroides	Bacteroides	816	Bacteroides sp. GM023	2723058	1	1	0	0	0	0
Bacteroides	Bacteroides	816	Bacteroides sp. HA2688	3779227	1	0	0	0	0	1
Bacteroides	Bacteroides	816	Bacteroides sp. HA4197	3779225	1	0	0	0	0	1
Bacteroides	Bacteroides	816	Bacteroides sp. HF-162	2785531	1	0	0	0	0	1
Bacteroides	Bacteroides	816	Bacteroides sp. HF-4919	2841744	1	1	0	0	0	0
Bacteroides	Bacteroides	816	Bacteroides sp. HF-5092	2594500	1	1	0	0	0	0
Bacteroides	Bacteroides	816	Bacteroides sp. HF-5613	2785794	1	1	0	0	0	0
Bacteroides	Bacteroides	816	Bacteroides sp. HMSC067B03	1739298	1	0	0	1	0	0
Bacteroides	Bacteroides	816	Bacteroides sp. HMSC068A09	1739319	1	0	0	1	0	0
Bacteroides	Bacteroides	816	Bacteroides sp. HMSC073E02	1739517	1	0	0	1	0	0
Bacteroides	Bacteroides	816	Bacteroides sp. HPS0048	1078089	4	0	0	0	0	4
Bacteroides	Bacteroides	816	Bacteroides sp. K03	2718928	1	1	0	0	0	0
Bacteroides	Bacteroides	816	Bacteroides sp. KG121	3397826	1	0	0	1	0	0
Bacteroides	Bacteroides	816	Bacteroides sp. KG122	3397827	1	0	0	1	0	0
Bacteroides	Bacteroides	816	Bacteroides sp. KG123	3369153	1	0	0	1	0	0
Bacteroides	Bacteroides	816	Bacteroides sp. KG156	3397828	1	0	0	1	0	0
Bacteroides	Bacteroides	816	Bacteroides sp. KG68	3397824	1	0	0	1	0	0
Bacteroides	Bacteroides	816	Bacteroides sp. KG69	3397825	1	0	0	1	0	0
Bacteroides	Bacteroides	816	Bacteroides sp. L008	3162404	1	0	0	1	0	0
Bacteroides	Bacteroides	816	Bacteroides sp. L10-4	2746063	1	1	0	0	0	0
Bacteroides	Bacteroides	816	Bacteroides sp. LFL-34	2994968	1	1	0	0	0	0
Bacteroides	Bacteroides	816	Bacteroides sp. M10	2763022	3	3	0	0	0	0
Bacteroides	Bacteroides	816	Bacteroides sp. Marseille-P3684	2086579	3	3	0	0	0	0
Bacteroides	Bacteroides	816	Bacteroides sp. Marseille-P8574	2697504	1	1	0	0	0	0
Bacteroides	Bacteroides	816	Bacteroides sp. MSK.17.76	2849168	1	1	0	0	0	0
Bacteroides	Bacteroides	816	Bacteroides sp. MSK.18.22	2849169	1	1	0	0	0	0
Bacteroides	Bacteroides	816	Bacteroides sp. MSK.18.37	2849170	1	1	0	0	0	0
Bacteroides	Bacteroides	816	Bacteroides sp. MSK.18.39	2849171	1	1	0	0	0	0
Bacteroides	Bacteroides	816	Bacteroides sp. MSK.18.83	2849172	1	1	0	0	0	0
Bacteroides	Bacteroides	816	Bacteroides sp. MSK.18.91	2849173	1	1	0	0	0	0
Bacteroides	Bacteroides	816	Bacteroides sp. MSK.20.12	2850324	1	1	0	0	0	0
Bacteroides	Bacteroides	816	Bacteroides sp. MSK.20.82	2849174	1	1	0	0	0	0
Bacteroides	Bacteroides	816	Bacteroides sp. MSSM.1001136sp1_RTP21357st2_B10_RTP21359_211015	3141585	1	1	0	0	0	0
Bacteroides	Bacteroides	816	Bacteroides sp. MSSM.1001136sp1_RTP21357st2_D2_RTP21359_211015	3141586	1	1	0	0	0	0
Bacteroides	Bacteroides	816	Bacteroides sp. MSSM.1001136sp1_RTP21357st2_E1_RTP21359_211015	3141587	1	1	0	0	0	0
Bacteroides	Bacteroides	816	Bacteroides sp. MSSM.1001136sp1_RTP21357st2_E5_RTP21359_211015	3141588	1	1	0	0	0	0
Bacteroides	Bacteroides	816	Bacteroides sp. N54.MGS-20	1637511	1	1	0	0	0	0
Bacteroides	Bacteroides	816	Bacteroides sp. NGMCC 1.200775	3044577	1	1	0	0	0	0
Bacteroides	Bacteroides	816	Bacteroides sp. NMBE5	2184759	1	1	0	0	0	0
Bacteroides	Bacteroides	816	Bacteroides sp. NP1	1221205	1	0	0	0	0	1
Bacteroides	Bacteroides	816	Bacteroides sp. NSJ-39	2763019	1	1	0	0	0	0
Bacteroides	Bacteroides	816	Bacteroides sp. NSJ-48	2763020	1	1	0	0	0	0
Bacteroides	Bacteroides	816	Bacteroides sp. OF02-3LB	2292280	3	3	0	0	0	0
Bacteroides	Bacteroides	816	Bacteroides sp. OF03-11BH	2292957	1	1	0	0	0	0
Bacteroides	Bacteroides	816	Bacteroides sp. OF04-15BH	2292281	11	11	0	0	0	0
Bacteroides	Bacteroides	816	Bacteroides sp. OM05-10AA	2292282	1	1	0	0	0	0
Bacteroides	Bacteroides	816	Bacteroides sp. OM05-12	2292283	2	1	0	0	0	1
Bacteroides	Bacteroides	816	Bacteroides sp. OM08-11	2292284	1	1	0	0	0	0
Bacteroides	Bacteroides	816	Bacteroides sp. OM08-17BH	2292285	1	1	0	0	0	0
Bacteroides	Bacteroides	816	Bacteroides sp. OP17wN17	3018472	1	0	0	0	0	1
Bacteroides	Bacteroides	816	Bacteroides sp. OP17wP22	3018473	1	0	0	0	0	1
Bacteroides	Bacteroides	816	Bacteroides sp. OttesenSCG-928-D19	2885164	1	1	0	0	0	0
Bacteroides	Bacteroides	816	Bacteroides sp. OttesenSCG-928-E20	2885197	1	1	0	0	0	0
Bacteroides	Bacteroides	816	Bacteroides sp. OttesenSCG-928-F21	2930974	1	1	0	0	0	0
Bacteroides	Bacteroides	816	Bacteroides sp. OttesenSCG-928-J23	2930983	1	1	0	0	0	0
Bacteroides	Bacteroides	816	Bacteroides sp. OttesenSCG-928-M17	2930986	1	1	0	0	0	0
Bacteroides	Bacteroides	816	Bacteroides sp. OttesenSCG-928-N06	2885202	1	1	0	0	0	0
Bacteroides	Bacteroides	816	Bacteroides sp. P11wA12	3018474	1	0	0	0	0	1
Bacteroides	Bacteroides	816	Bacteroides sp. P11wD2	3018475	1	0	0	0	0	1
Bacteroides	Bacteroides	816	Bacteroides sp. P11wD3	3018476	1	0	0	0	0	1
Bacteroides	Bacteroides	816	Bacteroides sp. P11wE10	3018477	1	0	0	0	0	1
Bacteroides	Bacteroides	816	Bacteroides sp. P11wE7	3018478	1	0	0	0	0	1
Bacteroides	Bacteroides	816	Bacteroides sp. P11wF12	3018479	1	0	0	0	0	1
Bacteroides	Bacteroides	816	Bacteroides sp. P11wF7	3018480	1	0	0	0	0	1
Bacteroides	Bacteroides	816	Bacteroides sp. P11wG1	3018481	1	0	0	0	0	1
Bacteroides	Bacteroides	816	Bacteroides sp. P11wG4	3018482	1	0	0	0	0	1
Bacteroides	Bacteroides	816	Bacteroides sp. P11wG6	3018483	1	0	0	0	0	1
Bacteroides	Bacteroides	816	Bacteroides sp. P15wF12	3018484	1	0	0	0	0	1
Bacteroides	Bacteroides	816	Bacteroides sp. P16wA11	3018485	1	0	0	0	0	1
Bacteroides	Bacteroides	816	Bacteroides sp. P16wE10	3018486	1	0	0	0	0	1
Bacteroides	Bacteroides	816	Bacteroides sp. P16wF9	3018487	1	0	0	0	0	1
Bacteroides	Bacteroides	816	Bacteroides sp. P17wA1	3018488	1	0	0	0	0	1
Bacteroides	Bacteroides	816	Bacteroides sp. P17wB5	3018489	1	0	0	0	0	1
Bacteroides	Bacteroides	816	Bacteroides sp. P17wC7	3018490	1	0	0	0	0	1
Bacteroides	Bacteroides	816	Bacteroides sp. P18wB5	3018491	1	0	0	0	0	1
Bacteroides	Bacteroides	816	Bacteroides sp. P23wA4	3018492	1	0	0	0	0	1
Bacteroides	Bacteroides	816	Bacteroides sp. P23wB11	3018493	1	0	0	0	0	1
Bacteroides	Bacteroides	816	Bacteroides sp. P23wD6	3018494	1	0	0	0	0	1
Bacteroides	Bacteroides	816	Bacteroides sp. P23wE8	3018495	1	0	0	0	0	1
Bacteroides	Bacteroides	816	Bacteroides sp. P24wA11	3018496	1	0	0	0	0	1
Bacteroides	Bacteroides	816	Bacteroides sp. P24wC7	3018497	1	0	0	0	0	1
Bacteroides	Bacteroides	816	Bacteroides sp. P9wC11	3018498	1	0	0	0	0	1
Bacteroides	Bacteroides	816	Bacteroides sp. Phil13	1929999	1	1	0	0	0	0
Bacteroides	Bacteroides	816	Bacteroides sp. PHL 2737	2162637	1	0	0	1	0	0
Bacteroides	Bacteroides	816	Bacteroides sp. QWL-09	3730620	1	0	1	0	0	0
Bacteroides	Bacteroides	816	Bacteroides sp. RACS_AR44	2871981	1	1	0	0	0	0
Bacteroides	Bacteroides	816	Bacteroides sp. RCH18	3374692	1	1	0	0	0	0
Bacteroides	Bacteroides	816	Bacteroides sp. RTP21281st1_E4_RTP21281_210402	3143203	1	1	0	0	0	0
Bacteroides	Bacteroides	816	Bacteroides sp. RTP21281st1_F3_RTP21281_210402	3143204	1	1	0	0	0	0
Bacteroides	Bacteroides	816	Bacteroides sp. RTP21281st1_H5_RTP21281_210402	3143205	1	1	0	0	0	0
Bacteroides	Bacteroides	816	Bacteroides sp. RTP31139st1_H2_RTP31139_211217	3143187	1	1	0	0	0	0
Bacteroides	Bacteroides	816	Bacteroides sp. SL.2.06	2965272	1	1	0	0	0	0
Bacteroides	Bacteroides	816	Bacteroides sp. SM1_62	1703351	1	0	1	0	0	0
Bacteroides	Bacteroides	816	Bacteroides sp. SM23_62	1703352	2	0	2	0	0	0
Bacteroides	Bacteroides	816	Bacteroides sp. SM23_62_1	1703353	2	0	2	0	0	0
Bacteroides	Bacteroides	816	Bacteroides sp. UBA1317	1946083	1	0	1	0	0	0
Bacteroides	Bacteroides	816	Bacteroides sp. UBA1451	1946084	1	0	0	0	1	0
Bacteroides	Bacteroides	816	Bacteroides sp. UBA1773	1946085	1	1	0	0	0	0
Bacteroides	Bacteroides	816	Bacteroides sp. UBA3406	1946086	1	1	0	0	0	0
Bacteroides	Bacteroides	816	Bacteroides sp. UBA7052	1946087	1	1	0	0	0	0
Bacteroides	Bacteroides	816	Bacteroides sp. UBA7116	1946088	2	2	0	0	0	0
Bacteroides	Bacteroides	816	Bacteroides sp. UBA7156	1946089	1	1	0	0	0	0
Bacteroides	Bacteroides	816	Bacteroides sp. UBA7333	1946090	1	0	0	0	1	0
Bacteroides	Bacteroides	816	Bacteroides sp. UBA7335	1946091	1	0	0	0	1	0
Bacteroides	Bacteroides	816	Bacteroides sp. UBA939	1946092	1	1	0	0	0	0
Bacteroides	Bacteroides	816	Bacteroides sp. UNK.MGS-13	1638779	1	1	0	0	0	0
Bacteroides	Bacteroides	816	Bacteroides sp. UNK.MGS-14	1638780	1	1	0	0	0	0
Bacteroides	Bacteroides	816	Bacteroides sp. UO.H1001	2993735	1	1	0	0	0	0
Bacteroides	Bacteroides	816	Bacteroides sp. UW	1450439	1	0	0	1	0	0
Bacteroides	Bacteroides	816	Bacteroides sp. WB2837	2939912	1	0	0	0	0	1
Bacteroides	Bacteroides	816	Bacteroides sp. WB2864	2939925	1	0	0	0	0	1
Bacteroides	Bacteroides	816	Bacteroides sp. WB2897	2939934	1	0	0	0	0	1
Bacteroides	Bacteroides	816	Bacteroides sp. WB2915	2939939	1	0	0	0	0	1
Bacteroides	Bacteroides	816	Bacteroides sp. WB3990	2939965	1	0	0	0	0	1
Bacteroides	Bacteroides	816	Bacteroides sp. WB4383	2939982	1	0	0	0	0	1
Bacteroides	Bacteroides	816	Bacteroides sp. WB4388	2939987	1	0	0	0	0	1
Bacteroides	Bacteroides	816	Bacteroides sp. WB4393	2939992	1	0	0	0	0	1
Bacteroides	Bacteroides	816	Bacteroides sp. WB4398	2939997	1	0	0	0	0	1
Bacteroides	Bacteroides	816	Bacteroides sp. WB4408	2940006	1	0	0	0	0	1
Bacteroides	Bacteroides	816	Bacteroides sp. WB4410	2940008	1	0	0	0	0	1
Bacteroides	Bacteroides	816	Bacteroides sp. WB4421	2940018	1	0	0	0	0	1
Bacteroides	Bacteroides	816	Bacteroides sp. WB4428	2940024	1	0	0	0	0	1
Bacteroides	Bacteroides	816	Bacteroides sp. WB4430	2940026	1	0	0	0	0	1
Bacteroides	Bacteroides	816	Bacteroides sp. WB4432	2940028	1	0	0	0	0	1
Bacteroides	Bacteroides	816	Bacteroides sp. WB4434	2940030	1	0	0	0	0	1
Bacteroides	Bacteroides	816	Bacteroides sp. WB4436	2940032	1	0	0	0	0	1
Bacteroides	Bacteroides	816	Bacteroides sp. WB4447	2940043	1	0	0	0	0	1
Bacteroides	Bacteroides	816	Bacteroides sp. WB4458	2940054	1	0	0	0	0	1
Bacteroides	Bacteroides	816	Bacteroides sp. ZJ-18	2709390	1	0	0	0	0	1
Bacteroides	Bacteroides	816	Bacteroides sp. ZJ-21	2709391	1	0	0	0	0	1
Bacteroides	Bacteroides	816	Bacteroides stercorirosoris	871324	42	20	0	0	0	22
Bacteroides	Bacteroides	816	Bacteroides stercoris	46506	7924	1894	4	4	2	6020
Bacteroides	Bacteroides	816	Bacteroides thetaiotaomicron	818	8468	3263	6	211	112	4876
Bacteroides	Bacteroides	816	Bacteroides timonensis	1470345	5	1	0	0	0	4
Bacteroides	Bacteroides	816	Bacteroides togonis	1917883	21	8	0	0	0	13
Bacteroides	Bacteroides	816	Bacteroides uniformis	820	38423	20314	14	22	30	18043
Bacteroides	Bacteroides	816	Bacteroides vicugnae	3037989	4	3	0	0	0	1
Bacteroides	Bacteroides	816	Bacteroides xylanisolvens	371601	2521	768	1	7	18	1727
Bacteroides	Bacteroides	816	Bacteroides zhangwenhongii	2650157	18	12	0	0	0	6
Bacteroides	Bacteroides	816	Bacteroides zoogleoformans	28119	7	1	0	3	0	3
Bacteroides	Bacteroides	816	Candidatus Bacteroides avicola	2838468	15	2	0	0	0	13
Bacteroides	Bacteroides	816	Candidatus Bacteroides intestinavium	2838469	14	4	0	0	0	10
Bacteroides	Bacteroides	816	Candidatus Bacteroides intestinigallinarum	2838470	18	5	0	0	1	12
Bacteroides	Bacteroides	816	Candidatus Bacteroides intestinipullorum	2838471	15	3	0	0	0	12
Bacteroides	Bacteroides	816	Candidatus Bacteroides merdavium	2838472	23	21	0	0	0	2
Bacteroides	Bacteroides	816	Candidatus Bacteroides merdigallinarum	2838473	4	1	0	0	0	3
Bacteroides	Bacteroides	816	Candidatus Bacteroides merdipullorum	2838474	2	0	0	0	0	2
Bacteroides	Bacteroides	816	Candidatus Bacteroides pullicola	2838475	6	1	0	0	0	5
Bacteroides	Bacteroides	816	uncultured Bacteroides sp.	162156	4982	4804	35	11	124	8
Barnesiella	Barnesiella	397864	Barnesiella faecis	2764571	1	1	0	0	0	0
Barnesiella	Barnesiella	397864	Barnesiella intestinihominis	487174	6889	950	1	2	0	5936
Barnesiella	Barnesiella	397864	Barnesiella propionica	2981781	1	1	0	0	0	0
Barnesiella	Barnesiella	397864	Barnesiella sp.	2033407	282	141	3	1	2	135
Barnesiella	Barnesiella	397864	Barnesiella sp. AH-173-A03	2269116	1	0	0	0	0	1
Barnesiella	Barnesiella	397864	Barnesiella sp. AH-173-A06	2269117	1	0	0	0	0	1
Barnesiella	Barnesiella	397864	Barnesiella sp. AH-173-A10	2269118	1	0	0	0	0	1
Barnesiella	Barnesiella	397864	Barnesiella sp. AH-173-A15	2269119	1	0	0	0	0	1
Barnesiella	Barnesiella	397864	Barnesiella sp. AH-173-A17	2269120	1	0	0	0	0	1
Barnesiella	Barnesiella	397864	Barnesiella sp. AH-173-A19	2269121	1	0	0	0	0	1
Barnesiella	Barnesiella	397864	Barnesiella sp. AH-173-A20	2269122	1	0	0	0	0	1
Barnesiella	Barnesiella	397864	Barnesiella sp. AH-173-A23	2269123	1	0	0	0	0	1
Barnesiella	Barnesiella	397864	Barnesiella sp. AH-173-B05	2269124	1	0	0	0	0	1
Barnesiella	Barnesiella	397864	Barnesiella sp. AH-173-B06	2269125	1	0	0	0	0	1
Barnesiella	Barnesiella	397864	Barnesiella sp. AH-173-B09	2269126	1	0	0	0	0	1
Barnesiella	Barnesiella	397864	Barnesiella sp. AH-173-B22	2269127	1	0	0	0	0	1
Barnesiella	Barnesiella	397864	Barnesiella sp. AH-173-D09	2269128	1	0	0	0	0	1
Barnesiella	Barnesiella	397864	Barnesiella sp. AH-173-D10	2269129	1	0	0	0	0	1
Barnesiella	Barnesiella	397864	Barnesiella sp. AH-173-D13	2269130	1	0	0	0	0	1
Barnesiella	Barnesiella	397864	Barnesiella sp. AH-173-D14	2269131	1	0	0	0	0	1
Barnesiella	Barnesiella	397864	Barnesiella sp. AH-173-D22	2269132	1	0	0	0	0	1
Barnesiella	Barnesiella	397864	Barnesiella sp. AH-173-E04	2269133	1	0	0	0	0	1
Barnesiella	Barnesiella	397864	Barnesiella sp. AH-173-E09	2269134	1	0	0	0	0	1
Barnesiella	Barnesiella	397864	Barnesiella sp. AH-173-E15	2269135	1	0	0	0	0	1
Barnesiella	Barnesiella	397864	Barnesiella sp. AH-173-E17	2269136	1	0	0	0	0	1
Barnesiella	Barnesiella	397864	Barnesiella sp. AH-173-E18	2269137	1	0	0	0	0	1
Barnesiella	Barnesiella	397864	Barnesiella sp. AH-173-E20	2269138	1	0	0	0	0	1
Barnesiella	Barnesiella	397864	Barnesiella sp. AH-173-F04	2269139	1	0	0	0	0	1
Barnesiella	Barnesiella	397864	Barnesiella sp. AH-173-F06	2269140	1	0	0	0	0	1
Barnesiella	Barnesiella	397864	Barnesiella sp. AH-173-F17	2269141	1	0	0	0	0	1
Barnesiella	Barnesiella	397864	Barnesiella sp. AH-173-F18	2269142	1	0	0	0	0	1
Barnesiella	Barnesiella	397864	Barnesiella sp. AH-173-F23	2269143	1	0	0	0	0	1
Barnesiella	Barnesiella	397864	Barnesiella sp. AH-173-G04	2269144	1	0	0	0	0	1
Barnesiella	Barnesiella	397864	Barnesiella sp. AH-173-G10	2269145	1	0	0	0	0	1
Barnesiella	Barnesiella	397864	Barnesiella sp. AH-173-G11	2269146	1	0	0	0	0	1
Barnesiella	Barnesiella	397864	Barnesiella sp. AH-173-G15	2269147	1	0	0	0	0	1
Barnesiella	Barnesiella	397864	Barnesiella sp. AH-173-G16	2269148	1	0	0	0	0	1
Barnesiella	Barnesiella	397864	Barnesiella sp. AH-173-G18	2269149	1	0	0	0	0	1
Barnesiella	Barnesiella	397864	Barnesiella sp. AH-173-H24	2269150	1	0	0	0	0	1
Barnesiella	Barnesiella	397864	Barnesiella sp. AH-173-I05	2269151	1	0	0	0	0	1
Barnesiella	Barnesiella	397864	Barnesiella sp. AH-173-I08	2269152	1	0	0	0	0	1
Barnesiella	Barnesiella	397864	Barnesiella sp. AH-173-I16	2269153	1	0	0	0	0	1
Barnesiella	Barnesiella	397864	Barnesiella sp. AH-173-I19	2269154	1	0	0	0	0	1
Barnesiella	Barnesiella	397864	Barnesiella sp. AH-173-I20	2269155	1	0	0	0	0	1
Barnesiella	Barnesiella	397864	Barnesiella sp. AH-173-J10	2269156	1	0	0	0	0	1
Barnesiella	Barnesiella	397864	Barnesiella sp. AH-173-J15	2269157	1	0	0	0	0	1
Barnesiella	Barnesiella	397864	Barnesiella sp. AH-173-J16	2269158	1	0	0	0	0	1
Barnesiella	Barnesiella	397864	Barnesiella sp. AH-173-J17	2269159	1	0	0	0	0	1
Barnesiella	Barnesiella	397864	Barnesiella sp. AH-173-K11	2269160	1	0	0	0	0	1
Barnesiella	Barnesiella	397864	Barnesiella sp. AH-173-K21	2269161	1	0	0	0	0	1
Barnesiella	Barnesiella	397864	Barnesiella sp. AH-173-L02	2269162	1	0	0	0	0	1
Barnesiella	Barnesiella	397864	Barnesiella sp. AH-173-L03	2269163	1	0	0	0	0	1
Barnesiella	Barnesiella	397864	Barnesiella sp. AH-173-L20	2269164	1	0	0	0	0	1
Barnesiella	Barnesiella	397864	Barnesiella sp. AH-173-L22	2269165	1	0	0	0	0	1
Barnesiella	Barnesiella	397864	Barnesiella sp. AH-173-L23	2269166	1	0	0	0	0	1
Barnesiella	Barnesiella	397864	Barnesiella sp. AH-173-M11	2269167	1	0	0	0	0	1
Barnesiella	Barnesiella	397864	Barnesiella sp. AH-173-M13	2269168	1	0	0	0	0	1
Barnesiella	Barnesiella	397864	Barnesiella sp. AH-173-M14	2269169	1	0	0	0	0	1
Barnesiella	Barnesiella	397864	Barnesiella sp. AH-173-M19	2269170	1	0	0	0	0	1
Barnesiella	Barnesiella	397864	Barnesiella sp. AH-173-M21	2269171	1	0	0	0	0	1
Barnesiella	Barnesiella	397864	Barnesiella sp. AH-173-N04	2269172	1	0	0	0	0	1
Barnesiella	Barnesiella	397864	Barnesiella sp. AH-173-N05	2269173	1	0	0	0	0	1
Barnesiella	Barnesiella	397864	Barnesiella sp. AH-173-N07	2269174	1	0	0	0	0	1
Barnesiella	Barnesiella	397864	Barnesiella sp. AH-173-N11	2269175	1	0	0	0	0	1
Barnesiella	Barnesiella	397864	Barnesiella sp. AH-173-N16	2269176	1	0	0	0	0	1
Barnesiella	Barnesiella	397864	Barnesiella sp. AH-173-N17	2269177	1	0	0	0	0	1
Barnesiella	Barnesiella	397864	Barnesiella sp. AH-173-N19	2269178	1	0	0	0	0	1
Barnesiella	Barnesiella	397864	Barnesiella sp. AH-173-N23	2269179	1	0	0	0	0	1
Barnesiella	Barnesiella	397864	Barnesiella sp. AH-173-O04	2269180	1	0	0	0	0	1
Barnesiella	Barnesiella	397864	Barnesiella sp. AH-173-O06	2269181	1	0	0	0	0	1
Barnesiella	Barnesiella	397864	Barnesiella sp. AH-173-O07	2269182	1	0	0	0	0	1
Barnesiella	Barnesiella	397864	Barnesiella sp. AH-173-O08	2269183	1	0	0	0	0	1
Barnesiella	Barnesiella	397864	Barnesiella sp. AH-173-O10	2269184	1	0	0	0	0	1
Barnesiella	Barnesiella	397864	Barnesiella sp. AH-173-O15	2269185	1	0	0	0	0	1
Barnesiella	Barnesiella	397864	Barnesiella sp. AH-173-O16	2269186	1	0	0	0	0	1
Barnesiella	Barnesiella	397864	Barnesiella sp. AH-173-O17	2269187	1	0	0	0	0	1
Barnesiella	Barnesiella	397864	Barnesiella sp. AH-173-O19	2269188	1	0	0	0	0	1
Barnesiella	Barnesiella	397864	Barnesiella sp. AH-173-P10	2269189	1	0	0	0	0	1
Barnesiella	Barnesiella	397864	Barnesiella sp. AH-173-P13	2269190	1	0	0	0	0	1
Barnesiella	Barnesiella	397864	Barnesiella sp. AH-173-P14	2269191	1	0	0	0	0	1
Barnesiella	Barnesiella	397864	Barnesiella sp. AH-173-P18	2269192	1	0	0	0	0	1
Barnesiella	Barnesiella	397864	Barnesiella sp. AH-173-P19	2269193	1	0	0	0	0	1
Barnesiella	Barnesiella	397864	Barnesiella sp. AH-177-A14	2269194	1	0	0	0	0	1
Barnesiella	Barnesiella	397864	Barnesiella sp. AH-177-A21	2269195	1	0	0	0	0	1
Barnesiella	Barnesiella	397864	Barnesiella sp. AH-177-B02	2269196	1	0	0	0	0	1
Barnesiella	Barnesiella	397864	Barnesiella sp. AH-177-B21	2269197	1	0	0	0	0	1
Barnesiella	Barnesiella	397864	Barnesiella sp. AH-177-C20	2269198	1	0	0	0	0	1
Barnesiella	Barnesiella	397864	Barnesiella sp. AH-177-E02	2269199	1	0	0	0	0	1
Barnesiella	Barnesiella	397864	Barnesiella sp. AH-177-E21	2269200	1	0	0	0	0	1
Barnesiella	Barnesiella	397864	Barnesiella sp. AH-177-F02	2269201	1	0	0	0	0	1
Barnesiella	Barnesiella	397864	Barnesiella sp. AH-177-F14	2269202	1	0	0	0	0	1
Barnesiella	Barnesiella	397864	Barnesiella sp. AH-177-F19	2269203	1	0	0	0	0	1
Barnesiella	Barnesiella	397864	Barnesiella sp. AH-177-G18	2269204	1	0	0	0	0	1
Barnesiella	Barnesiella	397864	Barnesiella sp. AH-177-G21	2269205	1	0	0	0	0	1
Barnesiella	Barnesiella	397864	Barnesiella sp. AH-177-H12	2269206	1	0	0	0	0	1
Barnesiella	Barnesiella	397864	Barnesiella sp. AH-177-I04	2269207	1	0	0	0	0	1
Barnesiella	Barnesiella	397864	Barnesiella sp. AH-177-K22	2269208	1	0	0	0	0	1
Barnesiella	Barnesiella	397864	Barnesiella sp. AH-177-L10	2269209	1	0	0	0	0	1
Barnesiella	Barnesiella	397864	Barnesiella sp. AH-177-M03	2269210	1	0	0	0	0	1
Barnesiella	Barnesiella	397864	Barnesiella sp. AH-177-M10	2269211	1	0	0	0	0	1
Barnesiella	Barnesiella	397864	Barnesiella sp. AH-177-N10	2269212	1	0	0	0	0	1
Barnesiella	Barnesiella	397864	Barnesiella sp. AH-177-O06	2269213	1	0	0	0	0	1
Barnesiella	Barnesiella	397864	Barnesiella sp. AH-177-O07	2269214	1	0	0	0	0	1
Barnesiella	Barnesiella	397864	Barnesiella sp. AH-177-P05	2269215	1	0	0	0	0	1
Barnesiella	Barnesiella	397864	Barnesiella sp. AH-177-P06	2269216	1	0	0	0	0	1
Barnesiella	Barnesiella	397864	Barnesiella sp. AH-177-P13	2269217	1	0	0	0	0	1
Barnesiella	Barnesiella	397864	Barnesiella sp. An22	1965590	8	8	0	0	0	0
Barnesiella	Barnesiella	397864	Barnesiella sp. An55	1965646	1	1	0	0	0	0
Barnesiella	Barnesiella	397864	Barnesiella sp. B2-R-119	2949656	1	1	0	0	0	0
Barnesiella	Barnesiella	397864	Barnesiella sp. CU968	2780099	1	1	0	0	0	0
Barnesiella	Barnesiella	397864	Barnesiella sp. ET7	2972460	1	1	0	0	0	0
Barnesiella	Barnesiella	397864	Barnesiella sp. GGCC_0306	2731211	1	1	0	0	0	0
Barnesiella	Barnesiella	397864	Barnesiella sp. WM24	2558278	3	2	0	1	0	0
Barnesiella	Barnesiella	397864	Barnesiella viscericola	397865	89	66	0	0	4	19
Barnesiella	Barnesiella	397864	Candidatus Barnesiella excrementavium	2838477	3	2	0	0	0	1
Barnesiella	Barnesiella	397864	Candidatus Barnesiella excrementigallinarum	2838478	3	1	0	0	0	2
Barnesiella	Barnesiella	397864	Candidatus Barnesiella excrementipullorum	2838479	17	7	0	0	0	10
Barnesiella	Barnesiella	397864	Candidatus Barnesiella merdigallinarum	2838480	7	6	0	0	0	1
Barnesiella	Barnesiella	397864	Candidatus Barnesiella merdipullorum	2838481	9	1	0	0	0	8
Barnesiella	Barnesiella	397864	uncultured Barnesiella sp.	584861	939	932	0	0	2	5
Beduinella	Beduinella	3151708	Beduinella massiliensis	1852363	1	0	0	0	0	1
Bifidobacterium	Bifidobacterium	1678	Bifidobacterium actinocoloniiforme	638619	2	1	0	0	0	1
Bifidobacterium	Bifidobacterium	1678	Bifidobacterium adolescentis	1680	10192	2684	101	87	9	7311
Bifidobacterium	Bifidobacterium	1678	Bifidobacterium aemilianum	2493120	1	1	0	0	0	0
Bifidobacterium	Bifidobacterium	1678	Bifidobacterium aerophilum	1798155	2	1	0	0	0	1
Bifidobacterium	Bifidobacterium	1678	Bifidobacterium aesculapii	1329411	7	2	0	0	0	5
Bifidobacterium	Bifidobacterium	1678	Bifidobacterium amazonense	2809027	1	0	0	0	0	1
Bifidobacterium	Bifidobacterium	1678	Bifidobacterium angulatum	1683	285	103	3	0	0	179
Bifidobacterium	Bifidobacterium	1678	Bifidobacterium animalis	28025	1497	690	45	2	53	707
Bifidobacterium	Bifidobacterium	1678	Bifidobacterium anseris	2020963	3	0	0	0	0	3
Bifidobacterium	Bifidobacterium	1678	Bifidobacterium apicola	3230739	3	0	0	1	0	2
Bifidobacterium	Bifidobacterium	1678	Bifidobacterium apis	3081440	1	0	0	0	0	1
Bifidobacterium	Bifidobacterium	1678	Bifidobacterium apousia	2750996	10	1	0	3	0	6
Bifidobacterium	Bifidobacterium	1678	Bifidobacterium apri	1769423	7	6	0	0	0	1
Bifidobacterium	Bifidobacterium	1678	Bifidobacterium aquikefiri	1653207	26	0	23	0	0	3
Bifidobacterium	Bifidobacterium	1678	Bifidobacterium aquikefiricola	3059038	1	0	0	0	0	1
Bifidobacterium	Bifidobacterium	1678	Bifidobacterium asteroides	1684	55	9	0	1	25	20
Bifidobacterium	Bifidobacterium	1678	Bifidobacterium avesanii	1798157	2	2	0	0	0	0
Bifidobacterium	Bifidobacterium	1678	Bifidobacterium biavatii	762212	9	1	0	0	6	2
Bifidobacterium	Bifidobacterium	1678	Bifidobacterium bifidum	1681	5095	1632	16	20	14	3413
Bifidobacterium	Bifidobacterium	1678	Bifidobacterium bohemicum	638617	7	4	0	0	1	2
Bifidobacterium	Bifidobacterium	1678	Bifidobacterium bombi	471511	3	0	0	0	1	2
Bifidobacterium	Bifidobacterium	1678	Bifidobacterium boum	78343	179	21	0	0	4	154
Bifidobacterium	Bifidobacterium	1678	Bifidobacterium breve	1685	4152	872	485	71	158	2566
Bifidobacterium	Bifidobacterium	1678	Bifidobacterium callimiconis	2306973	3	1	0	0	0	2
Bifidobacterium	Bifidobacterium	1678	Bifidobacterium callitrichidarum	2052941	6	2	0	0	0	4
Bifidobacterium	Bifidobacterium	1678	Bifidobacterium callitrichos	762209	20	12	0	0	0	8
Bifidobacterium	Bifidobacterium	1678	Bifidobacterium canis	2610880	10	2	0	0	0	8
Bifidobacterium	Bifidobacterium	1678	Bifidobacterium castoris	2306972	3	3	0	0	0	0
Bifidobacterium	Bifidobacterium	1678	Bifidobacterium catenulatum	1686	1113	350	4	1	34	724
Bifidobacterium	Bifidobacterium	1678	Bifidobacterium catulorum	1630173	1	1	0	0	0	0
Bifidobacterium	Bifidobacterium	1678	Bifidobacterium cebidarum	2650773	1	1	0	0	0	0
Bifidobacterium	Bifidobacterium	1678	Bifidobacterium choerinum	35760	109	9	1	0	0	99
Bifidobacterium	Bifidobacterium	1678	Bifidobacterium choladohabitans	2750947	12	0	0	2	0	10
Bifidobacterium	Bifidobacterium	1678	Bifidobacterium choloepi	2614131	1	1	0	0	0	0
Bifidobacterium	Bifidobacterium	1678	Bifidobacterium colobi	2809026	1	0	0	0	0	1
Bifidobacterium	Bifidobacterium	1678	Bifidobacterium commune	1505727	2	0	0	0	0	2
Bifidobacterium	Bifidobacterium	1678	Bifidobacterium coryneforme	1687	18	3	0	1	4	10
Bifidobacterium	Bifidobacterium	1678	Bifidobacterium criceti	1960969	16	4	0	0	0	12
Bifidobacterium	Bifidobacterium	1678	Bifidobacterium crudilactis	327277	43	1	40	0	0	2
Bifidobacterium	Bifidobacterium	1678	Bifidobacterium cuniculi	1688	10	1	0	0	4	5
Bifidobacterium	Bifidobacterium	1678	Bifidobacterium dentium	1689	1067	370	0	51	1	645
Bifidobacterium	Bifidobacterium	1678	Bifidobacterium dolichotidis	2306976	1	1	0	0	0	0
Bifidobacterium	Bifidobacterium	1678	Bifidobacterium erythrocebi	2675325	1	1	0	0	0	0
Bifidobacterium	Bifidobacterium	1678	Bifidobacterium eulemuris	1765219	6	1	0	0	0	5
Bifidobacterium	Bifidobacterium	1678	Bifidobacterium favimelis	3122979	2	0	2	0	0	0
Bifidobacterium	Bifidobacterium	1678	Bifidobacterium felsineum	2045440	2	0	0	0	0	2
Bifidobacterium	Bifidobacterium	1678	Bifidobacterium fermentum	3059035	4	0	1	0	0	3
Bifidobacterium	Bifidobacterium	1678	Bifidobacterium gallicum	78342	11	2	0	0	0	9
Bifidobacterium	Bifidobacterium	1678	Bifidobacterium goeldii	2306975	1	1	0	0	0	0
Bifidobacterium	Bifidobacterium	1678	Bifidobacterium hapali	1630172	5	3	0	0	0	2
Bifidobacterium	Bifidobacterium	1678	Bifidobacterium hominis	3133177	9	2	0	0	0	7
Bifidobacterium	Bifidobacterium	1678	Bifidobacterium imperatoris	2020965	2	1	0	0	0	1
Bifidobacterium	Bifidobacterium	1678	Bifidobacterium indicum	1691	14	1	0	0	4	9
Bifidobacterium	Bifidobacterium	1678	Bifidobacterium italicum	1960968	6	4	0	0	0	2
Bifidobacterium	Bifidobacterium	1678	Bifidobacterium jacchi	2490545	2	1	0	0	0	1
Bifidobacterium	Bifidobacterium	1678	Bifidobacterium kimbladii	1293826	4	1	0	1	0	2
Bifidobacterium	Bifidobacterium	1678	Bifidobacterium lemurum	1603886	5	1	0	0	0	4
Bifidobacterium	Bifidobacterium	1678	Bifidobacterium leontopitheci	2650774	2	1	0	0	0	1
Bifidobacterium	Bifidobacterium	1678	Bifidobacterium longum	216816	16959	4441	79	76	539	11824
Bifidobacterium	Bifidobacterium	1678	Bifidobacterium magnum	1692	9	2	0	0	0	7
Bifidobacterium	Bifidobacterium	1678	Bifidobacterium margollesii	2020964	1	0	0	0	0	1
Bifidobacterium	Bifidobacterium	1678	Bifidobacterium mellis	1293823	5	1	0	2	1	1
Bifidobacterium	Bifidobacterium	1678	Bifidobacterium merycicum	78345	84	10	0	0	1	73
Bifidobacterium	Bifidobacterium	1678	Bifidobacterium miconis	2834435	1	1	0	0	0	0
Bifidobacterium	Bifidobacterium	1678	Bifidobacterium miconisargentati	2834437	1	1	0	0	0	0
Bifidobacterium	Bifidobacterium	1678	Bifidobacterium minimum	1693	10	0	2	0	0	8
Bifidobacterium	Bifidobacterium	1678	Bifidobacterium mizhiense	2879940	1	0	0	0	0	1
Bifidobacterium	Bifidobacterium	1678	Bifidobacterium mongoliense	518643	52	1	29	0	0	22
Bifidobacterium	Bifidobacterium	1678	Bifidobacterium moraviense	2675323	1	1	0	0	0	0
Bifidobacterium	Bifidobacterium	1678	Bifidobacterium moukalabense	1333651	18	0	0	0	0	18
Bifidobacterium	Bifidobacterium	1678	Bifidobacterium myosotis	1630166	6	2	0	0	0	4
Bifidobacterium	Bifidobacterium	1678	Bifidobacterium oedipodis	2675322	1	1	0	0	0	0
Bifidobacterium	Bifidobacterium	1678	Bifidobacterium olomucense	2675324	1	1	0	0	0	0
Bifidobacterium	Bifidobacterium	1678	Bifidobacterium panos	2675321	1	1	0	0	0	0
Bifidobacterium	Bifidobacterium	1678	Bifidobacterium parmae	361854	1	0	0	0	0	1
Bifidobacterium	Bifidobacterium	1678	Bifidobacterium phasiani	2834431	1	1	0	0	0	0
Bifidobacterium	Bifidobacterium	1678	Bifidobacterium platyrrhinorum	2661628	1	1	0	0	0	0
Bifidobacterium	Bifidobacterium	1678	Bifidobacterium pluvialisilvae	2834436	2	1	0	0	0	1
Bifidobacterium	Bifidobacterium	1678	Bifidobacterium polysaccharolyticum	2750967	24	2	0	1	12	9
Bifidobacterium	Bifidobacterium	1678	Bifidobacterium pongonis	2834432	1	1	0	0	0	0
Bifidobacterium	Bifidobacterium	1678	Bifidobacterium porcinum	212365	6	3	0	0	0	3
Bifidobacterium	Bifidobacterium	1678	Bifidobacterium primatium	2045438	1	0	0	0	0	1
Bifidobacterium	Bifidobacterium	1678	Bifidobacterium pseudocatenulatum	28026	6122	1392	4	3	422	4301
Bifidobacterium	Bifidobacterium	1678	Bifidobacterium pseudolongum	1694	1336	898	5	13	10	410
Bifidobacterium	Bifidobacterium	1678	Bifidobacterium psychraerophilum	218140	20	1	14	0	0	5
Bifidobacterium	Bifidobacterium	1678	Bifidobacterium pullorum	78448	548	255	0	0	4	289
Bifidobacterium	Bifidobacterium	1678	Bifidobacterium ramosum	1798158	3	2	0	0	0	1
Bifidobacterium	Bifidobacterium	1678	Bifidobacterium reuteri	983706	19	2	0	0	0	17
Bifidobacterium	Bifidobacterium	1678	Bifidobacterium rousetti	2045439	4	0	0	0	0	4
Bifidobacterium	Bifidobacterium	1678	Bifidobacterium ruminantium	78346	51	11	0	0	1	39
Bifidobacterium	Bifidobacterium	1678	Bifidobacterium saguini	762210	4	2	0	0	0	2
Bifidobacterium	Bifidobacterium	1678	Bifidobacterium saguinibicoloris	2834433	1	1	0	0	0	0
Bifidobacterium	Bifidobacterium	1678	Bifidobacterium saimiriisciurei	2661627	1	1	0	0	0	0
Bifidobacterium	Bifidobacterium	1678	Bifidobacterium samirii	2306974	1	1	0	0	0	0
Bifidobacterium	Bifidobacterium	1678	Bifidobacterium santillanense	2809028	1	0	0	0	0	1
Bifidobacterium	Bifidobacterium	1678	Bifidobacterium scaligerum	2052656	1	1	0	0	0	0
Bifidobacterium	Bifidobacterium	1678	Bifidobacterium scardovii	158787	159	23	0	4	0	132
Bifidobacterium	Bifidobacterium	1678	Bifidobacterium simiarum	2045441	2	0	0	0	0	2
Bifidobacterium	Bifidobacterium	1678	Bifidobacterium simiiventris	2834434	2	1	0	0	0	1
Bifidobacterium	Bifidobacterium	1678	Bifidobacterium sp.	41200	4008	3159	62	5	66	716
Bifidobacterium	Bifidobacterium	1678	Bifidobacterium sp. 2450	3342075	1	0	1	0	0	0
Bifidobacterium	Bifidobacterium	1678	Bifidobacterium sp. 56_9_plus	1897062	1	0	0	0	1	0
Bifidobacterium	Bifidobacterium	1678	Bifidobacterium sp. 7101	1394175	1	1	0	0	0	0
Bifidobacterium	Bifidobacterium	1678	Bifidobacterium sp. A11	1394176	1	1	0	0	0	0
Bifidobacterium	Bifidobacterium	1678	Bifidobacterium sp. A24	359132	1	0	0	0	0	1
Bifidobacterium	Bifidobacterium	1678	Bifidobacterium sp. AGR2158	1280675	1	0	0	0	0	1
Bifidobacterium	Bifidobacterium	1678	Bifidobacterium sp. B18995	2986683	1	1	0	0	0	0
Bifidobacterium	Bifidobacterium	1678	Bifidobacterium sp. B24603	2986688	1	1	0	0	0	0
Bifidobacterium	Bifidobacterium	1678	Bifidobacterium sp. B24610	2986695	1	1	0	0	0	0
Bifidobacterium	Bifidobacterium	1678	Bifidobacterium sp. B24611	2986696	1	1	0	0	0	0
Bifidobacterium	Bifidobacterium	1678	Bifidobacterium sp. B24612	2986697	1	1	0	0	0	0
Bifidobacterium	Bifidobacterium	1678	Bifidobacterium sp. B24615	2986699	1	1	0	0	0	0
Bifidobacterium	Bifidobacterium	1678	Bifidobacterium sp. B24616	2986700	1	1	0	0	0	0
Bifidobacterium	Bifidobacterium	1678	Bifidobacterium sp. B3998	2817963	1	1	0	0	0	0
Bifidobacterium	Bifidobacterium	1678	Bifidobacterium sp. B4001	2817961	1	1	0	0	0	0
Bifidobacterium	Bifidobacterium	1678	Bifidobacterium sp. B4077	2817964	1	1	0	0	0	0
Bifidobacterium	Bifidobacterium	1678	Bifidobacterium sp. B4079	2817960	1	1	0	0	0	0
Bifidobacterium	Bifidobacterium	1678	Bifidobacterium sp. B4081	2817965	1	1	0	0	0	0
Bifidobacterium	Bifidobacterium	1678	Bifidobacterium sp. B4107	2817966	1	1	0	0	0	0
Bifidobacterium	Bifidobacterium	1678	Bifidobacterium sp. B4111	2817967	1	1	0	0	0	0
Bifidobacterium	Bifidobacterium	1678	Bifidobacterium sp. B4114	2817968	1	1	0	0	0	0
Bifidobacterium	Bifidobacterium	1678	Bifidobacterium sp. B4142	2817962	1	1	0	0	0	0
Bifidobacterium	Bifidobacterium	1678	Bifidobacterium sp. BF19	2887349	1	1	0	0	0	0
Bifidobacterium	Bifidobacterium	1678	Bifidobacterium sp. C0013B3	3697439	1	0	0	0	0	1
Bifidobacterium	Bifidobacterium	1678	Bifidobacterium sp. C0013B4	3697438	1	0	0	0	0	1
Bifidobacterium	Bifidobacterium	1678	Bifidobacterium sp. C0013B5	3697437	1	0	0	0	0	1
Bifidobacterium	Bifidobacterium	1678	Bifidobacterium sp. C0047B2	3697428	1	0	0	0	0	1
Bifidobacterium	Bifidobacterium	1678	Bifidobacterium sp. C0047B3	3697427	1	0	0	0	0	1
Bifidobacterium	Bifidobacterium	1678	Bifidobacterium sp. C0047B4	3697426	1	0	0	0	0	1
Bifidobacterium	Bifidobacterium	1678	Bifidobacterium sp. C0047B5	3697425	1	0	0	0	0	1
Bifidobacterium	Bifidobacterium	1678	Bifidobacterium sp. C0085C4	3686407	1	0	0	0	0	1
Bifidobacterium	Bifidobacterium	1678	Bifidobacterium sp. C0255A3	3686403	1	0	0	0	0	1
Bifidobacterium	Bifidobacterium	1678	Bifidobacterium sp. C0255B1	3686402	1	0	0	0	0	1
Bifidobacterium	Bifidobacterium	1678	Bifidobacterium sp. C0255B2	3686401	1	0	0	0	0	1
Bifidobacterium	Bifidobacterium	1678	Bifidobacterium sp. CMB015	2720568	1	0	0	0	0	1
Bifidobacterium	Bifidobacterium	1678	Bifidobacterium sp. CMB044	2720573	1	0	0	0	0	1
Bifidobacterium	Bifidobacterium	1678	Bifidobacterium sp. CMB256	2720577	1	0	0	0	0	1
Bifidobacterium	Bifidobacterium	1678	Bifidobacterium sp. CMB332	2720582	1	0	0	0	0	1
Bifidobacterium	Bifidobacterium	1678	Bifidobacterium sp. CMB342	2720583	1	0	0	0	0	1
Bifidobacterium	Bifidobacterium	1678	Bifidobacterium sp. CMB366	2720584	1	0	0	0	0	1
Bifidobacterium	Bifidobacterium	1678	Bifidobacterium sp. CP2	2809025	1	0	0	0	0	1
Bifidobacterium	Bifidobacterium	1678	Bifidobacterium sp. ESL0170	3448584	1	0	0	0	0	1
Bifidobacterium	Bifidobacterium	1678	Bifidobacterium sp. ESL0198	3448581	1	0	0	0	0	1
Bifidobacterium	Bifidobacterium	1678	Bifidobacterium sp. ESL0200	3448588	1	0	0	0	0	1
Bifidobacterium	Bifidobacterium	1678	Bifidobacterium sp. ESL0682	2983212	1	0	0	0	1	0
Bifidobacterium	Bifidobacterium	1678	Bifidobacterium sp. ESL0690	2983214	1	0	0	0	1	0
Bifidobacterium	Bifidobacterium	1678	Bifidobacterium sp. ESL0704	2983219	1	0	0	0	1	0
Bifidobacterium	Bifidobacterium	1678	Bifidobacterium sp. ESL0728	2983220	1	0	0	0	1	0
Bifidobacterium	Bifidobacterium	1678	Bifidobacterium sp. ESL0732	2983222	1	0	0	0	1	0
Bifidobacterium	Bifidobacterium	1678	Bifidobacterium sp. ESL0735	2983224	1	1	0	0	0	0
Bifidobacterium	Bifidobacterium	1678	Bifidobacterium sp. ESL0744	2983225	1	1	0	0	0	0
Bifidobacterium	Bifidobacterium	1678	Bifidobacterium sp. ESL0745	2983226	1	1	0	0	0	0
Bifidobacterium	Bifidobacterium	1678	Bifidobacterium sp. ESL0763	2983227	1	1	0	0	0	0
Bifidobacterium	Bifidobacterium	1678	Bifidobacterium sp. ESL0764	2983228	1	0	0	0	1	0
Bifidobacterium	Bifidobacterium	1678	Bifidobacterium sp. ESL0769	2983229	1	0	0	0	1	0
Bifidobacterium	Bifidobacterium	1678	Bifidobacterium sp. ESL0775	2983230	1	0	0	0	1	0
Bifidobacterium	Bifidobacterium	1678	Bifidobacterium sp. ESL0784	2983231	1	1	0	0	0	0
Bifidobacterium	Bifidobacterium	1678	Bifidobacterium sp. ESL0790	2983233	1	0	0	0	1	0
Bifidobacterium	Bifidobacterium	1678	Bifidobacterium sp. ESL0798	2983235	1	0	0	0	1	0
Bifidobacterium	Bifidobacterium	1678	Bifidobacterium sp. ESL0800	2983236	1	0	0	0	1	0
Bifidobacterium	Bifidobacterium	1678	Bifidobacterium sp. ESL0819	3448589	1	0	0	0	0	1
Bifidobacterium	Bifidobacterium	1678	Bifidobacterium sp. ESL0820	3448586	1	0	0	0	0	1
Bifidobacterium	Bifidobacterium	1678	Bifidobacterium sp. ESL0822	3448585	1	0	0	0	0	1
Bifidobacterium	Bifidobacterium	1678	Bifidobacterium sp. ESL0824	3448582	1	0	0	0	0	1
Bifidobacterium	Bifidobacterium	1678	Bifidobacterium sp. ESL0825	3448587	1	0	0	0	0	1
Bifidobacterium	Bifidobacterium	1678	Bifidobacterium sp. ESL0827	3448583	1	0	0	0	0	1
Bifidobacterium	Bifidobacterium	1678	Bifidobacterium sp. ESL1115	3448726	1	0	0	0	1	0
Bifidobacterium	Bifidobacterium	1678	Bifidobacterium sp. ESL1118	3448737	1	0	0	0	1	0
Bifidobacterium	Bifidobacterium	1678	Bifidobacterium sp. ESL1127	3448595	1	0	0	0	1	0
Bifidobacterium	Bifidobacterium	1678	Bifidobacterium sp. ESL1130	3448753	1	0	0	0	1	0
Bifidobacterium	Bifidobacterium	1678	Bifidobacterium sp. ESL1133	3448596	1	0	0	0	1	0
Bifidobacterium	Bifidobacterium	1678	Bifidobacterium sp. FKU	2922857	1	1	0	0	0	0
Bifidobacterium	Bifidobacterium	1678	Bifidobacterium sp. FOS_1	2969273	1	0	0	0	1	0
Bifidobacterium	Bifidobacterium	1678	Bifidobacterium sp. FOS_2	2969274	1	0	0	0	1	0
Bifidobacterium	Bifidobacterium	1678	Bifidobacterium sp. FOS_3	2969275	1	0	0	0	1	0
Bifidobacterium	Bifidobacterium	1678	Bifidobacterium sp. FOS_GOS1	2969279	1	0	0	0	1	0
Bifidobacterium	Bifidobacterium	1678	Bifidobacterium sp. FOS_GOS2	2969280	1	0	0	0	1	0
Bifidobacterium	Bifidobacterium	1678	Bifidobacterium sp. FOS_GOS3	2969281	1	0	0	0	1	0
Bifidobacterium	Bifidobacterium	1678	Bifidobacterium sp. GOS_1	2969276	1	0	0	0	1	0
Bifidobacterium	Bifidobacterium	1678	Bifidobacterium sp. GOS_2	2969277	1	0	0	0	1	0
Bifidobacterium	Bifidobacterium	1678	Bifidobacterium sp. GOS_3	2969278	1	0	0	0	1	0
Bifidobacterium	Bifidobacterium	1678	Bifidobacterium sp. H16	2608898	1	0	0	0	0	1
Bifidobacterium	Bifidobacterium	1678	Bifidobacterium sp. H19	2608901	1	0	0	0	0	1
Bifidobacterium	Bifidobacterium	1678	Bifidobacterium sp. H20	2608902	1	0	0	0	0	1
Bifidobacterium	Bifidobacterium	1678	Bifidobacterium sp. H21	2608903	1	0	0	0	0	1
Bifidobacterium	Bifidobacterium	1678	Bifidobacterium sp. H22	2608904	1	0	0	0	0	1
Bifidobacterium	Bifidobacterium	1678	Bifidobacterium sp. H25	2608908	1	0	0	0	0	1
Bifidobacterium	Bifidobacterium	1678	Bifidobacterium sp. H35	2608912	1	0	0	0	0	1
Bifidobacterium	Bifidobacterium	1678	Bifidobacterium sp. H44	2608924	1	0	0	0	0	1
Bifidobacterium	Bifidobacterium	1678	Bifidobacterium sp. H6bp9	3051961	1	0	0	0	0	1
Bifidobacterium	Bifidobacterium	1678	Bifidobacterium sp. JG_Bg468	3229533	1	0	0	0	0	1
Bifidobacterium	Bifidobacterium	1678	Bifidobacterium sp. JNUCC 75	3470097	1	0	1	0	0	0
Bifidobacterium	Bifidobacterium	1678	Bifidobacterium sp. KRGSERBCFTRI	2985571	1	0	0	0	0	1
Bifidobacterium	Bifidobacterium	1678	Bifidobacterium sp. L2	2823958	1	1	0	0	0	0
Bifidobacterium	Bifidobacterium	1678	Bifidobacterium sp. L9	2823959	1	1	0	0	0	0
Bifidobacterium	Bifidobacterium	1678	Bifidobacterium sp. LCP19S3_E9	3440246	1	1	0	0	0	0
Bifidobacterium	Bifidobacterium	1678	Bifidobacterium sp. LCP19S3_H1	3440249	1	1	0	0	0	0
Bifidobacterium	Bifidobacterium	1678	Bifidobacterium sp. LH_230	3388813	1	0	0	0	0	1
Bifidobacterium	Bifidobacterium	1678	Bifidobacterium sp. LH_274	3388814	1	0	0	0	0	1
Bifidobacterium	Bifidobacterium	1678	Bifidobacterium sp. LH_312	3388815	1	0	0	0	0	1
Bifidobacterium	Bifidobacterium	1678	Bifidobacterium sp. LH_384	3388816	1	0	0	0	0	1
Bifidobacterium	Bifidobacterium	1678	Bifidobacterium sp. LH_389	3388817	1	0	0	0	0	1
Bifidobacterium	Bifidobacterium	1678	Bifidobacterium sp. LH_410	3388818	1	0	0	0	0	1
Bifidobacterium	Bifidobacterium	1678	Bifidobacterium sp. LH_413	3388819	1	0	0	0	0	1
Bifidobacterium	Bifidobacterium	1678	Bifidobacterium sp. LH_416	3388820	1	0	0	0	0	1
Bifidobacterium	Bifidobacterium	1678	Bifidobacterium sp. LH_417	3388821	1	0	0	0	0	1
Bifidobacterium	Bifidobacterium	1678	Bifidobacterium sp. LH_418	3388822	1	0	0	0	0	1
Bifidobacterium	Bifidobacterium	1678	Bifidobacterium sp. LH_419	3388823	1	0	0	0	0	1
Bifidobacterium	Bifidobacterium	1678	Bifidobacterium sp. LH_421	3388824	1	0	0	0	0	1
Bifidobacterium	Bifidobacterium	1678	Bifidobacterium sp. LH_424	3388825	1	0	0	0	0	1
Bifidobacterium	Bifidobacterium	1678	Bifidobacterium sp. LH_426	3388826	1	0	0	0	0	1
Bifidobacterium	Bifidobacterium	1678	Bifidobacterium sp. LH_449	3388827	1	0	0	0	0	1
Bifidobacterium	Bifidobacterium	1678	Bifidobacterium sp. LH_450	3388828	1	0	0	0	0	1
Bifidobacterium	Bifidobacterium	1678	Bifidobacterium sp. LH_456	3388829	1	0	0	0	0	1
Bifidobacterium	Bifidobacterium	1678	Bifidobacterium sp. LH_457	3388830	1	0	0	0	0	1
Bifidobacterium	Bifidobacterium	1678	Bifidobacterium sp. LH_470	3388831	1	0	0	0	0	1
Bifidobacterium	Bifidobacterium	1678	Bifidobacterium sp. LH_491	3388832	1	0	0	0	0	1
Bifidobacterium	Bifidobacterium	1678	Bifidobacterium sp. LH_512	3388833	1	0	0	0	0	1
Bifidobacterium	Bifidobacterium	1678	Bifidobacterium sp. LH_521	3388834	1	0	0	0	0	1
Bifidobacterium	Bifidobacterium	1678	Bifidobacterium sp. LH_558	3388835	1	0	0	0	0	1
Bifidobacterium	Bifidobacterium	1678	Bifidobacterium sp. LH_605	3388836	1	0	0	0	0	1
Bifidobacterium	Bifidobacterium	1678	Bifidobacterium sp. LH_716	3388837	1	0	0	0	0	1
Bifidobacterium	Bifidobacterium	1678	Bifidobacterium sp. LH_717	3388838	1	0	0	0	0	1
Bifidobacterium	Bifidobacterium	1678	Bifidobacterium sp. LH_718	3388839	1	0	0	0	0	1
Bifidobacterium	Bifidobacterium	1678	Bifidobacterium sp. LH_725	3388840	1	0	0	0	0	1
Bifidobacterium	Bifidobacterium	1678	Bifidobacterium sp. LH_730	3388841	1	0	0	0	0	1
Bifidobacterium	Bifidobacterium	1678	Bifidobacterium sp. LH_743	3388842	1	0	0	0	0	1
Bifidobacterium	Bifidobacterium	1678	Bifidobacterium sp. LIN60	3799480	1	1	0	0	0	0
Bifidobacterium	Bifidobacterium	1678	Bifidobacterium sp. M02406	2986703	1	1	0	0	0	0
Bifidobacterium	Bifidobacterium	1678	Bifidobacterium sp. M03010	2986709	1	1	0	0	0	0
Bifidobacterium	Bifidobacterium	1678	Bifidobacterium sp. M03015-2	2986712	1	1	0	0	0	0
Bifidobacterium	Bifidobacterium	1678	Bifidobacterium sp. M03018	2986714	1	1	0	0	0	0
Bifidobacterium	Bifidobacterium	1678	Bifidobacterium sp. M03027-2	2986722	1	1	0	0	0	0
Bifidobacterium	Bifidobacterium	1678	Bifidobacterium sp. M03034	2986728	1	1	0	0	0	0
Bifidobacterium	Bifidobacterium	1678	Bifidobacterium sp. M03035	2986729	1	1	0	0	0	0
Bifidobacterium	Bifidobacterium	1678	Bifidobacterium sp. M03042	2986734	1	1	0	0	0	0
Bifidobacterium	Bifidobacterium	1678	Bifidobacterium sp. M03043	2986735	1	1	0	0	0	0
Bifidobacterium	Bifidobacterium	1678	Bifidobacterium sp. M03044	2986736	1	1	0	0	0	0
Bifidobacterium	Bifidobacterium	1678	Bifidobacterium sp. M03045	2986737	1	1	0	0	0	0
Bifidobacterium	Bifidobacterium	1678	Bifidobacterium sp. M03046	2986738	1	1	0	0	0	0
Bifidobacterium	Bifidobacterium	1678	Bifidobacterium sp. M03047	2986739	1	1	0	0	0	0
Bifidobacterium	Bifidobacterium	1678	Bifidobacterium sp. M03048	2986740	1	1	0	0	0	0
Bifidobacterium	Bifidobacterium	1678	Bifidobacterium sp. M03049	2986741	1	1	0	0	0	0
Bifidobacterium	Bifidobacterium	1678	Bifidobacterium sp. M0307	2751017	2	0	0	0	0	2
Bifidobacterium	Bifidobacterium	1678	Bifidobacterium sp. M0353	2751006	2	0	0	0	0	2
Bifidobacterium	Bifidobacterium	1678	Bifidobacterium sp. M0399	2751008	2	0	0	0	0	2
Bifidobacterium	Bifidobacterium	1678	Bifidobacterium sp. M0404	2750977	2	0	0	0	0	2
Bifidobacterium	Bifidobacterium	1678	Bifidobacterium sp. M1543	2986750	1	1	0	0	0	0
Bifidobacterium	Bifidobacterium	1678	Bifidobacterium sp. M3-N-101	2949653	1	1	0	0	0	0
Bifidobacterium	Bifidobacterium	1678	Bifidobacterium sp. M3-R-103	2949652	1	1	0	0	0	0
Bifidobacterium	Bifidobacterium	1678	Bifidobacterium sp. MSK.13.1	2849165	1	1	0	0	0	0
Bifidobacterium	Bifidobacterium	1678	Bifidobacterium sp. MSK.13.7	2849166	1	1	0	0	0	0
Bifidobacterium	Bifidobacterium	1678	Bifidobacterium sp. MSK.17.10	2849167	1	1	0	0	0	0
Bifidobacterium	Bifidobacterium	1678	Bifidobacterium sp. MSK23_125	2884902	1	1	0	0	0	0
Bifidobacterium	Bifidobacterium	1678	Bifidobacterium sp. MSK23_139	2884905	1	1	0	0	0	0
Bifidobacterium	Bifidobacterium	1678	Bifidobacterium sp. MSTE12	1161409	2	0	0	0	0	2
Bifidobacterium	Bifidobacterium	1678	Bifidobacterium sp. N4G05	2013020	3	2	0	1	0	0
Bifidobacterium	Bifidobacterium	1678	Bifidobacterium sp. N5G01	2013021	1	0	0	1	0	0
Bifidobacterium	Bifidobacterium	1678	Bifidobacterium sp. POST2/T3 (B1)	3688093	1	0	0	0	1	0
Bifidobacterium	Bifidobacterium	1678	Bifidobacterium sp. PP167	2986752	1	1	0	0	0	0
Bifidobacterium	Bifidobacterium	1678	Bifidobacterium sp. PP168	2986753	1	1	0	0	0	0
Bifidobacterium	Bifidobacterium	1678	Bifidobacterium sp. PP169	2986754	1	1	0	0	0	0
Bifidobacterium	Bifidobacterium	1678	Bifidobacterium sp. RACS_AR14	2871951	1	1	0	0	0	0
Bifidobacterium	Bifidobacterium	1678	Bifidobacterium sp. RACS_AR15	2871952	1	1	0	0	0	0
Bifidobacterium	Bifidobacterium	1678	Bifidobacterium sp. RACS_AR17	2871954	1	1	0	0	0	0
Bifidobacterium	Bifidobacterium	1678	Bifidobacterium sp. RACS_AR18	2871955	1	1	0	0	0	0
Bifidobacterium	Bifidobacterium	1678	Bifidobacterium sp. RACS_AR31	2871968	1	1	0	0	0	0
Bifidobacterium	Bifidobacterium	1678	Bifidobacterium sp. RACS_AR32	2871969	1	1	0	0	0	0
Bifidobacterium	Bifidobacterium	1678	Bifidobacterium sp. RACS_AR33	2871970	1	1	0	0	0	0
Bifidobacterium	Bifidobacterium	1678	Bifidobacterium sp. RACS_AR34	2871971	1	1	0	0	0	0
Bifidobacterium	Bifidobacterium	1678	Bifidobacterium sp. RACS_AR35	2871972	1	1	0	0	0	0
Bifidobacterium	Bifidobacterium	1678	Bifidobacterium sp. RACS_AR36	2871973	1	1	0	0	0	0
Bifidobacterium	Bifidobacterium	1678	Bifidobacterium sp. RACS_AR37	2871974	1	1	0	0	0	0
Bifidobacterium	Bifidobacterium	1678	Bifidobacterium sp. RACS_AR38	2871975	1	1	0	0	0	0
Bifidobacterium	Bifidobacterium	1678	Bifidobacterium sp. RACS_AR39	2871976	1	1	0	0	0	0
Bifidobacterium	Bifidobacterium	1678	Bifidobacterium sp. RACS_AR40	2871977	1	1	0	0	0	0
Bifidobacterium	Bifidobacterium	1678	Bifidobacterium sp. RACS_AR56	2871993	1	1	0	0	0	0
Bifidobacterium	Bifidobacterium	1678	Bifidobacterium sp. RACS_AR57	2871994	1	1	0	0	0	0
Bifidobacterium	Bifidobacterium	1678	Bifidobacterium sp. RACS_AR58	2871995	1	1	0	0	0	0
Bifidobacterium	Bifidobacterium	1678	Bifidobacterium sp. RACS_AR59	2871996	1	1	0	0	0	0
Bifidobacterium	Bifidobacterium	1678	Bifidobacterium sp. RACS_AR60	2871997	1	1	0	0	0	0
Bifidobacterium	Bifidobacterium	1678	Bifidobacterium sp. RACS_AR61	2871998	1	1	0	0	0	0
Bifidobacterium	Bifidobacterium	1678	Bifidobacterium sp. RACS_AR62	2871999	1	1	0	0	0	0
Bifidobacterium	Bifidobacterium	1678	Bifidobacterium sp. RACS_AR63	2872000	1	1	0	0	0	0
Bifidobacterium	Bifidobacterium	1678	Bifidobacterium sp. RACS_AR64	2872001	1	1	0	0	0	0
Bifidobacterium	Bifidobacterium	1678	Bifidobacterium sp. RACS_AR65	2872002	1	1	0	0	0	0
Bifidobacterium	Bifidobacterium	1678	Bifidobacterium sp. RACS_AR66	2872003	1	1	0	0	0	0
Bifidobacterium	Bifidobacterium	1678	Bifidobacterium sp. RACS_AR67	2872004	1	1	0	0	0	0
Bifidobacterium	Bifidobacterium	1678	Bifidobacterium sp. RACS_AR71	2872008	1	1	0	0	0	0
Bifidobacterium	Bifidobacterium	1678	Bifidobacterium sp. RACS_AR72	2872009	1	1	0	0	0	0
Bifidobacterium	Bifidobacterium	1678	Bifidobacterium sp. RTP21102st3_E2_RTP21102_210122	3143206	1	1	0	0	0	0
Bifidobacterium	Bifidobacterium	1678	Bifidobacterium sp. SKU	2922859	1	1	0	0	0	0
Bifidobacterium	Bifidobacterium	1678	Bifidobacterium sp. SMB2	2661626	1	1	0	0	0	0
Bifidobacterium	Bifidobacterium	1678	Bifidobacterium sp. SO1	2809029	1	0	0	0	0	1
Bifidobacterium	Bifidobacterium	1678	Bifidobacterium sp. SO4	2809030	1	0	0	0	0	1
Bifidobacterium	Bifidobacterium	1678	Bifidobacterium sp. TISTR 2591	3869773	1	0	0	0	1	0
Bifidobacterium	Bifidobacterium	1678	Bifidobacterium sp. TISTR 2737	3869774	1	0	1	0	0	0
Bifidobacterium	Bifidobacterium	1678	Bifidobacterium sp. TISTR 2893	3869775	1	1	0	0	0	0
Bifidobacterium	Bifidobacterium	1678	Bifidobacterium sp. TISTR 2986	3869776	1	0	0	0	1	0
Bifidobacterium	Bifidobacterium	1678	Bifidobacterium sp. TKU	2922858	1	1	0	0	0	0
Bifidobacterium	Bifidobacterium	1678	Bifidobacterium sp. UBA1086	1946093	1	1	0	0	0	0
Bifidobacterium	Bifidobacterium	1678	Bifidobacterium sp. UBA1109	1946094	1	1	0	0	0	0
Bifidobacterium	Bifidobacterium	1678	Bifidobacterium sp. UBA1623	1946095	1	1	0	0	0	0
Bifidobacterium	Bifidobacterium	1678	Bifidobacterium sp. UBA4282	1946096	1	0	0	1	0	0
Bifidobacterium	Bifidobacterium	1678	Bifidobacterium sp. UBA4633	1946097	1	1	0	0	0	0
Bifidobacterium	Bifidobacterium	1678	Bifidobacterium sp. UBA4679	1946098	1	1	0	0	0	0
Bifidobacterium	Bifidobacterium	1678	Bifidobacterium sp. UBA6343	1946099	1	1	0	0	0	0
Bifidobacterium	Bifidobacterium	1678	Bifidobacterium sp. UBA6396	1946100	1	1	0	0	0	0
Bifidobacterium	Bifidobacterium	1678	Bifidobacterium sp. UBA6425	1946101	1	1	0	0	0	0
Bifidobacterium	Bifidobacterium	1678	Bifidobacterium sp. UBA6444	1946102	1	1	0	0	0	0
Bifidobacterium	Bifidobacterium	1678	Bifidobacterium sp. UBA6460	1946103	1	1	0	0	0	0
Bifidobacterium	Bifidobacterium	1678	Bifidobacterium sp. UBA6481	1946104	1	1	0	0	0	0
Bifidobacterium	Bifidobacterium	1678	Bifidobacterium sp. UBA6835	1946105	1	1	0	0	0	0
Bifidobacterium	Bifidobacterium	1678	Bifidobacterium sp. UBA6839	1946106	1	1	0	0	0	0
Bifidobacterium	Bifidobacterium	1678	Bifidobacterium sp. UBA6860	1946107	1	1	0	0	0	0
Bifidobacterium	Bifidobacterium	1678	Bifidobacterium sp. UBA6869	1946108	1	1	0	0	0	0
Bifidobacterium	Bifidobacterium	1678	Bifidobacterium sp. UBA6881	1946109	1	1	0	0	0	0
Bifidobacterium	Bifidobacterium	1678	Bifidobacterium sp. UBA6889	1946110	1	1	0	0	0	0
Bifidobacterium	Bifidobacterium	1678	Bifidobacterium sp. UBA741	1946111	1	1	0	0	0	0
Bifidobacterium	Bifidobacterium	1678	Bifidobacterium sp. UBA744	1946112	1	1	0	0	0	0
Bifidobacterium	Bifidobacterium	1678	Bifidobacterium sp. UBA7556	1946113	1	1	0	0	0	0
Bifidobacterium	Bifidobacterium	1678	Bifidobacterium sp. UBA7585	1946114	1	1	0	0	0	0
Bifidobacterium	Bifidobacterium	1678	Bifidobacterium sp. UBA7866	1946115	1	1	0	0	0	0
Bifidobacterium	Bifidobacterium	1678	Bifidobacterium sp. UBA787	1946116	1	1	0	0	0	0
Bifidobacterium	Bifidobacterium	1678	Bifidobacterium sp. UMB1197	3046326	1	0	0	0	0	1
Bifidobacterium	Bifidobacterium	1678	Bifidobacterium sp. UMB6791A	3050605	1	0	0	0	0	1
Bifidobacterium	Bifidobacterium	1678	Bifidobacterium sp. UMB6791B	3046316	1	0	0	0	0	1
Bifidobacterium	Bifidobacterium	1678	Bifidobacterium sp. UMB6794B	3050596	1	0	0	1	0	0
Bifidobacterium	Bifidobacterium	1678	Bifidobacterium sp. UTBIF-56	1465261	1	1	0	0	0	0
Bifidobacterium	Bifidobacterium	1678	Bifidobacterium sp. UTBIF-68	1465262	1	1	0	0	0	0
Bifidobacterium	Bifidobacterium	1678	Bifidobacterium sp. UTBIF-78	1465263	1	1	0	0	0	0
Bifidobacterium	Bifidobacterium	1678	Bifidobacterium sp. UTCIF-1	1465255	1	1	0	0	0	0
Bifidobacterium	Bifidobacterium	1678	Bifidobacterium sp. UTCIF-24	1465256	1	1	0	0	0	0
Bifidobacterium	Bifidobacterium	1678	Bifidobacterium sp. UTCIF-3	1465257	1	1	0	0	0	0
Bifidobacterium	Bifidobacterium	1678	Bifidobacterium sp. UTCIF-36	1465258	1	1	0	0	0	0
Bifidobacterium	Bifidobacterium	1678	Bifidobacterium sp. UTCIF-37	1465259	1	1	0	0	0	0
Bifidobacterium	Bifidobacterium	1678	Bifidobacterium sp. UTCIF-38	1465260	1	1	0	0	0	0
Bifidobacterium	Bifidobacterium	1678	Bifidobacterium sp. UTCIF-39	1465359	1	1	0	0	0	0
Bifidobacterium	Bifidobacterium	1678	Bifidobacterium sp. VU/mBH4 (B4)	3688092	1	0	0	0	1	0
Bifidobacterium	Bifidobacterium	1678	Bifidobacterium sp. W8103	2751000	2	0	0	0	0	2
Bifidobacterium	Bifidobacterium	1678	Bifidobacterium sp. W8104	2751001	2	0	0	0	0	2
Bifidobacterium	Bifidobacterium	1678	Bifidobacterium sp. W8105	2751002	2	0	0	0	0	2
Bifidobacterium	Bifidobacterium	1678	Bifidobacterium sp. W8107	2751004	2	0	0	0	0	2
Bifidobacterium	Bifidobacterium	1678	Bifidobacterium sp. W8108	2750941	2	0	0	0	0	2
Bifidobacterium	Bifidobacterium	1678	Bifidobacterium sp. W8110	2750975	2	0	0	0	0	2
Bifidobacterium	Bifidobacterium	1678	Bifidobacterium sp. W8112	2750974	2	0	0	0	0	2
Bifidobacterium	Bifidobacterium	1678	Bifidobacterium sp. W8114	2750988	2	0	0	0	0	2
Bifidobacterium	Bifidobacterium	1678	Bifidobacterium sp. W8120	2750998	2	0	0	0	0	2
Bifidobacterium	Bifidobacterium	1678	Bifidobacterium sp. WB2880	2939929	1	0	0	0	0	1
Bifidobacterium	Bifidobacterium	1678	Bifidobacterium sp. WB4392	2939991	1	0	0	0	0	1
Bifidobacterium	Bifidobacterium	1678	Bifidobacterium sp. WB4402	2940001	1	0	0	0	0	1
Bifidobacterium	Bifidobacterium	1678	Bifidobacterium sp. WB4404	2940003	1	0	0	0	0	1
Bifidobacterium	Bifidobacterium	1678	Bifidobacterium sp. WB4417	2940015	1	0	0	0	0	1
Bifidobacterium	Bifidobacterium	1678	Bifidobacterium sp. WCA-178-WT-4B	2605776	1	1	0	0	0	0
Bifidobacterium	Bifidobacterium	1678	Bifidobacterium sp. wkB338	2025114	1	1	0	0	0	0
Bifidobacterium	Bifidobacterium	1678	Bifidobacterium sp. wkB344	2025113	1	1	0	0	0	0
Bifidobacterium	Bifidobacterium	1678	Bifidobacterium sp. YIT 13610	3383156	1	1	0	0	0	0
Bifidobacterium	Bifidobacterium	1678	Bifidobacterium sp. YIT 13611	3383155	1	1	0	0	0	0
Bifidobacterium	Bifidobacterium	1678	Bifidobacterium sp. YIT 13612	3383157	1	1	0	0	0	0
Bifidobacterium	Bifidobacterium	1678	Bifidobacterium stellenboschense	762211	6	1	0	0	4	1
Bifidobacterium	Bifidobacterium	1678	Bifidobacterium subtile	77635	15	1	7	0	0	7
Bifidobacterium	Bifidobacterium	1678	Bifidobacterium thermacidophilum	246618	24	7	4	0	2	11
Bifidobacterium	Bifidobacterium	1678	Bifidobacterium thermophilum	33905	181	33	1	1	0	146
Bifidobacterium	Bifidobacterium	1678	Bifidobacterium tibiigranuli	2172043	18	0	18	0	0	0
Bifidobacterium	Bifidobacterium	1678	Bifidobacterium tissieri	1630162	6	2	0	0	0	4
Bifidobacterium	Bifidobacterium	1678	Bifidobacterium tsurumiense	356829	10	3	0	1	0	6
Bifidobacterium	Bifidobacterium	1678	Bifidobacterium vansinderenii	1984871	4	0	0	0	0	4
Bifidobacterium	Bifidobacterium	1678	Bifidobacterium vespertilionis	2562524	5	2	0	0	0	3
Bifidobacterium	Bifidobacterium	1678	Bifidobacterium xylocopae	2493119	1	1	0	0	0	0
Bifidobacterium	Bifidobacterium	1678	uncultured Bifidobacterium sp.	165187	1427	1261	72	7	85	2
Blautia	Blautia	572511	Blautia acetica	3133036	23	1	0	0	0	22
Blautia	Blautia	572511	Blautia acetigignens	2981783	29	28	0	0	0	1
Blautia	Blautia	572511	Blautia ammoniilytica	2981782	27	27	0	0	0	0
Blautia	Blautia	572511	Blautia aquisgranensis	3133153	3	2	0	0	0	1
Blautia	Blautia	572511	Blautia argi	1912897	26	16	0	0	0	10
Blautia	Blautia	572511	Blautia caccae	3133175	1	0	0	0	0	1
Blautia	Blautia	572511	Blautia caecimuris	1796615	162	155	1	1	0	5
Blautia	Blautia	572511	Blautia celeris	2763026	180	174	0	0	0	6
Blautia	Blautia	572511	Blautia difficilis	2763027	33	31	0	0	0	2
Blautia	Blautia	572511	Blautia faecicola	2509240	53	51	0	0	0	2
Blautia	Blautia	572511	Blautia faecis	871665	335	301	3	1	1	29
Blautia	Blautia	572511	Blautia fusiformis	2881264	142	126	0	0	0	16
Blautia	Blautia	572511	Blautia glucerasea	536633	39	29	0	0	0	10
Blautia	Blautia	572511	Blautia hansenii	1322	459	382	0	0	0	77
Blautia	Blautia	572511	Blautia hominis	2025493	48	39	0	0	0	9
Blautia	Blautia	572511	Blautia hydrogenotrophica	53443	235	111	0	1	0	123
Blautia	Blautia	572511	Blautia intestinalis	2763028	6	1	0	0	0	5
Blautia	Blautia	572511	Blautia intestinihominis	3133152	41	38	0	0	0	3
Blautia	Blautia	572511	Blautia lenta	2763029	1	1	0	0	0	0
Blautia	Blautia	572511	Blautia liquoris	2779518	8	2	1	0	0	5
Blautia	Blautia	572511	Blautia luti	89014	84	52	0	0	0	32
Blautia	Blautia	572511	Blautia marasmi	1917868	43	10	0	0	0	33
Blautia	Blautia	572511	Blautia massiliensis (ex Durand et al. 2017)	1737424	399	376	0	1	0	22
Blautia	Blautia	572511	Blautia massiliensis (ex Liu et al. 2021)	3062492	8	3	0	0	0	5
Blautia	Blautia	572511	Blautia obeum	40520	1073	533	2	2	1	535
Blautia	Blautia	572511	Blautia parvula	2877527	5	2	0	0	1	2
Blautia	Blautia	572511	Blautia phocaeensis	1917888	4	0	0	0	0	4
Blautia	Blautia	572511	Blautia producta	33035	497	316	6	0	1	174
Blautia	Blautia	572511	Blautia provencensis	1936059	2	0	0	0	0	2
Blautia	Blautia	572511	Blautia pseudococcoides	1796616	42	12	0	0	0	30
Blautia	Blautia	572511	Blautia schinkii	180164	58	21	1	0	0	36
Blautia	Blautia	572511	Blautia segnis	2763030	1	1	0	0	0	0
Blautia	Blautia	572511	Blautia sp.	1955243	10207	1215	29	1	10	8952
Blautia	Blautia	572511	Blautia sp. 1001283B150304_161114_C9	2787821	1	1	0	0	0	0
Blautia	Blautia	572511	Blautia sp. 1033sp1_1033st1_G9_1033SCRN_220408	3144490	1	1	0	0	0	0
Blautia	Blautia	572511	Blautia sp. 210702-DFI.1.159	2883262	1	1	0	0	0	0
Blautia	Blautia	572511	Blautia sp. 210820-DFI.6.14	2883263	1	1	0	0	0	0
Blautia	Blautia	572511	Blautia sp. 2227st1_G12_2227SCRN_220401	3143057	2	2	0	0	0	0
Blautia	Blautia	572511	Blautia sp. aa_0143	2478953	1	1	0	0	0	0
Blautia	Blautia	572511	Blautia sp. AF13-16	2292195	1	1	0	0	0	0
Blautia	Blautia	572511	Blautia sp. AF14-40	2292958	1	1	0	0	0	0
Blautia	Blautia	572511	Blautia sp. AF17-9LB	2292959	1	1	0	0	0	0
Blautia	Blautia	572511	Blautia sp. AF19-1	2292960	1	1	0	0	0	0
Blautia	Blautia	572511	Blautia sp. AF19-10LB	2292961	11	11	0	0	0	0
Blautia	Blautia	572511	Blautia sp. AF19-13LB	2292962	1	1	0	0	0	0
Blautia	Blautia	572511	Blautia sp. AF19-34	2292963	7	7	0	0	0	0
Blautia	Blautia	572511	Blautia sp. AF22-5LB	2292964	1	1	0	0	0	0
Blautia	Blautia	572511	Blautia sp. AF25-12LB	2292965	1	1	0	0	0	0
Blautia	Blautia	572511	Blautia sp. AF26-2	2292966	1	1	0	0	0	0
Blautia	Blautia	572511	Blautia sp. AF32-4BH	2292967	1	1	0	0	0	0
Blautia	Blautia	572511	Blautia sp. AF34-10	2292968	1	1	0	0	0	0
Blautia	Blautia	572511	Blautia sp. AM16-16B	2292969	1	1	0	0	0	0
Blautia	Blautia	572511	Blautia sp. AM22-22LB	2292970	1	1	0	0	0	0
Blautia	Blautia	572511	Blautia sp. AM23-13AC	2292971	1	1	0	0	0	0
Blautia	Blautia	572511	Blautia sp. AM28-10	2292972	1	1	0	0	0	0
Blautia	Blautia	572511	Blautia sp. AM28-27	2292973	1	1	0	0	0	0
Blautia	Blautia	572511	Blautia sp. AM28-36	2292974	1	1	0	0	0	0
Blautia	Blautia	572511	Blautia sp. AM29-29	2292975	1	1	0	0	0	0
Blautia	Blautia	572511	Blautia sp. AM42-2	2292976	1	1	0	0	0	0
Blautia	Blautia	572511	Blautia sp. AM46-3MH	2292977	1	1	0	0	0	0
Blautia	Blautia	572511	Blautia sp. AM46-5	2292978	1	1	0	0	0	0
Blautia	Blautia	572511	Blautia sp. AM47-4	2292979	1	1	0	0	0	0
Blautia	Blautia	572511	Blautia sp. An249	1965603	1	1	0	0	0	0
Blautia	Blautia	572511	Blautia sp. An46	1965636	1	1	0	0	0	0
Blautia	Blautia	572511	Blautia sp. An81	1965659	2	1	0	0	1	0
Blautia	Blautia	572511	Blautia sp. BCRC 81119	2212480	1	1	0	0	0	0
Blautia	Blautia	572511	Blautia sp. BIOML-A1	2584624	28	26	0	0	0	2
Blautia	Blautia	572511	Blautia sp. C3-R-101	2949654	1	1	0	0	0	0
Blautia	Blautia	572511	Blautia sp. CAG:237	1262755	2	1	0	0	1	0
Blautia	Blautia	572511	Blautia sp. CAG:257	1262756	2	2	0	0	0	0
Blautia	Blautia	572511	Blautia sp. CAG:37	1262757	1	1	0	0	0	0
Blautia	Blautia	572511	Blautia sp. CAG:37_48_57	1896976	1	0	0	0	1	0
Blautia	Blautia	572511	Blautia sp. CAG:52	1262758	1	1	0	0	0	0
Blautia	Blautia	572511	Blautia sp. CGZ-1-C1	3696646	2	2	0	0	0	0
Blautia	Blautia	572511	Blautia sp. DFI.1.216	2885264	1	1	0	0	0	0
Blautia	Blautia	572511	Blautia sp. DFI.3.45	2885261	1	1	0	0	0	0
Blautia	Blautia	572511	Blautia sp. DFI.4.84	2885259	1	1	0	0	0	0
Blautia	Blautia	572511	Blautia sp. DFI.6.71	2885262	1	1	0	0	0	0
Blautia	Blautia	572511	Blautia sp. DFI.9.10	2965276	1	1	0	0	0	0
Blautia	Blautia	572511	Blautia sp. DFI.9.9	2885260	1	1	0	0	0	0
Blautia	Blautia	572511	Blautia sp. DSM 107275_Cas X	3739065	1	1	0	0	0	0
Blautia	Blautia	572511	Blautia sp. DSM 107275_CjCas9	3739066	1	1	0	0	0	0
Blautia	Blautia	572511	Blautia sp. GBKS_5	3459305	1	1	0	0	0	0
Blautia	Blautia	572511	Blautia sp. HA3515	3803157	1	0	0	0	0	1
Blautia	Blautia	572511	Blautia sp. HA8986	3695678	3	3	0	0	0	0
Blautia	Blautia	572511	Blautia sp. HA9006	3695679	3	3	0	0	0	0
Blautia	Blautia	572511	Blautia sp. HA9023	3695680	3	3	0	0	0	0
Blautia	Blautia	572511	Blautia sp. HCN-1074	3134667	1	1	0	0	0	0
Blautia	Blautia	572511	Blautia sp. HCN-20427	3134659	1	1	0	0	0	0
Blautia	Blautia	572511	Blautia sp. HCP28S3_G10	3438908	1	1	0	0	0	0
Blautia	Blautia	572511	Blautia sp. HCP3S3_B11	3438909	1	1	0	0	0	0
Blautia	Blautia	572511	Blautia sp. HCP3S3_C12	3438910	1	1	0	0	0	0
Blautia	Blautia	572511	Blautia sp. HCP3S3_C4	3438911	1	1	0	0	0	0
Blautia	Blautia	572511	Blautia sp. HCP3S3_D9	3438912	1	1	0	0	0	0
Blautia	Blautia	572511	Blautia sp. HCP3S3_G3	3438913	1	1	0	0	0	0
Blautia	Blautia	572511	Blautia sp. HCP3S3_G8	3438745	1	1	0	0	0	0
Blautia	Blautia	572511	Blautia sp. HCP3S3_H10_1	3438746	1	1	0	0	0	0
Blautia	Blautia	572511	Blautia sp. HCP3S3_H10_2	3438747	1	1	0	0	0	0
Blautia	Blautia	572511	Blautia sp. HCP3S3_H11	3438748	1	1	0	0	0	0
Blautia	Blautia	572511	Blautia sp. ICN-22010	3134653	1	1	0	0	0	0
Blautia	Blautia	572511	Blautia sp. JLR.GB0024	3123295	1	1	0	0	0	0
Blautia	Blautia	572511	Blautia sp. KLE 1732	1226324	1	1	0	0	0	0
Blautia	Blautia	572511	Blautia sp. KLE_1732_HM_1032	2860051	1	0	0	0	0	1
Blautia	Blautia	572511	Blautia sp. LMAG:14	1969165	1	1	0	0	0	0
Blautia	Blautia	572511	Blautia sp. LMAG:30	1969167	1	1	0	0	0	0
Blautia	Blautia	572511	Blautia sp. LMAG:36	1969168	1	1	0	0	0	0
Blautia	Blautia	572511	Blautia sp. LMAG:62	1969169	1	1	0	0	0	0
Blautia	Blautia	572511	Blautia sp. LMAG:69	1969170	1	1	0	0	0	0
Blautia	Blautia	572511	Blautia sp. LMAG:75	1969171	1	1	0	0	0	0
Blautia	Blautia	572511	Blautia sp. LMAG:77	1969172	1	1	0	0	0	0
Blautia	Blautia	572511	Blautia sp. LMAG:89	1969173	1	1	0	0	0	0
Blautia	Blautia	572511	Blautia sp. Marseille-P2398	1805476	3	0	0	0	0	3
Blautia	Blautia	572511	Blautia sp. Marseille-P3087	1917876	7	5	0	1	0	1
Blautia	Blautia	572511	Blautia sp. Marseille-P3201T	1907659	2	1	0	0	0	1
Blautia	Blautia	572511	Blautia sp. MB18-30	2949744	1	1	0	0	0	0
Blautia	Blautia	572511	Blautia sp. MCC269	2592638	1	1	0	0	0	0
Blautia	Blautia	572511	Blautia sp. MCC270	2592639	1	1	0	0	0	0
Blautia	Blautia	572511	Blautia sp. MCC283	2592640	1	1	0	0	0	0
Blautia	Blautia	572511	Blautia sp. MCC289	2592641	1	1	0	0	0	0
Blautia	Blautia	572511	Blautia sp. MSJ-19	2841517	1	1	0	0	0	0
Blautia	Blautia	572511	Blautia sp. MSJ-36	2841530	1	1	0	0	0	0
Blautia	Blautia	572511	Blautia sp. MSJ-9	2841511	1	1	0	0	0	0
Blautia	Blautia	572511	Blautia sp. MSK.18.38	2965274	1	1	0	0	0	0
Blautia	Blautia	572511	Blautia sp. MSK.20.85	2709718	1	1	0	0	0	0
Blautia	Blautia	572511	Blautia sp. MSK.20.9	2709720	1	1	0	0	0	0
Blautia	Blautia	572511	Blautia sp. MSK.21.1	2742763	1	1	0	0	0	0
Blautia	Blautia	572511	Blautia sp. MSK17_66	2883184	1	1	0	0	0	0
Blautia	Blautia	572511	Blautia sp. MSK18_10	2883185	1	1	0	0	0	0
Blautia	Blautia	572511	Blautia sp. MSK20_18	2883186	1	1	0	0	0	0
Blautia	Blautia	572511	Blautia sp. MSK22_86	2884906	1	1	0	0	0	0
Blautia	Blautia	572511	Blautia sp. NSJ-140	2931395	1	1	0	0	0	0
Blautia	Blautia	572511	Blautia sp. NSJ-157	2931393	1	1	0	0	0	0
Blautia	Blautia	572511	Blautia sp. NSJ-159	2932196	1	1	0	0	0	0
Blautia	Blautia	572511	Blautia sp. NSJ-165	2931881	1	1	0	0	0	0
Blautia	Blautia	572511	Blautia sp. NSJ-166	2931882	1	1	0	0	0	0
Blautia	Blautia	572511	Blautia sp. NSJ-175	2931396	1	1	0	0	0	0
Blautia	Blautia	572511	Blautia sp. OF01-4LB	2292286	1	1	0	0	0	0
Blautia	Blautia	572511	Blautia sp. OF03-13	2292980	1	1	0	0	0	0
Blautia	Blautia	572511	Blautia sp. OF03-15BH	2292287	11	11	0	0	0	0
Blautia	Blautia	572511	Blautia sp. OF09-25XD	2292981	1	1	0	0	0	0
Blautia	Blautia	572511	Blautia sp. OF11-22	2292982	1	1	0	0	0	0
Blautia	Blautia	572511	Blautia sp. OM05-6	2292983	1	1	0	0	0	0
Blautia	Blautia	572511	Blautia sp. OM06-15AC	2292984	1	1	0	0	0	0
Blautia	Blautia	572511	Blautia sp. OM07-19	2292985	1	1	0	0	0	0
Blautia	Blautia	572511	Blautia sp. ORNL_6EZ5-Gt_6_Pl2-149	1393978	4	0	0	0	0	4
Blautia	Blautia	572511	Blautia sp. P12wG4	2859872	1	0	0	0	0	1
Blautia	Blautia	572511	Blautia sp. PMB1152	2597382	1	1	0	0	0	0
Blautia	Blautia	572511	Blautia sp. RD014232	2877528	1	0	0	0	0	1
Blautia	Blautia	572511	Blautia sp. RTP21358sp1	3151391	1	1	0	0	0	0
Blautia	Blautia	572511	Blautia sp. RTP21359st1_E11_RTP21359_211015	3141591	1	1	0	0	0	0
Blautia	Blautia	572511	Blautia sp. SC05B48	2479767	1	1	0	0	0	0
Blautia	Blautia	572511	Blautia sp. SF-50	1520805	1	0	0	0	0	1
Blautia	Blautia	572511	Blautia sp. SG-772	2109334	64	62	0	0	0	2
Blautia	Blautia	572511	Blautia sp. Sow4_E7	3438749	1	1	0	0	0	0
Blautia	Blautia	572511	Blautia sp. TF10-30	2292986	1	1	0	0	0	0
Blautia	Blautia	572511	Blautia sp. TF11-31AT	2292987	1	1	0	0	0	0
Blautia	Blautia	572511	Blautia sp. TF12-12AT	2292988	1	1	0	0	0	0
Blautia	Blautia	572511	Blautia sp. TF12-31AT	2292989	1	1	0	0	0	0
Blautia	Blautia	572511	Blautia sp. TM10-2	2292990	1	1	0	0	0	0
Blautia	Blautia	572511	Blautia sp. UBA2945	1946118	1	1	0	0	0	0
Blautia	Blautia	572511	Blautia sp. XA-2221	2903961	2	2	0	0	0	0
Blautia	Blautia	572511	Blautia sp. ZS-4-41	3695677	3	3	0	0	0	0
Blautia	Blautia	572511	Blautia sp. ZXY-1-B12	3695683	1	1	0	0	0	0
Blautia	Blautia	572511	Blautia sp. ZXY-1-C6	3695684	1	1	0	0	0	0
Blautia	Blautia	572511	Blautia sp. ZZP-1-B12	3695681	2	2	0	0	0	0
Blautia	Blautia	572511	Blautia sp. ZZP-1-C6	3695682	1	1	0	0	0	0
Blautia	Blautia	572511	Blautia stercoris	871664	178	27	0	0	0	151
Blautia	Blautia	572511	Blautia tarda	2763031	1	1	0	0	0	0
Blautia	Blautia	572511	Blautia wexlerae	418240	8948	2452	37	13	3	6443
Blautia	Blautia	572511	Candidatus Blautia avicola	2838483	10	6	0	0	0	4
Blautia	Blautia	572511	Candidatus Blautia avistercoris	2838484	33	30	0	0	0	3
Blautia	Blautia	572511	Candidatus Blautia equi	3083045	1	1	0	0	0	0
Blautia	Blautia	572511	Candidatus Blautia excrementigallinarum	2838485	135	30	0	0	0	105
Blautia	Blautia	572511	Candidatus Blautia excrementipullorum	2838486	10	9	0	0	0	1
Blautia	Blautia	572511	Candidatus Blautia faecavium	2838487	13	5	0	0	0	8
Blautia	Blautia	572511	Candidatus Blautia faecigallinarum	2838488	7	1	0	0	0	6
Blautia	Blautia	572511	Candidatus Blautia faecipullorum	2838489	9	7	0	0	0	2
Blautia	Blautia	572511	Candidatus Blautia gallistercoris	2838490	3	0	0	0	0	3
Blautia	Blautia	572511	Candidatus Blautia intestinavium	2838491	3	2	0	0	0	1
Blautia	Blautia	572511	Candidatus Blautia intestinigallinarum	2838492	56	23	0	0	0	33
Blautia	Blautia	572511	Candidatus Blautia intestinipullorum	2838493	3	2	0	0	0	1
Blautia	Blautia	572511	Candidatus Blautia merdavium	2838494	66	37	0	0	0	29
Blautia	Blautia	572511	Candidatus Blautia merdigallinarum	2838495	15	4	0	0	0	11
Blautia	Blautia	572511	Candidatus Blautia merdipullorum	2838496	57	15	0	0	0	42
Blautia	Blautia	572511	Candidatus Blautia ornithocaccae	2838497	4	3	0	0	0	1
Blautia	Blautia	572511	Candidatus Blautia pullicola	2838498	3	2	0	0	0	1
Blautia	Blautia	572511	Candidatus Blautia pullistercoris	2838499	3	2	0	0	0	1
Blautia	Blautia	572511	Candidatus Blautia stercoravium	2838500	2	0	0	0	0	2
Blautia	Blautia	572511	Candidatus Blautia stercorigallinarum	2838501	21	20	0	0	0	1
Blautia	Blautia	572511	Candidatus Blautia stercoripullorum	2838502	16	9	0	0	0	7
Blautia	Blautia	572511	uncultured Blautia sp.	765821	4040	4009	5	1	10	15
Brachybacterium	Brachybacterium	43668	Brachybacterium alimentarium	47845	64	2	39	0	0	23
Brachybacterium	Brachybacterium	43668	Brachybacterium aquaticum	1432564	2	0	0	1	0	1
Brachybacterium	Brachybacterium	43668	Brachybacterium arcticum	191338	1	0	0	0	0	1
Brachybacterium	Brachybacterium	43668	Brachybacterium atlanticum	2911888	1	0	0	0	0	1
Brachybacterium	Brachybacterium	43668	Brachybacterium avium	2017485	1	0	0	0	0	1
Brachybacterium	Brachybacterium	43668	Brachybacterium conglomeratum	47846	21	0	0	4	0	17
Brachybacterium	Brachybacterium	43668	Brachybacterium endophyticum	2182385	1	0	1	0	0	0
Brachybacterium	Brachybacterium	43668	Brachybacterium epidermidis	2781983	4	1	0	1	0	2
Brachybacterium	Brachybacterium	43668	Brachybacterium equifaecis	2910770	1	1	0	0	0	0
Brachybacterium	Brachybacterium	43668	Brachybacterium faecium	43669	24	7	1	1	0	15
Brachybacterium	Brachybacterium	43668	Brachybacterium fresconis	173363	3	0	0	0	1	2
Brachybacterium	Brachybacterium	43668	Brachybacterium ginsengisoli	1331682	4	0	1	3	0	0
Brachybacterium	Brachybacterium	43668	Brachybacterium hainanense	1541174	1	0	0	0	0	1
Brachybacterium	Brachybacterium	43668	Brachybacterium halotolerans	2795215	2	0	2	0	0	0
Brachybacterium	Brachybacterium	43668	Brachybacterium horti	1517578	1	0	1	0	0	0
Brachybacterium	Brachybacterium	43668	Brachybacterium huguangmaarense	1652028	2	0	1	0	0	1
Brachybacterium	Brachybacterium	43668	Brachybacterium kimchii	2942909	1	0	1	0	0	0
Brachybacterium	Brachybacterium	43668	Brachybacterium massiliense	1755098	25	2	0	0	0	23
Brachybacterium	Brachybacterium	43668	Brachybacterium muris	219301	19	0	0	2	6	11
Brachybacterium	Brachybacterium	43668	Brachybacterium nesterenkovii	47847	7	0	1	0	1	5
Brachybacterium	Brachybacterium	43668	Brachybacterium netajii (SeqCode)	3478761	1	0	1	0	0	0
Brachybacterium	Brachybacterium	43668	Brachybacterium paraconglomeratum	173362	95	3	15	6	6	65
Brachybacterium	Brachybacterium	43668	Brachybacterium phenoliresistens	396014	17	0	2	0	0	15
Brachybacterium	Brachybacterium	43668	Brachybacterium rhamnosum	173361	5	0	3	0	0	2
Brachybacterium	Brachybacterium	43668	Brachybacterium sacelli	173364	4	0	0	0	1	3
Brachybacterium	Brachybacterium	43668	Brachybacterium saurashtrense	556288	2	0	0	0	0	2
Brachybacterium	Brachybacterium	43668	Brachybacterium sillae	2810536	1	0	0	0	1	0
Brachybacterium	Brachybacterium	43668	Brachybacterium sp.	1891286	108	14	36	11	10	37
Brachybacterium	Brachybacterium	43668	Brachybacterium sp. 107	3457736	1	0	1	0	0	0
Brachybacterium	Brachybacterium	43668	Brachybacterium sp. ACRRE	2918184	1	0	0	1	0	0
Brachybacterium	Brachybacterium	43668	Brachybacterium sp. AG952	2183989	1	0	0	0	0	1
Brachybacterium	Brachybacterium	43668	Brachybacterium sp. AOP24-D1-21	3457711	1	0	1	0	0	0
Brachybacterium	Brachybacterium	43668	Brachybacterium sp. AOP25-B2-12	3457710	1	0	1	0	0	0
Brachybacterium	Brachybacterium	43668	Brachybacterium sp. AOP29-B2-41	3457704	1	0	1	0	0	0
Brachybacterium	Brachybacterium	43668	Brachybacterium sp. AOP3-A1-3	3457699	1	0	1	0	0	0
Brachybacterium	Brachybacterium	43668	Brachybacterium sp. AOP35-5H-19	3457685	1	0	1	0	0	0
Brachybacterium	Brachybacterium	43668	Brachybacterium sp. AOP42-B2-9	3457672	1	0	1	0	0	0
Brachybacterium	Brachybacterium	43668	Brachybacterium sp. AOP42-C2-15	3457670	1	0	1	0	0	0
Brachybacterium	Brachybacterium	43668	Brachybacterium sp. AOP42-E1-35	3457664	1	0	1	0	0	0
Brachybacterium	Brachybacterium	43668	Brachybacterium sp. AOP43-C2-M15	3457661	1	0	1	0	0	0
Brachybacterium	Brachybacterium	43668	Brachybacterium sp. B718/18	3684135	1	0	0	0	1	0
Brachybacterium	Brachybacterium	43668	Brachybacterium sp. BD521	3062453	1	0	0	0	1	0
Brachybacterium	Brachybacterium	43668	Brachybacterium sp. CCS183	2944676	1	0	0	0	0	1
Brachybacterium	Brachybacterium	43668	Brachybacterium sp. CFBP9327	3735422	1	0	1	0	0	0
Brachybacterium	Brachybacterium	43668	Brachybacterium sp. EE-P12	2306299	1	0	0	0	1	0
Brachybacterium	Brachybacterium	43668	Brachybacterium sp. FME24	2742605	1	0	1	0	0	0
Brachybacterium	Brachybacterium	43668	Brachybacterium sp. GCM10030252	3273380	1	0	0	0	0	1
Brachybacterium	Brachybacterium	43668	Brachybacterium sp. GCM10030267	3273381	1	0	0	0	0	1
Brachybacterium	Brachybacterium	43668	Brachybacterium sp. GCM10030268	3273382	1	0	0	0	0	1
Brachybacterium	Brachybacterium	43668	Brachybacterium sp. GPGPB12	3023517	1	0	0	0	1	0
Brachybacterium	Brachybacterium	43668	Brachybacterium sp. GU-2	3069708	1	0	0	0	0	1
Brachybacterium	Brachybacterium	43668	Brachybacterium sp. HMSC06H03	1581127	1	0	0	1	0	0
Brachybacterium	Brachybacterium	43668	Brachybacterium sp. J144	3116487	1	0	0	0	1	0
Brachybacterium	Brachybacterium	43668	Brachybacterium sp. J153	3116488	1	0	0	0	1	0
Brachybacterium	Brachybacterium	43668	Brachybacterium sp. JB7	2024478	1	0	1	0	0	0
Brachybacterium	Brachybacterium	43668	Brachybacterium sp. LAMA1_SD2Y	3417404	1	0	1	0	0	0
Brachybacterium	Brachybacterium	43668	Brachybacterium sp. Marseille-Q7125	2932815	1	0	0	1	0	0
Brachybacterium	Brachybacterium	43668	Brachybacterium sp. NA3	3749277	1	0	0	0	0	1
Brachybacterium	Brachybacterium	43668	Brachybacterium sp. NBEC-018	2996004	1	0	0	0	0	1
Brachybacterium	Brachybacterium	43668	Brachybacterium sp. NPDC056505	3345843	1	0	0	0	0	1
Brachybacterium	Brachybacterium	43668	Brachybacterium sp. p3-SID1565	2916046	1	0	0	1	0	0
Brachybacterium	Brachybacterium	43668	Brachybacterium sp. p3-SID957	2916049	1	0	0	0	1	0
Brachybacterium	Brachybacterium	43668	Brachybacterium sp. P6-10-X1	1903186	1	0	0	0	0	1
Brachybacterium	Brachybacterium	43668	Brachybacterium sp. SCSIO 12507	2829570	1	0	0	0	0	1
Brachybacterium	Brachybacterium	43668	Brachybacterium sp. SGAir0954	2571029	2	0	0	0	2	0
Brachybacterium	Brachybacterium	43668	Brachybacterium sp. sponge	1775432	1	0	0	0	0	1
Brachybacterium	Brachybacterium	43668	Brachybacterium sp. SW0106-09	1704590	12	0	11	0	0	1
Brachybacterium	Brachybacterium	43668	Brachybacterium sp. SYSU DS0246	3699901	1	0	0	0	0	1
Brachybacterium	Brachybacterium	43668	Brachybacterium sp. UMB0905	2069310	1	0	0	1	0	0
Brachybacterium	Brachybacterium	43668	Brachybacterium sp. UNK5269	3408576	1	0	0	1	0	0
Brachybacterium	Brachybacterium	43668	Brachybacterium sp. YJGR34	2059911	1	0	0	0	0	1
Brachybacterium	Brachybacterium	43668	Brachybacterium sp. Z12	2759167	1	0	0	0	0	1
Brachybacterium	Brachybacterium	43668	Brachybacterium squillarum	661979	2	0	1	0	1	0
Brachybacterium	Brachybacterium	43668	Brachybacterium subflavum	2585206	1	1	0	0	0	0
Brachybacterium	Brachybacterium	43668	Brachybacterium timonense	2050896	9	0	0	3	0	6
Brachybacterium	Brachybacterium	43668	Brachybacterium tyrofermentans	47848	46	0	32	0	0	14
Brachybacterium	Brachybacterium	43668	Brachybacterium vulturis	2017484	3	0	0	0	2	1
Brachybacterium	Brachybacterium	43668	Brachybacterium zhongshanense	416230	3	0	1	0	0	2
Brachybacterium	Brachybacterium	43668	Candidatus Brachybacterium intestinipullorum	2838512	13	0	0	0	0	13
Brachybacterium	Brachybacterium	43668	Candidatus Brachybacterium merdavium	2838513	13	0	0	0	0	13
Brachybacterium	Brachybacterium	43668	Candidatus Brachybacterium merdigallinarum	2838514	3	0	0	0	0	3
Brachybacterium	Brachybacterium	43668	uncultured Brachybacterium sp.	189680	13	3	0	9	0	1
Breznakia	Breznakia	1854458	Breznakia blatticola	1754012	1	0	0	0	0	1
Breznakia	Breznakia	1854458	Breznakia pachnodae	265178	2	1	0	0	0	1
Breznakia	Breznakia	1854458	Breznakia sp.	1885338	13	11	0	0	1	1
Breznakia	Breznakia	1854458	Breznakia sp. OttesenSCG-928-G09	2885178	1	1	0	0	0	0
Breznakia	Breznakia	1854458	Breznakia sp. PF1-11	2940520	1	0	0	0	0	1
Breznakia	Breznakia	1854458	Breznakia sp. PF5-3	2940649	1	0	0	0	0	1
Breznakia	Breznakia	1854458	Breznakia sp. PFB1-11	2940521	1	0	0	0	0	1
Breznakia	Breznakia	1854458	Breznakia sp. PFB1-12	2940522	1	0	0	0	0	1
Breznakia	Breznakia	1854458	Breznakia sp. PFB1-14	2940523	1	0	0	0	0	1
Breznakia	Breznakia	1854458	Breznakia sp. PFB1-19	2940524	1	0	0	0	0	1
Breznakia	Breznakia	1854458	Breznakia sp. PFB1-4	2940525	1	0	0	0	0	1
Breznakia	Breznakia	1854458	Breznakia sp. PFB2-30	2940526	1	0	0	0	0	1
Breznakia	Breznakia	1854458	Breznakia sp. PFB2-8	2940650	1	0	0	0	0	1
Breznakia	Breznakia	1854458	Breznakia sp. PH1-1	2940519	1	0	0	0	0	1
Breznakia	Breznakia	1854458	Breznakia sp. PH5-24	2940651	1	0	0	0	0	1
Breznakia	Breznakia	1854458	Breznakia sp. PM6-1	2940628	1	0	0	0	0	1
Butyribacter	Butyribacter	2822463	Butyribacter intestini	1703332	201	40	0	1	0	160
Butyribacter	Butyribacter	2822463	Butyribacter sp.	2822465	104	99	0	4	1	0
Butyribacter	Butyribacter	2822463	uncultured Butyribacter sp.	2822467	41	41	0	0	0	0
Butyrivibrio	Butyrivibrio	830	Butyrivibrio fibrisolvens	831	40	17	0	0	1	22
Butyrivibrio	Butyrivibrio	830	Butyrivibrio hungatei	185008	18	6	0	0	0	12
Butyrivibrio	Butyrivibrio	830	Butyrivibrio proteoclasticus	43305	20	4	0	0	0	16
Butyrivibrio	Butyrivibrio	830	Butyrivibrio sp.	28121	2183	621	6	8	5	1543
Butyrivibrio	Butyrivibrio	830	Butyrivibrio sp. AC2005	1280672	2	0	0	0	0	2
Butyrivibrio	Butyrivibrio	830	Butyrivibrio sp. ACTF2	1882804	1	0	0	0	0	1
Butyrivibrio	Butyrivibrio	830	Butyrivibrio sp. AD3002	1280670	2	0	0	0	0	2
Butyrivibrio	Butyrivibrio	830	Butyrivibrio sp. AE2005	1496722	1	0	0	0	0	1
Butyrivibrio	Butyrivibrio	830	Butyrivibrio sp. AE2015	1280663	2	0	0	0	0	2
Butyrivibrio	Butyrivibrio	830	Butyrivibrio sp. AE2032	1458463	1	0	0	0	0	1
Butyrivibrio	Butyrivibrio	830	Butyrivibrio sp. AE3003	1496721	2	0	0	0	0	2
Butyrivibrio	Butyrivibrio	830	Butyrivibrio sp. AE3004	1506994	2	0	0	0	0	2
Butyrivibrio	Butyrivibrio	830	Butyrivibrio sp. AE3006	1280673	2	0	0	0	0	2
Butyrivibrio	Butyrivibrio	830	Butyrivibrio sp. AE3009	1280666	1	0	0	0	0	1
Butyrivibrio	Butyrivibrio	830	Butyrivibrio sp. AH-177-B09	2269225	1	0	0	0	0	1
Butyrivibrio	Butyrivibrio	830	Butyrivibrio sp. AH-177-G10	2269226	1	0	0	0	0	1
Butyrivibrio	Butyrivibrio	830	Butyrivibrio sp. CAG:318	1262761	209	209	0	0	0	0
Butyrivibrio	Butyrivibrio	830	Butyrivibrio sp. CB08	2364879	1	1	0	0	0	0
Butyrivibrio	Butyrivibrio	830	Butyrivibrio sp. DSM 10294	2972457	1	1	0	0	0	0
Butyrivibrio	Butyrivibrio	830	Butyrivibrio sp. FB3011	1280677	1	0	0	0	0	1
Butyrivibrio	Butyrivibrio	830	Butyrivibrio sp. FC2001	1280671	2	0	0	0	0	2
Butyrivibrio	Butyrivibrio	830	Butyrivibrio sp. FCS006	1280684	1	0	0	0	0	1
Butyrivibrio	Butyrivibrio	830	Butyrivibrio sp. FCS014	1408304	2	0	0	0	0	2
Butyrivibrio	Butyrivibrio	830	Butyrivibrio sp. INlla14	1520808	1	0	0	0	0	1
Butyrivibrio	Butyrivibrio	830	Butyrivibrio sp. INlla16	1520807	1	0	0	0	0	1
Butyrivibrio	Butyrivibrio	830	Butyrivibrio sp. INlla18	1520806	1	0	0	0	0	1
Butyrivibrio	Butyrivibrio	830	Butyrivibrio sp. INlla21	1520811	1	0	0	0	0	1
Butyrivibrio	Butyrivibrio	830	Butyrivibrio sp. LB2008	1408305	1	0	0	0	0	1
Butyrivibrio	Butyrivibrio	830	Butyrivibrio sp. LC3010	1280680	2	0	0	0	0	2
Butyrivibrio	Butyrivibrio	830	Butyrivibrio sp. M55	1855323	1	0	0	0	0	1
Butyrivibrio	Butyrivibrio	830	Butyrivibrio sp. MB2005	1280678	2	0	0	0	0	2
Butyrivibrio	Butyrivibrio	830	Butyrivibrio sp. MC2013	1280686	2	0	0	0	0	2
Butyrivibrio	Butyrivibrio	830	Butyrivibrio sp. MC2021	1408306	1	0	0	0	0	1
Butyrivibrio	Butyrivibrio	830	Butyrivibrio sp. NATIVEDY162	3236815	1	1	0	0	0	0
Butyrivibrio	Butyrivibrio	830	Butyrivibrio sp. NC2002	1410610	1	0	0	0	0	1
Butyrivibrio	Butyrivibrio	830	Butyrivibrio sp. NC2007	1280683	2	0	0	0	0	2
Butyrivibrio	Butyrivibrio	830	Butyrivibrio sp. NC3005	1280685	2	0	0	0	0	2
Butyrivibrio	Butyrivibrio	830	Butyrivibrio sp. ob235	1761780	1	0	0	0	0	1
Butyrivibrio	Butyrivibrio	830	Butyrivibrio sp. OB251	1882805	1	0	0	0	0	1
Butyrivibrio	Butyrivibrio	830	Butyrivibrio sp. Su6	1520810	1	0	0	0	0	1
Butyrivibrio	Butyrivibrio	830	Butyrivibrio sp. TB	1520809	1	0	0	0	0	1
Butyrivibrio	Butyrivibrio	830	Butyrivibrio sp. UBA3740	1946147	1	0	0	1	0	0
Butyrivibrio	Butyrivibrio	830	Butyrivibrio sp. UBA3797	1946148	1	0	0	1	0	0
Butyrivibrio	Butyrivibrio	830	Butyrivibrio sp. VCB2001	1280667	2	0	0	0	0	2
Butyrivibrio	Butyrivibrio	830	Butyrivibrio sp. VCB2006	1280679	2	0	0	0	0	2
Butyrivibrio	Butyrivibrio	830	Butyrivibrio sp. VCD2006	1280664	2	0	0	0	0	2
Butyrivibrio	Butyrivibrio	830	Butyrivibrio sp. WCD2001	1280681	2	0	0	0	0	2
Butyrivibrio	Butyrivibrio	830	Butyrivibrio sp. WCD3002	1280676	2	0	0	0	0	2
Butyrivibrio	Butyrivibrio	830	Butyrivibrio sp. WCE2006	1410611	1	0	0	0	0	1
Butyrivibrio	Butyrivibrio	830	Butyrivibrio sp. X503	2364878	1	1	0	0	0	0
Butyrivibrio	Butyrivibrio	830	Butyrivibrio sp. XB500-5	2364880	1	1	0	0	0	0
Butyrivibrio	Butyrivibrio	830	Butyrivibrio sp. XBB1001	1280682	2	0	0	0	0	2
Butyrivibrio	Butyrivibrio	830	Butyrivibrio sp. XPD2002	1280665	2	0	0	0	0	2
Butyrivibrio	Butyrivibrio	830	Butyrivibrio sp. XPD2006	1280668	2	0	0	0	0	2
Butyrivibrio	Butyrivibrio	830	Butyrivibrio sp. YAB3001	1520812	1	0	0	0	0	1
Butyrivibrio	Butyrivibrio	830	uncultured Butyrivibrio sp.	370801	381	373	2	1	5	0
Caecibacteroides	Caecibacteroides	2918734	Caecibacteroides pullorum	2725562	6	4	0	0	0	2
Caecibacteroides	Caecibacteroides	2918734	Caecibacteroides sp.	2918740	1	1	0	0	0	0
Campylobacter	Campylobacter	194	Campylobacter anatolicus	2829105	3	3	0	0	0	0
Campylobacter	Campylobacter	194	Campylobacter armoricus	2505970	12	3	8	0	0	1
Campylobacter	Campylobacter	194	Campylobacter australis	3424761	3	0	0	3	0	0
Campylobacter	Campylobacter	194	Campylobacter aviculae	2510190	1	1	0	0	0	0
Campylobacter	Campylobacter	194	Campylobacter avium	522485	12	6	0	0	2	4
Campylobacter	Campylobacter	194	Campylobacter bilis	2691918	9	7	0	1	0	1
Campylobacter	Campylobacter	194	Campylobacter blaseri	2042961	4	3	0	1	0	0
Campylobacter	Campylobacter	194	Campylobacter californiensis	1032243	9	9	0	0	0	0
Campylobacter	Campylobacter	194	Campylobacter canadensis	449520	12	4	0	0	2	6
Campylobacter	Campylobacter	194	Campylobacter canis	3378588	2	0	0	2	0	0
Campylobacter	Campylobacter	194	Campylobacter coli	195	49805	10388	17521	13727	1037	7132
Campylobacter	Campylobacter	194	Campylobacter concisus	199	709	91	0	248	71	299
Campylobacter	Campylobacter	194	Campylobacter corcagiensis	1448857	5	4	0	0	0	1
Campylobacter	Campylobacter	194	Campylobacter cuniculorum	374106	5	2	0	1	0	2
Campylobacter	Campylobacter	194	Campylobacter curvus	200	58	5	1	22	0	30
Campylobacter	Campylobacter	194	Campylobacter devanensis	3161138	35	34	0	0	0	1
Campylobacter	Campylobacter	194	Campylobacter estrildidarum	2510189	1	1	0	0	0	0
Campylobacter	Campylobacter	194	Campylobacter felis	2974565	6	6	0	0	0	0
Campylobacter	Campylobacter	194	Campylobacter fetus	196	951	49	9	368	23	502
Campylobacter	Campylobacter	194	Campylobacter gastrosuis	2974576	1	1	0	0	0	0
Campylobacter	Campylobacter	194	Campylobacter geochelonis	1780362	4	3	0	0	0	1
Campylobacter	Campylobacter	194	Campylobacter gracilis	824	14	2	0	8	0	4
Campylobacter	Campylobacter	194	Campylobacter helveticus	28898	37	11	0	2	0	24
Campylobacter	Campylobacter	194	Campylobacter hepaticus	1813019	82	25	0	29	0	28
Campylobacter	Campylobacter	194	Campylobacter hominis	76517	143	22	0	2	1	118
Campylobacter	Campylobacter	194	Campylobacter hyointestinalis	198	195	57	4	2	22	110
Campylobacter	Campylobacter	194	Campylobacter iguaniorum	1244531	6	2	1	2	0	1
Campylobacter	Campylobacter	194	Campylobacter insulaenigrae	260714	21	3	0	14	0	4
Campylobacter	Campylobacter	194	Campylobacter jejuni	197	146731	35345	19887	35632	2164	53703
Campylobacter	Campylobacter	194	Campylobacter lanienae	75658	110	47	0	2	1	60
Campylobacter	Campylobacter	194	Campylobacter lari	201	1084	264	160	182	50	428
Campylobacter	Campylobacter	194	Campylobacter magnus	3026462	6	4	0	0	0	2
Campylobacter	Campylobacter	194	Campylobacter majalis	2790656	2	0	0	1	1	0
Campylobacter	Campylobacter	194	Campylobacter massiliensis	2762557	1	0	0	1	0	0
Campylobacter	Campylobacter	194	Campylobacter molothri	1032242	35	1	9	9	0	16
Campylobacter	Campylobacter	194	Campylobacter mucosalis	202	17	13	0	0	1	3
Campylobacter	Campylobacter	194	Campylobacter novaezeelandiae	2267891	38	0	4	0	0	34
Campylobacter	Campylobacter	194	Campylobacter ornithocola	1848766	2	2	0	0	0	0
Campylobacter	Campylobacter	194	Campylobacter parajejuni	3392118	1	0	0	1	0	0
Campylobacter	Campylobacter	194	Campylobacter peloridis	488546	6	1	0	0	1	4
Campylobacter	Campylobacter	194	Campylobacter pinnipediorum	1965231	13	0	0	5	3	5
Campylobacter	Campylobacter	194	Campylobacter porcelli	1660073	7	7	0	0	0	0
Campylobacter	Campylobacter	194	Campylobacter portucalensis	2608384	1	0	0	1	0	0
Campylobacter	Campylobacter	194	Campylobacter rectus	203	72	1	0	50	0	21
Campylobacter	Campylobacter	194	Campylobacter showae	204	77	9	0	34	17	17
Campylobacter	Campylobacter	194	Campylobacter sp.	205	1999	198	4	258	5	1534
Campylobacter	Campylobacter	194	Campylobacter sp. 1	2039344	1	0	0	0	0	1
Campylobacter	Campylobacter	194	Campylobacter sp. 107	2039339	1	0	0	0	0	1
Campylobacter	Campylobacter	194	Campylobacter sp. 108	2039340	1	0	0	0	0	1
Campylobacter	Campylobacter	194	Campylobacter sp. 109	2039341	1	0	0	0	0	1
Campylobacter	Campylobacter	194	Campylobacter sp. 10_1_50	665939	2	0	0	0	0	2
Campylobacter	Campylobacter	194	Campylobacter sp. 110	2039342	1	0	0	0	0	1
Campylobacter	Campylobacter	194	Campylobacter sp. 111	2039343	1	0	0	0	0	1
Campylobacter	Campylobacter	194	Campylobacter sp. 112	2039336	1	0	0	0	0	1
Campylobacter	Campylobacter	194	Campylobacter sp. 113	2039337	1	0	0	0	0	1
Campylobacter	Campylobacter	194	Campylobacter sp. 114	2039338	1	0	0	0	0	1
Campylobacter	Campylobacter	194	Campylobacter sp. 12-23S_23S	3030493	1	0	0	0	0	1
Campylobacter	Campylobacter	194	Campylobacter sp. 12-CTA_CTA	3030497	1	0	0	0	0	1
Campylobacter	Campylobacter	194	Campylobacter sp. 124a_CTC	3030494	1	0	0	0	0	1
Campylobacter	Campylobacter	194	Campylobacter sp. 125c_FLA	3030518	1	0	0	0	0	1
Campylobacter	Campylobacter	194	Campylobacter sp. 125c_GA	3030495	1	0	0	0	0	1
Campylobacter	Campylobacter	194	Campylobacter sp. 12a-GA_GA	3030496	1	0	0	0	0	1
Campylobacter	Campylobacter	194	Campylobacter sp. 143a_GC	3030519	1	0	0	0	0	1
Campylobacter	Campylobacter	194	Campylobacter sp. 145d-CIB_CIB	3030498	1	0	0	0	0	1
Campylobacter	Campylobacter	194	Campylobacter sp. 145d-CTA_CTA	3030499	1	0	0	0	0	1
Campylobacter	Campylobacter	194	Campylobacter sp. 145d-PLD_PLD	3030500	1	0	0	0	0	1
Campylobacter	Campylobacter	194	Campylobacter sp. 1569	2735746	1	0	0	0	0	1
Campylobacter	Campylobacter	194	Campylobacter sp. 15c-23S_23S	3030501	1	0	0	0	0	1
Campylobacter	Campylobacter	194	Campylobacter sp. 15c-CIB_CIB	3030503	1	0	0	0	0	1
Campylobacter	Campylobacter	194	Campylobacter sp. 15c-TO_TO	3030504	1	0	0	0	0	1
Campylobacter	Campylobacter	194	Campylobacter sp. 15c2_TO	3030502	1	0	0	0	0	1
Campylobacter	Campylobacter	194	Campylobacter sp. 166a_GA	3030505	1	0	0	0	0	1
Campylobacter	Campylobacter	194	Campylobacter sp. 167d_GC	3030520	1	0	0	0	0	1
Campylobacter	Campylobacter	194	Campylobacter sp. 16b_CTA	3030506	1	0	0	0	0	1
Campylobacter	Campylobacter	194	Campylobacter sp. 170a-CTB_CTB	3030507	1	0	0	0	0	1
Campylobacter	Campylobacter	194	Campylobacter sp. 17a_CTB	3030508	1	0	0	0	0	1
Campylobacter	Campylobacter	194	Campylobacter sp. 19-13652	2840180	2	0	0	0	0	2
Campylobacter	Campylobacter	194	Campylobacter sp. 195d_CTA	3030509	1	0	0	0	0	1
Campylobacter	Campylobacter	194	Campylobacter sp. 2009D-7489	1813585	1	0	0	0	0	1
Campylobacter	Campylobacter	194	Campylobacter sp. 2009D-7497	1813583	1	0	0	0	0	1
Campylobacter	Campylobacter	194	Campylobacter sp. 2009D-7538	1813590	1	0	0	0	0	1
Campylobacter	Campylobacter	194	Campylobacter sp. 2010D-8471	1813588	1	0	0	0	0	1
Campylobacter	Campylobacter	194	Campylobacter sp. 2011D-8893	1813594	1	0	0	0	0	1
Campylobacter	Campylobacter	194	Campylobacter sp. 2011D-8910	1813584	1	0	0	0	0	1
Campylobacter	Campylobacter	194	Campylobacter sp. 2011D-8923	1813587	1	0	0	0	0	1
Campylobacter	Campylobacter	194	Campylobacter sp. 2011D-8964	1860153	1	0	0	0	0	1
Campylobacter	Campylobacter	194	Campylobacter sp. 2012D-9209	1813593	1	0	0	0	0	1
Campylobacter	Campylobacter	194	Campylobacter sp. 2014D-0075	1813589	1	0	0	0	0	1
Campylobacter	Campylobacter	194	Campylobacter sp. 2014D-0148	1813591	1	0	0	0	0	1
Campylobacter	Campylobacter	194	Campylobacter sp. 2014D-0216	1813595	1	0	0	0	0	1
Campylobacter	Campylobacter	194	Campylobacter sp. 2014D-0255	1595911	1	0	0	0	0	1
Campylobacter	Campylobacter	194	Campylobacter sp. 2014D-0256	1595912	1	0	0	0	0	1
Campylobacter	Campylobacter	194	Campylobacter sp. 2014D-0257	1595913	1	0	0	0	0	1
Campylobacter	Campylobacter	194	Campylobacter sp. 2014D-0258	1595914	1	0	0	0	0	1
Campylobacter	Campylobacter	194	Campylobacter sp. 2014D-0259	1595915	1	0	0	0	0	1
Campylobacter	Campylobacter	194	Campylobacter sp. 2015D-0061	1813582	1	0	0	0	0	1
Campylobacter	Campylobacter	194	Campylobacter sp. 2015D-0100	1813586	1	0	0	0	0	1
Campylobacter	Campylobacter	194	Campylobacter sp. 2015D-0102	1813592	1	0	0	0	0	1
Campylobacter	Campylobacter	194	Campylobacter sp. 2018MI01	2836735	1	1	0	0	0	0
Campylobacter	Campylobacter	194	Campylobacter sp. 2018MI10	2836736	1	1	0	0	0	0
Campylobacter	Campylobacter	194	Campylobacter sp. 2018MI13	2836737	1	1	0	0	0	0
Campylobacter	Campylobacter	194	Campylobacter sp. 2018MI27	2836738	1	1	0	0	0	0
Campylobacter	Campylobacter	194	Campylobacter sp. 2018MI34	2800582	1	0	1	0	0	0
Campylobacter	Campylobacter	194	Campylobacter sp. 201a_TB	3030510	1	0	0	0	0	1
Campylobacter	Campylobacter	194	Campylobacter sp. 207_TB	3030511	1	0	0	0	0	1
Campylobacter	Campylobacter	194	Campylobacter sp. 214c_PLD	3030512	1	0	0	0	0	1
Campylobacter	Campylobacter	194	Campylobacter sp. 216a_GA	3030513	1	0	0	0	0	1
Campylobacter	Campylobacter	194	Campylobacter sp. 216a_GC	3030521	1	0	0	0	0	1
Campylobacter	Campylobacter	194	Campylobacter sp. 217c_CTB	3030514	1	0	0	0	0	1
Campylobacter	Campylobacter	194	Campylobacter sp. 22c_GA	3030515	1	0	0	0	0	1
Campylobacter	Campylobacter	194	Campylobacter sp. 22NC07CB01-C	2968828	1	0	0	1	0	0
Campylobacter	Campylobacter	194	Campylobacter sp. 22NC07CB05-C	2968829	1	0	1	0	0	0
Campylobacter	Campylobacter	194	Campylobacter sp. 22NC07CB07-C	2968830	1	0	1	0	0	0
Campylobacter	Campylobacter	194	Campylobacter sp. 232a_TB	3030516	1	0	0	0	0	1
Campylobacter	Campylobacter	194	Campylobacter sp. 2352 PW	2735750	1	0	0	0	0	1
Campylobacter	Campylobacter	194	Campylobacter sp. 23OH02CL01-C	3063742	1	0	0	1	0	0
Campylobacter	Campylobacter	194	Campylobacter sp. 23OH03CH01-C	3063743	1	0	0	1	0	0
Campylobacter	Campylobacter	194	Campylobacter sp. 23OH03CL01-C	3063744	1	0	0	1	0	0
Campylobacter	Campylobacter	194	Campylobacter sp. 23OH05CB01-C	3063745	1	0	1	0	0	0
Campylobacter	Campylobacter	194	Campylobacter sp. 2457A	2735784	1	0	0	1	0	0
Campylobacter	Campylobacter	194	Campylobacter sp. 24OH01CH01-C1	3166647	1	0	0	1	0	0
Campylobacter	Campylobacter	194	Campylobacter sp. 24OH02CL01-C1	3166648	1	0	0	1	0	0
Campylobacter	Campylobacter	194	Campylobacter sp. 24OH09CG01-C	3375135	1	0	0	1	0	0
Campylobacter	Campylobacter	194	Campylobacter sp. 24OH09CL01-C	3375136	1	0	0	1	0	0
Campylobacter	Campylobacter	194	Campylobacter sp. 24PR03CL01-C1	3377699	1	0	0	1	0	0
Campylobacter	Campylobacter	194	Campylobacter sp. 24PR04CH01-C1	3377701	1	0	0	1	0	0
Campylobacter	Campylobacter	194	Campylobacter sp. 24PR04CL01-C1	3377700	1	0	0	1	0	0
Campylobacter	Campylobacter	194	Campylobacter sp. 24PR05CG01-C1	3377703	1	0	0	1	0	0
Campylobacter	Campylobacter	194	Campylobacter sp. 24PR05CL01-C1	3377702	1	0	0	1	0	0
Campylobacter	Campylobacter	194	Campylobacter sp. 25OH02CG01-C1	3435001	1	0	0	1	0	0
Campylobacter	Campylobacter	194	Campylobacter sp. 25OH04CL01-C1	3435002	1	0	0	1	0	0
Campylobacter	Campylobacter	194	Campylobacter sp. 25PR02CH01-C1	3735902	1	0	0	1	0	0
Campylobacter	Campylobacter	194	Campylobacter sp. 25PR04CG01-C1	3735903	1	0	0	1	0	0
Campylobacter	Campylobacter	194	Campylobacter sp. 25PR04CH01-C1	3735904	1	0	0	1	0	0
Campylobacter	Campylobacter	194	Campylobacter sp. 25PR06CG01-C1	3735905	1	0	0	1	0	0
Campylobacter	Campylobacter	194	Campylobacter sp. 25PR07CG01-C1	3735907	1	0	0	1	0	0
Campylobacter	Campylobacter	194	Campylobacter sp. 25PR07CH01-C1	3735908	1	0	0	1	0	0
Campylobacter	Campylobacter	194	Campylobacter sp. 25PR07CL01-C1	3735906	1	0	0	1	0	0
Campylobacter	Campylobacter	194	Campylobacter sp. 29d_CIB	3030517	1	0	0	0	0	1
Campylobacter	Campylobacter	194	Campylobacter sp. 3	2039345	1	0	0	0	0	1
Campylobacter	Campylobacter	194	Campylobacter sp. 3c_BLA	3030522	1	0	0	0	0	1
Campylobacter	Campylobacter	194	Campylobacter sp. 4	2039346	1	0	0	0	0	1
Campylobacter	Campylobacter	194	Campylobacter sp. 48_GC	3030523	1	0	0	0	0	1
Campylobacter	Campylobacter	194	Campylobacter sp. 7477a	2735741	4	1	3	0	0	0
Campylobacter	Campylobacter	194	Campylobacter sp. AAUH-44UCsig-a	2067673	1	0	0	0	1	0
Campylobacter	Campylobacter	194	Campylobacter sp. ADRDL-122165	3070300	1	0	1	0	0	0
Campylobacter	Campylobacter	194	Campylobacter sp. ADRDL-122166	3070301	1	0	1	0	0	0
Campylobacter	Campylobacter	194	Campylobacter sp. ADRDL-122167	3070302	1	0	1	0	0	0
Campylobacter	Campylobacter	194	Campylobacter sp. ADRDL-122168	3070303	1	0	1	0	0	0
Campylobacter	Campylobacter	194	Campylobacter sp. ADRDL-122170	3070304	1	0	1	0	0	0
Campylobacter	Campylobacter	194	Campylobacter sp. ADRDL-122171	3070305	1	0	1	0	0	0
Campylobacter	Campylobacter	194	Campylobacter sp. ADRDL-122172	3070306	1	0	1	0	0	0
Campylobacter	Campylobacter	194	Campylobacter sp. ADRDL-122173	3070307	1	0	1	0	0	0
Campylobacter	Campylobacter	194	Campylobacter sp. ADRDL-122175	3070308	1	0	1	0	0	0
Campylobacter	Campylobacter	194	Campylobacter sp. ADRDL-122176	3070309	1	0	1	0	0	0
Campylobacter	Campylobacter	194	Campylobacter sp. ADRDL-122177	3070310	1	0	1	0	0	0
Campylobacter	Campylobacter	194	Campylobacter sp. ADRDL-122178	3070311	1	0	1	0	0	0
Campylobacter	Campylobacter	194	Campylobacter sp. ADRDL-122180	3070312	1	0	1	0	0	0
Campylobacter	Campylobacter	194	Campylobacter sp. ADRDL-122181	3070313	1	0	1	0	0	0
Campylobacter	Campylobacter	194	Campylobacter sp. ADRDL-122182	3070314	1	0	1	0	0	0
Campylobacter	Campylobacter	194	Campylobacter sp. ADRDL-122183	3070315	1	0	1	0	0	0
Campylobacter	Campylobacter	194	Campylobacter sp. ADRDL-122185	3070316	1	0	1	0	0	0
Campylobacter	Campylobacter	194	Campylobacter sp. ADRDL-122186	3070317	1	0	1	0	0	0
Campylobacter	Campylobacter	194	Campylobacter sp. ADRDL-122187	3070318	1	0	1	0	0	0
Campylobacter	Campylobacter	194	Campylobacter sp. ADRDL-122188	3070319	1	0	1	0	0	0
Campylobacter	Campylobacter	194	Campylobacter sp. ADRDL-122190	3070320	1	0	1	0	0	0
Campylobacter	Campylobacter	194	Campylobacter sp. ADRDL-122191	3070321	1	0	1	0	0	0
Campylobacter	Campylobacter	194	Campylobacter sp. ADRDL-122192	3070322	1	0	1	0	0	0
Campylobacter	Campylobacter	194	Campylobacter sp. ADRDL-122193	3070323	1	0	1	0	0	0
Campylobacter	Campylobacter	194	Campylobacter sp. AG002	3126049	5	0	0	0	0	5
Campylobacter	Campylobacter	194	Campylobacter sp. AG18-0004	2506758	1	1	0	0	0	0
Campylobacter	Campylobacter	194	Campylobacter sp. AGR4590	3237243	1	0	0	0	0	1
Campylobacter	Campylobacter	194	Campylobacter sp. AGR4593	3341814	2	0	1	0	0	1
Campylobacter	Campylobacter	194	Campylobacter sp. AGR4596	3237244	2	0	1	0	0	1
Campylobacter	Campylobacter	194	Campylobacter sp. AGR4604	3373089	1	0	1	0	0	0
Campylobacter	Campylobacter	194	Campylobacter sp. AGR4605	3341815	1	0	1	0	0	0
Campylobacter	Campylobacter	194	Campylobacter sp. AGR5009	3237247	2	0	1	0	0	1
Campylobacter	Campylobacter	194	Campylobacter sp. AGR5156	3341816	2	0	1	0	0	1
Campylobacter	Campylobacter	194	Campylobacter sp. AGR5157	3341817	1	0	1	0	0	0
Campylobacter	Campylobacter	194	Campylobacter sp. AGR5876	3341818	1	0	1	0	0	0
Campylobacter	Campylobacter	194	Campylobacter sp. AGR6131	3237250	1	0	1	0	0	0
Campylobacter	Campylobacter	194	Campylobacter sp. AGR6143	3341819	2	0	1	0	0	1
Campylobacter	Campylobacter	194	Campylobacter sp. AUSMDU00054652	3401696	1	0	0	1	0	0
Campylobacter	Campylobacter	194	Campylobacter sp. B0100352/1	2735783	1	0	0	0	0	1
Campylobacter	Campylobacter	194	Campylobacter sp. B1936b	3393663	1	0	0	0	0	1
Campylobacter	Campylobacter	194	Campylobacter sp. B1978b	3393664	1	0	0	0	0	1
Campylobacter	Campylobacter	194	Campylobacter sp. B2015a	3393656	1	0	0	0	0	1
Campylobacter	Campylobacter	194	Campylobacter sp. B2121	3393659	1	0	0	0	0	1
Campylobacter	Campylobacter	194	Campylobacter sp. B2122	3393660	1	0	0	0	0	1
Campylobacter	Campylobacter	194	Campylobacter sp. B2123	3393638	1	0	0	0	0	1
Campylobacter	Campylobacter	194	Campylobacter sp. B2125	3393661	1	0	0	0	0	1
Campylobacter	Campylobacter	194	Campylobacter sp. B2126	3393639	1	0	0	0	0	1
Campylobacter	Campylobacter	194	Campylobacter sp. B2131	3393662	1	0	0	0	0	1
Campylobacter	Campylobacter	194	Campylobacter sp. B9265-1	3895397	10	8	0	2	0	0
Campylobacter	Campylobacter	194	Campylobacter sp. BCW_4317	1904034	1	1	0	0	0	0
Campylobacter	Campylobacter	194	Campylobacter sp. BCW_4319	1904035	1	1	0	0	0	0
Campylobacter	Campylobacter	194	Campylobacter sp. BCW_4320	1904036	1	0	0	0	1	0
Campylobacter	Campylobacter	194	Campylobacter sp. BCW_4321	1903586	1	1	0	0	0	0
Campylobacter	Campylobacter	194	Campylobacter sp. BCW_4322	1903587	1	1	0	0	0	0
Campylobacter	Campylobacter	194	Campylobacter sp. BCW_4323	1903588	1	1	0	0	0	0
Campylobacter	Campylobacter	194	Campylobacter sp. BCW_4325	1903589	1	1	0	0	0	0
Campylobacter	Campylobacter	194	Campylobacter sp. BCW_4326	1903590	1	1	0	0	0	0
Campylobacter	Campylobacter	194	Campylobacter sp. BCW_4332	1903591	1	1	0	0	0	0
Campylobacter	Campylobacter	194	Campylobacter sp. BCW_4333	1903592	1	1	0	0	0	0
Campylobacter	Campylobacter	194	Campylobacter sp. BCW_4335	1903593	1	1	0	0	0	0
Campylobacter	Campylobacter	194	Campylobacter sp. BCW_4337	1903594	1	1	0	0	0	0
Campylobacter	Campylobacter	194	Campylobacter sp. BCW_4338	1903595	1	1	0	0	0	0
Campylobacter	Campylobacter	194	Campylobacter sp. BCW_4341	1903596	1	1	0	0	0	0
Campylobacter	Campylobacter	194	Campylobacter sp. BCW_6460	1903294	1	1	0	0	0	0
Campylobacter	Campylobacter	194	Campylobacter sp. BCW_6461	1903295	1	1	0	0	0	0
Campylobacter	Campylobacter	194	Campylobacter sp. BCW_6462	1903579	1	1	0	0	0	0
Campylobacter	Campylobacter	194	Campylobacter sp. BCW_6463	1903580	1	1	0	0	0	0
Campylobacter	Campylobacter	194	Campylobacter sp. BCW_6464	1903581	1	1	0	0	0	0
Campylobacter	Campylobacter	194	Campylobacter sp. BCW_6465	1903582	1	1	0	0	0	0
Campylobacter	Campylobacter	194	Campylobacter sp. BCW_6466	1903583	1	1	0	0	0	0
Campylobacter	Campylobacter	194	Campylobacter sp. BCW_6467	1903584	1	1	0	0	0	0
Campylobacter	Campylobacter	194	Campylobacter sp. BCW_6468	1903585	1	1	0	0	0	0
Campylobacter	Campylobacter	194	Campylobacter sp. BCW_6871	1903284	1	1	0	0	0	0
Campylobacter	Campylobacter	194	Campylobacter sp. BCW_6872	1903285	1	1	0	0	0	0
Campylobacter	Campylobacter	194	Campylobacter sp. BCW_6873	1903286	1	1	0	0	0	0
Campylobacter	Campylobacter	194	Campylobacter sp. BCW_6874	1903287	1	1	0	0	0	0
Campylobacter	Campylobacter	194	Campylobacter sp. BCW_6875	1903288	1	1	0	0	0	0
Campylobacter	Campylobacter	194	Campylobacter sp. BCW_6876	1903289	1	1	0	0	0	0
Campylobacter	Campylobacter	194	Campylobacter sp. BCW_6877	1903290	1	1	0	0	0	0
Campylobacter	Campylobacter	194	Campylobacter sp. BCW_6878	1903291	1	1	0	0	0	0
Campylobacter	Campylobacter	194	Campylobacter sp. BCW_6879	1903292	1	1	0	0	0	0
Campylobacter	Campylobacter	194	Campylobacter sp. BCW_6889	1903293	1	1	0	0	0	0
Campylobacter	Campylobacter	194	Campylobacter sp. BCW_7460	1904032	1	1	0	0	0	0
Campylobacter	Campylobacter	194	Campylobacter sp. BCW_8709	2040654	1	0	0	0	0	1
Campylobacter	Campylobacter	194	Campylobacter sp. BCW_8712	2040653	1	0	0	0	0	1
Campylobacter	Campylobacter	194	Campylobacter sp. BCW_8713	2040652	1	0	0	0	0	1
Campylobacter	Campylobacter	194	Campylobacter sp. CCS1377	3158229	1	0	0	0	1	0
Campylobacter	Campylobacter	194	Campylobacter sp. CCUG 57310	2517362	1	0	0	1	0	0
Campylobacter	Campylobacter	194	Campylobacter sp. CDIL/Camp_2025/02	3480132	1	0	0	1	0	0
Campylobacter	Campylobacter	194	Campylobacter sp. CDIL/Camp_2025/03	3480133	1	0	0	1	0	0
Campylobacter	Campylobacter	194	Campylobacter sp. CDIL/Camp_2025/04	3480134	1	0	0	1	0	0
Campylobacter	Campylobacter	194	Campylobacter sp. CDIL/Camp_2025/05	3480135	1	0	0	1	0	0
Campylobacter	Campylobacter	194	Campylobacter sp. CDIL/Camp_2025/06	3480136	1	0	0	1	0	0
Campylobacter	Campylobacter	194	Campylobacter sp. CDIL/Camp_2025/07	3480137	1	0	0	1	0	0
Campylobacter	Campylobacter	194	Campylobacter sp. CDIL/Camp_2025/08	3480138	1	0	0	0	1	0
Campylobacter	Campylobacter	194	Campylobacter sp. CDIL/Camp_2025/09	3480139	1	0	0	0	1	0
Campylobacter	Campylobacter	194	Campylobacter sp. CF10V2-F10_Camp	3082429	1	1	0	0	0	0
Campylobacter	Campylobacter	194	Campylobacter sp. CF10V2-F1_Camp	3112533	1	1	0	0	0	0
Campylobacter	Campylobacter	194	Campylobacter sp. CF10V2-F3_Camp	3082433	1	1	0	0	0	0
Campylobacter	Campylobacter	194	Campylobacter sp. CF10V2-F4_Camp	3112534	1	1	0	0	0	0
Campylobacter	Campylobacter	194	Campylobacter sp. CF10V2-F6_Camp	3082428	1	1	0	0	0	0
Campylobacter	Campylobacter	194	Campylobacter sp. CF10V2-F8_Camp	3112535	1	1	0	0	0	0
Campylobacter	Campylobacter	194	Campylobacter sp. CF10V3-F10_Camp	3042570	1	1	0	0	0	0
Campylobacter	Campylobacter	194	Campylobacter sp. CF10V3-F1_Camp	3042561	1	1	0	0	0	0
Campylobacter	Campylobacter	194	Campylobacter sp. CF10V3-F2_Camp	3042562	1	1	0	0	0	0
Campylobacter	Campylobacter	194	Campylobacter sp. CF10V3-F3_Camp	3042563	1	1	0	0	0	0
Campylobacter	Campylobacter	194	Campylobacter sp. CF10V3-F4_Camp	3042564	1	1	0	0	0	0
Campylobacter	Campylobacter	194	Campylobacter sp. CF10V3-F5_Camp	3042565	1	1	0	0	0	0
Campylobacter	Campylobacter	194	Campylobacter sp. CF10V3-F6_Camp	3042566	1	1	0	0	0	0
Campylobacter	Campylobacter	194	Campylobacter sp. CF10V3-F7_Camp	3042567	1	1	0	0	0	0
Campylobacter	Campylobacter	194	Campylobacter sp. CF10V3-F8_Camp	3042568	1	1	0	0	0	0
Campylobacter	Campylobacter	194	Campylobacter sp. CF10V3-F9_Camp	3042569	1	1	0	0	0	0
Campylobacter	Campylobacter	194	Campylobacter sp. CF4V2-F1_Camp	3082421	1	1	0	0	0	0
Campylobacter	Campylobacter	194	Campylobacter sp. CF4V2-F2_Camp	3042519	1	1	0	0	0	0
Campylobacter	Campylobacter	194	Campylobacter sp. CF4V2-F3_Camp	3112523	1	1	0	0	0	0
Campylobacter	Campylobacter	194	Campylobacter sp. CF4V2-F6_Camp	3112524	1	1	0	0	0	0
Campylobacter	Campylobacter	194	Campylobacter sp. CF4V2-F8_Camp	3082431	1	1	0	0	0	0
Campylobacter	Campylobacter	194	Campylobacter sp. CF5V2-F1_Camp	3042520	1	1	0	0	0	0
Campylobacter	Campylobacter	194	Campylobacter sp. CF5V2-F2_Camp	3082430	1	1	0	0	0	0
Campylobacter	Campylobacter	194	Campylobacter sp. CF5V2-F3_Camp	3042521	1	1	0	0	0	0
Campylobacter	Campylobacter	194	Campylobacter sp. CF5V2-F4_Camp	3042522	1	1	0	0	0	0
Campylobacter	Campylobacter	194	Campylobacter sp. CF5V2-F5_Camp	3042523	1	1	0	0	0	0
Campylobacter	Campylobacter	194	Campylobacter sp. CF5V3-F10_Camp	3042530	1	1	0	0	0	0
Campylobacter	Campylobacter	194	Campylobacter sp. CF5V3-F1_Camp	3112525	1	1	0	0	0	0
Campylobacter	Campylobacter	194	Campylobacter sp. CF5V3-F2_Camp	3042524	1	1	0	0	0	0
Campylobacter	Campylobacter	194	Campylobacter sp. CF5V3-F3_Camp	3042525	1	1	0	0	0	0
Campylobacter	Campylobacter	194	Campylobacter sp. CF5V3-F4_Camp	3112526	1	1	0	0	0	0
Campylobacter	Campylobacter	194	Campylobacter sp. CF5V3-F5_Camp	3042526	1	1	0	0	0	0
Campylobacter	Campylobacter	194	Campylobacter sp. CF5V3-F7_Camp	3042527	1	1	0	0	0	0
Campylobacter	Campylobacter	194	Campylobacter sp. CF5V3-F8_Camp	3042528	1	1	0	0	0	0
Campylobacter	Campylobacter	194	Campylobacter sp. CF5V3-F9_Camp	3042529	1	1	0	0	0	0
Campylobacter	Campylobacter	194	Campylobacter sp. CF5V3-L1_Camp	3042531	1	0	0	0	1	0
Campylobacter	Campylobacter	194	Campylobacter sp. CF5V3-L4_Camp	3042532	1	0	0	0	1	0
Campylobacter	Campylobacter	194	Campylobacter sp. CF5V3-WW4_Camp	3042533	1	0	0	0	1	0
Campylobacter	Campylobacter	194	Campylobacter sp. CF5V3-WW5_Camp	3042534	1	0	0	0	1	0
Campylobacter	Campylobacter	194	Campylobacter sp. CF6V3-F10_Camp	3042537	1	1	0	0	0	0
Campylobacter	Campylobacter	194	Campylobacter sp. CF6V3-F1_Camp	3082422	1	1	0	0	0	0
Campylobacter	Campylobacter	194	Campylobacter sp. CF6V3-F2_Camp	3042535	1	1	0	0	0	0
Campylobacter	Campylobacter	194	Campylobacter sp. CF6V3-F3_Camp	3042536	1	1	0	0	0	0
Campylobacter	Campylobacter	194	Campylobacter sp. CF6V3-F4_Camp	3082432	1	1	0	0	0	0
Campylobacter	Campylobacter	194	Campylobacter sp. CF6V3-F5_Camp	3112527	1	1	0	0	0	0
Campylobacter	Campylobacter	194	Campylobacter sp. CF6V3-F7_Camp	3112528	1	1	0	0	0	0
Campylobacter	Campylobacter	194	Campylobacter sp. CF6V3-F9_Camp	3082423	1	1	0	0	0	0
Campylobacter	Campylobacter	194	Campylobacter sp. CF6V3-L2_Camp	3042538	1	0	0	0	1	0
Campylobacter	Campylobacter	194	Campylobacter sp. CF7V3-F10_Camp	3042544	1	1	0	0	0	0
Campylobacter	Campylobacter	194	Campylobacter sp. CF7V3-F1_Camp	3042539	1	1	0	0	0	0
Campylobacter	Campylobacter	194	Campylobacter sp. CF7V3-F2_Camp	3042540	1	1	0	0	0	0
Campylobacter	Campylobacter	194	Campylobacter sp. CF7V3-F3_Camp	3042541	1	1	0	0	0	0
Campylobacter	Campylobacter	194	Campylobacter sp. CF7V3-F4_Camp	3042542	1	1	0	0	0	0
Campylobacter	Campylobacter	194	Campylobacter sp. CF7V3-F6_Camp	3042543	1	1	0	0	0	0
Campylobacter	Campylobacter	194	Campylobacter sp. CF8V2-F3_Camp	3042545	1	1	0	0	0	0
Campylobacter	Campylobacter	194	Campylobacter sp. CF8V2-L1_Camp	3042546	1	0	0	0	1	0
Campylobacter	Campylobacter	194	Campylobacter sp. CF8V2-L2_Camp	3042547	1	0	0	0	1	0
Campylobacter	Campylobacter	194	Campylobacter sp. CF8V2-L3_Camp	3042548	1	0	0	0	1	0
Campylobacter	Campylobacter	194	Campylobacter sp. CF8V3-F10_Camp	3042557	1	1	0	0	0	0
Campylobacter	Campylobacter	194	Campylobacter sp. CF8V3-F1_Camp	3042549	1	1	0	0	0	0
Campylobacter	Campylobacter	194	Campylobacter sp. CF8V3-F2_Camp	3112529	1	1	0	0	0	0
Campylobacter	Campylobacter	194	Campylobacter sp. CF8V3-F3_Camp	3042550	1	1	0	0	0	0
Campylobacter	Campylobacter	194	Campylobacter sp. CF8V3-F4_Camp	3042551	1	1	0	0	0	0
Campylobacter	Campylobacter	194	Campylobacter sp. CF8V3-F5_Camp	3042552	1	1	0	0	0	0
Campylobacter	Campylobacter	194	Campylobacter sp. CF8V3-F6_Camp	3042553	1	1	0	0	0	0
Campylobacter	Campylobacter	194	Campylobacter sp. CF8V3-F7_Camp	3042554	1	1	0	0	0	0
Campylobacter	Campylobacter	194	Campylobacter sp. CF8V3-F8_Camp	3042555	1	1	0	0	0	0
Campylobacter	Campylobacter	194	Campylobacter sp. CF8V3-F9_Camp	3042556	1	1	0	0	0	0
Campylobacter	Campylobacter	194	Campylobacter sp. CF8V3-L1_Camp	3042558	1	0	0	0	1	0
Campylobacter	Campylobacter	194	Campylobacter sp. CF8V3-L3_Camp	3112537	1	0	0	1	0	0
Campylobacter	Campylobacter	194	Campylobacter sp. CF8V3-L4_Camp	3042559	1	0	0	0	1	0
Campylobacter	Campylobacter	194	Campylobacter sp. CF8V3-L5_Camp	3042560	1	0	0	0	1	0
Campylobacter	Campylobacter	194	Campylobacter sp. CF9V3-F1_Camp	3112530	1	1	0	0	0	0
Campylobacter	Campylobacter	194	Campylobacter sp. CF9V3-F3_Camp	3082424	1	1	0	0	0	0
Campylobacter	Campylobacter	194	Campylobacter sp. CF9V3-F5_Camp	3112536	1	1	0	0	0	0
Campylobacter	Campylobacter	194	Campylobacter sp. CF9V3-F6_Camp	3082425	1	1	0	0	0	0
Campylobacter	Campylobacter	194	Campylobacter sp. CF9V3-F7_Camp	3112531	1	1	0	0	0	0
Campylobacter	Campylobacter	194	Campylobacter sp. CF9V3-F9_Camp	3112532	1	1	0	0	0	0
Campylobacter	Campylobacter	194	Campylobacter sp. CF9V3-L1_Camp	3082426	1	0	0	1	0	0
Campylobacter	Campylobacter	194	Campylobacter sp. CF9V3-WW5_Camp	3082427	1	0	0	0	1	0
Campylobacter	Campylobacter	194	Campylobacter sp. CFSAN038726	1891310	1	0	1	0	0	0
Campylobacter	Campylobacter	194	Campylobacter sp. CFSAN038759	1899162	1	0	1	0	0	0
Campylobacter	Campylobacter	194	Campylobacter sp. CFSAN038761	1899161	1	0	1	0	0	0
Campylobacter	Campylobacter	194	Campylobacter sp. CFSAN038770	1899163	1	0	1	0	0	0
Campylobacter	Campylobacter	194	Campylobacter sp. CFSAN038799	1906336	1	0	1	0	0	0
Campylobacter	Campylobacter	194	Campylobacter sp. CFSAN072558	2058363	1	1	0	0	0	0
Campylobacter	Campylobacter	194	Campylobacter sp. CFSAN072559	2058364	1	1	0	0	0	0
Campylobacter	Campylobacter	194	Campylobacter sp. CFSAN072560	2058365	1	1	0	0	0	0
Campylobacter	Campylobacter	194	Campylobacter sp. CFSAN072769	2059836	1	0	0	1	0	0
Campylobacter	Campylobacter	194	Campylobacter sp. CFSAN072770	2059837	1	0	0	1	0	0
Campylobacter	Campylobacter	194	Campylobacter sp. CFSAN072771	2059838	1	0	0	1	0	0
Campylobacter	Campylobacter	194	Campylobacter sp. CFSAN076603	2107677	1	1	0	0	0	0
Campylobacter	Campylobacter	194	Campylobacter sp. CFSAN076604	2107678	1	1	0	0	0	0
Campylobacter	Campylobacter	194	Campylobacter sp. CFSAN076605	2107675	1	1	0	0	0	0
Campylobacter	Campylobacter	194	Campylobacter sp. CFSAN076606	2107676	1	1	0	0	0	0
Campylobacter	Campylobacter	194	Campylobacter sp. CFSAN076607	2107673	1	1	0	0	0	0
Campylobacter	Campylobacter	194	Campylobacter sp. CFSAN076608	2107674	1	1	0	0	0	0
Campylobacter	Campylobacter	194	Campylobacter sp. CFSAN076609	2107672	1	1	0	0	0	0
Campylobacter	Campylobacter	194	Campylobacter sp. CFSAN076610	2107670	1	1	0	0	0	0
Campylobacter	Campylobacter	194	Campylobacter sp. CFSAN076611	2107671	1	1	0	0	0	0
Campylobacter	Campylobacter	194	Campylobacter sp. CFSAN076612	2107679	1	1	0	0	0	0
Campylobacter	Campylobacter	194	Campylobacter sp. CFSAN076613	2107680	1	1	0	0	0	0
Campylobacter	Campylobacter	194	Campylobacter sp. CFSAN078339	2133957	1	1	0	0	0	0
Campylobacter	Campylobacter	194	Campylobacter sp. CFSAN078341	2133954	1	1	0	0	0	0
Campylobacter	Campylobacter	194	Campylobacter sp. CFSAN078342	2133955	1	1	0	0	0	0
Campylobacter	Campylobacter	194	Campylobacter sp. CFSAN078343	2133956	1	1	0	0	0	0
Campylobacter	Campylobacter	194	Campylobacter sp. CFSAN093224	2572074	1	0	0	0	0	1
Campylobacter	Campylobacter	194	Campylobacter sp. CFSAN093225	2572051	1	0	0	0	0	1
Campylobacter	Campylobacter	194	Campylobacter sp. CFSAN093226	2572065	1	0	0	0	0	1
Campylobacter	Campylobacter	194	Campylobacter sp. CFSAN093227	2572069	1	0	0	0	0	1
Campylobacter	Campylobacter	194	Campylobacter sp. CFSAN093229	2572056	1	0	0	0	0	1
Campylobacter	Campylobacter	194	Campylobacter sp. CFSAN093230	2572068	1	0	0	0	0	1
Campylobacter	Campylobacter	194	Campylobacter sp. CFSAN093232	2572049	1	0	0	0	0	1
Campylobacter	Campylobacter	194	Campylobacter sp. CFSAN093233	2572078	1	0	0	0	0	1
Campylobacter	Campylobacter	194	Campylobacter sp. CFSAN093236	2572076	1	0	0	0	0	1
Campylobacter	Campylobacter	194	Campylobacter sp. CFSAN093237	2572081	1	0	0	0	0	1
Campylobacter	Campylobacter	194	Campylobacter sp. CFSAN093238	2572084	7	6	0	0	0	1
Campylobacter	Campylobacter	194	Campylobacter sp. CFSAN093239	2572060	1	0	0	0	0	1
Campylobacter	Campylobacter	194	Campylobacter sp. CFSAN093241	2572059	1	0	0	0	0	1
Campylobacter	Campylobacter	194	Campylobacter sp. CFSAN093243	2572066	1	0	0	0	0	1
Campylobacter	Campylobacter	194	Campylobacter sp. CFSAN093245	2572054	1	0	0	0	0	1
Campylobacter	Campylobacter	194	Campylobacter sp. CFSAN093246	2572050	1	0	0	0	0	1
Campylobacter	Campylobacter	194	Campylobacter sp. CFSAN093247	2572052	1	0	0	0	0	1
Campylobacter	Campylobacter	194	Campylobacter sp. CFSAN093248	2572067	1	0	0	0	0	1
Campylobacter	Campylobacter	194	Campylobacter sp. CFSAN093249	2572073	1	0	0	0	0	1
Campylobacter	Campylobacter	194	Campylobacter sp. CFSAN093250	2572071	1	0	0	0	0	1
Campylobacter	Campylobacter	194	Campylobacter sp. CFSAN093252	2572064	1	0	0	0	0	1
Campylobacter	Campylobacter	194	Campylobacter sp. CFSAN093255	2572079	1	0	0	0	0	1
Campylobacter	Campylobacter	194	Campylobacter sp. CFSAN093256	2572082	1	0	0	0	0	1
Campylobacter	Campylobacter	194	Campylobacter sp. CFSAN093258	2572077	1	0	0	0	0	1
Campylobacter	Campylobacter	194	Campylobacter sp. CFSAN093259	2572083	1	0	0	0	0	1
Campylobacter	Campylobacter	194	Campylobacter sp. CFSAN093260	2572085	1	0	0	0	0	1
Campylobacter	Campylobacter	194	Campylobacter sp. CFSAN093261	2572047	1	0	0	0	0	1
Campylobacter	Campylobacter	194	Campylobacter sp. CFSAN122719	2997767	1	0	0	0	0	1
Campylobacter	Campylobacter	194	Campylobacter sp. CFSAN122748	2997793	1	0	0	0	0	1
Campylobacter	Campylobacter	194	Campylobacter sp. CFSAN122778	2997820	1	0	0	0	0	1
Campylobacter	Campylobacter	194	Campylobacter sp. CH165	2498127	1	0	0	0	0	1
Campylobacter	Campylobacter	194	Campylobacter sp. CH182	2498128	1	0	0	0	0	1
Campylobacter	Campylobacter	194	Campylobacter sp. CH185	2498129	1	0	0	0	0	1
Campylobacter	Campylobacter	194	Campylobacter sp. CH186	2498130	1	0	0	0	0	1
Campylobacter	Campylobacter	194	Campylobacter sp. CH246	2498131	1	0	0	0	0	1
Campylobacter	Campylobacter	194	Campylobacter sp. CH278	2498132	1	0	0	0	0	1
Campylobacter	Campylobacter	194	Campylobacter sp. CMB200068-1	3393640	1	0	0	0	0	1
Campylobacter	Campylobacter	194	Campylobacter sp. CMB200095	3393641	1	0	0	0	0	1
Campylobacter	Campylobacter	194	Campylobacter sp. CMB200214A	3393637	1	0	0	0	0	1
Campylobacter	Campylobacter	194	Campylobacter sp. CMB200217	3393642	1	0	0	0	0	1
Campylobacter	Campylobacter	194	Campylobacter sp. CMB200219	3393643	1	0	0	0	0	1
Campylobacter	Campylobacter	194	Campylobacter sp. CMB210503-1L	3393644	1	0	0	0	0	1
Campylobacter	Campylobacter	194	Campylobacter sp. CN_EL1	2984143	1	1	0	0	0	0
Campylobacter	Campylobacter	194	Campylobacter sp. CN_EL2	2984144	1	1	0	0	0	0
Campylobacter	Campylobacter	194	Campylobacter sp. CN_NA1	2984150	1	1	0	0	0	0
Campylobacter	Campylobacter	194	Campylobacter sp. CN_NA2	2984145	1	1	0	0	0	0
Campylobacter	Campylobacter	194	Campylobacter sp. CN_NE1	2984147	1	1	0	0	0	0
Campylobacter	Campylobacter	194	Campylobacter sp. CN_NE2	2984146	1	1	0	0	0	0
Campylobacter	Campylobacter	194	Campylobacter sp. CN_NE3	2984149	1	1	0	0	0	0
Campylobacter	Campylobacter	194	Campylobacter sp. CN_NE4	2984148	1	1	0	0	0	0
Campylobacter	Campylobacter	194	Campylobacter sp. CNRCH_2007_0968H	2911598	1	1	0	0	0	0
Campylobacter	Campylobacter	194	Campylobacter sp. CNRCH_2013_0671h	2911599	1	1	0	0	0	0
Campylobacter	Campylobacter	194	Campylobacter sp. CNRCH_2013_0855	2911600	1	1	0	0	0	0
Campylobacter	Campylobacter	194	Campylobacter sp. CNRCH_2013_0898h	2911601	1	1	0	0	0	0
Campylobacter	Campylobacter	194	Campylobacter sp. CNRCH_2014_0184h	2911602	1	1	0	0	0	0
Campylobacter	Campylobacter	194	Campylobacter sp. CNRCH_2014_2452	2911603	1	1	0	0	0	0
Campylobacter	Campylobacter	194	Campylobacter sp. CNRCH_2014_2849	2911604	1	1	0	0	0	0
Campylobacter	Campylobacter	194	Campylobacter sp. CNRCH_2015_0338h	2911605	1	1	0	0	0	0
Campylobacter	Campylobacter	194	Campylobacter sp. CNRCH_2015_0814	2911606	1	1	0	0	0	0
Campylobacter	Campylobacter	194	Campylobacter sp. CNRCH_2015_1657	2911607	1	1	0	0	0	0
Campylobacter	Campylobacter	194	Campylobacter sp. CNRCH_2016_0050h	2911608	1	1	0	0	0	0
Campylobacter	Campylobacter	194	Campylobacter sp. CNRCH_2016_3089	2911609	1	1	0	0	0	0
Campylobacter	Campylobacter	194	Campylobacter sp. Cr9	2735728	1	0	0	0	0	1
Campylobacter	Campylobacter	194	Campylobacter sp. CS_ED1	2984140	1	1	0	0	0	0
Campylobacter	Campylobacter	194	Campylobacter sp. CS_ED2	2984141	1	1	0	0	0	0
Campylobacter	Campylobacter	194	Campylobacter sp. CS_NA1	2984139	1	1	0	0	0	0
Campylobacter	Campylobacter	194	Campylobacter sp. CS_NA2	2984138	1	1	0	0	0	0
Campylobacter	Campylobacter	194	Campylobacter sp. CS_NA3	2984142	1	1	0	0	0	0
Campylobacter	Campylobacter	194	Campylobacter sp. D2809	1860152	1	0	0	0	0	1
Campylobacter	Campylobacter	194	Campylobacter sp. DHMH-MD-16-735788	1818347	1	0	0	1	0	0
Campylobacter	Campylobacter	194	Campylobacter sp. DHMH-MD-16-735789	1818348	1	0	0	1	0	0
Campylobacter	Campylobacter	194	Campylobacter sp. DY7	3697302	1	1	0	0	0	0
Campylobacter	Campylobacter	194	Campylobacter sp. FOBRC14	936554	1	0	0	0	0	1
Campylobacter	Campylobacter	194	Campylobacter sp. FU_497	2911610	1	0	0	0	1	0
Campylobacter	Campylobacter	194	Campylobacter sp. FU_520	2911611	1	0	0	0	1	0
Campylobacter	Campylobacter	194	Campylobacter sp. GB48	3400423	1	0	0	1	0	0
Campylobacter	Campylobacter	194	Campylobacter sp. GBC1056b	3393645	1	0	0	0	0	1
Campylobacter	Campylobacter	194	Campylobacter sp. GBC1059a	3393665	1	0	0	0	0	1
Campylobacter	Campylobacter	194	Campylobacter sp. GBC1243	3393648	1	0	0	0	0	1
Campylobacter	Campylobacter	194	Campylobacter sp. GBC1261a	3393646	1	0	0	0	0	1
Campylobacter	Campylobacter	194	Campylobacter sp. GBC176a	3393649	1	0	0	0	0	1
Campylobacter	Campylobacter	194	Campylobacter sp. GBC278a	3393666	1	0	0	0	0	1
Campylobacter	Campylobacter	194	Campylobacter sp. GBC474	3393650	1	0	0	0	0	1
Campylobacter	Campylobacter	194	Campylobacter sp. GBC62a	3393651	1	0	0	0	0	1
Campylobacter	Campylobacter	194	Campylobacter sp. GBC66b	3393652	1	0	0	0	0	1
Campylobacter	Campylobacter	194	Campylobacter sp. GBC74a	3393653	1	0	0	0	0	1
Campylobacter	Campylobacter	194	Campylobacter sp. GBC838a	3393647	1	0	0	0	0	1
Campylobacter	Campylobacter	194	Campylobacter sp. GTC17093	3382266	1	0	0	0	0	1
Campylobacter	Campylobacter	194	Campylobacter sp. HMP_JCVI_SC0184	1409867	1	0	0	0	0	1
Campylobacter	Campylobacter	194	Campylobacter sp. I2007001416	2060099	1	1	0	0	0	0
Campylobacter	Campylobacter	194	Campylobacter sp. I2010004117	2060104	1	1	0	0	0	0
Campylobacter	Campylobacter	194	Campylobacter sp. I2011003459	2060100	1	1	0	0	0	0
Campylobacter	Campylobacter	194	Campylobacter sp. I2011005783	2060106	1	1	0	0	0	0
Campylobacter	Campylobacter	194	Campylobacter sp. I2011019594	2060107	1	1	0	0	0	0
Campylobacter	Campylobacter	194	Campylobacter sp. I2011026519	2060103	1	1	0	0	0	0
Campylobacter	Campylobacter	194	Campylobacter sp. I2011035489	2060109	1	1	0	0	0	0
Campylobacter	Campylobacter	194	Campylobacter sp. I2011038035	2060102	1	1	0	0	0	0
Campylobacter	Campylobacter	194	Campylobacter sp. I2012034177	2060101	1	1	0	0	0	0
Campylobacter	Campylobacter	194	Campylobacter sp. I2015017435	2060110	1	1	0	0	0	0
Campylobacter	Campylobacter	194	Campylobacter sp. I2017002782	2060105	1	1	0	0	0	0
Campylobacter	Campylobacter	194	Campylobacter sp. I2017018508	2060108	1	1	0	0	0	0
Campylobacter	Campylobacter	194	Campylobacter sp. I2017019351	2067751	1	1	0	0	0	0
Campylobacter	Campylobacter	194	Campylobacter sp. IFREMER_LSEM_CL1085	2911612	1	0	0	0	1	0
Campylobacter	Campylobacter	194	Campylobacter sp. IFREMER_LSEM_CL1097	2911613	1	0	0	0	1	0
Campylobacter	Campylobacter	194	Campylobacter sp. IFREMER_LSEM_CL1846	2911614	1	1	0	0	0	0
Campylobacter	Campylobacter	194	Campylobacter sp. IFREMER_LSEM_CL1890	2911615	1	1	0	0	0	0
Campylobacter	Campylobacter	194	Campylobacter sp. IFREMER_LSEM_CL1904	2911616	1	1	0	0	0	0
Campylobacter	Campylobacter	194	Campylobacter sp. IFREMER_LSEM_CL2090	2911617	1	1	0	0	0	0
Campylobacter	Campylobacter	194	Campylobacter sp. IFREMER_LSEM_CL2101	2911618	1	1	0	0	0	0
Campylobacter	Campylobacter	194	Campylobacter sp. IFREMER_LSEM_CL2127	2911619	1	1	0	0	0	0
Campylobacter	Campylobacter	194	Campylobacter sp. IFREMER_LSEM_CL2151	2911620	1	1	0	0	0	0
Campylobacter	Campylobacter	194	Campylobacter sp. IFREMER_LSEM_CL2194	2911621	1	1	0	0	0	0
Campylobacter	Campylobacter	194	Campylobacter sp. IFREMER_LSEM_CL2256	2911622	1	1	0	0	0	0
Campylobacter	Campylobacter	194	Campylobacter sp. IFREMER_LSEM_CL292	2911623	1	0	1	0	0	0
Campylobacter	Campylobacter	194	Campylobacter sp. IFREMER_LSEM_CL908	2911624	1	0	0	0	1	0
Campylobacter	Campylobacter	194	Campylobacter sp. JH10	2798503	1	1	0	0	0	0
Campylobacter	Campylobacter	194	Campylobacter sp. JH18	2798504	1	1	0	0	0	0
Campylobacter	Campylobacter	194	Campylobacter sp. JH20	2798505	1	1	0	0	0	0
Campylobacter	Campylobacter	194	Campylobacter sp. JH23	2798506	1	1	0	0	0	0
Campylobacter	Campylobacter	194	Campylobacter sp. JH24	2798507	1	1	0	0	0	0
Campylobacter	Campylobacter	194	Campylobacter sp. JH29	2798508	1	1	0	0	0	0
Campylobacter	Campylobacter	194	Campylobacter sp. JH32	2798509	1	1	0	0	0	0
Campylobacter	Campylobacter	194	Campylobacter sp. JH33	2798510	1	1	0	0	0	0
Campylobacter	Campylobacter	194	Campylobacter sp. JH35	2798511	1	1	0	0	0	0
Campylobacter	Campylobacter	194	Campylobacter sp. JH36	2798512	1	1	0	0	0	0
Campylobacter	Campylobacter	194	Campylobacter sp. JMF_01 NE2	2983832	1	1	0	0	0	0
Campylobacter	Campylobacter	194	Campylobacter sp. JMF_02 ED1	2983826	1	1	0	0	0	0
Campylobacter	Campylobacter	194	Campylobacter sp. JMF_03 NE3	2983831	1	1	0	0	0	0
Campylobacter	Campylobacter	194	Campylobacter sp. JMF_04 NA10	2983824	1	1	0	0	0	0
Campylobacter	Campylobacter	194	Campylobacter sp. JMF_05 ED3	2983838	1	1	0	0	0	0
Campylobacter	Campylobacter	194	Campylobacter sp. JMF_06 NA1	2983823	1	1	0	0	0	0
Campylobacter	Campylobacter	194	Campylobacter sp. JMF_07 ED4	2983840	1	1	0	0	0	0
Campylobacter	Campylobacter	194	Campylobacter sp. JMF_08 NE1	2983821	1	1	0	0	0	0
Campylobacter	Campylobacter	194	Campylobacter sp. JMF_09 ED2	2983837	1	1	0	0	0	0
Campylobacter	Campylobacter	194	Campylobacter sp. JMF_10 EL2	2983828	2	2	0	0	0	0
Campylobacter	Campylobacter	194	Campylobacter sp. JMF_11 EL3	2983841	1	1	0	0	0	0
Campylobacter	Campylobacter	194	Campylobacter sp. JMF_14 EL1	2983827	1	1	0	0	0	0
Campylobacter	Campylobacter	194	Campylobacter sp. JMF_15 NE4	2983825	1	1	0	0	0	0
Campylobacter	Campylobacter	194	Campylobacter sp. JWC-BB1	2512004	1	0	0	0	1	0
Campylobacter	Campylobacter	194	Campylobacter sp. JWC-BB10	2512008	1	0	1	0	0	0
Campylobacter	Campylobacter	194	Campylobacter sp. JWC-BB12	2512012	1	0	1	0	0	0
Campylobacter	Campylobacter	194	Campylobacter sp. JWC-BB13	2512007	1	0	1	0	0	0
Campylobacter	Campylobacter	194	Campylobacter sp. JWC-BB14	2512006	1	0	1	0	0	0
Campylobacter	Campylobacter	194	Campylobacter sp. JWC-BB15	2512011	1	0	1	0	0	0
Campylobacter	Campylobacter	194	Campylobacter sp. JWC-BB16	2512003	1	0	1	0	0	0
Campylobacter	Campylobacter	194	Campylobacter sp. JWC-BB2	2511998	1	0	0	0	1	0
Campylobacter	Campylobacter	194	Campylobacter sp. JWC-BB3	2512002	1	0	0	0	1	0
Campylobacter	Campylobacter	194	Campylobacter sp. JWC-BB4	2512001	1	0	0	0	1	0
Campylobacter	Campylobacter	194	Campylobacter sp. JWC-BB5	2512000	1	0	0	0	1	0
Campylobacter	Campylobacter	194	Campylobacter sp. JWC-BB6	2511999	1	0	0	0	1	0
Campylobacter	Campylobacter	194	Campylobacter sp. JWC-BB7	2512009	1	0	1	0	0	0
Campylobacter	Campylobacter	194	Campylobacter sp. JWC-BB8	2512005	1	0	1	0	0	0
Campylobacter	Campylobacter	194	Campylobacter sp. JWC-BB9	2512010	1	0	1	0	0	0
Campylobacter	Campylobacter	194	Campylobacter sp. LH-2024	3239825	10	0	0	0	0	10
Campylobacter	Campylobacter	194	Campylobacter sp. LMG 17559	2735748	1	0	0	0	0	1
Campylobacter	Campylobacter	194	Campylobacter sp. LMG 26494	2735789	1	0	0	0	1	0
Campylobacter	Campylobacter	194	Campylobacter sp. LMG 26496	2735790	1	0	0	0	1	0
Campylobacter	Campylobacter	194	Campylobacter sp. LMG 7929	2735749	1	1	0	0	0	0
Campylobacter	Campylobacter	194	Campylobacter sp. LR185c	2014525	3	3	0	0	0	0
Campylobacter	Campylobacter	194	Campylobacter sp. LR196d	2593543	1	1	0	0	0	0
Campylobacter	Campylobacter	194	Campylobacter sp. LR264d	2593544	1	1	0	0	0	0
Campylobacter	Campylobacter	194	Campylobacter sp. LR286c	2593545	1	1	0	0	0	0
Campylobacter	Campylobacter	194	Campylobacter sp. LR291e	2593546	1	1	0	0	0	0
Campylobacter	Campylobacter	194	Campylobacter sp. MG1	2976332	1	1	0	0	0	0
Campylobacter	Campylobacter	194	Campylobacter sp. MIT 12-5580	2040651	1	1	0	0	0	0
Campylobacter	Campylobacter	194	Campylobacter sp. MIT 12-8780	2202200	1	0	0	0	0	1
Campylobacter	Campylobacter	194	Campylobacter sp. MIT 19-121	2703906	1	0	0	0	0	1
Campylobacter	Campylobacter	194	Campylobacter sp. MIT 21-1682	2993734	1	1	0	0	0	0
Campylobacter	Campylobacter	194	Campylobacter sp. MIT 21-1684	2994322	1	1	0	0	0	0
Campylobacter	Campylobacter	194	Campylobacter sp. MIT 21-1685	2994323	1	1	0	0	0	0
Campylobacter	Campylobacter	194	Campylobacter sp. MIT 97-5078	1548153	2	1	0	0	0	1
Campylobacter	Campylobacter	194	Campylobacter sp. MIT 99-7217	535091	1	0	0	0	0	1
Campylobacter	Campylobacter	194	Campylobacter sp. OH-17-25986	2056313	1	1	0	0	0	0
Campylobacter	Campylobacter	194	Campylobacter sp. OH-17-26079	2056314	1	1	0	0	0	0
Campylobacter	Campylobacter	194	Campylobacter sp. OH-18-15554-1	2486977	1	1	0	0	0	0
Campylobacter	Campylobacter	194	Campylobacter sp. OH-18-15554-2	2485238	1	1	0	0	0	0
Campylobacter	Campylobacter	194	Campylobacter sp. OH-18-15554-3	2485239	1	1	0	0	0	0
Campylobacter	Campylobacter	194	Campylobacter sp. OH-18-19102-CJ	2509442	1	1	0	0	0	0
Campylobacter	Campylobacter	194	Campylobacter sp. OH-18-19102-CU	2486976	1	1	0	0	0	0
Campylobacter	Campylobacter	194	Campylobacter sp. OH-18-19611-1	2486975	1	1	0	0	0	0
Campylobacter	Campylobacter	194	Campylobacter sp. OH-18-19611-5	2486974	1	1	0	0	0	0
Campylobacter	Campylobacter	194	Campylobacter sp. OH-18-20018	2485245	1	1	0	0	0	0
Campylobacter	Campylobacter	194	Campylobacter sp. OH-18-21824-2	2500162	1	1	0	0	0	0
Campylobacter	Campylobacter	194	Campylobacter sp. OH-18-22463	2500165	1	1	0	0	0	0
Campylobacter	Campylobacter	194	Campylobacter sp. OH-18-23220	2500164	1	1	0	0	0	0
Campylobacter	Campylobacter	194	Campylobacter sp. OH-18-7036	2162908	1	1	0	0	0	0
Campylobacter	Campylobacter	194	Campylobacter sp. OH-18-8077-1	2211406	1	1	0	0	0	0
Campylobacter	Campylobacter	194	Campylobacter sp. P0085	1895597	1	1	0	0	0	0
Campylobacter	Campylobacter	194	Campylobacter sp. P0103	1895602	1	1	0	0	0	0
Campylobacter	Campylobacter	194	Campylobacter sp. P0109	1895606	1	1	0	0	0	0
Campylobacter	Campylobacter	194	Campylobacter sp. P091	1895621	1	1	0	0	0	0
Campylobacter	Campylobacter	194	Campylobacter sp. P255	1979368	1	1	0	0	0	0
Campylobacter	Campylobacter	194	Campylobacter sp. PF10V2-F3_Camp	3082441	1	1	0	0	0	0
Campylobacter	Campylobacter	194	Campylobacter sp. PF10V2-F8_Camp	3112521	1	1	0	0	0	0
Campylobacter	Campylobacter	194	Campylobacter sp. PF10V3-F2_Camp	3082442	1	1	0	0	0	0
Campylobacter	Campylobacter	194	Campylobacter sp. PF10V3-F4_Camp	3112522	1	1	0	0	0	0
Campylobacter	Campylobacter	194	Campylobacter sp. PF10V3-F6_Camp	3082443	1	1	0	0	0	0
Campylobacter	Campylobacter	194	Campylobacter sp. PF1V1-S2A_Camp	3112509	1	0	1	0	0	0
Campylobacter	Campylobacter	194	Campylobacter sp. PF1V1-WW4A_Camp	3112510	1	0	0	0	1	0
Campylobacter	Campylobacter	194	Campylobacter sp. PF1V3-F1A_Camp	3112511	1	1	0	0	0	0
Campylobacter	Campylobacter	194	Campylobacter sp. PF1V3-F5A_Camp	3082434	1	1	0	0	0	0
Campylobacter	Campylobacter	194	Campylobacter sp. PF1V3-F8C_Camp	3112512	1	1	0	0	0	0
Campylobacter	Campylobacter	194	Campylobacter sp. PF2V1-F1B_Camp	2946680	1	1	0	0	0	0
Campylobacter	Campylobacter	194	Campylobacter sp. PF2V1-F6A_Camp	2946656	1	1	0	0	0	0
Campylobacter	Campylobacter	194	Campylobacter sp. PF2V1-F8A_Camp	2946668	1	1	0	0	0	0
Campylobacter	Campylobacter	194	Campylobacter sp. PF2V1-L1A_Camp	2946692	1	0	0	0	1	0
Campylobacter	Campylobacter	194	Campylobacter sp. PF2V1-S1C_Camp	2946672	1	0	1	0	0	0
Campylobacter	Campylobacter	194	Campylobacter sp. PF2V1-W4C_Camp	2946655	1	0	0	0	1	0
Campylobacter	Campylobacter	194	Campylobacter sp. PF2V1-W6C_Camp	2946657	1	0	0	0	1	0
Campylobacter	Campylobacter	194	Campylobacter sp. PF2V2-F10A_Camp	2946667	1	1	0	0	0	0
Campylobacter	Campylobacter	194	Campylobacter sp. PF2V2-F1B_Camp	2946664	1	1	0	0	0	0
Campylobacter	Campylobacter	194	Campylobacter sp. PF2V2-F2A_Camp	2946696	1	1	0	0	0	0
Campylobacter	Campylobacter	194	Campylobacter sp. PF2V2-F3A_Camp	2946695	1	1	0	0	0	0
Campylobacter	Campylobacter	194	Campylobacter sp. PF2V2-F4A_Camp	2946681	1	1	0	0	0	0
Campylobacter	Campylobacter	194	Campylobacter sp. PF2V2-F5A_Camp	2946665	1	1	0	0	0	0
Campylobacter	Campylobacter	194	Campylobacter sp. PF2V2-F6A_Camp	2946694	1	1	0	0	0	0
Campylobacter	Campylobacter	194	Campylobacter sp. PF2V2-F7A_Camp	2946691	1	1	0	0	0	0
Campylobacter	Campylobacter	194	Campylobacter sp. PF2V2-F8A_Camp	2946693	1	1	0	0	0	0
Campylobacter	Campylobacter	194	Campylobacter sp. PF2V3-F10A_Camp	2946663	1	1	0	0	0	0
Campylobacter	Campylobacter	194	Campylobacter sp. PF2V3-F1A_Camp	2946654	1	1	0	0	0	0
Campylobacter	Campylobacter	194	Campylobacter sp. PF2V3-F2A_Camp	2946674	1	1	0	0	0	0
Campylobacter	Campylobacter	194	Campylobacter sp. PF2V3-F3A_Camp	2946659	1	1	0	0	0	0
Campylobacter	Campylobacter	194	Campylobacter sp. PF2V3-F4A_Camp	3112513	1	1	0	0	0	0
Campylobacter	Campylobacter	194	Campylobacter sp. PF2V3-F5B_Camp	2946660	1	1	0	0	0	0
Campylobacter	Campylobacter	194	Campylobacter sp. PF2V3-F6A_Camp	2946662	1	1	0	0	0	0
Campylobacter	Campylobacter	194	Campylobacter sp. PF2V3-F7A_Camp	2946677	1	1	0	0	0	0
Campylobacter	Campylobacter	194	Campylobacter sp. PF2V3-WW6A_Camp	2946670	1	0	0	0	1	0
Campylobacter	Campylobacter	194	Campylobacter sp. PF3V1-F10A_Camp	2946682	1	1	0	0	0	0
Campylobacter	Campylobacter	194	Campylobacter sp. PF3V1-F1A_Camp	2946679	1	1	0	0	0	0
Campylobacter	Campylobacter	194	Campylobacter sp. PF3V1-F2A_Camp	2946678	1	1	0	0	0	0
Campylobacter	Campylobacter	194	Campylobacter sp. PF3V1-F3A_Camp	2946675	1	1	0	0	0	0
Campylobacter	Campylobacter	194	Campylobacter sp. PF3V1-F4A_Camp	2946685	1	1	0	0	0	0
Campylobacter	Campylobacter	194	Campylobacter sp. PF3V1-F5A_Camp	2946689	1	1	0	0	0	0
Campylobacter	Campylobacter	194	Campylobacter sp. PF3V1-F6A_Camp	2946687	1	1	0	0	0	0
Campylobacter	Campylobacter	194	Campylobacter sp. PF3V1-F7A_Camp	2946671	1	1	0	0	0	0
Campylobacter	Campylobacter	194	Campylobacter sp. PF3V1-F8A_Camp	2946697	1	1	0	0	0	0
Campylobacter	Campylobacter	194	Campylobacter sp. PF3V1-F9A_Camp	2946661	1	1	0	0	0	0
Campylobacter	Campylobacter	194	Campylobacter sp. PF3V1-L1A_Camp	2946684	1	0	0	0	1	0
Campylobacter	Campylobacter	194	Campylobacter sp. PF3V1-L3A_Camp	2946669	1	0	0	0	1	0
Campylobacter	Campylobacter	194	Campylobacter sp. PF3V1-WW4A_Camp	2946676	1	0	0	0	1	0
Campylobacter	Campylobacter	194	Campylobacter sp. PF3V1-WW5A_Camp	2946666	1	0	0	0	1	0
Campylobacter	Campylobacter	194	Campylobacter sp. PF3V2-F1A_Camp	2946688	1	1	0	0	0	0
Campylobacter	Campylobacter	194	Campylobacter sp. PF3V3-F2A_Camp	2946690	1	1	0	0	0	0
Campylobacter	Campylobacter	194	Campylobacter sp. PF3V3-F3A_Camp	2946686	1	1	0	0	0	0
Campylobacter	Campylobacter	194	Campylobacter sp. PF3V3-F9A_Camp	2946683	1	1	0	0	0	0
Campylobacter	Campylobacter	194	Campylobacter sp. PF4V2-F1A_Camp	2946673	1	1	0	0	0	0
Campylobacter	Campylobacter	194	Campylobacter sp. PF4V2-WW5A_Camp	2946658	1	0	0	0	1	0
Campylobacter	Campylobacter	194	Campylobacter sp. PF4V2-WW6A_Camp	2957103	1	0	0	0	1	0
Campylobacter	Campylobacter	194	Campylobacter sp. PF4V3-WF2A_Camp	2957104	1	0	0	0	1	0
Campylobacter	Campylobacter	194	Campylobacter sp. PF4V3-WF3A_Camp	2957105	1	0	0	0	1	0
Campylobacter	Campylobacter	194	Campylobacter sp. PF4V3-WW5A_Camp	2957106	1	0	0	0	1	0
Campylobacter	Campylobacter	194	Campylobacter sp. PF4V3-WW6A_Camp	2957107	1	0	0	0	1	0
Campylobacter	Campylobacter	194	Campylobacter sp. PF5V1-F2A_Camp	2957108	1	1	0	0	0	0
Campylobacter	Campylobacter	194	Campylobacter sp. PF5V1-F3A_Camp	2957109	1	1	0	0	0	0
Campylobacter	Campylobacter	194	Campylobacter sp. PF5V1-F4A_Camp	2957110	1	1	0	0	0	0
Campylobacter	Campylobacter	194	Campylobacter sp. PF5V1-F5A_Camp	2957111	1	1	0	0	0	0
Campylobacter	Campylobacter	194	Campylobacter sp. PF5V1-F6A_Camp	2957112	1	1	0	0	0	0
Campylobacter	Campylobacter	194	Campylobacter sp. PF5V1-F7A_Camp	2957113	1	1	0	0	0	0
Campylobacter	Campylobacter	194	Campylobacter sp. PF5V1-F9A_Camp	2957114	1	1	0	0	0	0
Campylobacter	Campylobacter	194	Campylobacter sp. PF5V2-F10A_Camp	2957122	1	1	0	0	0	0
Campylobacter	Campylobacter	194	Campylobacter sp. PF5V2-F2A_Camp	2957115	1	1	0	0	0	0
Campylobacter	Campylobacter	194	Campylobacter sp. PF5V2-F3A_Camp	2957116	1	1	0	0	0	0
Campylobacter	Campylobacter	194	Campylobacter sp. PF5V2-F4A_Camp	2957117	1	1	0	0	0	0
Campylobacter	Campylobacter	194	Campylobacter sp. PF5V2-F6A_Camp	2957118	1	1	0	0	0	0
Campylobacter	Campylobacter	194	Campylobacter sp. PF5V2-F7A_Camp	2957119	1	1	0	0	0	0
Campylobacter	Campylobacter	194	Campylobacter sp. PF5V2-F8A_Camp	2957120	1	1	0	0	0	0
Campylobacter	Campylobacter	194	Campylobacter sp. PF5V2-F9A_Camp	2957121	1	1	0	0	0	0
Campylobacter	Campylobacter	194	Campylobacter sp. PF5V2-S1A_Camp	2957123	1	0	1	0	0	0
Campylobacter	Campylobacter	194	Campylobacter sp. PF5V2-S2A_Camp	2957124	1	0	1	0	0	0
Campylobacter	Campylobacter	194	Campylobacter sp. PF5V2-WF1A_Camp	2957125	1	0	0	0	1	0
Campylobacter	Campylobacter	194	Campylobacter sp. PF5V2-WF2A_Camp	2957126	1	0	0	0	1	0
Campylobacter	Campylobacter	194	Campylobacter sp. PF5V2-WW4A_Camp	2957127	1	0	0	0	1	0
Campylobacter	Campylobacter	194	Campylobacter sp. PF5V2-WW5A_Camp	2957128	1	0	0	0	1	0
Campylobacter	Campylobacter	194	Campylobacter sp. PF5V2-WW6A_Camp	2957129	1	0	0	0	1	0
Campylobacter	Campylobacter	194	Campylobacter sp. PF5V3-F10A_Camp	2957138	1	1	0	0	0	0
Campylobacter	Campylobacter	194	Campylobacter sp. PF5V3-F1A_Camp	2957130	1	1	0	0	0	0
Campylobacter	Campylobacter	194	Campylobacter sp. PF5V3-F2A_Camp	2957131	1	1	0	0	0	0
Campylobacter	Campylobacter	194	Campylobacter sp. PF5V3-F3A_Camp	2957132	1	1	0	0	0	0
Campylobacter	Campylobacter	194	Campylobacter sp. PF5V3-F4A_Camp	2957133	1	1	0	0	0	0
Campylobacter	Campylobacter	194	Campylobacter sp. PF5V3-F5A_Camp	2957134	1	1	0	0	0	0
Campylobacter	Campylobacter	194	Campylobacter sp. PF5V3-F7A_Camp	2957135	1	1	0	0	0	0
Campylobacter	Campylobacter	194	Campylobacter sp. PF5V3-F8A_Camp	2957136	1	1	0	0	0	0
Campylobacter	Campylobacter	194	Campylobacter sp. PF5V3-F9A_Camp	2957137	1	1	0	0	0	0
Campylobacter	Campylobacter	194	Campylobacter sp. PF5V3-WF2A_Camp	2957139	1	0	0	0	1	0
Campylobacter	Campylobacter	194	Campylobacter sp. PF5V3-WF3A_Camp	2957140	1	0	0	0	1	0
Campylobacter	Campylobacter	194	Campylobacter sp. PF5V3-WW5A_Camp	2957141	1	0	0	0	1	0
Campylobacter	Campylobacter	194	Campylobacter sp. PF5V3-WW6A_Camp	2957142	1	0	0	0	1	0
Campylobacter	Campylobacter	194	Campylobacter sp. PF6V2-WW4A_Camp	3112514	1	0	0	0	1	0
Campylobacter	Campylobacter	194	Campylobacter sp. PF6V3-F3_Camp	3082435	1	1	0	0	0	0
Campylobacter	Campylobacter	194	Campylobacter sp. PF6V3-F4_Camp	3082436	1	1	0	0	0	0
Campylobacter	Campylobacter	194	Campylobacter sp. PF6V3-F5_Camp	3082437	1	1	0	0	0	0
Campylobacter	Campylobacter	194	Campylobacter sp. PF6V3-F7_Camp	3082438	1	1	0	0	0	0
Campylobacter	Campylobacter	194	Campylobacter sp. PF6V3-F8_Camp	3082439	1	1	0	0	0	0
Campylobacter	Campylobacter	194	Campylobacter sp. PF6V3-F9_Camp	3082440	1	1	0	0	0	0
Campylobacter	Campylobacter	194	Campylobacter sp. PF7V3-S2A_Camp	3112515	1	0	1	0	0	0
Campylobacter	Campylobacter	194	Campylobacter sp. PF8V3-F6_Camp	3112516	1	1	0	0	0	0
Campylobacter	Campylobacter	194	Campylobacter sp. PF9V3-F2_Camp	3112517	1	1	0	0	0	0
Campylobacter	Campylobacter	194	Campylobacter sp. PF9V3-F6_Camp	3112518	1	1	0	0	0	0
Campylobacter	Campylobacter	194	Campylobacter sp. PF9V3-F9_Camp	3112519	1	1	0	0	0	0
Campylobacter	Campylobacter	194	Campylobacter sp. PF9V3-WW4_Camp	3112520	1	0	0	0	1	0
Campylobacter	Campylobacter	194	Campylobacter sp. PL-11	2884973	1	1	0	0	0	0
Campylobacter	Campylobacter	194	Campylobacter sp. PL-13	2884974	1	1	0	0	0	0
Campylobacter	Campylobacter	194	Campylobacter sp. PL-16	2884975	1	1	0	0	0	0
Campylobacter	Campylobacter	194	Campylobacter sp. PL-20	2884976	1	1	0	0	0	0
Campylobacter	Campylobacter	194	Campylobacter sp. PL-22	2884977	1	1	0	0	0	0
Campylobacter	Campylobacter	194	Campylobacter sp. PL-29	2884979	1	1	0	0	0	0
Campylobacter	Campylobacter	194	Campylobacter sp. PL-32	2884980	1	1	0	0	0	0
Campylobacter	Campylobacter	194	Campylobacter sp. PL-33	2884981	1	1	0	0	0	0
Campylobacter	Campylobacter	194	Campylobacter sp. PL-4	2884971	1	1	0	0	0	0
Campylobacter	Campylobacter	194	Campylobacter sp. PL-40	2884982	1	1	0	0	0	0
Campylobacter	Campylobacter	194	Campylobacter sp. PL-41	2884983	1	1	0	0	0	0
Campylobacter	Campylobacter	194	Campylobacter sp. PL-43	2884984	1	1	0	0	0	0
Campylobacter	Campylobacter	194	Campylobacter sp. PL-49	2884985	1	1	0	0	0	0
Campylobacter	Campylobacter	194	Campylobacter sp. PL-53	2884986	1	1	0	0	0	0
Campylobacter	Campylobacter	194	Campylobacter sp. PL-58	2884987	1	1	0	0	0	0
Campylobacter	Campylobacter	194	Campylobacter sp. PL-59	2884988	1	1	0	0	0	0
Campylobacter	Campylobacter	194	Campylobacter sp. PL-6	2884972	1	1	0	0	0	0
Campylobacter	Campylobacter	194	Campylobacter sp. PL-65	2884989	1	1	0	0	0	0
Campylobacter	Campylobacter	194	Campylobacter sp. PL-66	2884990	1	1	0	0	0	0
Campylobacter	Campylobacter	194	Campylobacter sp. PL-70	2884991	1	1	0	0	0	0
Campylobacter	Campylobacter	194	Campylobacter sp. PL-72	2884992	1	1	0	0	0	0
Campylobacter	Campylobacter	194	Campylobacter sp. PL-74	2884993	1	1	0	0	0	0
Campylobacter	Campylobacter	194	Campylobacter sp. PL-81	2884994	1	1	0	0	0	0
Campylobacter	Campylobacter	194	Campylobacter sp. PL-82	2884995	1	1	0	0	0	0
Campylobacter	Campylobacter	194	Campylobacter sp. PL-83	2884996	1	1	0	0	0	0
Campylobacter	Campylobacter	194	Campylobacter sp. PL-84	2884997	1	1	0	0	0	0
Campylobacter	Campylobacter	194	Campylobacter sp. PL-92	2884998	1	1	0	0	0	0
Campylobacter	Campylobacter	194	Campylobacter sp. PL-94	2884999	1	1	0	0	0	0
Campylobacter	Campylobacter	194	Campylobacter sp. PL-96	2885000	1	1	0	0	0	0
Campylobacter	Campylobacter	194	Campylobacter sp. PL28	2884978	1	1	0	0	0	0
Campylobacter	Campylobacter	194	Campylobacter sp. PL_A_1	3131941	1	1	0	0	0	0
Campylobacter	Campylobacter	194	Campylobacter sp. PL_A_2	3131942	1	1	0	0	0	0
Campylobacter	Campylobacter	194	Campylobacter sp. PL_A_3	3131943	1	1	0	0	0	0
Campylobacter	Campylobacter	194	Campylobacter sp. PL_A_4	3131944	1	1	0	0	0	0
Campylobacter	Campylobacter	194	Campylobacter sp. PL_A_5	3131945	1	1	0	0	0	0
Campylobacter	Campylobacter	194	Campylobacter sp. PL_A_6	3131946	1	1	0	0	0	0
Campylobacter	Campylobacter	194	Campylobacter sp. PL_B_1	3131947	1	1	0	0	0	0
Campylobacter	Campylobacter	194	Campylobacter sp. PL_B_10	3131956	1	1	0	0	0	0
Campylobacter	Campylobacter	194	Campylobacter sp. PL_B_2	3131948	1	1	0	0	0	0
Campylobacter	Campylobacter	194	Campylobacter sp. PL_B_3	3131949	1	1	0	0	0	0
Campylobacter	Campylobacter	194	Campylobacter sp. PL_B_4	3131950	1	1	0	0	0	0
Campylobacter	Campylobacter	194	Campylobacter sp. PL_B_5	3131951	1	1	0	0	0	0
Campylobacter	Campylobacter	194	Campylobacter sp. PL_B_6	3131952	1	1	0	0	0	0
Campylobacter	Campylobacter	194	Campylobacter sp. PL_B_7	3131953	1	1	0	0	0	0
Campylobacter	Campylobacter	194	Campylobacter sp. PL_B_8	3131954	1	1	0	0	0	0
Campylobacter	Campylobacter	194	Campylobacter sp. PL_B_9	3131955	1	1	0	0	0	0
Campylobacter	Campylobacter	194	Campylobacter sp. PL_C_1	3131957	1	1	0	0	0	0
Campylobacter	Campylobacter	194	Campylobacter sp. PL_C_2	3131958	1	1	0	0	0	0
Campylobacter	Campylobacter	194	Campylobacter sp. PL_C_3	3131959	1	1	0	0	0	0
Campylobacter	Campylobacter	194	Campylobacter sp. PL_C_4	3131960	1	1	0	0	0	0
Campylobacter	Campylobacter	194	Campylobacter sp. PL_C_5	3131961	1	1	0	0	0	0
Campylobacter	Campylobacter	194	Campylobacter sp. PL_C_6	3131962	1	1	0	0	0	0
Campylobacter	Campylobacter	194	Campylobacter sp. PL_C_7	3131963	1	1	0	0	0	0
Campylobacter	Campylobacter	194	Campylobacter sp. PL_D_1	3131964	1	1	0	0	0	0
Campylobacter	Campylobacter	194	Campylobacter sp. PL_D_2	3131965	1	1	0	0	0	0
Campylobacter	Campylobacter	194	Campylobacter sp. PL_D_3	3131966	1	1	0	0	0	0
Campylobacter	Campylobacter	194	Campylobacter sp. PL_D_4	3131967	1	1	0	0	0	0
Campylobacter	Campylobacter	194	Campylobacter sp. PL_D_5	3131968	1	1	0	0	0	0
Campylobacter	Campylobacter	194	Campylobacter sp. PL_D_6	3131969	1	1	0	0	0	0
Campylobacter	Campylobacter	194	Campylobacter sp. PL_D_7	3131970	1	1	0	0	0	0
Campylobacter	Campylobacter	194	Campylobacter sp. PL_D_8	3131971	1	1	0	0	0	0
Campylobacter	Campylobacter	194	Campylobacter sp. PNUSAC000010	1580576	1	1	0	0	0	0
Campylobacter	Campylobacter	194	Campylobacter sp. PNUSAC000013	1580577	1	1	0	0	0	0
Campylobacter	Campylobacter	194	Campylobacter sp. PNUSAC000026	1580579	1	1	0	0	0	0
Campylobacter	Campylobacter	194	Campylobacter sp. PNUSAC000027	1580568	1	1	0	0	0	0
Campylobacter	Campylobacter	194	Campylobacter sp. PNUSAC000028	1580569	1	1	0	0	0	0
Campylobacter	Campylobacter	194	Campylobacter sp. PNUSAC000029	1580570	1	1	0	0	0	0
Campylobacter	Campylobacter	194	Campylobacter sp. PNUSAC000030	1580571	1	1	0	0	0	0
Campylobacter	Campylobacter	194	Campylobacter sp. PNUSAC000053	1608475	1	1	0	0	0	0
Campylobacter	Campylobacter	194	Campylobacter sp. PNUSAC000268	1834048	1	1	0	0	0	0
Campylobacter	Campylobacter	194	Campylobacter sp. PNUSAC000269	1834049	1	1	0	0	0	0
Campylobacter	Campylobacter	194	Campylobacter sp. PNUSAC000364	1855719	1	1	0	0	0	0
Campylobacter	Campylobacter	194	Campylobacter sp. PNUSAC000377	1855721	1	1	0	0	0	0
Campylobacter	Campylobacter	194	Campylobacter sp. PNUSAC00045	1608474	1	1	0	0	0	0
Campylobacter	Campylobacter	194	Campylobacter sp. PNUSAC000776	1895948	1	1	0	0	0	0
Campylobacter	Campylobacter	194	Campylobacter sp. PNUSAC001812	1980953	1	0	0	0	0	1
Campylobacter	Campylobacter	194	Campylobacter sp. PNUSAC001813	1980954	1	0	0	0	0	1
Campylobacter	Campylobacter	194	Campylobacter sp. PNUSAC002126	2478665	1	1	0	0	0	0
Campylobacter	Campylobacter	194	Campylobacter sp. PNUSAC002456	2027284	1	1	0	0	0	0
Campylobacter	Campylobacter	194	Campylobacter sp. PNUSAC002549	2027924	1	0	0	0	0	1
Campylobacter	Campylobacter	194	Campylobacter sp. PNUSAC002695	2033436	1	1	0	0	0	0
Campylobacter	Campylobacter	194	Campylobacter sp. PNUSAC002809	2040217	1	1	0	0	0	0
Campylobacter	Campylobacter	194	Campylobacter sp. PNUSAC003380	2059727	1	0	0	0	0	1
Campylobacter	Campylobacter	194	Campylobacter sp. PNUSAC003381	2059728	1	0	0	0	0	1
Campylobacter	Campylobacter	194	Campylobacter sp. PNUSAC003382	2059729	1	0	0	0	0	1
Campylobacter	Campylobacter	194	Campylobacter sp. PNUSAC003383	2059730	1	0	0	0	0	1
Campylobacter	Campylobacter	194	Campylobacter sp. PNUSAC003615	2079252	1	1	0	0	0	0
Campylobacter	Campylobacter	194	Campylobacter sp. PNUSAC003985	2144181	1	1	0	0	0	0
Campylobacter	Campylobacter	194	Campylobacter sp. PNUSAC004826	2250446	1	1	0	0	0	0
Campylobacter	Campylobacter	194	Campylobacter sp. PNUSAC005476	2419838	1	1	0	0	0	0
Campylobacter	Campylobacter	194	Campylobacter sp. PNUSAC008955	2563113	1	0	0	0	0	1
Campylobacter	Campylobacter	194	Campylobacter sp. PNUSAC008957	2563112	1	0	0	0	0	1
Campylobacter	Campylobacter	194	Campylobacter sp. PNUSAC011154	2604157	1	0	0	0	0	1
Campylobacter	Campylobacter	194	Campylobacter sp. PNUSAC012506	2684120	1	0	0	0	0	1
Campylobacter	Campylobacter	194	Campylobacter sp. PNUSAC029404	2969529	1	0	0	0	0	1
Campylobacter	Campylobacter	194	Campylobacter sp. PNUSAC039949	3080833	1	0	0	1	0	0
Campylobacter	Campylobacter	194	Campylobacter sp. PNUSAC054376	3417457	1	1	0	0	0	0
Campylobacter	Campylobacter	194	Campylobacter sp. PNUSAC054526	3419729	1	1	0	0	0	0
Campylobacter	Campylobacter	194	Campylobacter sp. PNUSAC055224	3434327	1	1	0	0	0	0
Campylobacter	Campylobacter	194	Campylobacter sp. PNUSAC055226	3434547	1	1	0	0	0	0
Campylobacter	Campylobacter	194	Campylobacter sp. PNUSAC055228	3434546	1	0	0	0	0	1
Campylobacter	Campylobacter	194	Campylobacter sp. PNUSAC055229	3434326	1	1	0	0	0	0
Campylobacter	Campylobacter	194	Campylobacter sp. PNUSAC055610	3439022	1	1	0	0	0	0
Campylobacter	Campylobacter	194	Campylobacter sp. PNUSAC056322	3447790	1	0	0	1	0	0
Campylobacter	Campylobacter	194	Campylobacter sp. PNUSAC056785	3452778	1	1	0	0	0	0
Campylobacter	Campylobacter	194	Campylobacter sp. PNUSAC056786	3452779	1	1	0	0	0	0
Campylobacter	Campylobacter	194	Campylobacter sp. PNUSAC058871	3466842	1	1	0	0	0	0
Campylobacter	Campylobacter	194	Campylobacter sp. PNUSAC058872	3466839	1	1	0	0	0	0
Campylobacter	Campylobacter	194	Campylobacter sp. PNUSAC058873	3466841	1	1	0	0	0	0
Campylobacter	Campylobacter	194	Campylobacter sp. PNUSAC059161	3467373	1	0	0	0	0	1
Campylobacter	Campylobacter	194	Campylobacter sp. PNUSAC059162	3467374	1	0	0	0	0	1
Campylobacter	Campylobacter	194	Campylobacter sp. PNUSAC059432	3469224	1	0	0	0	0	1
Campylobacter	Campylobacter	194	Campylobacter sp. PNUSAC059433	3469225	1	0	0	0	0	1
Campylobacter	Campylobacter	194	Campylobacter sp. PNUSAC060348	3472418	1	0	0	0	0	1
Campylobacter	Campylobacter	194	Campylobacter sp. PNUSAC060351	3472419	1	0	0	0	0	1
Campylobacter	Campylobacter	194	Campylobacter sp. PNUSAC063699	3701231	1	0	0	0	0	1
Campylobacter	Campylobacter	194	Campylobacter sp. PNUSAC063955	3705884	1	0	0	0	0	1
Campylobacter	Campylobacter	194	Campylobacter sp. PNUSAC065954	3735597	1	0	0	0	0	1
Campylobacter	Campylobacter	194	Campylobacter sp. PNUSAC066563	3749209	1	0	0	0	0	1
Campylobacter	Campylobacter	194	Campylobacter sp. PNUSAC066564	3749206	1	0	0	0	0	1
Campylobacter	Campylobacter	194	Campylobacter sp. PNUSAC066565	3749208	1	0	0	0	0	1
Campylobacter	Campylobacter	194	Campylobacter sp. PNUSAC066566	3749207	1	0	0	0	0	1
Campylobacter	Campylobacter	194	Campylobacter sp. PNUSAC066567	3749211	1	0	0	0	0	1
Campylobacter	Campylobacter	194	Campylobacter sp. PNUSAC066568	3749210	1	0	0	0	0	1
Campylobacter	Campylobacter	194	Campylobacter sp. PNUSAC067453	3803154	1	0	0	0	0	1
Campylobacter	Campylobacter	194	Campylobacter sp. PNUSAC067489	3810623	1	0	0	0	0	1
Campylobacter	Campylobacter	194	Campylobacter sp. PNUSAC067507	3810626	1	0	0	0	0	1
Campylobacter	Campylobacter	194	Campylobacter sp. PNUSAC067508	3810624	1	0	0	0	0	1
Campylobacter	Campylobacter	194	Campylobacter sp. PNUSAC067509	3810625	1	0	0	0	0	1
Campylobacter	Campylobacter	194	Campylobacter sp. PNUSAC067760	3818266	1	0	0	0	0	1
Campylobacter	Campylobacter	194	Campylobacter sp. PNUSAC067761	3818265	1	0	0	0	0	1
Campylobacter	Campylobacter	194	Campylobacter sp. PNUSAC067762	3818619	1	0	0	0	0	1
Campylobacter	Campylobacter	194	Campylobacter sp. PNUSAC067763	3818620	1	0	0	0	0	1
Campylobacter	Campylobacter	194	Campylobacter sp. PNUSAC067798	3833065	1	0	0	0	0	1
Campylobacter	Campylobacter	194	Campylobacter sp. PNUSAC067799	3833064	1	0	0	0	0	1
Campylobacter	Campylobacter	194	Campylobacter sp. PNUSAC068117	3869839	1	0	0	0	0	1
Campylobacter	Campylobacter	194	Campylobacter sp. PNUSAC068118	3869838	1	0	0	0	0	1
Campylobacter	Campylobacter	194	Campylobacter sp. PRJNA239251	1580578	1	1	0	0	0	0
Campylobacter	Campylobacter	194	Campylobacter sp. PS00305	2870890	1	0	0	0	0	1
Campylobacter	Campylobacter	194	Campylobacter sp. PS00316	2870891	1	0	0	0	0	1
Campylobacter	Campylobacter	194	Campylobacter sp. PS00327	2870892	1	0	0	0	0	1
Campylobacter	Campylobacter	194	Campylobacter sp. PS00331	2870893	1	0	0	0	0	1
Campylobacter	Campylobacter	194	Campylobacter sp. PS00335	2870894	1	0	0	0	0	1
Campylobacter	Campylobacter	194	Campylobacter sp. PS00347	2870895	1	0	0	0	0	1
Campylobacter	Campylobacter	194	Campylobacter sp. PS00350	2870896	1	0	0	0	0	1
Campylobacter	Campylobacter	194	Campylobacter sp. PS00368	2870897	1	0	0	0	0	1
Campylobacter	Campylobacter	194	Campylobacter sp. PS00369	2870898	1	0	0	0	0	1
Campylobacter	Campylobacter	194	Campylobacter sp. PS00374	2870899	1	0	0	0	0	1
Campylobacter	Campylobacter	194	Campylobacter sp. RKI_CA19_01116	2911625	1	0	0	0	1	0
Campylobacter	Campylobacter	194	Campylobacter sp. RKI_CA19_01121	2911626	1	0	0	0	1	0
Campylobacter	Campylobacter	194	Campylobacter sp. RKI_CA19_01122	2911627	1	0	0	0	1	0
Campylobacter	Campylobacter	194	Campylobacter sp. RKI_CA19_01127	2911628	1	0	0	0	1	0
Campylobacter	Campylobacter	194	Campylobacter sp. RKI_CA19_01128	2911629	1	0	0	0	1	0
Campylobacter	Campylobacter	194	Campylobacter sp. RM12176	2735788	1	1	0	0	0	0
Campylobacter	Campylobacter	194	Campylobacter sp. RM12177	1660077	1	1	0	0	0	0
Campylobacter	Campylobacter	194	Campylobacter sp. RM12635	2735733	1	1	0	0	0	0
Campylobacter	Campylobacter	194	Campylobacter sp. RM12637	2735734	1	1	0	0	0	0
Campylobacter	Campylobacter	194	Campylobacter sp. RM12640	2735735	1	1	0	0	0	0
Campylobacter	Campylobacter	194	Campylobacter sp. RM12642	2735736	1	1	0	0	0	0
Campylobacter	Campylobacter	194	Campylobacter sp. RM12647	2735737	1	1	0	0	0	0
Campylobacter	Campylobacter	194	Campylobacter sp. RM12651	1660079	1	1	0	0	0	0
Campylobacter	Campylobacter	194	Campylobacter sp. RM12654	2735738	1	1	0	0	0	0
Campylobacter	Campylobacter	194	Campylobacter sp. RM15925	1705724	1	0	0	1	0	0
Campylobacter	Campylobacter	194	Campylobacter sp. RM16187	1660063	1	0	0	1	0	0
Campylobacter	Campylobacter	194	Campylobacter sp. RM16188	1705725	1	0	0	1	0	0
Campylobacter	Campylobacter	194	Campylobacter sp. RM16189	1705726	1	0	0	1	0	0
Campylobacter	Campylobacter	194	Campylobacter sp. RM16190	1705727	1	0	0	1	0	0
Campylobacter	Campylobacter	194	Campylobacter sp. RM16191	1705728	1	0	0	1	0	0
Campylobacter	Campylobacter	194	Campylobacter sp. RM16192	1660080	1	0	0	1	0	0
Campylobacter	Campylobacter	194	Campylobacter sp. RM16704	1500960	1	0	1	0	0	0
Campylobacter	Campylobacter	194	Campylobacter sp. RM17388	1660065	1	0	1	0	0	0
Campylobacter	Campylobacter	194	Campylobacter sp. RM17652	1660066	1	0	1	0	0	0
Campylobacter	Campylobacter	194	Campylobacter sp. RM19072	2735785	1	0	0	0	0	1
Campylobacter	Campylobacter	194	Campylobacter sp. RM19073	2735786	1	0	0	0	0	1
Campylobacter	Campylobacter	194	Campylobacter sp. RM5004	1660078	1	1	0	0	0	0
Campylobacter	Campylobacter	194	Campylobacter sp. RM5063	2735747	1	0	0	0	0	1
Campylobacter	Campylobacter	194	Campylobacter sp. RM8969	1660075	2	2	0	0	0	0
Campylobacter	Campylobacter	194	Campylobacter sp. RM9264	2735787	1	1	0	0	0	0
Campylobacter	Campylobacter	194	Campylobacter sp. RM9328	1705720	1	1	0	0	0	0
Campylobacter	Campylobacter	194	Campylobacter sp. RM9331	2735729	1	1	0	0	0	0
Campylobacter	Campylobacter	194	Campylobacter sp. RM9332	2735730	1	1	0	0	0	0
Campylobacter	Campylobacter	194	Campylobacter sp. RM9333	2735731	1	1	0	0	0	0
Campylobacter	Campylobacter	194	Campylobacter sp. RM9334	2735732	1	1	0	0	0	0
Campylobacter	Campylobacter	194	Campylobacter sp. S4:11	2735745	1	0	0	0	0	1
Campylobacter	Campylobacter	194	Campylobacter sp. TJR-1	3079310	1	0	0	1	0	0
Campylobacter	Campylobacter	194	Campylobacter sp. TTU-622	2800583	1	0	1	0	0	0
Campylobacter	Campylobacter	194	Campylobacter sp. TTU_617	2768148	1	0	1	0	0	0
Campylobacter	Campylobacter	194	Campylobacter sp. UBA1713	1946149	1	1	0	0	0	0
Campylobacter	Campylobacter	194	Campylobacter sp. US12a	2498116	1	0	0	0	0	1
Campylobacter	Campylobacter	194	Campylobacter sp. US18a	2498117	1	0	0	0	0	1
Campylobacter	Campylobacter	194	Campylobacter sp. US24a	2498118	1	0	0	0	0	1
Campylobacter	Campylobacter	194	Campylobacter sp. US25a	2498119	1	0	0	0	0	1
Campylobacter	Campylobacter	194	Campylobacter sp. US33a	2498120	1	0	0	0	0	1
Campylobacter	Campylobacter	194	Campylobacter sp. US42a	2498121	1	0	0	0	0	1
Campylobacter	Campylobacter	194	Campylobacter sp. US50a	2498122	1	0	0	0	0	1
Campylobacter	Campylobacter	194	Campylobacter sp. US51	2498123	1	0	0	0	0	1
Campylobacter	Campylobacter	194	Campylobacter sp. US53	2498124	1	0	0	0	0	1
Campylobacter	Campylobacter	194	Campylobacter sp. US54	2498125	1	0	0	0	0	1
Campylobacter	Campylobacter	194	Campylobacter sp. US55	2498126	1	0	0	0	0	1
Campylobacter	Campylobacter	194	Campylobacter sp. USDA04-C1	3377698	1	1	0	0	0	0
Campylobacter	Campylobacter	194	Campylobacter sp. UW245	3060573	1	0	1	0	0	0
Campylobacter	Campylobacter	194	Campylobacter sp. VA-WGS-17113	2056783	1	0	0	1	0	0
Campylobacter	Campylobacter	194	Campylobacter sp. VBCF_01 NA2	2983836	1	1	0	0	0	0
Campylobacter	Campylobacter	194	Campylobacter sp. VBCF_02 NA5	2983834	1	1	0	0	0	0
Campylobacter	Campylobacter	194	Campylobacter sp. VBCF_03 NA9	2983839	1	1	0	0	0	0
Campylobacter	Campylobacter	194	Campylobacter sp. VBCF_04 NA7	2983830	1	1	0	0	0	0
Campylobacter	Campylobacter	194	Campylobacter sp. VBCF_05 NA6	2983829	1	1	0	0	0	0
Campylobacter	Campylobacter	194	Campylobacter sp. VBCF_06 NA8	2983822	1	1	0	0	0	0
Campylobacter	Campylobacter	194	Campylobacter sp. VBCF_07 NA4	2983835	1	1	0	0	0	0
Campylobacter	Campylobacter	194	Campylobacter sp. VBCF_08 NA3	2983833	1	1	0	0	0	0
Campylobacter	Campylobacter	194	Campylobacter sp. W0014	2735781	1	0	0	0	0	1
Campylobacter	Campylobacter	194	Campylobacter sp. W0018	2735782	1	0	0	0	0	1
Campylobacter	Campylobacter	194	Campylobacter sp. W0066.1	2735751	1	0	0	0	0	1
Campylobacter	Campylobacter	194	Campylobacter sp. W0066.2	2735752	1	0	0	0	0	1
Campylobacter	Campylobacter	194	Campylobacter sp. W1199a	3393657	1	0	0	0	0	1
Campylobacter	Campylobacter	194	Campylobacter sp. W467a	3393654	1	0	0	0	0	1
Campylobacter	Campylobacter	194	Campylobacter sp. W489b	3393658	1	0	0	0	0	1
Campylobacter	Campylobacter	194	Campylobacter sp. W531a	3393655	1	0	0	0	0	1
Campylobacter	Campylobacter	194	Campylobacter sp. W782b	3393667	1	0	0	0	0	1
Campylobacter	Campylobacter	194	Campylobacter sputorum	206	42	16	0	9	0	17
Campylobacter	Campylobacter	194	Campylobacter subantarcticus	497724	4	0	0	3	0	1
Campylobacter	Campylobacter	194	Campylobacter suis	2790657	1	0	0	1	0	0
Campylobacter	Campylobacter	194	Campylobacter taeniopygiae	2510188	4	4	0	0	0	0
Campylobacter	Campylobacter	194	Campylobacter troglodytis	654363	10	9	0	0	0	1
Campylobacter	Campylobacter	194	Campylobacter upsaliensis	28080	1344	535	0	29	0	780
Campylobacter	Campylobacter	194	Campylobacter ureolyticus	827	172	22	0	46	2	102
Campylobacter	Campylobacter	194	Campylobacter vicugnae	1660076	13	13	0	0	0	0
Campylobacter	Campylobacter	194	Campylobacter volucris	1031542	30	2	8	2	13	5
Campylobacter	Campylobacter	194	Campylobacter vulpis	1655500	17	2	0	0	0	15
Campylobacter	Campylobacter	194	Candidatus Campylobacter infans	2561898	14	12	0	0	0	2
Campylobacter	Campylobacter	194	uncultured Campylobacter sp.	218934	827	645	0	161	9	12
Candidatus_Bruticola	Candidatus Bruticola	2829316	Candidatus Bruticola papionis	2829353	3	1	2	0	0	0
Candidatus_Bruticola	Candidatus Bruticola	2829316	Candidatus Bruticola sp.	2952911	11	11	0	0	0	0
Candidatus_Colimorpha	Candidatus Colimorpha	3082834	Candidatus Colimorpha enterica	3083063	38	37	0	1	0	0
Candidatus_Colimorpha	Candidatus Colimorpha	3082834	Candidatus Colimorpha merdihippi	3083064	1	1	0	0	0	0
Candidatus_Colimorpha	Candidatus Colimorpha	3082834	Candidatus Colimorpha onthohippi	3083065	1	1	0	0	0	0
Candidatus_Colimorpha	Candidatus Colimorpha	3082834	Candidatus Colimorpha pelethequi	3083066	1	1	0	0	0	0
Candidatus_Cryptobacteroides	Candidatus Cryptobacteroides	2840523	Candidatus Cryptobacteroides aphodequi	3083081	1	1	0	0	0	0
Candidatus_Cryptobacteroides	Candidatus Cryptobacteroides	2840523	Candidatus Cryptobacteroides avicola	2840757	13	2	0	0	0	11
Candidatus_Cryptobacteroides	Candidatus Cryptobacteroides	2840523	Candidatus Cryptobacteroides avistercoris	2840758	38	6	0	0	0	32
Candidatus_Cryptobacteroides	Candidatus Cryptobacteroides	2840523	Candidatus Cryptobacteroides bacterium	3085639	46	46	0	0	0	0
Candidatus_Cryptobacteroides	Candidatus Cryptobacteroides	2840523	Candidatus Cryptobacteroides caccocaballi	3083082	1	1	0	0	0	0
Candidatus_Cryptobacteroides	Candidatus Cryptobacteroides	2840523	Candidatus Cryptobacteroides choladohippi	3083083	1	1	0	0	0	0
Candidatus_Cryptobacteroides	Candidatus Cryptobacteroides	2840523	Candidatus Cryptobacteroides equifaecalis	3083084	1	1	0	0	0	0
Candidatus_Cryptobacteroides	Candidatus Cryptobacteroides	2840523	Candidatus Cryptobacteroides excrementavium	2840759	12	3	0	0	0	9
Candidatus_Cryptobacteroides	Candidatus Cryptobacteroides	2840523	Candidatus Cryptobacteroides excrementigallinarum	2840760	16	1	0	0	0	15
Candidatus_Cryptobacteroides	Candidatus Cryptobacteroides	2840523	Candidatus Cryptobacteroides excrementipullorum	2840761	13	4	0	0	0	9
Candidatus_Cryptobacteroides	Candidatus Cryptobacteroides	2840523	Candidatus Cryptobacteroides faecavium	2840762	18	7	0	0	0	11
Candidatus_Cryptobacteroides	Candidatus Cryptobacteroides	2840523	Candidatus Cryptobacteroides faecigallinarum	2840763	17	5	0	0	0	12
Candidatus_Cryptobacteroides	Candidatus Cryptobacteroides	2840523	Candidatus Cryptobacteroides faecihippi	3083085	1	1	0	0	0	0
Candidatus_Cryptobacteroides	Candidatus Cryptobacteroides	2840523	Candidatus Cryptobacteroides faecipullorum	2840764	11	3	0	0	0	8
Candidatus_Cryptobacteroides	Candidatus Cryptobacteroides	2840523	Candidatus Cryptobacteroides fimicaballi	3083086	1	1	0	0	0	0
Candidatus_Cryptobacteroides	Candidatus Cryptobacteroides	2840523	Candidatus Cryptobacteroides gallistercoris	2840765	8	5	0	0	0	3
Candidatus_Cryptobacteroides	Candidatus Cryptobacteroides	2840523	Candidatus Cryptobacteroides intestinavium	2840766	14	2	0	0	0	12
Candidatus_Cryptobacteroides	Candidatus Cryptobacteroides	2840523	Candidatus Cryptobacteroides intestinigallinarum	2840767	6	2	0	0	0	4
Candidatus_Cryptobacteroides	Candidatus Cryptobacteroides	2840523	Candidatus Cryptobacteroides intestinipullorum	2840768	2	1	0	0	0	1
Candidatus_Cryptobacteroides	Candidatus Cryptobacteroides	2840523	Candidatus Cryptobacteroides merdavium	2840769	2	1	0	0	0	1
Candidatus_Cryptobacteroides	Candidatus Cryptobacteroides	2840523	Candidatus Cryptobacteroides merdigallinarum	2840770	6	4	0	0	0	2
Candidatus_Cryptobacteroides	Candidatus Cryptobacteroides	2840523	Candidatus Cryptobacteroides merdipullorum	2840771	10	1	0	0	0	9
Candidatus_Cryptobacteroides	Candidatus Cryptobacteroides	2840523	Candidatus Cryptobacteroides onthequi	3083087	1	1	0	0	0	0
Candidatus_Cryptobacteroides	Candidatus Cryptobacteroides	2840523	Candidatus Cryptobacteroides pullicola	2840772	21	1	0	0	0	20
Candidatus_Cryptobacteroides	Candidatus Cryptobacteroides	2840523	Candidatus Cryptobacteroides sp.	2952915	1536	1296	11	176	48	5
Candidatus_Cryptobacteroides	Candidatus Cryptobacteroides	2840523	uncultured Candidatus Cryptobacteroides sp.	3391918	2	2	0	0	0	0
Candidatus_Egerieousia	Candidatus Egerieousia	2840524	Candidatus Egerieousia equi	3083089	1	1	0	0	0	0
Candidatus_Egerieousia	Candidatus Egerieousia	2840524	Candidatus Egerieousia excrementavium	2840778	3	2	0	0	0	1
Candidatus_Egerieousia	Candidatus Egerieousia	2840524	Candidatus Egerieousia sp.	2952919	169	145	8	5	9	2
Candidatus_Gastranaerophilus	Candidatus Gastranaerophilus	1906125	Candidatus Gastranaerophilus bacterium	3048865	15	15	0	0	0	0
Candidatus_Gastranaerophilus	Candidatus Gastranaerophilus	1906125	Candidatus Gastranaerophilus bacterium T1900044954_TA20190008_bin.135	3049048	1	1	0	0	0	0
Candidatus_Gastranaerophilus	Candidatus Gastranaerophilus	1906125	Candidatus Gastranaerophilus bacterium T1900045314_YK20190003_bin.14	3049049	1	1	0	0	0	0
Candidatus_Gastranaerophilus	Candidatus Gastranaerophilus	1906125	Candidatus Gastranaerophilus bacterium T1900045388_YK20190078_bin.264	3049050	1	1	0	0	0	0
Candidatus_Gastranaerophilus	Candidatus Gastranaerophilus	1906125	Candidatus Gastranaerophilus bacterium T1900045722_YK20190416_bin.46	3049051	1	1	0	0	0	0
Candidatus_Gastranaerophilus	Candidatus Gastranaerophilus	1906125	Candidatus Gastranaerophilus bacterium TP20200814-DZC3_DT2009055331-1_bin.155	3049052	1	1	0	0	0	0
Candidatus_Gastranaerophilus	Candidatus Gastranaerophilus	1906125	Candidatus Gastranaerophilus bacterium TP20200815-DZC38_DT2009055508-1_bin.241	3049053	1	1	0	0	0	0
Candidatus_Gastranaerophilus	Candidatus Gastranaerophilus	1906125	Candidatus Gastranaerophilus bacterium TP20200815-DZC68_DT2009055538-1_bin.35	3049054	1	1	0	0	0	0
Candidatus_Gastranaerophilus	Candidatus Gastranaerophilus	1906125	Candidatus Gastranaerophilus phascolarcticola	1906137	115	114	0	0	1	0
Candidatus_Gastranaerophilus	Candidatus Gastranaerophilus	1906125	Candidatus Gastranaerophilus sp. (ex Termes propinquus)	2029980	1	0	0	0	0	1
Candidatus_Limenecus	Candidatus Limenecus	2840608	Candidatus Limenecus avicola	2840847	9	8	0	0	0	1
Candidatus_Limenecus	Candidatus Limenecus	2840608	Candidatus Limenecus sp.	3048868	24	24	0	0	0	0
Candidatus_Limenecus	Candidatus Limenecus	2840608	Candidatus Limenecus sp. T1900044551_TS20190017_bin.113	3049055	1	1	0	0	0	0
Candidatus_Limenecus	Candidatus Limenecus	2840608	Candidatus Limenecus sp. T1900044597_TS20190063_bin.168	3049056	1	1	0	0	0	0
Candidatus_Limenecus	Candidatus Limenecus	2840608	Candidatus Limenecus sp. T1900045643_YK20190337_bin.235	3049057	1	1	0	0	0	0
Candidatus_Limenecus	Candidatus Limenecus	2840608	Candidatus Limenecus sp. T1900045733_YK20190427_bin.141	3049058	1	1	0	0	0	0
Candidatus_Limenecus	Candidatus Limenecus	2840608	Candidatus Limenecus sp. TP20200815-DZC68_DT2009055538-1_bin.56	3049059	1	1	0	0	0	0
Candidatus_Limimorpha	Candidatus Limimorpha	3083039	Candidatus Limimorpha avicola	3083040	2	2	0	0	0	0
Candidatus_Limimorpha	Candidatus Limimorpha	3083039	Candidatus Limimorpha caballi	3083111	1	1	0	0	0	0
Candidatus_Limimorpha	Candidatus Limimorpha	3083039	Candidatus Limimorpha equi	3083112	1	1	0	0	0	0
Candidatus_Limimorpha	Candidatus Limimorpha	3083039	Candidatus Limimorpha sp.	3084846	202	63	1	125	13	0
Candidatus_Limisoma	Candidatus Limisoma	2840527	Candidatus Limisoma faecipullorum	2840854	15	5	0	0	0	10
Candidatus_Limisoma	Candidatus Limisoma	2840527	Candidatus Limisoma gallistercoris	2840855	2	1	0	0	0	1
Candidatus_Limisoma	Candidatus Limisoma	2840527	Candidatus Limisoma intestinavium	2840856	3	2	0	0	0	1
Candidatus_Limisoma	Candidatus Limisoma	2840527	Candidatus Limisoma sp.	3076476	107	106	0	1	0	0
Candidatus_Methanogranum	Candidatus Methanogranum	1577789	Candidatus Methanogranum gryphiswaldense	2848114	1	0	0	0	1	0
Candidatus_Methanogranum	Candidatus Methanogranum	1577789	Candidatus Methanogranum sp.	3101443	6	4	1	1	0	0
Candidatus_Methanogranum	Candidatus Methanogranum	1577789	uncultured Candidatus Methanogranum sp.	2093355	4	0	1	0	3	0
Candidatus_Onthomorpha	Candidatus Onthomorpha	2840528	Candidatus Onthomorpha intestinigallinarum	2840880	2	0	0	0	0	2
Candidatus_Onthomorpha	Candidatus Onthomorpha	2840528	Candidatus Onthomorpha sp.	3048873	77	77	0	0	0	0
Candidatus_Ozemibacter	Candidatus Ozemibacter	2419833	Candidatus Ozemibacter sibiricus	2268124	1	0	1	0	0	0
Candidatus_Ozemibacter	Candidatus Ozemibacter	2419833	Candidatus Ozemibacter sp.	3030604	3	0	1	0	1	1
Candidatus_Paraimprobicoccus	Candidatus Paraimprobicoccus	3075492	Candidatus Paraimprobicoccus trichonymphae	3033793	1	1	0	0	0	0
Candidatus_Stoquefichus	Candidatus Stoquefichus	1470349	Candidatus Stoquefichus massiliensis	1470350	3	2	0	0	0	1
Candidatus_Stoquefichus	Candidatus Stoquefichus	1470349	Candidatus Stoquefichus sp.	2786950	8	8	0	0	0	0
Candidatus_Stoquefichus	Candidatus Stoquefichus	1470349	Candidatus Stoquefichus sp. KLE1796	1574263	1	1	0	0	0	0
Candidatus_Stoquefichus	Candidatus Stoquefichus	1470349	Candidatus Stoquefichus sp. SB1	1658109	1	0	0	0	0	1
Catenibacillus	Catenibacillus	2316203	Catenibacillus scindens	673271	3	2	0	0	0	1
Catenibacillus	Catenibacillus	2316203	Catenibacillus sp.	2316204	33	29	0	0	0	4
Catenibacillus	Catenibacillus	2316203	uncultured Catenibacillus sp.	2316206	14	14	0	0	0	0
Catenibacterium	Catenibacterium	135858	Catenibacterium faecis	2764323	32	12	18	0	0	2
Catenibacterium	Catenibacterium	135858	Catenibacterium mitsuokai	100886	1165	224	3	4	0	934
Catenibacterium	Catenibacterium	135858	Catenibacterium sp.	2049022	2128	559	10	0	1	1558
Catenibacterium	Catenibacterium	135858	Catenibacterium sp. AM22-15	2292991	1	1	0	0	0	0
Catenibacterium	Catenibacterium	135858	Catenibacterium sp. AM22-6LB	2292992	1	1	0	0	0	0
Catenibacterium	Catenibacterium	135858	Catenibacterium sp. BIOML-A1	2584626	2	0	0	0	0	2
Catenibacterium	Catenibacterium	135858	Catenibacterium sp. CAG:290	1262767	2	2	0	0	0	0
Catenibacterium	Catenibacterium	135858	Catenibacterium sp. co_0103	2478954	20	14	0	6	0	0
Catenibacterium	Catenibacterium	135858	Catenibacterium sp. GCM10023432	3252638	1	0	0	0	0	1
Catenibacterium	Catenibacterium	135858	Catenibacterium sp. RTP21428st1_B8_RTP21428_210409	3153689	1	1	0	0	0	0
Catenibacterium	Catenibacterium	135858	Catenibacterium sp. RTP21428st1_D7_RTP21428_210409	3153688	1	1	0	0	0	0
Catenibacterium	Catenibacterium	135858	Catenibacterium sp. sp000437715	3435886	1	1	0	0	0	0
Catenibacterium	Catenibacterium	135858	Catenibacterium sp. UBA627	1946309	1	1	0	0	0	0
Catenibacterium	Catenibacterium	135858	uncultured Catenibacterium sp.	286142	330	327	2	1	0	0
Cerasicoccus	Cerasicoccus	468938	Cerasicoccus arenae	424488	4	0	0	0	1	3
Cerasicoccus	Cerasicoccus	468938	Cerasicoccus fimbriatus	3014554	1	0	1	0	0	0
Cerasicoccus	Cerasicoccus	468938	Cerasicoccus frondis	490090	2	0	2	0	0	0
Cerasicoccus	Cerasicoccus	468938	Cerasicoccus maritimus	490089	2	0	2	0	0	0
Cerasicoccus	Cerasicoccus	468938	Cerasicoccus sp.	3004447	1	0	1	0	0	0
Chordicoccus	Chordicoccus	3031933	Chordicoccus furentiruminis	2709410	5	3	0	0	1	1
Chordicoccus	Chordicoccus	3031933	Chordicoccus sp.	3031935	12	8	2	0	2	0
Cloacibacillus	Cloacibacillus	508459	Cloacibacillus evryensis	508460	63	46	0	0	1	16
Cloacibacillus	Cloacibacillus	508459	Cloacibacillus porcorum	1197717	71	58	0	0	1	12
Cloacibacillus	Cloacibacillus	508459	Cloacibacillus sp.	2049023	104	22	0	0	0	82
Cloacibacillus	Cloacibacillus	508459	Cloacibacillus sp. An23	1965591	1	1	0	0	0	0
Cloacibacillus	Cloacibacillus	508459	Cloacibacillus sp. DZ-S5	3396783	1	0	0	0	0	1
Cloacibacillus	Cloacibacillus	508459	uncultured Cloacibacillus sp.	889794	73	72	0	0	1	0
Clostridium	Clostridium	1485	[Butyribacterium] methylotrophicum	1487	3	0	1	0	0	2
Clostridium	Clostridium	1485	[Clostridium] innocuum	1522	2248	918	1	7	46	1276
Clostridium	Clostridium	1485	Candidatus Clostridium eludens	3381663	1	0	1	0	0	0
Clostridium	Clostridium	1485	Candidatus Clostridium helianthi	3381660	1	0	1	0	0	0
Clostridium	Clostridium	1485	Candidatus Clostridium massiliensis	337314	4	0	0	4	0	0
Clostridium	Clostridium	1485	Candidatus Clostridium radicumherbarum	3381662	1	0	1	0	0	0
Clostridium	Clostridium	1485	Candidatus Clostridium stratigraminis	3381661	1	0	1	0	0	0
Clostridium	Clostridium	1485	Clostridium acetireducens	76489	1	0	0	0	1	0
Clostridium	Clostridium	1485	Clostridium acetobutylicum	1488	571	3	2	0	133	433
Clostridium	Clostridium	1485	Clostridium acidisoli	91624	1	0	0	0	0	1
Clostridium	Clostridium	1485	Clostridium aciditolerans	339861	3	0	2	0	0	1
Clostridium	Clostridium	1485	Clostridium aestuarii	338193	1	0	1	0	0	0
Clostridium	Clostridium	1485	Clostridium akagii	91623	1	0	0	0	0	1
Clostridium	Clostridium	1485	Clostridium algidicarnis	37659	21	3	5	0	9	4
Clostridium	Clostridium	1485	Clostridium algifaecis	1472040	4	0	1	0	0	3
Clostridium	Clostridium	1485	Clostridium algoriphilum	198347	1	0	0	0	1	0
Clostridium	Clostridium	1485	Clostridium amazonense	1648214	3	0	0	0	0	3
Clostridium	Clostridium	1485	Clostridium amazonitimonense	1499689	3	1	0	0	0	2
Clostridium	Clostridium	1485	Clostridium aminobutyricum	33953	1	0	1	0	0	0
Clostridium	Clostridium	1485	Clostridium amylolyticum	1121298	3	0	0	0	1	2
Clostridium	Clostridium	1485	Clostridium aquiflavi	3073603	1	0	1	0	0	0
Clostridium	Clostridium	1485	Clostridium arbusti	1137848	1	0	0	0	0	1
Clostridium	Clostridium	1485	Clostridium argentinense	29341	16	3	0	3	4	6
Clostridium	Clostridium	1485	Clostridium aromativorans	2836848	3	0	0	0	3	0
Clostridium	Clostridium	1485	Clostridium autoethanogenum	84023	164	7	1	1	2	153
Clostridium	Clostridium	1485	Clostridium baratii	1561	114	48	6	6	1	53
Clostridium	Clostridium	1485	Clostridium beijerinckii	1520	801	6	130	1	40	624
Clostridium	Clostridium	1485	Clostridium boliviensis	318465	1	0	1	0	0	0
Clostridium	Clostridium	1485	Clostridium bornimense	1216932	2	1	0	0	0	1
Clostridium	Clostridium	1485	Clostridium botulinum	1491	2600	360	468	165	151	1456
Clostridium	Clostridium	1485	Clostridium bovifaecis	2184719	2	2	0	0	0	0
Clostridium	Clostridium	1485	Clostridium bowmanii	132925	5	1	2	0	2	0
Clostridium	Clostridium	1485	Clostridium brassicae	2999072	1	0	1	0	0	0
Clostridium	Clostridium	1485	Clostridium budayi	83338	1	0	1	0	0	0
Clostridium	Clostridium	1485	Clostridium butanoliproducens	2991837	1	0	0	0	0	1
Clostridium	Clostridium	1485	Clostridium butyricum	1492	1114	243	72	5	39	755
Clostridium	Clostridium	1485	Clostridium caccae	2080751	4	1	3	0	0	0
Clostridium	Clostridium	1485	Clostridium cadaveris	1529	43	18	0	2	2	21
Clostridium	Clostridium	1485	Clostridium caldaquaticum	2940653	2	0	0	0	2	0
Clostridium	Clostridium	1485	Clostridium caproicum	2933746	1	0	0	0	0	1
Clostridium	Clostridium	1485	Clostridium carboxidivorans	217159	11	0	4	0	0	7
Clostridium	Clostridium	1485	Clostridium carnis	1530	6	0	1	0	0	5
Clostridium	Clostridium	1485	Clostridium caseinilyticum	3350403	4	0	1	0	1	2
Clostridium	Clostridium	1485	Clostridium cavendishii	349931	1	0	0	0	0	1
Clostridium	Clostridium	1485	Clostridium celatum	36834	46	31	0	5	1	9
Clostridium	Clostridium	1485	Clostridium cellulovorans	1493	17	0	0	0	7	10
Clostridium	Clostridium	1485	Clostridium chartatabidum	29356	2	0	0	0	2	0
Clostridium	Clostridium	1485	Clostridium chauvoei	46867	115	5	4	10	0	96
Clostridium	Clostridium	1485	Clostridium chromiireducens	225345	7	2	3	0	0	2
Clostridium	Clostridium	1485	Clostridium chrysemydis	2665504	3	3	0	0	0	0
Clostridium	Clostridium	1485	Clostridium cibarium	2762247	1	0	0	0	0	1
Clostridium	Clostridium	1485	Clostridium cochlearium	1494	34	8	3	3	1	19
Clostridium	Clostridium	1485	Clostridium collagenovorans	29357	1	0	0	0	0	1
Clostridium	Clostridium	1485	Clostridium combesii	39481	2	0	2	0	0	0
Clostridium	Clostridium	1485	Clostridium coskatii	1705578	2	0	1	0	0	1
Clostridium	Clostridium	1485	Clostridium culturomicium	1499683	19	8	0	0	0	11
Clostridium	Clostridium	1485	Clostridium cuniculi	2548455	11	9	0	0	1	1
Clostridium	Clostridium	1485	Clostridium cylindrosporum	1495	4	0	2	0	0	2
Clostridium	Clostridium	1485	Clostridium diolis	223919	7	1	1	0	3	2
Clostridium	Clostridium	1485	Clostridium disporicum	84024	127	77	4	1	0	45
Clostridium	Clostridium	1485	Clostridium drakei	332101	10	0	1	0	1	8
Clostridium	Clostridium	1485	Clostridium estertheticum	238834	38	21	10	0	4	3
Clostridium	Clostridium	1485	Clostridium facile	2763035	3	3	0	0	0	0
Clostridium	Clostridium	1485	Clostridium faecium	2762223	3	1	0	0	1	1
Clostridium	Clostridium	1485	Clostridium fallax	1533	4	0	0	0	0	4
Clostridium	Clostridium	1485	Clostridium felsineum	36839	8	0	3	0	0	5
Clostridium	Clostridium	1485	Clostridium fermenticellae	2068654	2	0	1	0	1	0
Clostridium	Clostridium	1485	Clostridium fessum	2126740	270	249	6	1	0	14
Clostridium	Clostridium	1485	Clostridium flavum	2933747	1	0	0	0	0	1
Clostridium	Clostridium	1485	Clostridium folliculivorans	2886038	2	0	2	0	0	0
Clostridium	Clostridium	1485	Clostridium frigidicarnis	84698	4	0	1	2	0	1
Clostridium	Clostridium	1485	Clostridium frigoriphilum	443253	1	0	1	0	0	0
Clostridium	Clostridium	1485	Clostridium frigoris	205327	1	0	0	0	1	0
Clostridium	Clostridium	1485	Clostridium fungisolvens	1604897	1	0	0	0	0	1
Clostridium	Clostridium	1485	Clostridium fusiformis	69833	1	0	0	0	0	1
Clostridium	Clostridium	1485	Clostridium gallinarum	2762246	2	0	0	0	0	2
Clostridium	Clostridium	1485	Clostridium ganghwense	312089	1	0	1	0	0	0
Clostridium	Clostridium	1485	Clostridium gasigenes	94869	11	0	4	0	4	3
Clostridium	Clostridium	1485	Clostridium gelidum	704125	1	0	0	0	0	1
Clostridium	Clostridium	1485	Clostridium grantii	40575	1	0	0	0	0	1
Clostridium	Clostridium	1485	Clostridium guangxiense	1662055	1	0	1	0	0	0
Clostridium	Clostridium	1485	Clostridium haemolyticum	84025	35	0	0	19	1	15
Clostridium	Clostridium	1485	Clostridium hominis	2763036	3	2	0	0	0	1
Clostridium	Clostridium	1485	Clostridium homopropionicum	36844	2	0	1	0	0	1
Clostridium	Clostridium	1485	Clostridium hydrogeniformans	349933	1	0	0	0	0	1
Clostridium	Clostridium	1485	Clostridium hydrogenum	2855764	1	0	1	0	0	0
Clostridium	Clostridium	1485	Clostridium ihumii	1470356	6	4	0	0	0	2
Clostridium	Clostridium	1485	Clostridium intestinale	36845	13	1	1	1	6	4
Clostridium	Clostridium	1485	Clostridium isatidis	182773	20	0	9	0	10	1
Clostridium	Clostridium	1485	Clostridium jeddahitimonense	1499684	21	0	0	0	0	21
Clostridium	Clostridium	1485	Clostridium kluyveri	1534	41	0	4	0	10	27
Clostridium	Clostridium	1485	Clostridium lacusfryxellense	205328	1	0	0	0	1	0
Clostridium	Clostridium	1485	Clostridium lamae	3044578	1	1	0	0	0	0
Clostridium	Clostridium	1485	Clostridium lapidicellarium	3240931	1	0	1	0	0	0
Clostridium	Clostridium	1485	Clostridium lentum	2763037	6	6	0	0	0	0
Clostridium	Clostridium	1485	Clostridium liquoris	1289519	5	0	0	0	1	4
Clostridium	Clostridium	1485	Clostridium ljungdahlii	1538	172	0	3	33	27	109
Clostridium	Clostridium	1485	Clostridium longisporum	1523	1	0	0	0	0	1
Clostridium	Clostridium	1485	Clostridium lundense	319475	3	2	0	0	0	1
Clostridium	Clostridium	1485	Clostridium luticellarii	1691940	8	0	6	0	0	2
Clostridium	Clostridium	1485	Clostridium magnum	33954	4	0	2	0	1	1
Clostridium	Clostridium	1485	Clostridium malenominatum	1539	3	0	0	0	0	3
Clostridium	Clostridium	1485	Clostridium manihotivorum	2320868	1	0	1	0	0	0
Clostridium	Clostridium	1485	Clostridium massiliamazoniense	1347366	10	0	0	1	0	9
Clostridium	Clostridium	1485	Clostridium massiliodielmoense	1776385	6	1	1	3	0	1
Clostridium	Clostridium	1485	Clostridium mediterraneense	1805472	18	1	0	0	0	17
Clostridium	Clostridium	1485	Clostridium merdae	1958780	2	1	0	0	0	1
Clostridium	Clostridium	1485	Clostridium minihomine	2045012	1	1	0	0	0	0
Clostridium	Clostridium	1485	Clostridium mobile	2841512	1	1	0	0	0	0
Clostridium	Clostridium	1485	Clostridium moniliforme	39489	7	1	0	3	0	3
Clostridium	Clostridium	1485	Clostridium moutaii	3240932	1	0	1	0	0	0
Clostridium	Clostridium	1485	Clostridium mucosae	1796627	1	0	0	0	0	1
Clostridium	Clostridium	1485	Clostridium muellerianum	2716538	1	0	0	0	0	1
Clostridium	Clostridium	1485	Clostridium neonatale	137838	233	43	0	2	1	187
Clostridium	Clostridium	1485	Clostridium neuense	1728934	2	0	1	0	0	1
Clostridium	Clostridium	1485	Clostridium niameyense	1622073	4	1	0	1	0	2
Clostridium	Clostridium	1485	Clostridium nigeriense	1805470	15	4	1	0	0	10
Clostridium	Clostridium	1485	Clostridium nitrophenolicum	382954	1	0	1	0	0	0
Clostridium	Clostridium	1485	Clostridium novyi	1542	35	2	6	6	1	20
Clostridium	Clostridium	1485	Clostridium oceanicum	1543	2	0	1	0	0	1
Clostridium	Clostridium	1485	Clostridium omnivorum	1604902	1	0	1	0	0	0
Clostridium	Clostridium	1485	Clostridium oryzae	1450648	2	0	2	0	0	0
Clostridium	Clostridium	1485	Clostridium pabulibutyricum	1849278	1	0	0	0	1	0
Clostridium	Clostridium	1485	Clostridium pacaense	1917870	10	8	0	0	0	2
Clostridium	Clostridium	1485	Clostridium paraputrificum	29363	540	116	2	4	1	417
Clostridium	Clostridium	1485	Clostridium paridis	2803863	1	0	1	0	0	0
Clostridium	Clostridium	1485	Clostridium pascui	46609	1	0	0	0	0	1
Clostridium	Clostridium	1485	Clostridium pasteurianum	1501	54	0	5	0	3	46
Clostridium	Clostridium	1485	Clostridium pectinovorum	2933748	1	0	0	0	0	1
Clostridium	Clostridium	1485	Clostridium peptidivorans	100174	1	0	0	0	0	1
Clostridium	Clostridium	1485	Clostridium perfringenosum	2839035	1	0	0	1	0	0
Clostridium	Clostridium	1485	Clostridium perfringens	1502	7880	3679	549	913	271	2468
Clostridium	Clostridium	1485	Clostridium phoceensis	1650661	387	40	0	0	0	347
Clostridium	Clostridium	1485	Clostridium polyendosporum	69208	1	0	1	0	0	0
Clostridium	Clostridium	1485	Clostridium polynesiense	1325933	2	1	0	0	0	1
Clostridium	Clostridium	1485	Clostridium porci	2605778	7	6	0	0	0	1
Clostridium	Clostridium	1485	Clostridium prolinivorans	2769420	2	0	0	0	1	1
Clostridium	Clostridium	1485	Clostridium psychrophilum	132926	1	0	0	0	1	0
Clostridium	Clostridium	1485	Clostridium punense	1054297	3	0	1	0	0	2
Clostridium	Clostridium	1485	Clostridium puniceum	29367	1	0	0	0	0	1
Clostridium	Clostridium	1485	Clostridium putrefaciens	99675	1	0	1	0	0	0
Clostridium	Clostridium	1485	Clostridium quinii	36850	3	0	0	0	0	3
Clostridium	Clostridium	1485	Clostridium ragsdalei	217158	2	0	1	0	0	1
Clostridium	Clostridium	1485	Clostridium rectalis	2040295	1	1	0	0	0	0
Clostridium	Clostridium	1485	Clostridium rhizosphaerae	2803861	1	0	1	0	0	0
Clostridium	Clostridium	1485	Clostridium ruminantium	1960653	10	1	0	1	1	7
Clostridium	Clostridium	1485	Clostridium saccharobutylicum	169679	74	0	1	0	23	50
Clostridium	Clostridium	1485	Clostridium saccharoperbutylacetonicum	36745	20	0	4	0	5	11
Clostridium	Clostridium	1485	Clostridium sardiniense	29369	38	2	6	0	5	25
Clostridium	Clostridium	1485	Clostridium sartagoforme	84031	27	6	1	1	8	11
Clostridium	Clostridium	1485	Clostridium saudiense	1414720	156	119	2	0	2	33
Clostridium	Clostridium	1485	Clostridium scatologenes	1548	3	1	0	0	0	2
Clostridium	Clostridium	1485	Clostridium schirmacherense	351628	1	0	1	0	0	0
Clostridium	Clostridium	1485	Clostridium sediminicola	3114879	1	0	0	0	0	1
Clostridium	Clostridium	1485	Clostridium segne	2763038	1	1	0	0	0	0
Clostridium	Clostridium	1485	Clostridium senegalense	1465809	14	4	1	0	3	6
Clostridium	Clostridium	1485	Clostridium septicum	1504	24	2	2	5	2	13
Clostridium	Clostridium	1485	Clostridium simiarum	2841506	1	1	0	0	0	0
Clostridium	Clostridium	1485	Clostridium sp.	1506	24350	4128	95	18	124	19985
Clostridium	Clostridium	1485	Clostridium sp. 'deep sea'	2779445	1	0	0	0	1	0
Clostridium	Clostridium	1485	Clostridium sp. 'White wine YQ'	3027474	1	0	1	0	0	0
Clostridium	Clostridium	1485	Clostridium sp. 001	1970093	1	0	0	0	0	1
Clostridium	Clostridium	1485	Clostridium sp. 02_E4	2973931	1	0	0	0	1	0
Clostridium	Clostridium	1485	Clostridium sp. 1001175st1 A10	2559709	10	10	0	0	0	0
Clostridium	Clostridium	1485	Clostridium sp. 1001254J_160919_D6	2787142	1	1	0	0	0	0
Clostridium	Clostridium	1485	Clostridium sp. 1001254J_160919_H10	2787119	1	1	0	0	0	0
Clostridium	Clostridium	1485	Clostridium sp. 1001270H_150608_G6	2787102	1	1	0	0	0	0
Clostridium	Clostridium	1485	Clostridium sp. 1001270J_160509_D11	2787103	17	17	0	0	0	0
Clostridium	Clostridium	1485	Clostridium sp. 1001271B_150615_H5	2787105	1	1	0	0	0	0
Clostridium	Clostridium	1485	Clostridium sp. 1001271B_151109_B4	2787148	1	1	0	0	0	0
Clostridium	Clostridium	1485	Clostridium sp. 1001271B_151109_D9	2787111	1	1	0	0	0	0
Clostridium	Clostridium	1485	Clostridium sp. 1001271st1 H5	2559708	2	2	0	0	0	0
Clostridium	Clostridium	1485	Clostridium sp. 1001275B_160808_H3	2787110	1	1	0	0	0	0
Clostridium	Clostridium	1485	Clostridium sp. 1001283B150210_160208_E6	2787129	1	1	0	0	0	0
Clostridium	Clostridium	1485	Clostridium sp. 1001283B150225_161107_B6	2787141	1	1	0	0	0	0
Clostridium	Clostridium	1485	Clostridium sp. 10cd*	3373596	1	1	0	0	0	0
Clostridium	Clostridium	1485	Clostridium sp. 12(A)	1163671	3	1	0	0	0	2
Clostridium	Clostridium	1485	Clostridium sp. 14505	169136	1	0	0	0	0	1
Clostridium	Clostridium	1485	Clostridium sp. 16K-1-R1	2681265	1	1	0	0	0	0
Clostridium	Clostridium	1485	Clostridium sp. 19966	2768166	1	0	1	0	0	0
Clostridium	Clostridium	1485	Clostridium sp. 1_1_41A1FAA	457397	1	0	0	0	0	1
Clostridium	Clostridium	1485	Clostridium sp. 1xD42-85	2320084	1	0	0	0	0	1
Clostridium	Clostridium	1485	Clostridium sp. 2-1	2070758	1	0	1	0	0	0
Clostridium	Clostridium	1485	Clostridium sp. 2218st1_F5_2218SCRN_220325	3143056	1	1	0	0	0	0
Clostridium	Clostridium	1485	Clostridium sp. 26_21	1896977	1	0	0	0	1	0
Clostridium	Clostridium	1485	Clostridium sp. 26_22	1896978	5	4	0	0	1	0
Clostridium	Clostridium	1485	Clostridium sp. 27_14	1896979	22	20	0	1	1	0
Clostridium	Clostridium	1485	Clostridium sp. 28_12	1896980	12	11	0	0	1	0
Clostridium	Clostridium	1485	Clostridium sp. 28_17	1896981	3	2	0	0	1	0
Clostridium	Clostridium	1485	Clostridium sp. 29_15	1896982	2	1	0	0	1	0
Clostridium	Clostridium	1485	Clostridium sp. 3-3	2070757	1	0	1	0	0	0
Clostridium	Clostridium	1485	Clostridium sp. 42_12	1896983	1	0	0	0	1	0
Clostridium	Clostridium	1485	Clostridium sp. 44_14	1896984	1	0	0	0	1	0
Clostridium	Clostridium	1485	Clostridium sp. 7_2_43FAA	457396	7	5	0	0	0	2
Clostridium	Clostridium	1485	Clostridium sp. 7_3_54FAA	665940	2	0	0	0	0	2
Clostridium	Clostridium	1485	Clostridium sp. A19	3478894	1	0	0	0	0	1
Clostridium	Clostridium	1485	Clostridium sp. A2-232	411488	1	0	0	0	0	1
Clostridium	Clostridium	1485	Clostridium sp. A254.MGS-251	1637498	2	1	0	0	0	1
Clostridium	Clostridium	1485	Clostridium sp. Ade.TY	1391647	1	0	1	0	0	0
Clostridium	Clostridium	1485	Clostridium sp. AdeTY	3134036	1	0	0	1	0	0
Clostridium	Clostridium	1485	Clostridium sp. AF02-29	2292993	17	17	0	0	0	0
Clostridium	Clostridium	1485	Clostridium sp. AF12-19	2292200	1	1	0	0	0	0
Clostridium	Clostridium	1485	Clostridium sp. AF12-28	2292201	1	1	0	0	0	0
Clostridium	Clostridium	1485	Clostridium sp. AF12-41	2292994	1	1	0	0	0	0
Clostridium	Clostridium	1485	Clostridium sp. AF15-17LB	2292202	1	1	0	0	0	0
Clostridium	Clostridium	1485	Clostridium sp. AF15-31	2292995	23	22	0	1	0	0
Clostridium	Clostridium	1485	Clostridium sp. AF15-41	2292996	1	1	0	0	0	0
Clostridium	Clostridium	1485	Clostridium sp. AF15-49	2292997	16	16	0	0	0	0
Clostridium	Clostridium	1485	Clostridium sp. AF15-6B	2292998	1	1	0	0	0	0
Clostridium	Clostridium	1485	Clostridium sp. AF16-25	2292999	1	1	0	0	0	0
Clostridium	Clostridium	1485	Clostridium sp. AF17-2	2293000	1	1	0	0	0	0
Clostridium	Clostridium	1485	Clostridium sp. AF17-21AC	2293001	1	1	0	0	0	0
Clostridium	Clostridium	1485	Clostridium sp. AF18-27	2292203	1	1	0	0	0	0
Clostridium	Clostridium	1485	Clostridium sp. AF19-22AC	2292204	1	1	0	0	0	0
Clostridium	Clostridium	1485	Clostridium sp. AF20-17LB	2292205	1	1	0	0	0	0
Clostridium	Clostridium	1485	Clostridium sp. AF20-7	2293002	1	1	0	0	0	0
Clostridium	Clostridium	1485	Clostridium sp. AF21-20LB	2293003	1	1	0	0	0	0
Clostridium	Clostridium	1485	Clostridium sp. AF22-10	2293004	1	1	0	0	0	0
Clostridium	Clostridium	1485	Clostridium sp. AF23-6LB	2293005	1	1	0	0	0	0
Clostridium	Clostridium	1485	Clostridium sp. AF23-8	2293006	1	1	0	0	0	0
Clostridium	Clostridium	1485	Clostridium sp. AF24-2LB	2293007	1	1	0	0	0	0
Clostridium	Clostridium	1485	Clostridium sp. AF27-2AA	2292206	56	56	0	0	0	0
Clostridium	Clostridium	1485	Clostridium sp. AF27-5AA	2293008	1	1	0	0	0	0
Clostridium	Clostridium	1485	Clostridium sp. AF28-12	2305241	1	1	0	0	0	0
Clostridium	Clostridium	1485	Clostridium sp. AF29-8BH	2293009	1	1	0	0	0	0
Clostridium	Clostridium	1485	Clostridium sp. AF32-12BH	2292006	1	1	0	0	0	0
Clostridium	Clostridium	1485	Clostridium sp. AF32-7AC	2293010	1	1	0	0	0	0
Clostridium	Clostridium	1485	Clostridium sp. AF34-10BH	2293011	8	8	0	0	0	0
Clostridium	Clostridium	1485	Clostridium sp. AF34-13	2293012	1	1	0	0	0	0
Clostridium	Clostridium	1485	Clostridium sp. AF35-15	2293013	1	1	0	0	0	0
Clostridium	Clostridium	1485	Clostridium sp. AF36-18BH	2293014	1	1	0	0	0	0
Clostridium	Clostridium	1485	Clostridium sp. AF36-4	2293015	14	14	0	0	0	0
Clostridium	Clostridium	1485	Clostridium sp. AF37-5	2293016	118	118	0	0	0	0
Clostridium	Clostridium	1485	Clostridium sp. AF37-5AT	2292007	1	1	0	0	0	0
Clostridium	Clostridium	1485	Clostridium sp. AF37-7	2293017	1	1	0	0	0	0
Clostridium	Clostridium	1485	Clostridium sp. AF43-10	2293018	1	1	0	0	0	0
Clostridium	Clostridium	1485	Clostridium sp. AF46-12NS	2293019	1	1	0	0	0	0
Clostridium	Clostridium	1485	Clostridium sp. AF46-9NS	2293020	1	1	0	0	0	0
Clostridium	Clostridium	1485	Clostridium sp. AF50-3	2293021	1	1	0	0	0	0
Clostridium	Clostridium	1485	Clostridium sp. AH-173-I07	2269227	1	0	0	0	0	1
Clostridium	Clostridium	1485	Clostridium sp. AH-173-M15	2269228	1	0	0	0	0	1
Clostridium	Clostridium	1485	Clostridium sp. AH-173-N14	2269229	1	0	0	0	0	1
Clostridium	Clostridium	1485	Clostridium sp. AH-177-C13	2269244	1	0	0	0	0	1
Clostridium	Clostridium	1485	Clostridium sp. AH-177-D07	2269230	1	0	0	0	0	1
Clostridium	Clostridium	1485	Clostridium sp. AH-177-D17	2269231	1	0	0	0	0	1
Clostridium	Clostridium	1485	Clostridium sp. AH-177-I10	2269232	1	0	0	0	0	1
Clostridium	Clostridium	1485	Clostridium sp. AH-177-J23	2269245	1	0	0	0	0	1
Clostridium	Clostridium	1485	Clostridium sp. AH-177-K19	2269246	1	0	0	0	0	1
Clostridium	Clostridium	1485	Clostridium sp. AL.422	3081202	1	1	0	0	0	0
Clostridium	Clostridium	1485	Clostridium sp. AM09-51	2293022	1	1	0	0	0	0
Clostridium	Clostridium	1485	Clostridium sp. AM16-23	2292008	1	1	0	0	0	0
Clostridium	Clostridium	1485	Clostridium sp. AM18-55	2293023	1	1	0	0	0	0
Clostridium	Clostridium	1485	Clostridium sp. AM22-11AC	2293024	56	56	0	0	0	0
Clostridium	Clostridium	1485	Clostridium sp. AM22-16AC	2292009	1	1	0	0	0	0
Clostridium	Clostridium	1485	Clostridium sp. AM25-23AC	2305240	1	1	0	0	0	0
Clostridium	Clostridium	1485	Clostridium sp. AM27-28	2293025	1	1	0	0	0	0
Clostridium	Clostridium	1485	Clostridium sp. AM27-31LB	2293026	1	1	0	0	0	0
Clostridium	Clostridium	1485	Clostridium sp. AM28-20LB	2293027	1	1	0	0	0	0
Clostridium	Clostridium	1485	Clostridium sp. AM29-11AC	2293028	1	1	0	0	0	0
Clostridium	Clostridium	1485	Clostridium sp. AM30-24	2292303	4	4	0	0	0	0
Clostridium	Clostridium	1485	Clostridium sp. AM32-2	2293029	1	1	0	0	0	0
Clostridium	Clostridium	1485	Clostridium sp. AM33-3	2292304	4	3	0	0	0	1
Clostridium	Clostridium	1485	Clostridium sp. AM34-11AC	2305242	18	18	0	0	0	0
Clostridium	Clostridium	1485	Clostridium sp. AM34-9AC	2293030	1	1	0	0	0	0
Clostridium	Clostridium	1485	Clostridium sp. AM42-36	2293031	1	1	0	0	0	0
Clostridium	Clostridium	1485	Clostridium sp. AM42-4	2292305	1	1	0	0	0	0
Clostridium	Clostridium	1485	Clostridium sp. AM43-3BH	2293032	1	1	0	0	0	0
Clostridium	Clostridium	1485	Clostridium sp. AM45-5	2292306	1	1	0	0	0	0
Clostridium	Clostridium	1485	Clostridium sp. AM46-21	2293033	1	1	0	0	0	0
Clostridium	Clostridium	1485	Clostridium sp. AM48-13	2293034	1	1	0	0	0	0
Clostridium	Clostridium	1485	Clostridium sp. AM49-4BH	2293035	58	58	0	0	0	0
Clostridium	Clostridium	1485	Clostridium sp. AM51-4	2293036	1	1	0	0	0	0
Clostridium	Clostridium	1485	Clostridium sp. AM54-14XD	2293037	1	1	0	0	0	0
Clostridium	Clostridium	1485	Clostridium sp. AM54-37XD	2293038	1	1	0	0	0	0
Clostridium	Clostridium	1485	Clostridium sp. AM58-1XD	2292307	1	1	0	0	0	0
Clostridium	Clostridium	1485	Clostridium sp. AN503	3160598	1	0	0	0	0	1
Clostridium	Clostridium	1485	Clostridium sp. APS4	271625	1	0	0	0	0	1
Clostridium	Clostridium	1485	Clostridium sp. ASBs410	1304866	1	0	0	0	0	1
Clostridium	Clostridium	1485	Clostridium sp. AT4	1720194	62	60	0	1	0	1
Clostridium	Clostridium	1485	Clostridium sp. ATCC 25772	1676991	1	0	0	0	0	1
Clostridium	Clostridium	1485	Clostridium sp. ATCC 29733	1507	3	1	0	0	0	2
Clostridium	Clostridium	1485	Clostridium sp. ATCC BAA-442	649724	3	2	0	0	0	1
Clostridium	Clostridium	1485	Clostridium sp. ATCC_29733_VPI_C48_50	2860052	1	0	0	0	0	1
Clostridium	Clostridium	1485	Clostridium sp. AUH-JLR23	1505062	1	0	0	0	0	1
Clostridium	Clostridium	1485	Clostridium sp. AWRP	2212991	9	0	0	0	0	9
Clostridium	Clostridium	1485	Clostridium sp. B9	3423224	1	0	0	0	0	1
Clostridium	Clostridium	1485	Clostridium sp. Bc-iso-3	1848158	1	0	0	0	1	0
Clostridium	Clostridium	1485	Clostridium sp. Beaufort Island-1	3384446	1	0	0	0	1	0
Clostridium	Clostridium	1485	Clostridium sp. Beaufort Island-2	3384447	1	0	0	0	1	0
Clostridium	Clostridium	1485	Clostridium sp. Beaufort Island-3	3384448	1	0	0	0	1	0
Clostridium	Clostridium	1485	Clostridium sp. Beaufort Island-4	3384449	1	0	0	0	1	0
Clostridium	Clostridium	1485	Clostridium sp. BIOML-A1	2584627	2	0	0	0	0	2
Clostridium	Clostridium	1485	Clostridium sp. BJN0001	2930219	1	0	1	0	0	0
Clostridium	Clostridium	1485	Clostridium sp. BJN0013	3236840	4	0	4	0	0	0
Clostridium	Clostridium	1485	Clostridium sp. BL-8	349938	1	0	0	0	0	1
Clostridium	Clostridium	1485	Clostridium sp. BL8	1354301	1	1	0	0	0	0
Clostridium	Clostridium	1485	Clostridium sp. BNL1100	755731	3	0	0	0	0	3
Clostridium	Clostridium	1485	Clostridium sp. BOB136C69	3073154	1	1	0	0	0	0
Clostridium	Clostridium	1485	Clostridium sp. BSD2780061687b_171204_G6	2787094	1	1	0	0	0	0
Clostridium	Clostridium	1485	Clostridium sp. BSD2780061688b_171218_E8	2787146	1	1	0	0	0	0
Clostridium	Clostridium	1485	Clostridium sp. BSD2780061688st1 E8	2559704	1	1	0	0	0	0
Clostridium	Clostridium	1485	Clostridium sp. BSD2780061688st1 H5	2559705	1	1	0	0	0	0
Clostridium	Clostridium	1485	Clostridium sp. BSD9I1	2003589	1	0	0	0	1	0
Clostridium	Clostridium	1485	Clostridium sp. C1	1155388	1	1	0	0	0	0
Clostridium	Clostridium	1485	Clostridium sp. C1-6	1515039	1	0	0	0	0	1
Clostridium	Clostridium	1485	Clostridium sp. C105KSO13	1776045	2	0	0	0	0	2
Clostridium	Clostridium	1485	Clostridium sp. C105KSO14	1776046	1	0	0	0	0	1
Clostridium	Clostridium	1485	Clostridium sp. C105KSO15	1776047	1	0	0	0	0	1
Clostridium	Clostridium	1485	Clostridium sp. C2-6-12	2698832	1	1	0	0	0	0
Clostridium	Clostridium	1485	Clostridium sp. C8	1667357	1	0	1	0	0	0
Clostridium	Clostridium	1485	Clostridium sp. C8-1-8	2698831	1	1	0	0	0	0
Clostridium	Clostridium	1485	Clostridium sp. CAG:1000	1262768	18	18	0	0	0	0
Clostridium	Clostridium	1485	Clostridium sp. CAG:1013	1262769	4	4	0	0	0	0
Clostridium	Clostridium	1485	Clostridium sp. CAG:1024	1262770	29	18	0	11	0	0
Clostridium	Clostridium	1485	Clostridium sp. CAG:1193	1262771	17	17	0	0	0	0
Clostridium	Clostridium	1485	Clostridium sp. CAG:1219	1262772	11	11	0	0	0	0
Clostridium	Clostridium	1485	Clostridium sp. CAG:122	1262773	1	1	0	0	0	0
Clostridium	Clostridium	1485	Clostridium sp. CAG:12237_41	1896985	1	0	0	0	1	0
Clostridium	Clostridium	1485	Clostridium sp. CAG:127	1262774	6	6	0	0	0	0
Clostridium	Clostridium	1485	Clostridium sp. CAG:138	1262775	73	57	0	5	0	11
Clostridium	Clostridium	1485	Clostridium sp. CAG:149	1262776	1	1	0	0	0	0
Clostridium	Clostridium	1485	Clostridium sp. CAG:167	1262777	127	127	0	0	0	0
Clostridium	Clostridium	1485	Clostridium sp. CAG:169	1262778	126	125	0	0	1	0
Clostridium	Clostridium	1485	Clostridium sp. CAG:217	1262779	301	259	0	42	0	0
Clostridium	Clostridium	1485	Clostridium sp. CAG:217_53_7	1896992	1	0	0	0	1	0
Clostridium	Clostridium	1485	Clostridium sp. CAG:221	1262780	3853	3853	0	0	0	0
Clostridium	Clostridium	1485	Clostridium sp. CAG:226	1262781	3	3	0	0	0	0
Clostridium	Clostridium	1485	Clostridium sp. CAG:230	1262782	1	1	0	0	0	0
Clostridium	Clostridium	1485	Clostridium sp. CAG:242	1262783	1	1	0	0	0	0
Clostridium	Clostridium	1485	Clostridium sp. CAG:245	1262784	40	38	0	2	0	0
Clostridium	Clostridium	1485	Clostridium sp. CAG:245_30_32	1896986	1	0	0	0	1	0
Clostridium	Clostridium	1485	Clostridium sp. CAG:253	1262785	49	49	0	0	0	0
Clostridium	Clostridium	1485	Clostridium sp. CAG:264	1262786	1	1	0	0	0	0
Clostridium	Clostridium	1485	Clostridium sp. CAG:265	1262787	1	1	0	0	0	0
Clostridium	Clostridium	1485	Clostridium sp. CAG:269	1262788	1	1	0	0	0	0
Clostridium	Clostridium	1485	Clostridium sp. CAG:273	1262789	58	58	0	0	0	0
Clostridium	Clostridium	1485	Clostridium sp. CAG:277	1262790	1	1	0	0	0	0
Clostridium	Clostridium	1485	Clostridium sp. CAG:288	1262791	5	5	0	0	0	0
Clostridium	Clostridium	1485	Clostridium sp. CAG:299	1262792	73	73	0	0	0	0
Clostridium	Clostridium	1485	Clostridium sp. CAG:302	1262793	31	25	0	6	0	0
Clostridium	Clostridium	1485	Clostridium sp. CAG:306	1262794	41	41	0	0	0	0
Clostridium	Clostridium	1485	Clostridium sp. CAG:307	1262795	2	2	0	0	0	0
Clostridium	Clostridium	1485	Clostridium sp. CAG:307_30_263	1896987	9	8	0	0	1	0
Clostridium	Clostridium	1485	Clostridium sp. CAG:343	1262796	24	22	0	2	0	0
Clostridium	Clostridium	1485	Clostridium sp. CAG:349	1262797	1	1	0	0	0	0
Clostridium	Clostridium	1485	Clostridium sp. CAG:349_48_7	1896988	1	0	0	0	1	0
Clostridium	Clostridium	1485	Clostridium sp. CAG:352	1262798	1	1	0	0	0	0
Clostridium	Clostridium	1485	Clostridium sp. CAG:354	1262799	4	4	0	0	0	0
Clostridium	Clostridium	1485	Clostridium sp. CAG:354_28_25	1896989	11	10	0	0	1	0
Clostridium	Clostridium	1485	Clostridium sp. CAG:356	1262800	1	1	0	0	0	0
Clostridium	Clostridium	1485	Clostridium sp. CAG:389	1262801	6	6	0	0	0	0
Clostridium	Clostridium	1485	Clostridium sp. CAG:411	1262802	8	8	0	0	0	0
Clostridium	Clostridium	1485	Clostridium sp. CAG:413	1262803	137	132	0	5	0	0
Clostridium	Clostridium	1485	Clostridium sp. CAG:417	1262804	110	105	0	4	1	0
Clostridium	Clostridium	1485	Clostridium sp. CAG:43	1262805	2	2	0	0	0	0
Clostridium	Clostridium	1485	Clostridium sp. CAG:433	1262806	10	10	0	0	0	0
Clostridium	Clostridium	1485	Clostridium sp. CAG:440	1262807	75	75	0	0	0	0
Clostridium	Clostridium	1485	Clostridium sp. CAG:448	1262808	10	10	0	0	0	0
Clostridium	Clostridium	1485	Clostridium sp. CAG:451	1262809	44	43	0	1	0	0
Clostridium	Clostridium	1485	Clostridium sp. CAG:452	1262810	103	97	0	4	2	0
Clostridium	Clostridium	1485	Clostridium sp. CAG:465	1262811	89	86	0	3	0	0
Clostridium	Clostridium	1485	Clostridium sp. CAG:470	1262812	1	1	0	0	0	0
Clostridium	Clostridium	1485	Clostridium sp. CAG:492	1262813	75	75	0	0	0	0
Clostridium	Clostridium	1485	Clostridium sp. CAG:505	1262814	1	1	0	0	0	0
Clostridium	Clostridium	1485	Clostridium sp. CAG:508	1262815	136	133	0	3	0	0
Clostridium	Clostridium	1485	Clostridium sp. CAG:510	1262816	11	9	0	2	0	0
Clostridium	Clostridium	1485	Clostridium sp. CAG:524	1262817	84	83	0	1	0	0
Clostridium	Clostridium	1485	Clostridium sp. CAG:533	1262818	63	63	0	0	0	0
Clostridium	Clostridium	1485	Clostridium sp. CAG:557	1262819	92	92	0	0	0	0
Clostridium	Clostridium	1485	Clostridium sp. CAG:567	1262820	91	91	0	0	0	0
Clostridium	Clostridium	1485	Clostridium sp. CAG:568	1262821	182	182	0	0	0	0
Clostridium	Clostridium	1485	Clostridium sp. CAG:571	1262822	11	11	0	0	0	0
Clostridium	Clostridium	1485	Clostridium sp. CAG:575	1262823	3	3	0	0	0	0
Clostridium	Clostridium	1485	Clostridium sp. CAG:58	1262824	36	36	0	0	0	0
Clostridium	Clostridium	1485	Clostridium sp. CAG:590	1262825	36	36	0	0	0	0
Clostridium	Clostridium	1485	Clostridium sp. CAG:594	1262826	78	76	0	2	0	0
Clostridium	Clostridium	1485	Clostridium sp. CAG:609	1262827	25	25	0	0	0	0
Clostridium	Clostridium	1485	Clostridium sp. CAG:62	1262828	1	1	0	0	0	0
Clostridium	Clostridium	1485	Clostridium sp. CAG:628	1262829	79	78	0	1	0	0
Clostridium	Clostridium	1485	Clostridium sp. CAG:62_40_43	1896990	1	0	0	0	1	0
Clostridium	Clostridium	1485	Clostridium sp. CAG:632	1262830	58	58	0	0	0	0
Clostridium	Clostridium	1485	Clostridium sp. CAG:678	1262831	28	27	0	0	1	0
Clostridium	Clostridium	1485	Clostridium sp. CAG:7	1262832	3	2	0	0	1	0
Clostridium	Clostridium	1485	Clostridium sp. CAG:710	1262833	45	43	0	2	0	0
Clostridium	Clostridium	1485	Clostridium sp. CAG:715	1262834	1	1	0	0	0	0
Clostridium	Clostridium	1485	Clostridium sp. CAG:729	1262835	1	1	0	0	0	0
Clostridium	Clostridium	1485	Clostridium sp. CAG:75	1262836	1	1	0	0	0	0
Clostridium	Clostridium	1485	Clostridium sp. CAG:762	1262837	17	17	0	0	0	0
Clostridium	Clostridium	1485	Clostridium sp. CAG:768	1262838	4	4	0	0	0	0
Clostridium	Clostridium	1485	Clostridium sp. CAG:780	1262839	64	63	0	1	0	0
Clostridium	Clostridium	1485	Clostridium sp. CAG:793	1262840	18	16	0	0	0	2
Clostridium	Clostridium	1485	Clostridium sp. CAG:798	1262841	1	1	0	0	0	0
Clostridium	Clostridium	1485	Clostridium sp. CAG:81	1262842	1	1	0	0	0	0
Clostridium	Clostridium	1485	Clostridium sp. CAG:813	1262843	1	1	0	0	0	0
Clostridium	Clostridium	1485	Clostridium sp. CAG:91	1262845	1	1	0	0	0	0
Clostridium	Clostridium	1485	Clostridium sp. CAG:914	1262846	29	27	0	2	0	0
Clostridium	Clostridium	1485	Clostridium sp. CAG:921	1262847	3	3	0	0	0	0
Clostridium	Clostridium	1485	Clostridium sp. CAG:964	1262848	49	49	0	0	0	0
Clostridium	Clostridium	1485	Clostridium sp. CAG:967	1262849	10	10	0	0	0	0
Clostridium	Clostridium	1485	Clostridium sp. CAG_433_25_7	1896991	1	0	0	0	1	0
Clostridium	Clostridium	1485	Clostridium sp. CCUG 7971	2811414	1	0	0	0	0	1
Clostridium	Clostridium	1485	Clostridium sp. cel8	2663123	2	0	1	0	0	1
Clostridium	Clostridium	1485	Clostridium sp. CF011	2843318	2	2	0	0	0	0
Clostridium	Clostridium	1485	Clostridium sp. CF012	2843319	1	1	0	0	0	0
Clostridium	Clostridium	1485	Clostridium sp. CFN-4	3416079	1	1	0	0	0	0
Clostridium	Clostridium	1485	Clostridium sp. CG_A	1836043	1	0	0	0	1	0
Clostridium	Clostridium	1485	Clostridium sp. CGMCC 1.5287	2769421	1	0	0	0	0	1
Clostridium	Clostridium	1485	Clostridium sp. CH2	2949990	1	0	1	0	0	0
Clostridium	Clostridium	1485	Clostridium sp. chh4-2	2067550	1	1	0	0	0	0
Clostridium	Clostridium	1485	Clostridium sp. Clone-17	1003366	1	0	0	1	0	0
Clostridium	Clostridium	1485	Clostridium sp. Clone-46	1003376	1	0	0	1	0	0
Clostridium	Clostridium	1485	Clostridium sp. CM027	2849865	2	0	2	0	0	0
Clostridium	Clostridium	1485	Clostridium sp. CM028	2851575	2	0	2	0	0	0
Clostridium	Clostridium	1485	Clostridium sp. CM036	3468792	1	0	1	0	0	0
Clostridium	Clostridium	1485	Clostridium sp. CM037	3468793	1	0	1	0	0	0
Clostridium	Clostridium	1485	Clostridium sp. CM038	3468794	1	0	1	0	0	0
Clostridium	Clostridium	1485	Clostridium sp. CM039	3468795	1	0	1	0	0	0
Clostridium	Clostridium	1485	Clostridium sp. CM040	3468796	1	0	1	0	0	0
Clostridium	Clostridium	1485	Clostridium sp. CM041	3468797	1	0	1	0	0	0
Clostridium	Clostridium	1485	Clostridium sp. CM042	3468798	1	0	1	0	0	0
Clostridium	Clostridium	1485	Clostridium sp. CM74B_53	3085307	1	1	0	0	0	0
Clostridium	Clostridium	1485	Clostridium sp. CMB070	2720576	1	0	0	0	0	1
Clostridium	Clostridium	1485	Clostridium sp. CMC_B0178	3455712	1	1	0	0	0	0
Clostridium	Clostridium	1485	Clostridium sp. CMC_B0206	3455713	1	1	0	0	0	0
Clostridium	Clostridium	1485	Clostridium sp. CMC_B0213	3455714	1	1	0	0	0	0
Clostridium	Clostridium	1485	Clostridium sp. CMCC3676	2949964	1	0	0	0	1	0
Clostridium	Clostridium	1485	Clostridium sp. CMCC3677	2949963	1	0	0	0	1	0
Clostridium	Clostridium	1485	Clostridium sp. CMCC3678	2949962	1	0	0	0	1	0
Clostridium	Clostridium	1485	Clostridium sp. cpc1	2016536	1	0	0	0	1	0
Clostridium	Clostridium	1485	Clostridium sp. CS	3110431	1	0	0	1	0	0
Clostridium	Clostridium	1485	Clostridium sp. CS001	2880648	1	0	1	0	0	0
Clostridium	Clostridium	1485	Clostridium sp. CS1-1	3693679	1	0	1	0	0	0
Clostridium	Clostridium	1485	Clostridium sp. CT7	2052574	1	0	1	0	0	0
Clostridium	Clostridium	1485	Clostridium sp. CTA-1	3112108	1	0	0	0	1	0
Clostridium	Clostridium	1485	Clostridium sp. CTA-17	3112112	1	0	0	0	1	0
Clostridium	Clostridium	1485	Clostridium sp. CTA-19	3112113	1	0	0	0	1	0
Clostridium	Clostridium	1485	Clostridium sp. CTA-5	3112109	1	0	0	0	1	0
Clostridium	Clostridium	1485	Clostridium sp. CTA-6	3112110	1	0	0	0	1	0
Clostridium	Clostridium	1485	Clostridium sp. CTA-7	3112111	1	0	0	0	1	0
Clostridium	Clostridium	1485	Clostridium sp. Cult1	2079002	1	0	0	0	1	0
Clostridium	Clostridium	1485	Clostridium sp. Cult2	2079003	1	0	0	0	1	0
Clostridium	Clostridium	1485	Clostridium sp. Cult3	2079004	1	0	0	0	1	0
Clostridium	Clostridium	1485	Clostridium sp. Culture-41	1003349	2	2	0	0	0	0
Clostridium	Clostridium	1485	Clostridium sp. Culture-54	1003352	1	1	0	0	0	0
Clostridium	Clostridium	1485	Clostridium sp. CX1	2978346	1	1	0	0	0	0
Clostridium	Clostridium	1485	Clostridium sp. CZB5	3068631	1	0	0	0	0	1
Clostridium	Clostridium	1485	Clostridium sp. D1_1	3413094	1	0	0	1	0	0
Clostridium	Clostridium	1485	Clostridium sp. D1_10	3413103	1	0	0	1	0	0
Clostridium	Clostridium	1485	Clostridium sp. D1_2	3413095	1	0	0	1	0	0
Clostridium	Clostridium	1485	Clostridium sp. D1_3	3413096	1	0	0	1	0	0
Clostridium	Clostridium	1485	Clostridium sp. D1_4	3413097	1	0	0	1	0	0
Clostridium	Clostridium	1485	Clostridium sp. D1_5	3413098	1	0	0	1	0	0
Clostridium	Clostridium	1485	Clostridium sp. D1_6	3413099	1	0	0	1	0	0
Clostridium	Clostridium	1485	Clostridium sp. D1_7	3413100	1	0	0	1	0	0
Clostridium	Clostridium	1485	Clostridium sp. D1_8	3413101	1	0	0	1	0	0
Clostridium	Clostridium	1485	Clostridium sp. D1_9	3413102	1	0	0	1	0	0
Clostridium	Clostridium	1485	Clostridium sp. D33t1_170424_F3	2787099	1	1	0	0	0	0
Clostridium	Clostridium	1485	Clostridium sp. D43t1_170807_D5	2787150	1	1	0	0	0	0
Clostridium	Clostridium	1485	Clostridium sp. D43t1_170807_H7	2787140	43	43	0	0	0	0
Clostridium	Clostridium	1485	Clostridium sp. D46t1_190503_E9	2787137	1	1	0	0	0	0
Clostridium	Clostridium	1485	Clostridium sp. D5	556261	6	1	0	0	0	5
Clostridium	Clostridium	1485	Clostridium sp. D53t1_180928_C8	2787101	2	2	0	0	0	0
Clostridium	Clostridium	1485	Clostridium sp. DFI.1.208	2965527	1	1	0	0	0	0
Clostridium	Clostridium	1485	Clostridium sp. DFI.5.61	2965279	1	1	0	0	0	0
Clostridium	Clostridium	1485	Clostridium sp. DJ247	2726188	1	0	0	0	1	0
Clostridium	Clostridium	1485	Clostridium sp. DL-VIII	641107	2	0	0	0	0	2
Clostridium	Clostridium	1485	Clostridium sp. DL1XJH146	3469932	1	0	1	0	0	0
Clostridium	Clostridium	1485	Clostridium sp. DM-DS1	2908988	1	1	0	0	0	0
Clostridium	Clostridium	1485	Clostridium sp. DM-DS10	2908989	1	1	0	0	0	0
Clostridium	Clostridium	1485	Clostridium sp. DM-DS11	2908990	1	1	0	0	0	0
Clostridium	Clostridium	1485	Clostridium sp. DM-DS12	2908991	1	1	0	0	0	0
Clostridium	Clostridium	1485	Clostridium sp. DM-DS13	2908992	1	1	0	0	0	0
Clostridium	Clostridium	1485	Clostridium sp. DM-DS14	2908993	1	1	0	0	0	0
Clostridium	Clostridium	1485	Clostridium sp. DM-DS15	2908994	1	1	0	0	0	0
Clostridium	Clostridium	1485	Clostridium sp. DM-DS17	2908995	1	1	0	0	0	0
Clostridium	Clostridium	1485	Clostridium sp. DM-DS18	2908996	1	1	0	0	0	0
Clostridium	Clostridium	1485	Clostridium sp. DM-DS19	2908997	1	1	0	0	0	0
Clostridium	Clostridium	1485	Clostridium sp. DM-DS2	2908998	1	1	0	0	0	0
Clostridium	Clostridium	1485	Clostridium sp. DM-DS20	2908999	1	1	0	0	0	0
Clostridium	Clostridium	1485	Clostridium sp. DM-DS21	2909000	1	1	0	0	0	0
Clostridium	Clostridium	1485	Clostridium sp. DM-DS22	2909001	1	1	0	0	0	0
Clostridium	Clostridium	1485	Clostridium sp. DM-DS23	2909002	1	1	0	0	0	0
Clostridium	Clostridium	1485	Clostridium sp. DM-DS24	2909003	1	1	0	0	0	0
Clostridium	Clostridium	1485	Clostridium sp. DM-DS25	2909004	1	1	0	0	0	0
Clostridium	Clostridium	1485	Clostridium sp. DM-DS3	2909005	1	1	0	0	0	0
Clostridium	Clostridium	1485	Clostridium sp. DM-DS4	2909006	1	1	0	0	0	0
Clostridium	Clostridium	1485	Clostridium sp. DM-DS5	2909007	1	1	0	0	0	0
Clostridium	Clostridium	1485	Clostridium sp. DM-DS6	2909008	1	1	0	0	0	0
Clostridium	Clostridium	1485	Clostridium sp. DM-DS7	2909009	1	1	0	0	0	0
Clostridium	Clostridium	1485	Clostridium sp. DM-DS8	2909010	1	1	0	0	0	0
Clostridium	Clostridium	1485	Clostridium sp. DM-DS9	2909011	1	1	0	0	0	0
Clostridium	Clostridium	1485	Clostridium sp. DM-LS1	2909037	1	1	0	0	0	0
Clostridium	Clostridium	1485	Clostridium sp. DM-LS10	2909038	1	1	0	0	0	0
Clostridium	Clostridium	1485	Clostridium sp. DM-LS11	2909039	1	1	0	0	0	0
Clostridium	Clostridium	1485	Clostridium sp. DM-LS12	2909040	1	1	0	0	0	0
Clostridium	Clostridium	1485	Clostridium sp. DM-LS13	2909041	1	1	0	0	0	0
Clostridium	Clostridium	1485	Clostridium sp. DM-LS14	2909042	1	1	0	0	0	0
Clostridium	Clostridium	1485	Clostridium sp. DM-LS15	2909043	1	1	0	0	0	0
Clostridium	Clostridium	1485	Clostridium sp. DM-LS16	2909044	1	1	0	0	0	0
Clostridium	Clostridium	1485	Clostridium sp. DM-LS17	2909045	1	1	0	0	0	0
Clostridium	Clostridium	1485	Clostridium sp. DM-LS18	2909046	1	1	0	0	0	0
Clostridium	Clostridium	1485	Clostridium sp. DM-LS19	2909047	1	1	0	0	0	0
Clostridium	Clostridium	1485	Clostridium sp. DM-LS2	2909048	1	1	0	0	0	0
Clostridium	Clostridium	1485	Clostridium sp. DM-LS20	2909049	1	1	0	0	0	0
Clostridium	Clostridium	1485	Clostridium sp. DM-LS21	2909050	1	1	0	0	0	0
Clostridium	Clostridium	1485	Clostridium sp. DM-LS22	2909051	1	1	0	0	0	0
Clostridium	Clostridium	1485	Clostridium sp. DM-LS23	2909052	1	1	0	0	0	0
Clostridium	Clostridium	1485	Clostridium sp. DM-LS24	2909053	1	1	0	0	0	0
Clostridium	Clostridium	1485	Clostridium sp. DM-LS25	2909054	1	1	0	0	0	0
Clostridium	Clostridium	1485	Clostridium sp. DM-LS26	2909055	1	1	0	0	0	0
Clostridium	Clostridium	1485	Clostridium sp. DM-LS27	2909056	1	1	0	0	0	0
Clostridium	Clostridium	1485	Clostridium sp. DM-LS28	2909057	1	1	0	0	0	0
Clostridium	Clostridium	1485	Clostridium sp. DM-LS29	2909058	1	1	0	0	0	0
Clostridium	Clostridium	1485	Clostridium sp. DM-LS3	2909059	1	1	0	0	0	0
Clostridium	Clostridium	1485	Clostridium sp. DM-LS30	2909060	1	1	0	0	0	0
Clostridium	Clostridium	1485	Clostridium sp. DM-LS31	2909061	1	1	0	0	0	0
Clostridium	Clostridium	1485	Clostridium sp. DM-LS32	2909062	1	1	0	0	0	0
Clostridium	Clostridium	1485	Clostridium sp. DM-LS33	2909063	1	1	0	0	0	0
Clostridium	Clostridium	1485	Clostridium sp. DM-LS34	2909064	1	1	0	0	0	0
Clostridium	Clostridium	1485	Clostridium sp. DM-LS35	2909065	1	1	0	0	0	0
Clostridium	Clostridium	1485	Clostridium sp. DM-LS36	2909066	1	1	0	0	0	0
Clostridium	Clostridium	1485	Clostridium sp. DM-LS37	2909067	1	1	0	0	0	0
Clostridium	Clostridium	1485	Clostridium sp. DM-LS38	2909068	1	1	0	0	0	0
Clostridium	Clostridium	1485	Clostridium sp. DM-LS39	2909069	1	1	0	0	0	0
Clostridium	Clostridium	1485	Clostridium sp. DM-LS4	2909070	1	1	0	0	0	0
Clostridium	Clostridium	1485	Clostridium sp. DM-LS40	2909071	1	1	0	0	0	0
Clostridium	Clostridium	1485	Clostridium sp. DM-LS41	2909072	1	1	0	0	0	0
Clostridium	Clostridium	1485	Clostridium sp. DM-LS42	2909073	1	1	0	0	0	0
Clostridium	Clostridium	1485	Clostridium sp. DM-LS43	2909074	1	1	0	0	0	0
Clostridium	Clostridium	1485	Clostridium sp. DM-LS44	2909075	1	1	0	0	0	0
Clostridium	Clostridium	1485	Clostridium sp. DM-LS45	2909076	1	1	0	0	0	0
Clostridium	Clostridium	1485	Clostridium sp. DM-LS46	2909077	1	1	0	0	0	0
Clostridium	Clostridium	1485	Clostridium sp. DM-LS47	2909078	1	1	0	0	0	0
Clostridium	Clostridium	1485	Clostridium sp. DM-LS48	2909079	1	1	0	0	0	0
Clostridium	Clostridium	1485	Clostridium sp. DM-LS49	2909080	1	1	0	0	0	0
Clostridium	Clostridium	1485	Clostridium sp. DM-LS5	2909081	1	1	0	0	0	0
Clostridium	Clostridium	1485	Clostridium sp. DM-LS50	2909082	1	1	0	0	0	0
Clostridium	Clostridium	1485	Clostridium sp. DM-LS51	2909083	1	1	0	0	0	0
Clostridium	Clostridium	1485	Clostridium sp. DM-LS52	2909084	1	1	0	0	0	0
Clostridium	Clostridium	1485	Clostridium sp. DM-LS53	2909085	1	1	0	0	0	0
Clostridium	Clostridium	1485	Clostridium sp. DM-LS54	2909086	1	1	0	0	0	0
Clostridium	Clostridium	1485	Clostridium sp. DM-LS55	2909087	1	1	0	0	0	0
Clostridium	Clostridium	1485	Clostridium sp. DM-LS56	2909088	1	1	0	0	0	0
Clostridium	Clostridium	1485	Clostridium sp. DM-LS57	2909089	1	1	0	0	0	0
Clostridium	Clostridium	1485	Clostridium sp. DM-LS58	2909090	1	1	0	0	0	0
Clostridium	Clostridium	1485	Clostridium sp. DM-LS59	2909091	1	1	0	0	0	0
Clostridium	Clostridium	1485	Clostridium sp. DM-LS6	2909092	1	1	0	0	0	0
Clostridium	Clostridium	1485	Clostridium sp. DM-LS60	2909093	1	1	0	0	0	0
Clostridium	Clostridium	1485	Clostridium sp. DM-LS61	2909094	1	1	0	0	0	0
Clostridium	Clostridium	1485	Clostridium sp. DM-LS62	2909095	1	1	0	0	0	0
Clostridium	Clostridium	1485	Clostridium sp. DM-LS63	2909096	1	1	0	0	0	0
Clostridium	Clostridium	1485	Clostridium sp. DM-LS64	2909097	1	1	0	0	0	0
Clostridium	Clostridium	1485	Clostridium sp. DM-LS65	2909098	1	1	0	0	0	0
Clostridium	Clostridium	1485	Clostridium sp. DM-LS66	2909099	1	1	0	0	0	0
Clostridium	Clostridium	1485	Clostridium sp. DM-LS67	2909100	1	1	0	0	0	0
Clostridium	Clostridium	1485	Clostridium sp. DM-LS68	2909101	1	1	0	0	0	0
Clostridium	Clostridium	1485	Clostridium sp. DM-LS69	2909102	1	1	0	0	0	0
Clostridium	Clostridium	1485	Clostridium sp. DM-LS7	2909103	1	1	0	0	0	0
Clostridium	Clostridium	1485	Clostridium sp. DM-LS70	2909104	1	1	0	0	0	0
Clostridium	Clostridium	1485	Clostridium sp. DM-LS71	2909105	1	1	0	0	0	0
Clostridium	Clostridium	1485	Clostridium sp. DM-LS72	2909106	1	1	0	0	0	0
Clostridium	Clostridium	1485	Clostridium sp. DM-LS73	2909107	1	1	0	0	0	0
Clostridium	Clostridium	1485	Clostridium sp. DM-LS74	2909108	1	1	0	0	0	0
Clostridium	Clostridium	1485	Clostridium sp. DM-LS75	2909109	1	1	0	0	0	0
Clostridium	Clostridium	1485	Clostridium sp. DM-LS76	2909110	1	1	0	0	0	0
Clostridium	Clostridium	1485	Clostridium sp. DM-LS77	2909111	1	1	0	0	0	0
Clostridium	Clostridium	1485	Clostridium sp. DM-LS78	2909112	1	1	0	0	0	0
Clostridium	Clostridium	1485	Clostridium sp. DM-LS79	2909113	1	1	0	0	0	0
Clostridium	Clostridium	1485	Clostridium sp. DM-LS8	2909114	1	1	0	0	0	0
Clostridium	Clostridium	1485	Clostridium sp. DM-LS9	2909115	1	1	0	0	0	0
Clostridium	Clostridium	1485	Clostridium sp. DMHC 10	747377	1	0	1	0	0	0
Clostridium	Clostridium	1485	Clostridium sp. DSM 17811	2843317	1	0	0	0	1	0
Clostridium	Clostridium	1485	Clostridium sp. DSM 1985	2949965	1	0	0	0	0	1
Clostridium	Clostridium	1485	Clostridium sp. DSM 4029	1882754	1	0	0	0	0	1
Clostridium	Clostridium	1485	Clostridium sp. DSM 8385	1807791	1	0	1	0	0	0
Clostridium	Clostridium	1485	Clostridium sp. DSM 8431	1761781	1	0	0	0	0	1
Clostridium	Clostridium	1485	Clostridium sp. E02	2487134	1	0	1	0	0	0
Clostridium	Clostridium	1485	Clostridium sp. ETTB3	3438650	3	3	0	0	0	0
Clostridium	Clostridium	1485	Clostridium sp. EV3	2949986	1	0	1	0	0	0
Clostridium	Clostridium	1485	Clostridium sp. F1	1508	1	0	0	0	0	1
Clostridium	Clostridium	1485	Clostridium sp. FC5	2907212	1	0	0	0	0	1
Clostridium	Clostridium	1485	Clostridium sp. FDA1304819-S005-003	3478903	1	0	1	0	0	0
Clostridium	Clostridium	1485	Clostridium sp. FDA1304819-S008-001	3478902	1	0	1	0	0	0
Clostridium	Clostridium	1485	Clostridium sp. FDA1313131-S001-003	3478904	1	0	1	0	0	0
Clostridium	Clostridium	1485	Clostridium sp. FDA1313131-S003-001	3478901	1	0	1	0	0	0
Clostridium	Clostridium	1485	Clostridium sp. FDA1313131-S006-001	3478900	1	0	1	0	0	0
Clostridium	Clostridium	1485	Clostridium sp. FP1	2724076	1	0	1	0	0	0
Clostridium	Clostridium	1485	Clostridium sp. FP2	2724481	1	0	1	0	0	0
Clostridium	Clostridium	1485	Clostridium sp. FS23	1609974	1	0	1	0	0	0
Clostridium	Clostridium	1485	Clostridium sp. FS41	1609975	1	0	1	0	0	0
Clostridium	Clostridium	1485	Clostridium sp. GE 4	2606619	1	0	0	0	1	0
Clostridium	Clostridium	1485	Clostridium sp. GE 8	2606618	1	0	0	0	1	0
Clostridium	Clostridium	1485	Clostridium sp. HBUAS56010	2571127	2	1	1	0	0	0
Clostridium	Clostridium	1485	Clostridium sp. HBUAS56017	2571128	1	0	1	0	0	0
Clostridium	Clostridium	1485	Clostridium sp. HC1	2909012	1	1	0	0	0	0
Clostridium	Clostridium	1485	Clostridium sp. HC10	2909013	1	1	0	0	0	0
Clostridium	Clostridium	1485	Clostridium sp. HC11	2909014	1	1	0	0	0	0
Clostridium	Clostridium	1485	Clostridium sp. HC12	2909015	1	1	0	0	0	0
Clostridium	Clostridium	1485	Clostridium sp. HC13	2909016	1	1	0	0	0	0
Clostridium	Clostridium	1485	Clostridium sp. HC14	2909017	1	1	0	0	0	0
Clostridium	Clostridium	1485	Clostridium sp. HC15	2909018	1	1	0	0	0	0
Clostridium	Clostridium	1485	Clostridium sp. HC16	2909019	1	1	0	0	0	0
Clostridium	Clostridium	1485	Clostridium sp. HC17	2909020	1	1	0	0	0	0
Clostridium	Clostridium	1485	Clostridium sp. HC18	2909021	1	1	0	0	0	0
Clostridium	Clostridium	1485	Clostridium sp. HC19	2909022	1	1	0	0	0	0
Clostridium	Clostridium	1485	Clostridium sp. HC2	2909023	1	1	0	0	0	0
Clostridium	Clostridium	1485	Clostridium sp. HC20	2909024	1	1	0	0	0	0
Clostridium	Clostridium	1485	Clostridium sp. HC21	2909025	1	1	0	0	0	0
Clostridium	Clostridium	1485	Clostridium sp. HC22	2909026	1	1	0	0	0	0
Clostridium	Clostridium	1485	Clostridium sp. HC23	2909027	1	1	0	0	0	0
Clostridium	Clostridium	1485	Clostridium sp. HC24	2909028	1	1	0	0	0	0
Clostridium	Clostridium	1485	Clostridium sp. HC25	2909029	1	1	0	0	0	0
Clostridium	Clostridium	1485	Clostridium sp. HC3	2909030	1	1	0	0	0	0
Clostridium	Clostridium	1485	Clostridium sp. HC4	2909031	1	1	0	0	0	0
Clostridium	Clostridium	1485	Clostridium sp. HC5	2909032	1	1	0	0	0	0
Clostridium	Clostridium	1485	Clostridium sp. HC6	2909033	1	1	0	0	0	0
Clostridium	Clostridium	1485	Clostridium sp. HC7	2909034	1	1	0	0	0	0
Clostridium	Clostridium	1485	Clostridium sp. HC8	2909035	1	1	0	0	0	0
Clostridium	Clostridium	1485	Clostridium sp. HC9	2909036	1	1	0	0	0	0
Clostridium	Clostridium	1485	Clostridium sp. HCP1S3_A12	3438917	1	1	0	0	0	0
Clostridium	Clostridium	1485	Clostridium sp. HCP1S3_B4	3438918	1	1	0	0	0	0
Clostridium	Clostridium	1485	Clostridium sp. HCP1S3_C6	3438919	1	1	0	0	0	0
Clostridium	Clostridium	1485	Clostridium sp. HCS.1	3238594	9	6	0	0	0	3
Clostridium	Clostridium	1485	Clostridium sp. HGF2	908340	3	0	0	0	0	3
Clostridium	Clostridium	1485	Clostridium sp. HMb25	2044259	1	1	0	0	0	0
Clostridium	Clostridium	1485	Clostridium sp. HMP27	1487921	1	0	0	0	1	0
Clostridium	Clostridium	1485	Clostridium sp. HMSC19A10	1581148	1	1	0	0	0	0
Clostridium	Clostridium	1485	Clostridium sp. HMSC19A11	1581179	1	1	0	0	0	0
Clostridium	Clostridium	1485	Clostridium sp. HMSC19B01	1581180	1	1	0	0	0	0
Clostridium	Clostridium	1485	Clostridium sp. HMSC19B04	1581181	1	1	0	0	0	0
Clostridium	Clostridium	1485	Clostridium sp. HMSC19B10	1581182	1	1	0	0	0	0
Clostridium	Clostridium	1485	Clostridium sp. HMSC19B11	1581183	1	1	0	0	0	0
Clostridium	Clostridium	1485	Clostridium sp. HMSC19B12	1581184	1	1	0	0	0	0
Clostridium	Clostridium	1485	Clostridium sp. HMSC19C05	1581185	1	1	0	0	0	0
Clostridium	Clostridium	1485	Clostridium sp. HMSC19C08	1581186	1	1	0	0	0	0
Clostridium	Clostridium	1485	Clostridium sp. HMSC19C09	1581187	1	1	0	0	0	0
Clostridium	Clostridium	1485	Clostridium sp. HMSC19C11	1581188	1	1	0	0	0	0
Clostridium	Clostridium	1485	Clostridium sp. HMSC19D02	1581189	1	1	0	0	0	0
Clostridium	Clostridium	1485	Clostridium sp. HMSC19D07	1581191	1	1	0	0	0	0
Clostridium	Clostridium	1485	Clostridium sp. HMSC19E03	1581192	1	1	0	0	0	0
Clostridium	Clostridium	1485	Clostridium sp. Hs50	1095012	2	0	0	0	0	2
Clostridium	Clostridium	1485	Clostridium sp. HV4-5-A1G	2004595	2	0	0	0	1	1
Clostridium	Clostridium	1485	Clostridium sp. IBUN125C	1523154	1	0	1	0	0	0
Clostridium	Clostridium	1485	Clostridium sp. IBUN13A	1523156	7	0	1	0	0	6
Clostridium	Clostridium	1485	Clostridium sp. IBUN22A	1523155	1	0	1	0	0	0
Clostridium	Clostridium	1485	Clostridium sp. IBUN62F	1523157	1	0	1	0	0	0
Clostridium	Clostridium	1485	Clostridium sp. ID11	320873	1	1	0	0	0	0
Clostridium	Clostridium	1485	Clostridium sp. ID5	320882	1	1	0	0	0	0
Clostridium	Clostridium	1485	Clostridium sp. ID6	320880	1	1	0	0	0	0
Clostridium	Clostridium	1485	Clostridium sp. IODB-O3	1701581	1	0	0	0	0	1
Clostridium	Clostridium	1485	Clostridium sp. IrT-JG1-67	133847	85	0	0	0	0	85
Clostridium	Clostridium	1485	Clostridium sp. J1101437_171009_A5	2787098	1	1	0	0	0	0
Clostridium	Clostridium	1485	Clostridium sp. JGI 000170CP_A06	1938748	1	0	0	0	0	1
Clostridium	Clostridium	1485	Clostridium sp. JGI 000170CP_A08	1938868	1	0	0	0	0	1
Clostridium	Clostridium	1485	Clostridium sp. JGI 000170CP_D08	1938749	1	0	0	0	0	1
Clostridium	Clostridium	1485	Clostridium sp. JGI 000170CP_E05	1938750	1	0	0	0	0	1
Clostridium	Clostridium	1485	Clostridium sp. JGI 000176CP_E02	2012793	1	0	0	0	0	1
Clostridium	Clostridium	1485	Clostridium sp. JN-1	2483110	1	0	1	0	0	0
Clostridium	Clostridium	1485	Clostridium sp. JN-9	2507159	2	0	2	0	0	0
Clostridium	Clostridium	1485	Clostridium sp. JNZ J1-5	3475975	1	0	1	0	0	0
Clostridium	Clostridium	1485	Clostridium sp. JNZ X4-2	3470764	1	0	1	0	0	0
Clostridium	Clostridium	1485	Clostridium sp. JS66	3064705	1	0	1	0	0	0
Clostridium	Clostridium	1485	Clostridium sp. K04	2718929	1	1	0	0	0	0
Clostridium	Clostridium	1485	Clostridium sp. K12(2020)	2718936	1	1	0	0	0	0
Clostridium	Clostridium	1485	Clostridium sp. K13	2718931	3	3	0	0	0	0
Clostridium	Clostridium	1485	Clostridium sp. K212	3163272	1	0	1	0	0	0
Clostridium	Clostridium	1485	Clostridium sp. K216	3163274	1	0	1	0	0	0
Clostridium	Clostridium	1485	Clostridium sp. K232	3163273	1	0	1	0	0	0
Clostridium	Clostridium	1485	Clostridium sp. K25	1443109	1	0	0	1	0	0
Clostridium	Clostridium	1485	Clostridium sp. K4410.MGS-306	1637501	1	1	0	0	0	0
Clostridium	Clostridium	1485	Clostridium sp. KHs26	1907345	1	0	0	0	0	1
Clostridium	Clostridium	1485	Clostridium sp. KI2	2949992	1	0	1	0	0	0
Clostridium	Clostridium	1485	Clostridium sp. KLE 1755	1226325	2	2	0	0	0	0
Clostridium	Clostridium	1485	Clostridium sp. KNHs205	1449050	2	0	0	0	0	2
Clostridium	Clostridium	1485	Clostridium sp. KNHs206	1550227	1	0	0	0	0	1
Clostridium	Clostridium	1485	Clostridium sp. KNHs214	1540257	1	0	0	0	0	1
Clostridium	Clostridium	1485	Clostridium sp. KNHs216	1550235	1	0	0	0	0	1
Clostridium	Clostridium	1485	Clostridium sp. KO2	2949985	1	0	1	0	0	0
Clostridium	Clostridium	1485	Clostridium sp. L2-50	411489	11	6	0	1	0	4
Clostridium	Clostridium	1485	Clostridium sp. L2_50	2860053	1	0	0	0	0	1
Clostridium	Clostridium	1485	Clostridium sp. L74	1560217	2	1	0	0	1	0
Clostridium	Clostridium	1485	Clostridium sp. LBM24168	3450749	1	0	0	0	1	0
Clostridium	Clostridium	1485	Clostridium sp. LCP25S3_F10	3438750	1	1	0	0	0	0
Clostridium	Clostridium	1485	Clostridium sp. LCP25S3_F8	3438751	1	1	0	0	0	0
Clostridium	Clostridium	1485	Clostridium sp. LIBA-8541	3817644	1	0	0	1	0	0
Clostridium	Clostridium	1485	Clostridium sp. LIBA-8553	3706078	1	0	0	0	1	0
Clostridium	Clostridium	1485	Clostridium sp. LIBA-8841	2987530	3	0	0	1	2	0
Clostridium	Clostridium	1485	Clostridium sp. link-BC1	1799534	1	0	0	0	1	0
Clostridium	Clostridium	1485	Clostridium sp. LMAG:63	1969568	1	1	0	0	0	0
Clostridium	Clostridium	1485	Clostridium sp. LQ25	2992805	3	0	1	0	0	2
Clostridium	Clostridium	1485	Clostridium sp. LS	1352601	1	0	1	0	0	0
Clostridium	Clostridium	1485	Clostridium sp. LS3	3685730	1	0	1	0	0	0
Clostridium	Clostridium	1485	Clostridium sp. LXY-7	3379828	1	0	1	0	0	0
Clostridium	Clostridium	1485	Clostridium sp. LY3-2	2942482	1	0	1	0	0	0
Clostridium	Clostridium	1485	Clostridium sp. M14	2716311	1	0	1	0	0	0
Clostridium	Clostridium	1485	Clostridium sp. M62/1	411486	8	0	0	0	0	8
Clostridium	Clostridium	1485	Clostridium sp. Marseille-P2415	1805471	1	0	0	0	0	1
Clostridium	Clostridium	1485	Clostridium sp. Marseille-P299	1805477	2	1	0	0	0	1
Clostridium	Clostridium	1485	Clostridium sp. Marseille-P3244	1871020	1	0	0	0	0	1
Clostridium	Clostridium	1485	Clostridium sp. Marseille-P7770	2495408	1	1	0	0	0	0
Clostridium	Clostridium	1485	Clostridium sp. Marseille-Q2269	2942205	1	0	0	0	0	1
Clostridium	Clostridium	1485	Clostridium sp. Marseille-Q5894	2972773	1	0	0	0	0	1
Clostridium	Clostridium	1485	Clostridium sp. Marseille-Q7071	3369443	1	0	0	1	0	0
Clostridium	Clostridium	1485	Clostridium sp. Marseille-QA1073	3477507	1	0	1	0	0	0
Clostridium	Clostridium	1485	Clostridium sp. MB05	3376682	1	0	0	1	0	0
Clostridium	Clostridium	1485	Clostridium sp. MB40-C1	3070996	1	0	1	0	0	0
Clostridium	Clostridium	1485	Clostridium sp. MC 40	2683682	1	0	0	1	0	0
Clostridium	Clostridium	1485	Clostridium sp. MCC328	2592642	1	1	0	0	0	0
Clostridium	Clostridium	1485	Clostridium sp. MCC334	2592643	1	1	0	0	0	0
Clostridium	Clostridium	1485	Clostridium sp. MCC344	2592644	1	1	0	0	0	0
Clostridium	Clostridium	1485	Clostridium sp. MCC345	2592645	1	1	0	0	0	0
Clostridium	Clostridium	1485	Clostridium sp. MCC353	2592646	1	1	0	0	0	0
Clostridium	Clostridium	1485	Clostridium sp. MCF-1	48257	1	0	0	0	0	1
Clostridium	Clostridium	1485	Clostridium sp. MCMB509	1551414	1	0	0	0	1	0
Clostridium	Clostridium	1485	Clostridium sp. MD294	97138	2	2	0	0	0	0
Clostridium	Clostridium	1485	Clostridium sp. ME22	2949991	1	1	0	0	0	0
Clostridium	Clostridium	1485	Clostridium sp. MF28	1702238	1	0	0	0	1	0
Clostridium	Clostridium	1485	Clostridium sp. MIL1	2949982	1	0	1	0	0	0
Clostridium	Clostridium	1485	Clostridium sp. MSJ-8	2841510	2	2	0	0	0	0
Clostridium	Clostridium	1485	Clostridium sp. MSTE9	1105031	2	1	0	0	0	1
Clostridium	Clostridium	1485	Clostridium sp. MT-132	3348359	1	0	1	0	0	0
Clostridium	Clostridium	1485	Clostridium sp. MT-14	3348360	1	0	1	0	0	0
Clostridium	Clostridium	1485	Clostridium sp. MT351	1195166	1	0	0	0	0	1
Clostridium	Clostridium	1485	Clostridium sp. N3C	1776758	1	0	0	0	0	1
Clostridium	Clostridium	1485	Clostridium sp. N6(2024)	3143361	1	0	0	0	0	1
Clostridium	Clostridium	1485	Clostridium sp. N7	3143360	1	0	0	0	0	1
Clostridium	Clostridium	1485	Clostridium sp. NCR	1538552	1	1	0	0	0	0
Clostridium	Clostridium	1485	Clostridium sp. NJ4	2126737	1	0	1	0	0	0
Clostridium	Clostridium	1485	Clostridium sp. NkU-1	1095009	3	1	0	0	0	2
Clostridium	Clostridium	1485	Clostridium sp. NSJ-145	2897777	1	1	0	0	0	0
Clostridium	Clostridium	1485	Clostridium sp. NSJ-49	2763034	1	1	0	0	0	0
Clostridium	Clostridium	1485	Clostridium sp. OF03-18AA	2292308	16	16	0	0	0	0
Clostridium	Clostridium	1485	Clostridium sp. OF09-10	2292309	1	1	0	0	0	0
Clostridium	Clostridium	1485	Clostridium sp. OF09-36	2292310	3	3	0	0	0	0
Clostridium	Clostridium	1485	Clostridium sp. OF10-22XD	2293039	1	1	0	0	0	0
Clostridium	Clostridium	1485	Clostridium sp. OF13-4	2293040	1	1	0	0	0	0
Clostridium	Clostridium	1485	Clostridium sp. OM02-18AC	2292311	1	1	0	0	0	0
Clostridium	Clostridium	1485	Clostridium sp. OM04-12AA	2293041	1	1	0	0	0	0
Clostridium	Clostridium	1485	Clostridium sp. OM04-7	2293042	1	1	0	0	0	0
Clostridium	Clostridium	1485	Clostridium sp. OM05-5BH	2293043	1	1	0	0	0	0
Clostridium	Clostridium	1485	Clostridium sp. OM05-6BH	2293044	1	1	0	0	0	0
Clostridium	Clostridium	1485	Clostridium sp. OM05-9	2293045	1	1	0	0	0	0
Clostridium	Clostridium	1485	Clostridium sp. OM05-9BH	2293046	1	1	0	0	0	0
Clostridium	Clostridium	1485	Clostridium sp. OM07-10AC	2293047	2	2	0	0	0	0
Clostridium	Clostridium	1485	Clostridium sp. OM07-9AC	2293048	2	2	0	0	0	0
Clostridium	Clostridium	1485	Clostridium sp. OM08-29	2293049	28	28	0	0	0	0
Clostridium	Clostridium	1485	Clostridium sp. ORR33	3374282	1	1	0	0	0	0
Clostridium	Clostridium	1485	Clostridium sp. OS1-26	3070681	1	0	0	0	0	1
Clostridium	Clostridium	1485	Clostridium sp. PMB1557	2597388	1	1	0	0	0	0
Clostridium	Clostridium	1485	Clostridium sp. RO132	2949983	1	0	1	0	0	0
Clostridium	Clostridium	1485	Clostridium sp. RO3	2949984	1	0	1	0	0	0
Clostridium	Clostridium	1485	Clostridium sp. RTP31139st1_H3_RTP31139_211217	3143188	1	1	0	0	0	0
Clostridium	Clostridium	1485	Clostridium sp. S01	3681879	1	0	0	0	0	1
Clostridium	Clostridium	1485	Clostridium sp. S02	3681880	1	0	0	0	0	1
Clostridium	Clostridium	1485	Clostridium sp. S03	3681881	1	0	0	0	0	1
Clostridium	Clostridium	1485	Clostridium sp. S04	3681882	1	0	0	0	0	1
Clostridium	Clostridium	1485	Clostridium sp. S05	3681883	1	0	0	0	0	1
Clostridium	Clostridium	1485	Clostridium sp. S06	3681884	1	0	0	0	0	1
Clostridium	Clostridium	1485	Clostridium sp. S07	3681885	1	0	0	0	0	1
Clostridium	Clostridium	1485	Clostridium sp. S08	3681886	1	0	0	0	0	1
Clostridium	Clostridium	1485	Clostridium sp. S09	3681887	1	0	0	0	0	1
Clostridium	Clostridium	1485	Clostridium sp. S10	3681888	1	0	0	0	0	1
Clostridium	Clostridium	1485	Clostridium sp. S11	3681889	1	0	0	0	0	1
Clostridium	Clostridium	1485	Clostridium sp. S12	3681890	1	0	0	0	0	1
Clostridium	Clostridium	1485	Clostridium sp. S13	3681891	1	0	0	0	0	1
Clostridium	Clostridium	1485	Clostridium sp. S14	3681892	1	0	0	0	0	1
Clostridium	Clostridium	1485	Clostridium sp. S15	3681893	1	0	0	0	0	1
Clostridium	Clostridium	1485	Clostridium sp. SCN 57-10	1660094	1	0	0	0	1	0
Clostridium	Clostridium	1485	Clostridium sp. SG-502	2448149	1	0	0	0	0	1
Clostridium	Clostridium	1485	Clostridium sp. SGI.024	3420551	1	0	0	0	0	1
Clostridium	Clostridium	1485	Clostridium sp. SHJSY1	2942483	2	0	2	0	0	0
Clostridium	Clostridium	1485	Clostridium sp. SL.3.18	2963702	1	1	0	0	0	0
Clostridium	Clostridium	1485	Clostridium sp. SM-530-WT-3G	2725303	1	1	0	0	0	0
Clostridium	Clostridium	1485	Clostridium sp. SN20	1776383	1	0	0	0	0	1
Clostridium	Clostridium	1485	Clostridium sp. SS2/1	411484	2	0	0	0	0	2
Clostridium	Clostridium	1485	Clostridium sp. SY8519	1042156	1	1	0	0	0	0
Clostridium	Clostridium	1485	Clostridium sp. T6-6.26	3070010	1	0	1	0	0	0
Clostridium	Clostridium	1485	Clostridium sp. T6-6.4	3070011	1	0	1	0	0	0
Clostridium	Clostridium	1485	Clostridium sp. T6-6.44	3070012	1	0	1	0	0	0
Clostridium	Clostridium	1485	Clostridium sp. T6-6.57	3070013	1	0	1	0	0	0
Clostridium	Clostridium	1485	Clostridium sp. T6-6.59	3070014	1	0	1	0	0	0
Clostridium	Clostridium	1485	Clostridium sp. T6-6.72	3070015	1	0	1	0	0	0
Clostridium	Clostridium	1485	Clostridium sp. T6-6.8	3070016	1	0	1	0	0	0
Clostridium	Clostridium	1485	Clostridium sp. T6-6.88	3070017	1	0	1	0	0	0
Clostridium	Clostridium	1485	Clostridium sp. T6-6.93	3070018	1	0	1	0	0	0
Clostridium	Clostridium	1485	Clostridium sp. T6-7.29	3070019	1	0	1	0	0	0
Clostridium	Clostridium	1485	Clostridium sp. T6-7.34	3070020	1	0	1	0	0	0
Clostridium	Clostridium	1485	Clostridium sp. T6-7.51	3070021	1	0	1	0	0	0
Clostridium	Clostridium	1485	Clostridium sp. T6-7.72	3070022	1	0	1	0	0	0
Clostridium	Clostridium	1485	Clostridium sp. T6-7.92	3070023	1	0	1	0	0	0
Clostridium	Clostridium	1485	Clostridium sp. T6-8.1	3070024	1	0	1	0	0	0
Clostridium	Clostridium	1485	Clostridium sp. T6-8.108	3070025	1	0	1	0	0	0
Clostridium	Clostridium	1485	Clostridium sp. T6-8.111	3070026	1	0	1	0	0	0
Clostridium	Clostridium	1485	Clostridium sp. T6-8.12	3070027	1	0	1	0	0	0
Clostridium	Clostridium	1485	Clostridium sp. T6-8.17	3070028	1	0	1	0	0	0
Clostridium	Clostridium	1485	Clostridium sp. T6-8.2	3070029	1	0	1	0	0	0
Clostridium	Clostridium	1485	Clostridium sp. T6-8.27	3070030	1	0	1	0	0	0
Clostridium	Clostridium	1485	Clostridium sp. T6-8.28	3070031	1	0	1	0	0	0
Clostridium	Clostridium	1485	Clostridium sp. T6-8.62	3070032	1	0	1	0	0	0
Clostridium	Clostridium	1485	Clostridium sp. T6-8.67	3070033	1	0	1	0	0	0
Clostridium	Clostridium	1485	Clostridium sp. T6-8.94	3070034	1	0	1	0	0	0
Clostridium	Clostridium	1485	Clostridium sp. T6-8.99	3070035	1	0	1	0	0	0
Clostridium	Clostridium	1485	Clostridium sp. TF06-15AC	2293051	1	1	0	0	0	0
Clostridium	Clostridium	1485	Clostridium sp. TF08-15	2293052	1	1	0	0	0	0
Clostridium	Clostridium	1485	Clostridium sp. TF11-13AC	2293053	1	1	0	0	0	0
Clostridium	Clostridium	1485	Clostridium sp. THMB8	1848581	1	0	0	0	0	1
Clostridium	Clostridium	1485	Clostridium sp. TJA020	3716237	1	1	0	0	0	0
Clostridium	Clostridium	1485	Clostridium sp. TJA032	3716238	1	1	0	0	0	0
Clostridium	Clostridium	1485	Clostridium sp. TJA038	3716239	1	1	0	0	0	0
Clostridium	Clostridium	1485	Clostridium sp. TJA085	3716240	1	1	0	0	0	0
Clostridium	Clostridium	1485	Clostridium sp. TM06-18	2293054	1	1	0	0	0	0
Clostridium	Clostridium	1485	Clostridium sp. UBA1056	1946346	1	0	0	0	1	0
Clostridium	Clostridium	1485	Clostridium sp. UBA1353	1946347	1	0	0	0	1	0
Clostridium	Clostridium	1485	Clostridium sp. UBA1652	1946348	1	0	0	0	1	0
Clostridium	Clostridium	1485	Clostridium sp. UBA2055	1946349	1	0	0	0	1	0
Clostridium	Clostridium	1485	Clostridium sp. UBA2060	1946350	1	0	0	0	1	0
Clostridium	Clostridium	1485	Clostridium sp. UBA2308	1946351	1	0	0	0	1	0
Clostridium	Clostridium	1485	Clostridium sp. UBA2485	1946352	1	0	0	0	1	0
Clostridium	Clostridium	1485	Clostridium sp. UBA3061	1946353	1	0	0	0	1	0
Clostridium	Clostridium	1485	Clostridium sp. UBA3521	1946354	1	0	0	0	1	0
Clostridium	Clostridium	1485	Clostridium sp. UBA3875	1946355	1	0	0	0	1	0
Clostridium	Clostridium	1485	Clostridium sp. UBA3887	1946356	1	0	0	0	1	0
Clostridium	Clostridium	1485	Clostridium sp. UBA3947	1946357	1	0	0	0	1	0
Clostridium	Clostridium	1485	Clostridium sp. UBA4108	1946358	1	0	0	0	1	0
Clostridium	Clostridium	1485	Clostridium sp. UBA4157	1946359	1	0	0	0	1	0
Clostridium	Clostridium	1485	Clostridium sp. UBA4395	1946360	1	0	0	0	1	0
Clostridium	Clostridium	1485	Clostridium sp. UBA4548	1946361	1	0	0	0	1	0
Clostridium	Clostridium	1485	Clostridium sp. UBA4601	1946362	1	0	0	0	1	0
Clostridium	Clostridium	1485	Clostridium sp. UBA4606	1946363	1	0	0	0	1	0
Clostridium	Clostridium	1485	Clostridium sp. UBA4746	1946364	1	0	1	0	0	0
Clostridium	Clostridium	1485	Clostridium sp. UBA4948	1946365	1	0	1	0	0	0
Clostridium	Clostridium	1485	Clostridium sp. UBA5119	1946366	1	0	0	0	1	0
Clostridium	Clostridium	1485	Clostridium sp. UBA5530	1946367	1	0	0	0	1	0
Clostridium	Clostridium	1485	Clostridium sp. UBA5712	1946368	1	0	0	0	1	0
Clostridium	Clostridium	1485	Clostridium sp. UBA5988	1946369	1	0	0	0	1	0
Clostridium	Clostridium	1485	Clostridium sp. UBA6640	1946370	1	0	0	0	1	0
Clostridium	Clostridium	1485	Clostridium sp. UBA6653	1946371	1	0	0	0	1	0
Clostridium	Clostridium	1485	Clostridium sp. UBA6758	1946372	1	0	0	0	1	0
Clostridium	Clostridium	1485	Clostridium sp. UBA6762	1946373	1	0	0	0	1	0
Clostridium	Clostridium	1485	Clostridium sp. UBA699	1946374	1	0	0	0	1	0
Clostridium	Clostridium	1485	Clostridium sp. UBA701	1946375	1	0	0	0	1	0
Clostridium	Clostridium	1485	Clostridium sp. UBA7339	1946376	1	0	0	0	1	0
Clostridium	Clostridium	1485	Clostridium sp. UBA7503	1946377	1	0	0	0	1	0
Clostridium	Clostridium	1485	Clostridium sp. UBA7615	1946378	1	0	0	0	1	0
Clostridium	Clostridium	1485	Clostridium sp. UBA7791	1946379	1	0	0	0	1	0
Clostridium	Clostridium	1485	Clostridium sp. UBA871	1946380	1	0	0	0	1	0
Clostridium	Clostridium	1485	Clostridium sp. UMB9555A	3050593	1	0	0	0	0	1
Clostridium	Clostridium	1485	Clostridium sp. UMB9555B	3050592	1	0	0	0	0	1
Clostridium	Clostridium	1485	Clostridium sp. UNK.MGS-6	1638787	1	1	0	0	0	0
Clostridium	Clostridium	1485	Clostridium sp. USB_NOVA_14	2978932	1	0	0	1	0	0
Clostridium	Clostridium	1485	Clostridium sp. USB_NOVA_15	2978931	1	0	0	1	0	0
Clostridium	Clostridium	1485	Clostridium sp. USBA 49	1881060	1	0	0	0	0	1
Clostridium	Clostridium	1485	Clostridium sp. VAP23	2949981	1	0	1	0	0	0
Clostridium	Clostridium	1485	Clostridium sp. VAP33	2949980	1	0	1	0	0	0
Clostridium	Clostridium	1485	Clostridium sp. VAP41	2949979	1	0	1	0	0	0
Clostridium	Clostridium	1485	Clostridium sp. VAP51	2949978	1	0	1	0	0	0
Clostridium	Clostridium	1485	Clostridium sp. VAP52	2949977	1	0	1	0	0	0
Clostridium	Clostridium	1485	Clostridium sp. VE202-10	1232450	1	0	0	0	0	1
Clostridium	Clostridium	1485	Clostridium sp. W14A	1849176	1	0	1	0	0	0
Clostridium	Clostridium	1485	Clostridium sp. WB02_MRS01	2605777	1	0	0	0	0	1
Clostridium	Clostridium	1485	Clostridium sp. X	3569110	1	0	1	0	0	0
Clostridium	Clostridium	1485	Clostridium sp. YH-Raf3-2-5	2304595	1	1	0	0	0	0
Clostridium	Clostridium	1485	Clostridium sp. YIM B02500	2910681	1	0	1	0	0	0
Clostridium	Clostridium	1485	Clostridium sp. YIM B02501	2912057	1	0	1	0	0	0
Clostridium	Clostridium	1485	Clostridium sp. YIM B02506	2910680	1	0	1	0	0	0
Clostridium	Clostridium	1485	Clostridium sp. YIM B02551	2910679	1	0	1	0	0	0
Clostridium	Clostridium	1485	Clostridium sp. YIM B02555	2911968	1	0	1	0	0	0
Clostridium	Clostridium	1485	Clostridium sp. YIM B02569	2911967	1	0	1	0	0	0
Clostridium	Clostridium	1485	Clostridium sp. ZBS12	2949972	1	1	0	0	0	0
Clostridium	Clostridium	1485	Clostridium sp. ZBS13	2949971	1	1	0	0	0	0
Clostridium	Clostridium	1485	Clostridium sp. ZBS14	2949970	1	1	0	0	0	0
Clostridium	Clostridium	1485	Clostridium sp. ZBS15	2949969	1	0	0	0	1	0
Clostridium	Clostridium	1485	Clostridium sp. ZBS17	2949968	1	0	0	0	1	0
Clostridium	Clostridium	1485	Clostridium sp. ZBS18	2949967	1	1	0	0	0	0
Clostridium	Clostridium	1485	Clostridium sp. ZBS2	2949976	1	1	0	0	0	0
Clostridium	Clostridium	1485	Clostridium sp. ZBS20	2949966	1	0	0	0	1	0
Clostridium	Clostridium	1485	Clostridium sp. ZBS3	2949975	1	0	0	1	0	0
Clostridium	Clostridium	1485	Clostridium sp. ZBS4	2949974	1	0	1	0	0	0
Clostridium	Clostridium	1485	Clostridium sp. ZBS5	2949973	1	1	0	0	0	0
Clostridium	Clostridium	1485	Clostridium sp. ZH168	3782390	1	1	0	0	0	0
Clostridium	Clostridium	1485	Clostridium sp. ZH231	3782391	1	1	0	0	0	0
Clostridium	Clostridium	1485	Clostridium sp. ZS1	2949989	1	0	1	0	0	0
Clostridium	Clostridium	1485	Clostridium sp. ZS2	2949988	1	0	1	0	0	0
Clostridium	Clostridium	1485	Clostridium sp. ZS2-4	2987703	1	0	1	0	0	0
Clostridium	Clostridium	1485	Clostridium sp. ZS6	2949987	1	0	1	0	0	0
Clostridium	Clostridium	1485	Clostridium sp. Zuar_3	2875480	1	0	1	0	0	0
Clostridium	Clostridium	1485	Clostridium sporogenes	1509	404	96	43	12	50	203
Clostridium	Clostridium	1485	Clostridium subterminale	1550	14	0	0	3	0	11
Clostridium	Clostridium	1485	Clostridium sulfidigenes	318464	78	3	3	0	71	1
Clostridium	Clostridium	1485	Clostridium swellfunianum	1367462	1	0	1	0	0	0
Clostridium	Clostridium	1485	Clostridium taeniosporum	394958	1	0	1	0	0	0
Clostridium	Clostridium	1485	Clostridium tagluense	360422	12	1	4	0	6	1
Clostridium	Clostridium	1485	Clostridium tanneri	3037988	1	1	0	0	0	0
Clostridium	Clostridium	1485	Clostridium tarantellae	39493	3	0	0	3	0	0
Clostridium	Clostridium	1485	Clostridium tepidiprofundi	420412	1	0	0	0	1	0
Clostridium	Clostridium	1485	Clostridium tepidum	1962263	15	2	6	0	3	4
Clostridium	Clostridium	1485	Clostridium tertium	1559	218	48	4	3	7	156
Clostridium	Clostridium	1485	Clostridium tetani	1513	363	6	173	36	4	144
Clostridium	Clostridium	1485	Clostridium tetanomorphum	1553	8	0	0	3	0	5
Clostridium	Clostridium	1485	Clostridium thailandense	2794346	2	0	2	0	0	0
Clostridium	Clostridium	1485	Clostridium thermarum	1716543	3	0	0	0	3	0
Clostridium	Clostridium	1485	Clostridium thermobutyricum	29372	15	7	4	0	0	4
Clostridium	Clostridium	1485	Clostridium thermopalmarium	29373	19	4	3	0	2	10
Clostridium	Clostridium	1485	Clostridium thermosuccinogenes	84032	20	1	11	0	6	2
Clostridium	Clostridium	1485	Clostridium thiosulfatireducens	150336	3	1	1	0	0	1
Clostridium	Clostridium	1485	Clostridium transplantifaecale	2479838	6	1	0	0	0	5
Clostridium	Clostridium	1485	Clostridium tunisiense	219748	6	0	2	0	4	0
Clostridium	Clostridium	1485	Clostridium tyrobutyricum	1519	78	8	28	0	3	39
Clostridium	Clostridium	1485	Clostridium uliginosum	119641	1	0	0	0	0	1
Clostridium	Clostridium	1485	Clostridium valerianicum	2933749	1	0	0	0	0	1
Clostridium	Clostridium	1485	Clostridium vincentii	52704	1	0	0	0	1	0
Clostridium	Clostridium	1485	Clostridium vitabionis	2784388	7	7	0	0	0	0
Clostridium	Clostridium	1485	Clostridium weizhouense	2859781	2	0	2	0	0	0
Clostridium	Clostridium	1485	Clostridium yunnanense	2800325	1	0	0	0	0	1
Clostridium	Clostridium	1485	Clostridium zeae	2759022	2	0	0	0	2	0
Clostridium	Clostridium	1485	Clostridium zhoujianii	3418665	1	1	0	0	0	0
Clostridium	Clostridium	1485	uncultured Clostridium sp.	59620	10474	10335	36	14	63	26
Collinsella	Collinsella	102106	Candidatus Collinsella stercoripullorum	2838522	45	15	0	0	0	30
Collinsella	Collinsella	102106	Collinsella acetigenes	2713419	1	1	0	0	0	0
Collinsella	Collinsella	102106	Collinsella aerofaciens	74426	2465	719	6	15	2	1723
Collinsella	Collinsella	102106	Collinsella avium	2603815	1	0	0	0	0	1
Collinsella	Collinsella	102106	Collinsella bouchesdurhonensis	1907654	95	75	0	0	0	20
Collinsella	Collinsella	102106	Collinsella ihumii	1720204	12	11	0	0	0	1
Collinsella	Collinsella	102106	Collinsella intestinalis	147207	847	290	0	1	1	555
Collinsella	Collinsella	102106	Collinsella phocaeensis	1871016	26	14	0	0	0	12
Collinsella	Collinsella	102106	Collinsella provencensis	1937461	3	1	0	0	0	2
Collinsella	Collinsella	102106	Collinsella sp.	1965294	10688	3141	10	8	7	7522
Collinsella	Collinsella	102106	Collinsella sp. 1033st1_B10_1033SCRN_220408	3143055	1	1	0	0	0	0
Collinsella	Collinsella	102106	Collinsella sp. 1033st1_E11_1033SCRN_220408	3143054	1	1	0	0	0	0
Collinsella	Collinsella	102106	Collinsella sp. 4_8_47FAA	742722	1	0	0	0	0	1
Collinsella	Collinsella	102106	Collinsella sp. 60_9	1896993	1	0	0	0	1	0
Collinsella	Collinsella	102106	Collinsella sp. A17	3478893	1	0	0	0	0	1
Collinsella	Collinsella	102106	Collinsella sp. A24B	3478895	1	0	0	0	0	1
Collinsella	Collinsella	102106	Collinsella sp. AF02-46-1	2292207	14	14	0	0	0	0
Collinsella	Collinsella	102106	Collinsella sp. AF04-24	2292208	1	1	0	0	0	0
Collinsella	Collinsella	102106	Collinsella sp. AF05-8-2	2292209	1	1	0	0	0	0
Collinsella	Collinsella	102106	Collinsella sp. AF05-9	2292210	1	1	0	0	0	0
Collinsella	Collinsella	102106	Collinsella sp. AF08-23	2292211	13	13	0	0	0	0
Collinsella	Collinsella	102106	Collinsella sp. AF11-11	2292212	1	1	0	0	0	0
Collinsella	Collinsella	102106	Collinsella sp. AF14-35	2292213	1	1	0	0	0	0
Collinsella	Collinsella	102106	Collinsella sp. AF15-51	2292214	1	1	0	0	0	0
Collinsella	Collinsella	102106	Collinsella sp. AF16-8	2292215	1	1	0	0	0	0
Collinsella	Collinsella	102106	Collinsella sp. AF18-33LB	2292216	1	1	0	0	0	0
Collinsella	Collinsella	102106	Collinsella sp. AF18-8	2292217	1	1	0	0	0	0
Collinsella	Collinsella	102106	Collinsella sp. AF18-8LB	2292218	1	1	0	0	0	0
Collinsella	Collinsella	102106	Collinsella sp. AF19-1LB	2292219	1	1	0	0	0	0
Collinsella	Collinsella	102106	Collinsella sp. AF19-7AC	2292220	2	1	0	0	0	1
Collinsella	Collinsella	102106	Collinsella sp. AF20-14LB	2292221	2	1	0	0	0	1
Collinsella	Collinsella	102106	Collinsella sp. AF23-2	2292222	8	7	0	0	0	1
Collinsella	Collinsella	102106	Collinsella sp. AF23-3LB	2292223	1	1	0	0	0	0
Collinsella	Collinsella	102106	Collinsella sp. AF23-4AC	2292224	2	1	0	0	0	1
Collinsella	Collinsella	102106	Collinsella sp. AF23-6	2292225	1	1	0	0	0	0
Collinsella	Collinsella	102106	Collinsella sp. AF25-2LB	2292226	2	2	0	0	0	0
Collinsella	Collinsella	102106	Collinsella sp. AF28-5AC	2292227	1	1	0	0	0	0
Collinsella	Collinsella	102106	Collinsella sp. AF29-7AC	2292010	1	1	0	0	0	0
Collinsella	Collinsella	102106	Collinsella sp. AF31-11	2292011	1	1	0	0	0	0
Collinsella	Collinsella	102106	Collinsella sp. AF33-16	2292012	1	1	0	0	0	0
Collinsella	Collinsella	102106	Collinsella sp. AF36-3AT	2292013	1	1	0	0	0	0
Collinsella	Collinsella	102106	Collinsella sp. AF37-9	2292014	1	1	0	0	0	0
Collinsella	Collinsella	102106	Collinsella sp. AF38-3AC	2292015	1	1	0	0	0	0
Collinsella	Collinsella	102106	Collinsella sp. AF39-11AT	2292016	1	1	0	0	0	0
Collinsella	Collinsella	102106	Collinsella sp. AK_207A	2650472	2	1	0	0	0	1
Collinsella	Collinsella	102106	Collinsella sp. AM09-41	2292017	1	1	0	0	0	0
Collinsella	Collinsella	102106	Collinsella sp. AM10-11	2292018	1	1	0	0	0	0
Collinsella	Collinsella	102106	Collinsella sp. AM10-26	2292019	1	1	0	0	0	0
Collinsella	Collinsella	102106	Collinsella sp. AM10-27	2292020	1	1	0	0	0	0
Collinsella	Collinsella	102106	Collinsella sp. AM10-32	2292021	1	1	0	0	0	0
Collinsella	Collinsella	102106	Collinsella sp. AM10-48	2292022	1	1	0	0	0	0
Collinsella	Collinsella	102106	Collinsella sp. AM12-1	2292023	1	1	0	0	0	0
Collinsella	Collinsella	102106	Collinsella sp. AM13-34	2292024	1	1	0	0	0	0
Collinsella	Collinsella	102106	Collinsella sp. AM15-2	2292025	1	1	0	0	0	0
Collinsella	Collinsella	102106	Collinsella sp. AM16-21	2292026	1	1	0	0	0	0
Collinsella	Collinsella	102106	Collinsella sp. AM17-1	2292027	1	1	0	0	0	0
Collinsella	Collinsella	102106	Collinsella sp. AM18-10	2292028	2	1	0	0	0	1
Collinsella	Collinsella	102106	Collinsella sp. AM20-15AC	2292029	1	1	0	0	0	0
Collinsella	Collinsella	102106	Collinsella sp. AM23-17	2292030	1	1	0	0	0	0
Collinsella	Collinsella	102106	Collinsella sp. AM24-1	2292031	1	1	0	0	0	0
Collinsella	Collinsella	102106	Collinsella sp. AM28-11LB	2292312	1	1	0	0	0	0
Collinsella	Collinsella	102106	Collinsella sp. AM29-10AC	2292313	2	1	0	0	0	1
Collinsella	Collinsella	102106	Collinsella sp. AM31-2AC	2292314	1	1	0	0	0	0
Collinsella	Collinsella	102106	Collinsella sp. AM33-4BH	2292315	1	1	0	0	0	0
Collinsella	Collinsella	102106	Collinsella sp. AM34-10	2292316	2	2	0	0	0	0
Collinsella	Collinsella	102106	Collinsella sp. AM36-4AA	2292317	1	1	0	0	0	0
Collinsella	Collinsella	102106	Collinsella sp. AM38-1BH	2292318	2	1	0	0	0	1
Collinsella	Collinsella	102106	Collinsella sp. AM40-7AC	2292319	1	1	0	0	0	0
Collinsella	Collinsella	102106	Collinsella sp. AM41-2BH	2292320	1	1	0	0	0	0
Collinsella	Collinsella	102106	Collinsella sp. AM42-18AC	2292321	1	1	0	0	0	0
Collinsella	Collinsella	102106	Collinsella sp. AM43-1	2292322	1	1	0	0	0	0
Collinsella	Collinsella	102106	Collinsella sp. AM44-11	2292323	1	1	0	0	0	0
Collinsella	Collinsella	102106	Collinsella sp. An2	1965585	1	1	0	0	0	0
Collinsella	Collinsella	102106	Collinsella sp. An268	1965612	1	1	0	0	0	0
Collinsella	Collinsella	102106	Collinsella sp. An271	1965616	1	1	0	0	0	0
Collinsella	Collinsella	102106	Collinsella sp. An307	1965630	1	1	0	0	0	0
Collinsella	Collinsella	102106	Collinsella sp. An7	1965651	2	2	0	0	0	0
Collinsella	Collinsella	102106	Collinsella sp. BA40	2560852	2	2	0	0	0	0
Collinsella	Collinsella	102106	Collinsella sp. BG-O-102	2949659	1	1	0	0	0	0
Collinsella	Collinsella	102106	Collinsella sp. BIOML-A1	2584628	2	0	0	0	0	2
Collinsella	Collinsella	102106	Collinsella sp. BIOML-A2	2584629	2	0	0	0	0	2
Collinsella	Collinsella	102106	Collinsella sp. BIOML-A3	2584630	2	0	0	0	0	2
Collinsella	Collinsella	102106	Collinsella sp. BIOML-A4	2584631	2	0	0	0	0	2
Collinsella	Collinsella	102106	Collinsella sp. BIOML-A5	2584632	2	0	0	0	0	2
Collinsella	Collinsella	102106	Collinsella sp. BIOML-A6	2584633	2	0	0	0	0	2
Collinsella	Collinsella	102106	Collinsella sp. BM28	3378285	2	2	0	0	0	0
Collinsella	Collinsella	102106	Collinsella sp. CAG:166	1262850	1	1	0	0	0	0
Collinsella	Collinsella	102106	Collinsella sp. CAG:289	1262851	1	1	0	0	0	0
Collinsella	Collinsella	102106	Collinsella sp. CAG:398	1262852	1	1	0	0	0	0
Collinsella	Collinsella	102106	Collinsella sp. CLA-AA-H167	3136223	1	0	0	0	0	1
Collinsella	Collinsella	102106	Collinsella sp. CLA-AA-H302	3136217	1	0	0	0	0	1
Collinsella	Collinsella	102106	Collinsella sp. CLA-AP-H1	3136232	1	0	0	0	0	1
Collinsella	Collinsella	102106	Collinsella sp. CLA-ER-H10	3136218	1	0	0	0	0	1
Collinsella	Collinsella	102106	Collinsella sp. CLA-ER-H11	3136219	2	1	0	0	0	1
Collinsella	Collinsella	102106	Collinsella sp. CLA-ER-H2	3136220	1	0	0	0	0	1
Collinsella	Collinsella	102106	Collinsella sp. CLA-ER-H3	3136226	1	0	0	0	0	1
Collinsella	Collinsella	102106	Collinsella sp. CLA-ER-H4	3136227	1	0	0	0	0	1
Collinsella	Collinsella	102106	Collinsella sp. CLA-ER-H5	3136222	2	1	0	0	0	1
Collinsella	Collinsella	102106	Collinsella sp. CLA-ER-H6	3136231	1	0	0	0	0	1
Collinsella	Collinsella	102106	Collinsella sp. CLA-ER-H7	3136230	1	0	0	0	0	1
Collinsella	Collinsella	102106	Collinsella sp. CLA-ER-H8	3136229	2	1	0	0	0	1
Collinsella	Collinsella	102106	Collinsella sp. CLA-ER-H9	3136224	1	0	0	0	0	1
Collinsella	Collinsella	102106	Collinsella sp. CLA-JM-H32	3136225	1	0	0	0	0	1
Collinsella	Collinsella	102106	Collinsella sp. CLA-JM-H32B	3136221	1	0	0	0	0	1
Collinsella	Collinsella	102106	Collinsella sp. CLA-SR-H006	3136228	1	0	0	0	0	1
Collinsella	Collinsella	102106	Collinsella sp. CM84Y_54	3085309	1	1	0	0	0	0
Collinsella	Collinsella	102106	Collinsella sp. CMC_B0028	3455702	1	1	0	0	0	0
Collinsella	Collinsella	102106	Collinsella sp. CMC_B0035	3455703	1	1	0	0	0	0
Collinsella	Collinsella	102106	Collinsella sp. CMC_B0036	3455704	1	1	0	0	0	0
Collinsella	Collinsella	102106	Collinsella sp. CMC_B0039	3455705	1	1	0	0	0	0
Collinsella	Collinsella	102106	Collinsella sp. CMC_B0044	3455706	1	1	0	0	0	0
Collinsella	Collinsella	102106	Collinsella sp. CMC_B0051	3455707	1	1	0	0	0	0
Collinsella	Collinsella	102106	Collinsella sp. CMC_B0053	3455708	1	1	0	0	0	0
Collinsella	Collinsella	102106	Collinsella sp. CMC_B0059	3455709	1	1	0	0	0	0
Collinsella	Collinsella	102106	Collinsella sp. CMC_B0071	3455710	1	1	0	0	0	0
Collinsella	Collinsella	102106	Collinsella sp. CMC_B0168	3455711	1	1	0	0	0	0
Collinsella	Collinsella	102106	Collinsella sp. CMC_B0270	3455718	1	1	0	0	0	0
Collinsella	Collinsella	102106	Collinsella sp. CMC_B0273	3455719	1	1	0	0	0	0
Collinsella	Collinsella	102106	Collinsella sp. CMC_B0277	3455720	1	1	0	0	0	0
Collinsella	Collinsella	102106	Collinsella sp. CMC_B0290	3455721	1	1	0	0	0	0
Collinsella	Collinsella	102106	Collinsella sp. CMC_B0301	3455722	1	1	0	0	0	0
Collinsella	Collinsella	102106	Collinsella sp. D33t1_170424_A12	2787135	1	1	0	0	0	0
Collinsella	Collinsella	102106	Collinsella sp. FUJ02203	3413481	1	0	0	1	0	0
Collinsella	Collinsella	102106	Collinsella sp. HCP28S3_B9	3438920	1	1	0	0	0	0
Collinsella	Collinsella	102106	Collinsella sp. HCP28S3_E12	3438921	1	1	0	0	0	0
Collinsella	Collinsella	102106	Collinsella sp. HCP28S3_E5	3438922	1	1	0	0	0	0
Collinsella	Collinsella	102106	Collinsella sp. HCP28S3_E6	3438923	1	1	0	0	0	0
Collinsella	Collinsella	102106	Collinsella sp. HCP28S3_E9	3438924	1	1	0	0	0	0
Collinsella	Collinsella	102106	Collinsella sp. HCP28S3_F2	3438925	1	1	0	0	0	0
Collinsella	Collinsella	102106	Collinsella sp. HCP28S3_G12	3438926	1	1	0	0	0	0
Collinsella	Collinsella	102106	Collinsella sp. HCP28S3_G2	3438927	1	1	0	0	0	0
Collinsella	Collinsella	102106	Collinsella sp. HCP28S3_H5	3438928	1	1	0	0	0	0
Collinsella	Collinsella	102106	Collinsella sp. HCP3S3_A7	3438929	1	1	0	0	0	0
Collinsella	Collinsella	102106	Collinsella sp. HCP3S3_A8	3438930	1	1	0	0	0	0
Collinsella	Collinsella	102106	Collinsella sp. HCP3S3_B1	3438931	1	1	0	0	0	0
Collinsella	Collinsella	102106	Collinsella sp. HCP3S3_B7	3438932	1	1	0	0	0	0
Collinsella	Collinsella	102106	Collinsella sp. HCP3S3_B8	3438933	1	1	0	0	0	0
Collinsella	Collinsella	102106	Collinsella sp. HCP3S3_D1	3438934	1	1	0	0	0	0
Collinsella	Collinsella	102106	Collinsella sp. HCP3S3_E11	3438935	1	1	0	0	0	0
Collinsella	Collinsella	102106	Collinsella sp. HCP3S3_E5	3438936	1	1	0	0	0	0
Collinsella	Collinsella	102106	Collinsella sp. HCP3S3_E6	3438937	1	1	0	0	0	0
Collinsella	Collinsella	102106	Collinsella sp. i05-0019-G5	3132705	1	1	0	0	0	0
Collinsella	Collinsella	102106	Collinsella sp. i06-0019-1H4	3132706	1	1	0	0	0	0
Collinsella	Collinsella	102106	Collinsella sp. LCP19S3_A6	3438752	1	1	0	0	0	0
Collinsella	Collinsella	102106	Collinsella sp. LCP19S3_A7	3438753	1	1	0	0	0	0
Collinsella	Collinsella	102106	Collinsella sp. LCP19S3_B11	3438754	1	1	0	0	0	0
Collinsella	Collinsella	102106	Collinsella sp. LCP19S3_B6	3438755	1	1	0	0	0	0
Collinsella	Collinsella	102106	Collinsella sp. LCP19S3_B7	3438756	1	1	0	0	0	0
Collinsella	Collinsella	102106	Collinsella sp. LCP19S3_B9	3438757	1	1	0	0	0	0
Collinsella	Collinsella	102106	Collinsella sp. LCP19S3_C1	3438758	1	1	0	0	0	0
Collinsella	Collinsella	102106	Collinsella sp. LCP19S3_C6	3438759	1	1	0	0	0	0
Collinsella	Collinsella	102106	Collinsella sp. LCP19S3_C9	3438760	1	1	0	0	0	0
Collinsella	Collinsella	102106	Collinsella sp. LCP19S3_D2	3438761	1	1	0	0	0	0
Collinsella	Collinsella	102106	Collinsella sp. LCP19S3_D3	3438762	1	1	0	0	0	0
Collinsella	Collinsella	102106	Collinsella sp. LCP19S3_D4	3438763	1	1	0	0	0	0
Collinsella	Collinsella	102106	Collinsella sp. LCP19S3_D5	3438764	1	1	0	0	0	0
Collinsella	Collinsella	102106	Collinsella sp. LCP19S3_F2	3438765	1	1	0	0	0	0
Collinsella	Collinsella	102106	Collinsella sp. LCP19S3_G10	3438766	1	1	0	0	0	0
Collinsella	Collinsella	102106	Collinsella sp. LCP19S3_G12	3438767	1	1	0	0	0	0
Collinsella	Collinsella	102106	Collinsella sp. LCP19S3_H3	3438768	1	1	0	0	0	0
Collinsella	Collinsella	102106	Collinsella sp. LCP21S3_A3	3438769	1	1	0	0	0	0
Collinsella	Collinsella	102106	Collinsella sp. LCP21S3_A9	3438770	1	1	0	0	0	0
Collinsella	Collinsella	102106	Collinsella sp. LCP21S3_C3	3438771	1	1	0	0	0	0
Collinsella	Collinsella	102106	Collinsella sp. LCP21S3_C7	3438772	1	1	0	0	0	0
Collinsella	Collinsella	102106	Collinsella sp. LCP21S3_D3	3438773	1	1	0	0	0	0
Collinsella	Collinsella	102106	Collinsella sp. LCP21S3_E4	3438774	1	1	0	0	0	0
Collinsella	Collinsella	102106	Collinsella sp. MSK.8.10	2849179	5	4	0	1	0	0
Collinsella	Collinsella	102106	Collinsella sp. OF02-10	2292324	2	1	0	0	0	1
Collinsella	Collinsella	102106	Collinsella sp. OF03-4AA	2292325	1	1	0	0	0	0
Collinsella	Collinsella	102106	Collinsella sp. OM04-5	2292326	4	1	0	0	0	3
Collinsella	Collinsella	102106	Collinsella sp. OM06-18AC	2292327	1	1	0	0	0	0
Collinsella	Collinsella	102106	Collinsella sp. OM07-12	2292328	1	1	0	0	0	0
Collinsella	Collinsella	102106	Collinsella sp. OM08-14AT	2292329	1	1	0	0	0	0
Collinsella	Collinsella	102106	Collinsella sp. SGI.033	3420552	1	0	0	0	0	1
Collinsella	Collinsella	102106	Collinsella sp. SGI.095	3420553	1	0	0	0	0	1
Collinsella	Collinsella	102106	Collinsella sp. SGI.178	3420554	1	0	0	0	0	1
Collinsella	Collinsella	102106	Collinsella sp. SGI.180	3420555	1	0	0	0	0	1
Collinsella	Collinsella	102106	Collinsella sp. SGI.184	3420556	1	0	0	0	0	1
Collinsella	Collinsella	102106	Collinsella sp. SGI.241	3420557	1	0	0	0	0	1
Collinsella	Collinsella	102106	Collinsella sp. Sow4_D11	3438775	1	1	0	0	0	0
Collinsella	Collinsella	102106	Collinsella sp. Sow4_E3	3438776	1	1	0	0	0	0
Collinsella	Collinsella	102106	Collinsella sp. TF05-9AC	2292330	1	1	0	0	0	0
Collinsella	Collinsella	102106	Collinsella sp. TF06-26	2018038	3	1	0	1	0	1
Collinsella	Collinsella	102106	Collinsella sp. TF06-6AC	2292331	1	1	0	0	0	0
Collinsella	Collinsella	102106	Collinsella sp. TF07-1	2292332	1	1	0	0	0	0
Collinsella	Collinsella	102106	Collinsella sp. TF08-11AT	2292333	2	1	0	1	0	0
Collinsella	Collinsella	102106	Collinsella sp. TF09-1AT	2292334	1	1	0	0	0	0
Collinsella	Collinsella	102106	Collinsella sp. TF10-11AT	2292335	1	1	0	0	0	0
Collinsella	Collinsella	102106	Collinsella sp. TF11-5AC	2292336	1	1	0	0	0	0
Collinsella	Collinsella	102106	Collinsella sp. TF12-2AT	2292337	1	1	0	0	0	0
Collinsella	Collinsella	102106	Collinsella sp. TM04-29	2292338	1	1	0	0	0	0
Collinsella	Collinsella	102106	Collinsella sp. TM04-9	2292339	1	1	0	0	0	0
Collinsella	Collinsella	102106	Collinsella sp. TM05-37	2292340	1	1	0	0	0	0
Collinsella	Collinsella	102106	Collinsella sp. TM05-38	2292341	1	1	0	0	0	0
Collinsella	Collinsella	102106	Collinsella sp. TM06-3	2292342	1	1	0	0	0	0
Collinsella	Collinsella	102106	Collinsella sp. TM09-10AT	2292343	2	2	0	0	0	0
Collinsella	Collinsella	102106	Collinsella sp. TM10-22	2292344	9	1	0	2	0	6
Collinsella	Collinsella	102106	Collinsella sp. UBA1408	1946383	1	0	0	0	1	0
Collinsella	Collinsella	102106	Collinsella sp. UBA1690	1946384	1	1	0	0	0	0
Collinsella	Collinsella	102106	Collinsella sp. UBA1693	1946385	1	1	0	0	0	0
Collinsella	Collinsella	102106	Collinsella sp. UBA1827	1946386	1	1	0	0	0	0
Collinsella	Collinsella	102106	Collinsella sp. UBA4258	1946387	1	0	0	1	0	0
Collinsella	Collinsella	102106	Collinsella sp. UBA4370	1946388	2	1	0	1	0	0
Collinsella	Collinsella	102106	Collinsella sp. UBA6357	1946389	1	1	0	0	0	0
Collinsella	Collinsella	102106	Collinsella sp. wc0529	3385506	1	1	0	0	0	0
Collinsella	Collinsella	102106	Collinsella sp. wc0583	3385507	1	1	0	0	0	0
Collinsella	Collinsella	102106	Collinsella sp. WCA1-178-WT-3 (M1)	2605779	1	1	0	0	0	0
Collinsella	Collinsella	102106	Collinsella sp. WCA1-178-WT-3 (M2)	2605780	1	1	0	0	0	0
Collinsella	Collinsella	102106	Collinsella sp. zg1053	2846898	1	0	0	0	0	1
Collinsella	Collinsella	102106	Collinsella sp. zg1085	2844380	1	0	0	0	0	1
Collinsella	Collinsella	102106	Collinsella stercoris	147206	178	47	1	1	0	129
Collinsella	Collinsella	102106	Collinsella tanakaei	626935	392	106	0	1	0	285
Collinsella	Collinsella	102106	Collinsella ureilytica	2869515	1	1	0	0	0	0
Collinsella	Collinsella	102106	Collinsella vaginalis	1870987	4	2	0	0	0	2
Collinsella	Collinsella	102106	uncultured Collinsella sp.	165190	3490	3391	46	36	17	0
Coprococcus	Coprococcus	33042	Coprococcus aceti	2981786	87	83	1	0	0	3
Coprococcus	Coprococcus	33042	Coprococcus ammoniilyticus	2981785	29	25	0	0	0	4
Coprococcus	Coprococcus	33042	Coprococcus eutactus	33043	1661	774	2	5	0	880
Coprococcus	Coprococcus	33042	Coprococcus hominis (ex Arizal et al. 2022)	2881262	38	36	0	0	0	2
Coprococcus	Coprococcus	33042	Coprococcus intestinalis	2949662	1	1	0	0	0	0
Coprococcus	Coprococcus	33042	Coprococcus intestinihominis	3133154	60	58	1	0	0	1
Coprococcus	Coprococcus	33042	Coprococcus phoceensis	1870993	40	31	0	1	0	8
Coprococcus	Coprococcus	33042	Coprococcus sp.	2049024	5049	1623	7	1	6	3412
Coprococcus	Coprococcus	33042	Coprococcus sp. 43_8	1896996	1	0	0	0	1	0
Coprococcus	Coprococcus	33042	Coprococcus sp. AF102-57	2997946	1	0	0	0	0	1
Coprococcus	Coprococcus	33042	Coprococcus sp. AF16-22	2293087	1	1	0	0	0	0
Coprococcus	Coprococcus	33042	Coprococcus sp. AF16-5	2293088	1	1	0	0	0	0
Coprococcus	Coprococcus	33042	Coprococcus sp. AF18-48	2293089	1	1	0	0	0	0
Coprococcus	Coprococcus	33042	Coprococcus sp. AF19-8AC	2293090	1	1	0	0	0	0
Coprococcus	Coprococcus	33042	Coprococcus sp. AF21-14LB	2292231	3	3	0	0	0	0
Coprococcus	Coprococcus	33042	Coprococcus sp. AF27-8	2302946	1	1	0	0	0	0
Coprococcus	Coprococcus	33042	Coprococcus sp. AF38-1	2302943	1	1	0	0	0	0
Coprococcus	Coprococcus	33042	Coprococcus sp. AF51-11b1	2997947	1	0	0	0	0	1
Coprococcus	Coprococcus	33042	Coprococcus sp. AF99-45	2997948	1	0	0	0	0	1
Coprococcus	Coprococcus	33042	Coprococcus sp. AM100_B19A	2997949	1	0	0	0	0	1
Coprococcus	Coprococcus	33042	Coprococcus sp. AM11-30B	2997950	1	0	0	0	0	1
Coprococcus	Coprococcus	33042	Coprococcus sp. AM14-16	2293091	1	1	0	0	0	0
Coprococcus	Coprococcus	33042	Coprococcus sp. AM25-15LB	2302944	1	1	0	0	0	0
Coprococcus	Coprococcus	33042	Coprococcus sp. AM25-4LB	2302945	1	1	0	0	0	0
Coprococcus	Coprococcus	33042	Coprococcus sp. AM27-12LB	2293092	1	1	0	0	0	0
Coprococcus	Coprococcus	33042	Coprococcus sp. AM97-06	2997993	1	0	0	0	0	1
Coprococcus	Coprococcus	33042	Coprococcus sp. AM97-35	2997953	1	0	0	0	0	1
Coprococcus	Coprococcus	33042	Coprococcus sp. ART55/1	751585	18	0	0	0	0	18
Coprococcus	Coprococcus	33042	Coprococcus sp. ART55_1	2710826	1	0	0	0	0	1
Coprococcus	Coprococcus	33042	Coprococcus sp. BIOML-A1	2584635	2	0	0	0	0	2
Coprococcus	Coprococcus	33042	Coprococcus sp. BIOML-A2	2584636	2	0	0	0	0	2
Coprococcus	Coprococcus	33042	Coprococcus sp. CAG:131	1262862	1	1	0	0	0	0
Coprococcus	Coprococcus	33042	Coprococcus sp. CAG:131-related_45_246	1896998	1	0	0	0	1	0
Coprococcus	Coprococcus	33042	Coprococcus sp. CAG:131_42_139	1896997	1	0	0	0	1	0
Coprococcus	Coprococcus	33042	Coprococcus sp. CAG:782	1262863	1	1	0	0	0	0
Coprococcus	Coprococcus	33042	Coprococcus sp. DFI.6.81	2965278	1	1	0	0	0	0
Coprococcus	Coprococcus	33042	Coprococcus sp. HA4072	3779226	1	0	0	0	0	1
Coprococcus	Coprococcus	33042	Coprococcus sp. HA5852	3779228	1	0	0	0	0	1
Coprococcus	Coprococcus	33042	Coprococcus sp. HCN-4056	3134671	1	1	0	0	0	0
Coprococcus	Coprococcus	33042	Coprococcus sp. HPP0048	1078091	2	0	0	0	0	2
Coprococcus	Coprococcus	33042	Coprococcus sp. HPP0074	1078090	4	0	0	1	0	3
Coprococcus	Coprococcus	33042	Coprococcus sp. JGI 000170CP_C06	1938753	1	0	0	0	0	1
Coprococcus	Coprococcus	33042	Coprococcus sp. LG100-32	2997994	1	0	0	0	0	1
Coprococcus	Coprococcus	33042	Coprococcus sp. LG101-27	2997954	1	0	0	0	0	1
Coprococcus	Coprococcus	33042	Coprococcus sp. MSK.21.13	2709719	1	1	0	0	0	0
Coprococcus	Coprococcus	33042	Coprococcus sp. OM04-5BH	2293093	5	5	0	0	0	0
Coprococcus	Coprococcus	33042	Coprococcus sp. OM06-25	2293094	1	1	0	0	0	0
Coprococcus	Coprococcus	33042	Coprococcus sp. OM06-34AC	2293095	1	1	0	0	0	0
Coprococcus	Coprococcus	33042	Coprococcus sp. P8wB6	3018499	1	0	0	0	0	1
Coprococcus	Coprococcus	33042	Coprococcus sp. RTP21204st1_G4_RTP21204_210225	3143207	1	1	0	0	0	0
Coprococcus	Coprococcus	33042	Coprococcus sp. RTP21281st1_F1_RTP21281_210402	3143208	1	1	0	0	0	0
Coprococcus	Coprococcus	33042	Coprococcus sp. RTP21428st1_B10_RTP21428_210409	3153687	1	1	0	0	0	0
Coprococcus	Coprococcus	33042	Coprococcus sp. RTP21428st1_C9_RTP21428_210409	3153686	1	1	0	0	0	0
Coprococcus	Coprococcus	33042	Coprococcus sp. RTP31081st1_A7_RTP31081_211007	3153685	1	1	0	0	0	0
Coprococcus	Coprococcus	33042	Coprococcus sp. RTP31081st1_B10_RTP31081_211007	3153684	1	1	0	0	0	0
Coprococcus	Coprococcus	33042	Coprococcus sp. RTP31081st1_C9_RTP31081_211007	3153683	1	1	0	0	0	0
Coprococcus	Coprococcus	33042	Coprococcus sp. RTP31081st1_D2_RTP31081_211007	3153682	1	1	0	0	0	0
Coprococcus	Coprococcus	33042	Coprococcus sp. RTP31081st1_E7_RTP31081_211007	3153681	1	1	0	0	0	0
Coprococcus	Coprococcus	33042	Coprococcus sp. RTP31081st1_H1_RTP31081_211007	3153680	1	1	0	0	0	0
Coprococcus	Coprococcus	33042	Coprococcus sp. RTP31081st1_H3_RTP31081_211007	3153679	1	1	0	0	0	0
Coprococcus	Coprococcus	33042	Coprococcus sp. RTP31081st1_H4_RTP31081_211007	3153678	1	1	0	0	0	0
Coprococcus	Coprococcus	33042	Coprococcus sp. TF11-13	2293096	1	1	0	0	0	0
Coprococcus	Coprococcus	33042	Coprococcus sp. TM115-141	2997951	1	0	0	0	0	1
Coprococcus	Coprococcus	33042	Coprococcus sp. TM115-187	2997952	1	0	0	0	0	1
Coprococcus	Coprococcus	33042	uncultured Coprococcus sp.	458253	713	712	0	0	0	1
Defluviitalea	Defluviitalea	1185408	Defluviitalea phaphyphila	1473580	2	0	1	0	1	0
Defluviitalea	Defluviitalea	1185408	Defluviitalea raffinosedens	1450156	12	0	4	0	3	5
Defluviitalea	Defluviitalea	1185408	Defluviitalea saccharophila	879970	3	0	2	0	1	0
Defluviitalea	Defluviitalea	1185408	Defluviitalea sp.	2004702	1	0	1	0	0	0
Desulfovibrio	Desulfovibrio	872	[Desulfovibrio] dechloracetivorans	117209	3	0	2	0	1	0
Desulfovibrio	Desulfovibrio	872	Candidatus Desulfovibrio faecigallinarum	2838532	2	2	0	0	0	0
Desulfovibrio	Desulfovibrio	872	Candidatus Desulfovibrio gallistercoris	2838533	9	2	0	0	0	7
Desulfovibrio	Desulfovibrio	872	Candidatus Desulfovibrio intestinavium	2838534	10	1	0	0	0	9
Desulfovibrio	Desulfovibrio	872	Candidatus Desulfovibrio intestinigallinarum	2838535	5	2	0	0	0	3
Desulfovibrio	Desulfovibrio	872	Candidatus Desulfovibrio intestinipullorum	2838536	7	1	0	0	0	6
Desulfovibrio	Desulfovibrio	872	Candidatus Desulfovibrio kirbyi	2696086	1	0	0	0	0	1
Desulfovibrio	Desulfovibrio	872	Candidatus Desulfovibrio trichonymphae	1725232	1	0	0	0	0	1
Desulfovibrio	Desulfovibrio	872	Desulfovibrio aminophilus	81425	8	0	5	0	0	3
Desulfovibrio	Desulfovibrio	872	Desulfovibrio biadhensis	1537568	1	0	0	0	0	1
Desulfovibrio	Desulfovibrio	872	Desulfovibrio cuneatus	159728	2	0	0	0	0	2
Desulfovibrio	Desulfovibrio	872	Desulfovibrio desulfuricans	876	140	27	7	6	5	95
Desulfovibrio	Desulfovibrio	872	Desulfovibrio diazotrophicus	2609801	5	4	0	0	0	1
Desulfovibrio	Desulfovibrio	872	Desulfovibrio fairfieldensis	44742	81	53	1	8	0	19
Desulfovibrio	Desulfovibrio	872	Desulfovibrio falkowii	3136602	23	2	0	2	2	17
Desulfovibrio	Desulfovibrio	872	Desulfovibrio ferrophilus	241368	6	0	1	0	0	5
Desulfovibrio	Desulfovibrio	872	Desulfovibrio inopinatus	102109	2	0	0	0	0	2
Desulfovibrio	Desulfovibrio	872	Desulfovibrio intestinalis	58621	1	0	0	0	0	1
Desulfovibrio	Desulfovibrio	872	Desulfovibrio legallii	571438	46	12	1	4	0	29
Desulfovibrio	Desulfovibrio	872	Desulfovibrio litoralis	466107	1	0	0	0	0	1
Desulfovibrio	Desulfovibrio	872	Desulfovibrio mangrovi	2976983	1	0	0	0	1	0
Desulfovibrio	Desulfovibrio	872	Desulfovibrio oxyclinae	63560	4	0	0	0	2	2
Desulfovibrio	Desulfovibrio	872	Desulfovibrio piger	901	1777	680	0	2	3	1092
Desulfovibrio	Desulfovibrio	872	Desulfovibrio porci	2605782	34	27	1	2	0	4
Desulfovibrio	Desulfovibrio	872	Desulfovibrio psychrotolerans	415242	2	0	1	0	0	1
Desulfovibrio	Desulfovibrio	872	Desulfovibrio simplex	54565	4	0	0	2	1	1
Desulfovibrio	Desulfovibrio	872	Desulfovibrio sp.	885	1191	595	61	24	55	456
Desulfovibrio	Desulfovibrio	872	Desulfovibrio sp. 1188_IL3213	3084052	1	1	0	0	0	0
Desulfovibrio	Desulfovibrio	872	Desulfovibrio sp. 1214_IL3152	3084056	1	1	0	0	0	0
Desulfovibrio	Desulfovibrio	872	Desulfovibrio sp. 3_1_syn3	457398	3	0	0	0	0	3
Desulfovibrio	Desulfovibrio	872	Desulfovibrio sp. 6_1_46AFAA	665942	3	1	0	0	0	2
Desulfovibrio	Desulfovibrio	872	Desulfovibrio sp. 7SRBS1	3378064	1	0	1	0	0	0
Desulfovibrio	Desulfovibrio	872	Desulfovibrio sp. 86	2666132	1	0	0	0	0	1
Desulfovibrio	Desulfovibrio	872	Desulfovibrio sp. A2	298701	1	0	1	0	0	0
Desulfovibrio	Desulfovibrio	872	Desulfovibrio sp. ABHU1SB	75180	1	1	0	0	0	0
Desulfovibrio	Desulfovibrio	872	Desulfovibrio sp. ABHU2SB	75182	8	0	0	0	0	8
Desulfovibrio	Desulfovibrio	872	Desulfovibrio sp. AH-173-J22	2269233	1	0	0	0	0	1
Desulfovibrio	Desulfovibrio	872	Desulfovibrio sp. AH-177-K13	2269234	1	0	0	0	0	1
Desulfovibrio	Desulfovibrio	872	Desulfovibrio sp. AM18-2	2292040	1	1	0	0	0	0
Desulfovibrio	Desulfovibrio	872	Desulfovibrio sp. An276	1965618	2	2	0	0	0	0
Desulfovibrio	Desulfovibrio	872	Desulfovibrio sp. Anb10	1979371	1	0	0	0	1	0
Desulfovibrio	Desulfovibrio	872	Desulfovibrio sp. CG1_02_65_21	2017461	1	0	0	0	0	1
Desulfovibrio	Desulfovibrio	872	Desulfovibrio sp. CK	3143358	1	0	0	0	0	1
Desulfovibrio	Desulfovibrio	872	Desulfovibrio sp. CSMB_222	2841591	1	0	1	0	0	0
Desulfovibrio	Desulfovibrio	872	Desulfovibrio sp. DMSS-1	1088788	1	0	0	0	0	1
Desulfovibrio	Desulfovibrio	872	Desulfovibrio sp. DS-1	2497683	2	0	2	0	0	0
Desulfovibrio	Desulfovibrio	872	Desulfovibrio sp. Dsv1	1292024	1	0	0	0	0	1
Desulfovibrio	Desulfovibrio	872	Desulfovibrio sp. DV	1844708	1	0	0	0	0	1
Desulfovibrio	Desulfovibrio	872	Desulfovibrio sp. EM0	2807695	1	0	0	0	0	1
Desulfovibrio	Desulfovibrio	872	Desulfovibrio sp. EM1	2807698	1	0	0	0	0	1
Desulfovibrio	Desulfovibrio	872	Desulfovibrio sp. EM2	2807683	1	0	0	0	0	1
Desulfovibrio	Desulfovibrio	872	Desulfovibrio sp. EM3	2807685	1	0	0	0	0	1
Desulfovibrio	Desulfovibrio	872	Desulfovibrio sp. Fe33	3020842	1	0	1	0	0	0
Desulfovibrio	Desulfovibrio	872	Desulfovibrio sp. G20	3699029	12	0	0	0	0	12
Desulfovibrio	Desulfovibrio	872	Desulfovibrio sp. GTC20076	3391379	1	0	0	0	0	1
Desulfovibrio	Desulfovibrio	872	Desulfovibrio sp. Huiquan2017	2816861	1	0	1	0	0	0
Desulfovibrio	Desulfovibrio	872	Desulfovibrio sp. IS7	1440784	2	0	2	0	0	0
Desulfovibrio	Desulfovibrio	872	Desulfovibrio sp. JC010	2593641	1	0	1	0	0	0
Desulfovibrio	Desulfovibrio	872	Desulfovibrio sp. JC022	2593642	1	0	1	0	0	0
Desulfovibrio	Desulfovibrio	872	Desulfovibrio sp. JGI_KA33_F03_021	2664001	1	0	0	0	0	1
Desulfovibrio	Desulfovibrio	872	Desulfovibrio sp. JGI_KR46_SmLR_5_D14	2738673	1	0	0	0	0	1
Desulfovibrio	Desulfovibrio	872	Desulfovibrio sp. JGI_KR46_SmLR_5_E12	2738674	1	0	0	0	0	1
Desulfovibrio	Desulfovibrio	872	Desulfovibrio sp. JGI_KR46_SmLR_5_F22	2663975	1	0	0	0	0	1
Desulfovibrio	Desulfovibrio	872	Desulfovibrio sp. JY	2875247	1	0	0	0	0	1
Desulfovibrio	Desulfovibrio	872	Desulfovibrio sp. M32	2608942	1	0	0	0	0	1
Desulfovibrio	Desulfovibrio	872	Desulfovibrio sp. M51	2608941	1	0	0	0	0	1
Desulfovibrio	Desulfovibrio	872	Desulfovibrio sp. Marseille-P6017	2161822	1	1	0	0	0	0
Desulfovibrio	Desulfovibrio	872	Desulfovibrio sp. MES5	1899016	1	0	0	0	1	0
Desulfovibrio	Desulfovibrio	872	Desulfovibrio sp. N1	3143359	1	0	0	0	0	1
Desulfovibrio	Desulfovibrio	872	Desulfovibrio sp. OH1186_COT-070	2491045	1	0	0	1	0	0
Desulfovibrio	Desulfovibrio	872	Desulfovibrio sp. OH1209_COT-279	2491046	1	0	0	1	0	0
Desulfovibrio	Desulfovibrio	872	Desulfovibrio sp. OttesenSCG-928-A18	2885167	1	1	0	0	0	0
Desulfovibrio	Desulfovibrio	872	Desulfovibrio sp. OttesenSCG-928-C06	2930970	1	1	0	0	0	0
Desulfovibrio	Desulfovibrio	872	Desulfovibrio sp. OttesenSCG-928-C14	2885168	1	1	0	0	0	0
Desulfovibrio	Desulfovibrio	872	Desulfovibrio sp. OttesenSCG-928-F07	2930972	1	1	0	0	0	0
Desulfovibrio	Desulfovibrio	872	Desulfovibrio sp. OttesenSCG-928-F20	2930973	1	1	0	0	0	0
Desulfovibrio	Desulfovibrio	872	Desulfovibrio sp. OttesenSCG-928-G11	2930977	1	1	0	0	0	0
Desulfovibrio	Desulfovibrio	872	Desulfovibrio sp. OttesenSCG-928-G15	2885169	1	1	0	0	0	0
Desulfovibrio	Desulfovibrio	872	Desulfovibrio sp. OttesenSCG-928-I05	2930979	1	1	0	0	0	0
Desulfovibrio	Desulfovibrio	872	Desulfovibrio sp. OttesenSCG-928-M14	2885170	1	1	0	0	0	0
Desulfovibrio	Desulfovibrio	872	Desulfovibrio sp. OttesenSCG-928-M16	2885171	1	1	0	0	0	0
Desulfovibrio	Desulfovibrio	872	Desulfovibrio sp. OttesenSCG-928-O18	2930989	1	1	0	0	0	0
Desulfovibrio	Desulfovibrio	872	Desulfovibrio sp. QI0430	3463704	1	1	0	0	0	0
Desulfovibrio	Desulfovibrio	872	Desulfovibrio sp. QI0432	3733008	1	0	0	0	0	1
Desulfovibrio	Desulfovibrio	872	Desulfovibrio sp. QI0433	3733007	1	0	0	0	0	1
Desulfovibrio	Desulfovibrio	872	Desulfovibrio sp. QI0434	3463705	1	1	0	0	0	0
Desulfovibrio	Desulfovibrio	872	Desulfovibrio sp. QI0442	3463706	1	1	0	0	0	0
Desulfovibrio	Desulfovibrio	872	Desulfovibrio sp. S3730MH75	1869297	1	0	1	0	0	0
Desulfovibrio	Desulfovibrio	872	Desulfovibrio sp. S5	3044579	1	0	0	0	0	1
Desulfovibrio	Desulfovibrio	872	Desulfovibrio sp. SCGC AD-285-M03	1798201	1	0	0	0	0	1
Desulfovibrio	Desulfovibrio	872	Desulfovibrio sp. SCGC AD-285-O15	1798200	1	0	0	0	0	1
Desulfovibrio	Desulfovibrio	872	Desulfovibrio sp. SGI.082	3420558	1	0	0	0	0	1
Desulfovibrio	Desulfovibrio	872	Desulfovibrio sp. SGI.102	3420559	1	0	0	0	0	1
Desulfovibrio	Desulfovibrio	872	Desulfovibrio sp. SGI.133	3420560	1	0	0	0	0	1
Desulfovibrio	Desulfovibrio	872	Desulfovibrio sp. SGI.169	3420561	1	0	0	0	0	1
Desulfovibrio	Desulfovibrio	872	Desulfovibrio sp. SGI.230	3420562	1	0	0	0	0	1
Desulfovibrio	Desulfovibrio	872	Desulfovibrio sp. SW10	3434222	1	0	1	0	0	0
Desulfovibrio	Desulfovibrio	872	Desulfovibrio sp. T6-6.79	3070045	1	0	1	0	0	0
Desulfovibrio	Desulfovibrio	872	Desulfovibrio sp. T6-7.12	3070046	1	0	1	0	0	0
Desulfovibrio	Desulfovibrio	872	Desulfovibrio sp. TomC	1562888	1	0	1	0	0	0
Desulfovibrio	Desulfovibrio	872	Desulfovibrio sp. U5L	596152	2	0	0	0	0	2
Desulfovibrio	Desulfovibrio	872	Desulfovibrio sp. UBA1335	1961405	1	0	1	0	0	0
Desulfovibrio	Desulfovibrio	872	Desulfovibrio sp. UBA2564	1961406	1	0	0	1	0	0
Desulfovibrio	Desulfovibrio	872	Desulfovibrio sp. UBA4079	1961407	1	0	1	0	0	0
Desulfovibrio	Desulfovibrio	872	Desulfovibrio sp. UBA6079	1961408	1	0	1	0	0	0
Desulfovibrio	Desulfovibrio	872	Desulfovibrio sp. UBA6121	1961409	1	0	1	0	0	0
Desulfovibrio	Desulfovibrio	872	Desulfovibrio sp. UBA728	1961410	1	0	1	0	0	0
Desulfovibrio	Desulfovibrio	872	Desulfovibrio sp. UBA7315	1961411	1	0	1	0	0	0
Desulfovibrio	Desulfovibrio	872	Desulfovibrio sp. UCD-KL4C	2578120	1	0	1	0	0	0
Desulfovibrio	Desulfovibrio	872	Desulfovibrio sp. UIB00	2804314	1	0	1	0	0	0
Desulfovibrio	Desulfovibrio	872	Desulfovibrio sp. USB_NOVA_16	2978945	1	0	0	1	0	0
Desulfovibrio	Desulfovibrio	872	Desulfovibrio sp. USB_NOVA_17	2978944	1	0	0	1	0	0
Desulfovibrio	Desulfovibrio	872	Desulfovibrio sp. X2	941449	1	0	1	0	0	0
Desulfovibrio	Desulfovibrio	872	Desulfovibrio sp. Zagget14	1930005	1	1	0	0	0	0
Desulfovibrio	Desulfovibrio	872	Desulfovibrio sp. ZJ200	2709792	1	0	0	0	0	1
Desulfovibrio	Desulfovibrio	872	Desulfovibrio sp. ZJ209	2709794	1	0	0	0	0	1
Desulfovibrio	Desulfovibrio	872	Desulfovibrio sp. ZJ369	2709793	1	0	0	0	0	1
Desulfovibrio	Desulfovibrio	872	Desulfovibrio sp. ZJ746	2709795	1	0	0	0	0	1
Desulfovibrio	Desulfovibrio	872	Desulfovibrio subterraneus	2718620	8	0	1	0	0	7
Desulfovibrio	Desulfovibrio	872	uncultured Desulfovibrio sp.	167968	1625	1564	17	11	25	8
Dorea	Dorea	189330	Candidatus Dorea faecigallinarum	2838540	1	0	0	0	0	1
Dorea	Dorea	189330	Candidatus Dorea faecipullorum	2838541	2	1	0	0	0	1
Dorea	Dorea	189330	Candidatus Dorea gallistercoris	2838542	5	3	0	0	0	2
Dorea	Dorea	189330	Candidatus Dorea intestinavium	2838543	2	0	0	0	0	2
Dorea	Dorea	189330	Candidatus Dorea intestinigallinarum	2838544	1	0	0	0	0	1
Dorea	Dorea	189330	Candidatus Dorea massiliensis	1470355	2	0	0	0	0	2
Dorea	Dorea	189330	Candidatus Dorea merdavium	2838545	2	1	0	0	0	1
Dorea	Dorea	189330	Candidatus Dorea stercoravium	2838546	1	0	0	0	0	1
Dorea	Dorea	189330	Dorea acetigenes	2981787	3	3	0	0	0	0
Dorea	Dorea	189330	Dorea ammoniilytica	2981788	52	49	0	0	0	3
Dorea	Dorea	189330	Dorea amylophila	2981789	57	47	0	0	0	10
Dorea	Dorea	189330	Dorea chungnamensis	3151120	1	0	0	0	0	1
Dorea	Dorea	189330	Dorea formicigenerans	39486	758	475	2	1	1	279
Dorea	Dorea	189330	Dorea hominis	2763040	57	56	0	0	0	1
Dorea	Dorea	189330	Dorea longicatena	88431	3772	1417	8	9	1	2337
Dorea	Dorea	189330	Dorea phocaeensis	2040291	33	29	0	0	0	4
Dorea	Dorea	189330	Dorea sp.	2040332	976	338	2	0	2	634
Dorea	Dorea	189330	Dorea sp. 210702-DFI.3.125	2883207	1	1	0	0	0	0
Dorea	Dorea	189330	Dorea sp. 210702-DFI.3.17	2883208	1	1	0	0	0	0
Dorea	Dorea	189330	Dorea sp. 42_8	1896999	1	0	0	0	1	0
Dorea	Dorea	189330	Dorea sp. 4_1_36FAA	450747	2	0	0	0	0	2
Dorea	Dorea	189330	Dorea sp. 5-2	1235798	27	18	0	0	1	8
Dorea	Dorea	189330	Dorea sp. AF24-7LB	2293097	1	1	0	0	0	0
Dorea	Dorea	189330	Dorea sp. AF36-15AT	2292041	6	5	0	1	0	0
Dorea	Dorea	189330	Dorea sp. AGR2135	1280669	2	0	0	0	0	2
Dorea	Dorea	189330	Dorea sp. AM10-31	2293098	18	17	0	1	0	0
Dorea	Dorea	189330	Dorea sp. AM13-35	2293099	1	1	0	0	0	0
Dorea	Dorea	189330	Dorea sp. AM58-8	2292346	1	1	0	0	0	0
Dorea	Dorea	189330	Dorea sp. BIOML-A1	2584637	2	0	0	0	0	2
Dorea	Dorea	189330	Dorea sp. CAG:105	1262872	1	1	0	0	0	0
Dorea	Dorea	189330	Dorea sp. CAG:317	1262873	34	34	0	0	0	0
Dorea	Dorea	189330	Dorea sp. D27	658665	1	1	0	0	0	0
Dorea	Dorea	189330	Dorea sp. hmp_mda_pilot_jcvi_0005	1393984	1	0	0	0	0	1
Dorea	Dorea	189330	Dorea sp. hmp_mda_pilot_jcvi_0013	1393985	1	0	0	0	0	1
Dorea	Dorea	189330	Dorea sp. ICN-14282	3134654	1	1	0	0	0	0
Dorea	Dorea	189330	Dorea sp. Marseille-P4042	2080749	1	1	0	0	0	0
Dorea	Dorea	189330	Dorea sp. MB18-49	2949745	1	1	0	0	0	0
Dorea	Dorea	189330	Dorea sp. OM02-2LB	2292347	1	1	0	0	0	0
Dorea	Dorea	189330	Dorea sp. OM07-5	2293100	1	1	0	0	0	0
Dorea	Dorea	189330	Dorea sp. P12wH6	2859873	1	0	0	0	0	1
Dorea	Dorea	189330	Dorea sp. YH-dor226	3151119	1	0	0	0	0	1
Dorea	Dorea	189330	uncultured Dorea sp.	286138	1926	1916	0	0	4	6
Duncaniella	Duncaniella	2518495	Duncaniella dubosii	2518971	14	14	0	0	0	0
Duncaniella	Duncaniella	2518495	Duncaniella freteri	2530391	146	146	0	0	0	0
Duncaniella	Duncaniella	2518495	Duncaniella muricolitica	2880704	3	3	0	0	0	0
Duncaniella	Duncaniella	2518495	Duncaniella muris	2094150	530	520	0	0	1	9
Duncaniella	Duncaniella	2518495	Duncaniella sp.	2518496	360	125	0	0	6	229
Duncaniella	Duncaniella	2518495	Duncaniella sp. B8	2576606	1	1	0	0	0	0
Duncaniella	Duncaniella	2518495	Duncaniella sp. C9	2530392	1	1	0	0	0	0
Duncaniella	Duncaniella	2518495	uncultured Duncaniella sp.	2768039	2730	2714	0	0	0	16
Ellagibacter	Ellagibacter	2137577	Ellagibacter isourolithinifaciens	2137581	177	91	0	56	0	30
Ellagibacter	Ellagibacter	2137577	Ellagibacter sp.	2137578	23	3	0	0	0	20
Ellagibacter	Ellagibacter	2137577	uncultured Ellagibacter sp.	2137580	180	180	0	0	0	0
Elusimicrobium	Elusimicrobium	423604	Candidatus Elusimicrobium euhamitermitis	3416177	1	1	0	0	0	0
Elusimicrobium	Elusimicrobium	423604	Elusimicrobium minutum	423605	7	1	1	0	0	5
Elusimicrobium	Elusimicrobium	423604	Elusimicrobium posterum	3116653	1	0	0	0	0	1
Elusimicrobium	Elusimicrobium	423604	Elusimicrobium simillimum	3143438	1	0	0	0	0	1
Elusimicrobium	Elusimicrobium	423604	uncultured Elusimicrobium sp.	575659	192	185	1	0	4	2
Faecalibacillus	Faecalibacillus	2678885	[Clostridium] ammoniilyticum	2981784	1	1	0	0	0	0
Faecalibacillus	Faecalibacillus	2678885	Faecalibacillus faecis	1982628	179	89	0	0	0	90
Faecalibacillus	Faecalibacillus	2678885	Faecalibacillus intestinalis	1982626	994	313	31	0	0	650
Faecalibacillus	Faecalibacillus	2678885	Faecalibacillus sp.	2678891	21	19	0	0	1	1
Faecalibacillus	Faecalibacillus	2678885	Faecalibacillus sp. H12	2726452	1	1	0	0	0	0
Faecalibacillus	Faecalibacillus	2678885	Faecalibacillus sp. MSK20_93	2884903	1	1	0	0	0	0
Faecalibacillus	Faecalibacillus	2678885	Faecalibacillus sp. TM111	2884907	1	1	0	0	0	0
Faecalibacillus	Faecalibacillus	2678885	Faecalibacillus sp. TM498	2884904	1	1	0	0	0	0
Faecalibacillus	Faecalibacillus	2678885	uncultured Faecalibacillus sp.	2678899	135	135	0	0	0	0
Faecalibacterium	Faecalibacterium	216851	Candidatus Faecalibacterium avium	2838576	2	1	0	0	0	1
Faecalibacterium	Faecalibacterium	216851	Candidatus Faecalibacterium faecigallinarum	2838577	73	72	0	0	0	1
Faecalibacterium	Faecalibacterium	216851	Candidatus Faecalibacterium faecipullorum	2838578	22	1	0	0	0	21
Faecalibacterium	Faecalibacterium	216851	Candidatus Faecalibacterium gallistercoris	2838579	4	3	0	0	0	1
Faecalibacterium	Faecalibacterium	216851	Candidatus Faecalibacterium intestinavium	2838580	3	2	0	0	0	1
Faecalibacterium	Faecalibacterium	216851	Candidatus Faecalibacterium intestinigallinarum	2838581	40	4	0	0	0	36
Faecalibacterium	Faecalibacterium	216851	Candidatus Faecalibacterium intestinipullorum	2838582	24	23	0	0	0	1
Faecalibacterium	Faecalibacterium	216851	Faecalibacterium butyricigenerans	1851427	9	8	0	0	0	1
Faecalibacterium	Faecalibacterium	216851	Faecalibacterium duncaniae	411483	330	261	0	14	4	51
Faecalibacterium	Faecalibacterium	216851	Faecalibacterium faecis	3133157	6	0	0	0	1	5
Faecalibacterium	Faecalibacterium	216851	Faecalibacterium gallinarum	2903556	28	3	0	0	0	25
Faecalibacterium	Faecalibacterium	216851	Faecalibacterium hattorii	2935520	37	35	0	0	0	2
Faecalibacterium	Faecalibacterium	216851	Faecalibacterium hominis (ex Afrizal et al. 2022)	2881265	6	4	0	0	0	2
Faecalibacterium	Faecalibacterium	216851	Faecalibacterium intestinale	3133155	38	36	0	0	1	1
Faecalibacterium	Faecalibacterium	216851	Faecalibacterium langellae	3435293	3	1	0	0	0	2
Faecalibacterium	Faecalibacterium	216851	Faecalibacterium longum	1851428	181	168	8	1	2	2
Faecalibacterium	Faecalibacterium	216851	Faecalibacterium prausnitzii	853	28408	5533	11	102	16	22746
Faecalibacterium	Faecalibacterium	216851	Faecalibacterium sp.	1971605	12434	4638	31	8	51	7706
Faecalibacterium	Faecalibacterium	216851	Faecalibacterium sp. 3	3402107	1	1	0	0	0	0
Faecalibacterium	Faecalibacterium	216851	Faecalibacterium sp. 7	3402017	1	1	0	0	0	0
Faecalibacterium	Faecalibacterium	216851	Faecalibacterium sp. 9	3402018	1	1	0	0	0	0
Faecalibacterium	Faecalibacterium	216851	Faecalibacterium sp. AF10-46	2302955	1	1	0	0	0	0
Faecalibacterium	Faecalibacterium	216851	Faecalibacterium sp. AF27-11BH	2302956	1	1	0	0	0	0
Faecalibacterium	Faecalibacterium	216851	Faecalibacterium sp. AF28-13AC	2292234	1	1	0	0	0	0
Faecalibacterium	Faecalibacterium	216851	Faecalibacterium sp. AM43-5AT	2302957	1	1	0	0	0	0
Faecalibacterium	Faecalibacterium	216851	Faecalibacterium sp. An121	1965550	3	2	0	0	1	0
Faecalibacterium	Faecalibacterium	216851	Faecalibacterium sp. An122	1965551	1	1	0	0	0	0
Faecalibacterium	Faecalibacterium	216851	Faecalibacterium sp. An192	1965581	1	1	0	0	0	0
Faecalibacterium	Faecalibacterium	216851	Faecalibacterium sp. An58	1965648	1	1	0	0	0	0
Faecalibacterium	Faecalibacterium	216851	Faecalibacterium sp. An77	1965655	1	1	0	0	0	0
Faecalibacterium	Faecalibacterium	216851	Faecalibacterium sp. BCRC 81149	2315463	1	1	0	0	0	0
Faecalibacterium	Faecalibacterium	216851	Faecalibacterium sp. BIOML-A1	2584645	2	0	0	0	0	2
Faecalibacterium	Faecalibacterium	216851	Faecalibacterium sp. BIOML-A2	2584646	2	0	0	0	0	2
Faecalibacterium	Faecalibacterium	216851	Faecalibacterium sp. BIOML-A3	2584647	2	0	0	0	0	2
Faecalibacterium	Faecalibacterium	216851	Faecalibacterium sp. BIOML-A4	2584648	2	0	0	0	0	2
Faecalibacterium	Faecalibacterium	216851	Faecalibacterium sp. CAG:1138	1262896	20	20	0	0	0	0
Faecalibacterium	Faecalibacterium	216851	Faecalibacterium sp. CAG:74	1262897	196	118	0	78	0	0
Faecalibacterium	Faecalibacterium	216851	Faecalibacterium sp. CAG:74_58_120	1897005	1	0	0	0	1	0
Faecalibacterium	Faecalibacterium	216851	Faecalibacterium sp. CAG:82	1262898	1	1	0	0	0	0
Faecalibacterium	Faecalibacterium	216851	Faecalibacterium sp. CAG:82-related_59_9	1897006	1	0	0	0	1	0
Faecalibacterium	Faecalibacterium	216851	Faecalibacterium sp. CGZ-11-3	3696645	3	3	0	0	0	0
Faecalibacterium	Faecalibacterium	216851	Faecalibacterium sp. CMC_B0262	3455716	1	1	0	0	0	0
Faecalibacterium	Faecalibacterium	216851	Faecalibacterium sp. CMC_B0266	3455717	1	1	0	0	0	0
Faecalibacterium	Faecalibacterium	216851	Faecalibacterium sp. DFI.5.82	3031725	1	1	0	0	0	0
Faecalibacterium	Faecalibacterium	216851	Faecalibacterium sp. FM8	3127452	8	8	0	0	0	0
Faecalibacterium	Faecalibacterium	216851	Faecalibacterium sp. HTF-162	3127453	3	3	0	0	0	0
Faecalibacterium	Faecalibacterium	216851	Faecalibacterium sp. HTF-238	3127454	3	3	0	0	0	0
Faecalibacterium	Faecalibacterium	216851	Faecalibacterium sp. I2-3-92	2929490	1	0	0	0	0	1
Faecalibacterium	Faecalibacterium	216851	Faecalibacterium sp. i20-0019-C2	3141188	1	1	0	0	0	0
Faecalibacterium	Faecalibacterium	216851	Faecalibacterium sp. i21-0019-B1	3141184	1	1	0	0	0	0
Faecalibacterium	Faecalibacterium	216851	Faecalibacterium sp. i25-0019-C1	3141185	1	1	0	0	0	0
Faecalibacterium	Faecalibacterium	216851	Faecalibacterium sp. I3-3-33	2929492	2	1	0	0	0	1
Faecalibacterium	Faecalibacterium	216851	Faecalibacterium sp. I3-3-89	2929493	28	26	0	1	0	1
Faecalibacterium	Faecalibacterium	216851	Faecalibacterium sp. I4-1-79	2929494	1	0	0	0	0	1
Faecalibacterium	Faecalibacterium	216851	Faecalibacterium sp. I4-3-84	2929495	4	0	0	3	0	1
Faecalibacterium	Faecalibacterium	216851	Faecalibacterium sp. IP-1-18	2929488	1	0	0	0	0	1
Faecalibacterium	Faecalibacterium	216851	Faecalibacterium sp. IP-3-29	2929489	1	0	0	0	0	1
Faecalibacterium	Faecalibacterium	216851	Faecalibacterium sp. L2-61	3127455	3	3	0	0	0	0
Faecalibacterium	Faecalibacterium	216851	Faecalibacterium sp. LMAG:44	1969175	1	1	0	0	0	0
Faecalibacterium	Faecalibacterium	216851	Faecalibacterium sp. Marseille-P9312	2580425	1	1	0	0	0	0
Faecalibacterium	Faecalibacterium	216851	Faecalibacterium sp. Marseille-P9590	2817017	1	1	0	0	0	0
Faecalibacterium	Faecalibacterium	216851	Faecalibacterium sp. Marseille-Q0746	2817019	1	1	0	0	0	0
Faecalibacterium	Faecalibacterium	216851	Faecalibacterium sp. Marseille-Q3530	2758403	1	1	0	0	0	0
Faecalibacterium	Faecalibacterium	216851	Faecalibacterium sp. Marseille-Q4137	2817021	1	1	0	0	0	0
Faecalibacterium	Faecalibacterium	216851	Faecalibacterium sp. Marseille-Q4164	2817020	1	1	0	0	0	0
Faecalibacterium	Faecalibacterium	216851	Faecalibacterium sp. Marseille-Q4896	2817018	1	1	0	0	0	0
Faecalibacterium	Faecalibacterium	216851	Faecalibacterium sp. OF03-6AC	2292356	1	1	0	0	0	0
Faecalibacterium	Faecalibacterium	216851	Faecalibacterium sp. OF04-11AC	2293109	1	1	0	0	0	0
Faecalibacterium	Faecalibacterium	216851	Faecalibacterium sp. OM04-11BH	2292357	1	1	0	0	0	0
Faecalibacterium	Faecalibacterium	216851	Faecalibacterium sp. P1wB7	3018502	1	0	0	0	0	1
Faecalibacterium	Faecalibacterium	216851	Faecalibacterium sp. PGM34	3567997	1	1	0	0	0	0
Faecalibacterium	Faecalibacterium	216851	Faecalibacterium sp. T6-6.86	3070047	1	0	1	0	0	0
Faecalibacterium	Faecalibacterium	216851	Faecalibacterium sp. T6-7.13	3070048	1	0	1	0	0	0
Faecalibacterium	Faecalibacterium	216851	Faecalibacterium sp. T6-7.53	3070049	1	0	1	0	0	0
Faecalibacterium	Faecalibacterium	216851	Faecalibacterium sp. T6-8.74	3070050	1	0	1	0	0	0
Faecalibacterium	Faecalibacterium	216851	Faecalibacterium sp. UBA1198	1946502	1	1	0	0	0	0
Faecalibacterium	Faecalibacterium	216851	Faecalibacterium sp. UBA1360	1946503	1	0	0	0	1	0
Faecalibacterium	Faecalibacterium	216851	Faecalibacterium sp. UBA1697	1946504	1	1	0	0	0	0
Faecalibacterium	Faecalibacterium	216851	Faecalibacterium sp. UBA1762	1946505	1	1	0	0	0	0
Faecalibacterium	Faecalibacterium	216851	Faecalibacterium sp. UBA1771	1946506	1	1	0	0	0	0
Faecalibacterium	Faecalibacterium	216851	Faecalibacterium sp. UBA1819	1946507	3	2	0	0	1	0
Faecalibacterium	Faecalibacterium	216851	Faecalibacterium sp. UBA2087	1946508	1	0	1	0	0	0
Faecalibacterium	Faecalibacterium	216851	Faecalibacterium sp. UBA5659	1946509	1	0	0	0	1	0
Faecalibacterium	Faecalibacterium	216851	Faecalibacterium sp. UBA7177	1946510	1	1	0	0	0	0
Faecalibacterium	Faecalibacterium	216851	Faecalibacterium sp. WB1348	2939793	1	0	0	0	0	1
Faecalibacterium	Faecalibacterium	216851	Faecalibacterium sp. WB1392	2939801	1	0	0	0	0	1
Faecalibacterium	Faecalibacterium	216851	Faecalibacterium sp. WB1430	2939804	1	0	0	0	0	1
Faecalibacterium	Faecalibacterium	216851	Faecalibacterium sp. WB1486	2939815	1	0	0	0	0	1
Faecalibacterium	Faecalibacterium	216851	Faecalibacterium sp. WB1532	2939824	1	0	0	0	0	1
Faecalibacterium	Faecalibacterium	216851	Faecalibacterium sp. WB1759	2939862	1	0	0	0	0	1
Faecalibacterium	Faecalibacterium	216851	Faecalibacterium sp. WB2832	2939910	1	0	0	0	0	1
Faecalibacterium	Faecalibacterium	216851	Faecalibacterium sp. WB2841	2939914	1	0	0	0	0	1
Faecalibacterium	Faecalibacterium	216851	Faecalibacterium sp. WB2853	2939919	1	0	0	0	0	1
Faecalibacterium	Faecalibacterium	216851	Faecalibacterium sp. WB2854	2939920	1	0	0	0	0	1
Faecalibacterium	Faecalibacterium	216851	Faecalibacterium sp. WB2861	2939923	1	0	0	0	0	1
Faecalibacterium	Faecalibacterium	216851	Faecalibacterium sp. WB2889	2939932	1	0	0	0	0	1
Faecalibacterium	Faecalibacterium	216851	Faecalibacterium sp. WB2898	2939935	1	0	0	0	0	1
Faecalibacterium	Faecalibacterium	216851	Faecalibacterium sp. WB2910	2939938	1	0	0	0	0	1
Faecalibacterium	Faecalibacterium	216851	Faecalibacterium sp. WB3911	2939945	1	0	0	0	0	1
Faecalibacterium	Faecalibacterium	216851	Faecalibacterium sp. WB3916	2939947	1	0	0	0	0	1
Faecalibacterium	Faecalibacterium	216851	Faecalibacterium sp. WB3927	2939949	1	0	0	0	0	1
Faecalibacterium	Faecalibacterium	216851	Faecalibacterium sp. WB4427	2940023	1	0	0	0	0	1
Faecalibacterium	Faecalibacterium	216851	Faecalibacterium sp. ZS-3-230	3695676	3	3	0	0	0	0
Faecalibacterium	Faecalibacterium	216851	Faecalibacterium taiwanense	3030638	115	110	0	0	0	5
Faecalibacterium	Faecalibacterium	216851	Faecalibacterium tardum	3133156	29	27	1	0	0	1
Faecalibacterium	Faecalibacterium	216851	Faecalibacterium wellingii	2929491	38	33	0	0	1	4
Faecalibacterium	Faecalibacterium	216851	uncultured Faecalibacterium sp.	259315	6225	6193	4	5	22	1
Faecalimonas	Faecalimonas	2005355	Faecalimonas canis	1912090	1	1	0	0	0	0
Faecalimonas	Faecalimonas	2005355	Faecalimonas hominis	3380807	5	1	0	0	0	4
Faecalimonas	Faecalimonas	2005355	Faecalimonas mobilis	3438382	1	1	0	0	0	0
Faecalimonas	Faecalimonas	2005355	Faecalimonas nexilis	29361	565	537	0	3	0	25
Faecalimonas	Faecalimonas	2005355	Faecalimonas sp.	2005356	377	375	2	0	0	0
Faecalimonas	Faecalimonas	2005355	Faecalimonas sp. LCP19S3_D12	3438781	2	2	0	0	0	0
Faecalimonas	Faecalimonas	2005355	Faecalimonas umbilicata	1912855	339	220	0	0	0	119
Faecalimonas	Faecalimonas	2005355	uncultured Faecalimonas sp.	2005358	23	23	0	0	0	0
Fibrobacter	Fibrobacter	832	Fibrobacter intestinalis	28122	7	4	0	0	0	3
Fibrobacter	Fibrobacter	832	Fibrobacter sp.	35828	723	182	11	18	12	500
Fibrobacter	Fibrobacter	832	Fibrobacter sp. HC4	3239812	1	1	0	0	0	0
Fibrobacter	Fibrobacter	832	Fibrobacter sp. UBA1313	1946526	1	0	1	0	0	0
Fibrobacter	Fibrobacter	832	Fibrobacter sp. UBA1717	1946527	1	1	0	0	0	0
Fibrobacter	Fibrobacter	832	Fibrobacter sp. UBA1765	1946528	1	1	0	0	0	0
Fibrobacter	Fibrobacter	832	Fibrobacter sp. UBA2449	1946529	1	1	0	0	0	0
Fibrobacter	Fibrobacter	832	Fibrobacter sp. UBA3629	1946530	1	0	0	1	0	0
Fibrobacter	Fibrobacter	832	Fibrobacter sp. UBA3718	1946531	1	0	0	1	0	0
Fibrobacter	Fibrobacter	832	Fibrobacter sp. UBA3721	1946532	1	0	0	1	0	0
Fibrobacter	Fibrobacter	832	Fibrobacter sp. UBA3806	1946533	1	0	0	1	0	0
Fibrobacter	Fibrobacter	832	Fibrobacter sp. UBA4223	1946534	1	0	0	1	0	0
Fibrobacter	Fibrobacter	832	Fibrobacter sp. UBA4291	1946535	1	0	0	1	0	0
Fibrobacter	Fibrobacter	832	Fibrobacter sp. UBA4297	1946536	1	0	0	1	0	0
Fibrobacter	Fibrobacter	832	Fibrobacter sp. UBA4309	1946537	1	0	0	1	0	0
Fibrobacter	Fibrobacter	832	Fibrobacter sp. UBA4373	1946538	1	0	0	1	0	0
Fibrobacter	Fibrobacter	832	Fibrobacter sp. UBA4375	1946539	1	0	0	1	0	0
Fibrobacter	Fibrobacter	832	Fibrobacter sp. UBA7003	1946540	1	0	0	1	0	0
Fibrobacter	Fibrobacter	832	Fibrobacter sp. UBA7025	1946541	1	0	0	1	0	0
Fibrobacter	Fibrobacter	832	Fibrobacter sp. UWB1	1964355	1	0	0	0	0	1
Fibrobacter	Fibrobacter	832	Fibrobacter sp. UWB10	1896201	1	0	0	0	0	1
Fibrobacter	Fibrobacter	832	Fibrobacter sp. UWB11	1896202	1	0	0	0	0	1
Fibrobacter	Fibrobacter	832	Fibrobacter sp. UWB12	1896203	1	0	0	0	0	1
Fibrobacter	Fibrobacter	832	Fibrobacter sp. UWB13	1896204	1	0	0	0	0	1
Fibrobacter	Fibrobacter	832	Fibrobacter sp. UWB15	1938898	1	0	0	0	0	1
Fibrobacter	Fibrobacter	832	Fibrobacter sp. UWB16	1945874	1	0	0	0	0	1
Fibrobacter	Fibrobacter	832	Fibrobacter sp. UWB2	1964358	2	0	0	0	1	1
Fibrobacter	Fibrobacter	832	Fibrobacter sp. UWB3	1964357	1	0	0	0	0	1
Fibrobacter	Fibrobacter	832	Fibrobacter sp. UWB4	1964356	1	0	0	0	0	1
Fibrobacter	Fibrobacter	832	Fibrobacter sp. UWB5	1964360	1	0	0	0	0	1
Fibrobacter	Fibrobacter	832	Fibrobacter sp. UWB6	1896205	1	0	0	0	0	1
Fibrobacter	Fibrobacter	832	Fibrobacter sp. UWB7	1896206	1	0	0	0	0	1
Fibrobacter	Fibrobacter	832	Fibrobacter sp. UWB8	1896207	1	0	0	0	0	1
Fibrobacter	Fibrobacter	832	Fibrobacter sp. UWCM	1896208	1	0	0	0	0	1
Fibrobacter	Fibrobacter	832	Fibrobacter sp. UWEL	1896209	1	0	0	0	0	1
Fibrobacter	Fibrobacter	832	Fibrobacter sp. UWH1	1964354	1	0	0	0	0	1
Fibrobacter	Fibrobacter	832	Fibrobacter sp. UWH3	1964353	1	0	0	0	0	1
Fibrobacter	Fibrobacter	832	Fibrobacter sp. UWH4	1896210	1	0	0	0	0	1
Fibrobacter	Fibrobacter	832	Fibrobacter sp. UWH5	1896211	1	0	0	0	0	1
Fibrobacter	Fibrobacter	832	Fibrobacter sp. UWH6	1896212	1	0	0	0	0	1
Fibrobacter	Fibrobacter	832	Fibrobacter sp. UWH8	1945873	1	0	0	0	0	1
Fibrobacter	Fibrobacter	832	Fibrobacter sp. UWH9	1896213	1	0	0	0	0	1
Fibrobacter	Fibrobacter	832	Fibrobacter sp. UWOS	1896214	1	0	0	0	0	1
Fibrobacter	Fibrobacter	832	Fibrobacter sp. UWOV1	1896215	1	0	0	0	0	1
Fibrobacter	Fibrobacter	832	Fibrobacter sp. UWP2	1896216	1	0	0	0	0	1
Fibrobacter	Fibrobacter	832	Fibrobacter sp. UWR1	2135645	1	0	0	0	0	1
Fibrobacter	Fibrobacter	832	Fibrobacter sp. UWR2	1964352	1	0	0	0	0	1
Fibrobacter	Fibrobacter	832	Fibrobacter sp. UWR3	1896217	1	0	0	0	0	1
Fibrobacter	Fibrobacter	832	Fibrobacter sp. UWR4	1896218	1	0	0	0	0	1
Fibrobacter	Fibrobacter	832	Fibrobacter sp. UWRM	1945872	1	0	0	0	0	1
Fibrobacter	Fibrobacter	832	Fibrobacter sp. UWS1	1896220	1	0	0	0	0	1
Fibrobacter	Fibrobacter	832	Fibrobacter sp. UWS2	1896221	1	0	0	0	0	1
Fibrobacter	Fibrobacter	832	Fibrobacter sp. UWT1	1896223	1	0	0	0	0	1
Fibrobacter	Fibrobacter	832	Fibrobacter sp. UWT2	1896224	1	0	0	0	0	1
Fibrobacter	Fibrobacter	832	Fibrobacter sp. UWT3	1896225	9	0	8	0	0	1
Fibrobacter	Fibrobacter	832	Fibrobacter succinogenes	833	371	50	0	4	15	302
Fibrobacter	Fibrobacter	832	uncultured Fibrobacter sp.	261512	145	129	0	0	11	5
Flavonifractor	Flavonifractor	946234	Candidatus Flavonifractor avicola	2838584	2	1	0	0	0	1
Flavonifractor	Flavonifractor	946234	Candidatus Flavonifractor avistercoris	2838585	4	3	0	0	0	1
Flavonifractor	Flavonifractor	946234	Candidatus Flavonifractor intestinigallinarum	2838586	2	1	0	0	0	1
Flavonifractor	Flavonifractor	946234	Candidatus Flavonifractor intestinipullorum	2838587	2	1	0	0	0	1
Flavonifractor	Flavonifractor	946234	Candidatus Flavonifractor merdavium	2838588	16	1	0	0	0	15
Flavonifractor	Flavonifractor	946234	Candidatus Flavonifractor merdigallinarum	2838589	4	2	0	0	0	2
Flavonifractor	Flavonifractor	946234	Candidatus Flavonifractor merdipullorum	2838590	16	10	0	0	0	6
Flavonifractor	Flavonifractor	946234	Flavonifractor hominis	3133178	1	0	0	0	0	1
Flavonifractor	Flavonifractor	946234	Flavonifractor plautii	292800	2682	522	1	5	0	2154
Flavonifractor	Flavonifractor	946234	Flavonifractor porci	3133422	1	1	0	0	0	0
Flavonifractor	Flavonifractor	946234	Flavonifractor sp.	2049025	214	47	3	0	0	164
Flavonifractor	Flavonifractor	946234	Flavonifractor sp. AGMB03687	2785133	1	1	0	0	0	0
Flavonifractor	Flavonifractor	946234	Flavonifractor sp. An10	1965537	7	2	0	0	5	0
Flavonifractor	Flavonifractor	946234	Flavonifractor sp. An100	1965538	1	1	0	0	0	0
Flavonifractor	Flavonifractor	946234	Flavonifractor sp. An112	1965544	2	1	0	0	1	0
Flavonifractor	Flavonifractor	946234	Flavonifractor sp. An135	1965558	1	1	0	0	0	0
Flavonifractor	Flavonifractor	946234	Flavonifractor sp. An306	1965629	2	1	0	0	1	0
Flavonifractor	Flavonifractor	946234	Flavonifractor sp. An4	1965634	1	1	0	0	0	0
Flavonifractor	Flavonifractor	946234	Flavonifractor sp. An52	1965642	1	1	0	0	0	0
Flavonifractor	Flavonifractor	946234	Flavonifractor sp. An82	1965660	1	1	0	0	0	0
Flavonifractor	Flavonifractor	946234	Flavonifractor sp. An9	1965664	1	1	0	0	0	0
Flavonifractor	Flavonifractor	946234	Flavonifractor sp. An91	1965665	1	1	0	0	0	0
Flavonifractor	Flavonifractor	946234	Flavonifractor sp. An92	1965666	1	1	0	0	0	0
Flavonifractor	Flavonifractor	946234	Flavonifractor sp. DFI.6.63	2963704	1	1	0	0	0	0
Flavonifractor	Flavonifractor	946234	Flavonifractor sp. HCP28S3_F3	3438939	1	1	0	0	0	0
Flavonifractor	Flavonifractor	946234	Flavonifractor sp. hmp_mda_pilot_jcvi_0195	1316609	1	0	0	0	0	1
Flavonifractor	Flavonifractor	946234	Flavonifractor sp. P10wE7	3018503	1	0	0	0	0	1
Flavonifractor	Flavonifractor	946234	Flavonifractor sp. P24wH2	3018504	1	0	0	0	0	1
Flavonifractor	Flavonifractor	946234	Flavonifractor sp. T6-6.27	3070051	1	0	1	0	0	0
Flavonifractor	Flavonifractor	946234	Flavonifractor sp. T6-6.29	3070052	1	0	1	0	0	0
Flavonifractor	Flavonifractor	946234	Flavonifractor sp. T6-6.31	3070053	1	0	1	0	0	0
Flavonifractor	Flavonifractor	946234	uncultured Flavonifractor sp.	1193534	196	190	0	0	4	2
Flexilinea	Flexilinea	1769713	Flexilinea flocculi	1678840	3	0	1	0	0	2
Flexilinea	Flexilinea	1769713	Flexilinea sp.	2017390	173	64	35	59	14	1
Flexilinea	Flexilinea	1769713	uncultured Flexilinea sp.	1769715	8	2	6	0	0	0
Fusicatenibacter	Fusicatenibacter	1407607	Candidatus Fusicatenibacter intestinigallinarum	2838598	40	21	0	0	0	19
Fusicatenibacter	Fusicatenibacter	1407607	Candidatus Fusicatenibacter intestinipullorum	2838599	24	23	0	0	0	1
Fusicatenibacter	Fusicatenibacter	1407607	Candidatus Fusicatenibacter merdavium	2838600	4	3	0	0	0	1
Fusicatenibacter	Fusicatenibacter	1407607	Fusicatenibacter faecihominis	2881276	56	55	0	0	0	1
Fusicatenibacter	Fusicatenibacter	1407607	Fusicatenibacter saccharivorans	1150298	11772	2994	41	7	0	8730
Fusicatenibacter	Fusicatenibacter	1407607	Fusicatenibacter sp.	2773922	115	86	9	0	0	20
Fusicatenibacter	Fusicatenibacter	1407607	Fusicatenibacter sp. 2789STDY5834925	1806509	1	1	0	0	0	0
Fusicatenibacter	Fusicatenibacter	1407607	Fusicatenibacter sp. CLA-AA-H213	2881263	1	1	0	0	0	0
Fusicatenibacter	Fusicatenibacter	1407607	uncultured Fusicatenibacter sp.	1646381	229	219	0	0	5	5
Fusimonas	Fusimonas	2510105	Fusimonas intestini	1408099	1	0	0	0	0	1
Galactobacillus	Galactobacillus	2060871	Galactobacillus timonensis	2041840	23	22	1	0	0	0
Galactobacillus	Galactobacillus	2060871	uncultured Galactobacillus sp.	2060880	5	3	1	0	1	0
Gemmiger	Gemmiger	204475	Candidatus Gemmiger avicola	2838605	4	3	0	0	0	1
Gemmiger	Gemmiger	204475	Candidatus Gemmiger avistercoris	2838606	14	13	0	0	0	1
Gemmiger	Gemmiger	204475	Candidatus Gemmiger avium	2838607	6	2	0	0	0	4
Gemmiger	Gemmiger	204475	Candidatus Gemmiger excrementavium	2838608	8	2	0	0	0	6
Gemmiger	Gemmiger	204475	Candidatus Gemmiger excrementigallinarum	2838609	10	9	0	0	0	1
Gemmiger	Gemmiger	204475	Candidatus Gemmiger excrementipullorum	2838610	78	8	0	0	0	70
Gemmiger	Gemmiger	204475	Candidatus Gemmiger faecavium	2838611	21	13	0	0	0	8
Gemmiger	Gemmiger	204475	Candidatus Gemmiger faecigallinarum	2838612	2	0	0	0	0	2
Gemmiger	Gemmiger	204475	Candidatus Gemmiger stercoravium	2838613	5	4	0	0	0	1
Gemmiger	Gemmiger	204475	Candidatus Gemmiger stercorigallinarum	2838614	3	2	0	0	0	1
Gemmiger	Gemmiger	204475	Candidatus Gemmiger stercoripullorum	2838615	102	27	0	0	0	75
Gemmiger	Gemmiger	204475	Gemmiger formicilis	745368	8191	1899	41	62	1	6188
Gemmiger	Gemmiger	204475	Gemmiger gallinarum	2779354	3	1	0	0	0	2
Gemmiger	Gemmiger	204475	Gemmiger qucibialis	2997294	1624	409	69	1	0	1145
Gemmiger	Gemmiger	204475	Gemmiger sp.	2049027	1745	379	18	0	1	1347
Gemmiger	Gemmiger	204475	Gemmiger sp. An120	1965549	2	2	0	0	0	0
Gemmiger	Gemmiger	204475	Gemmiger sp. An194	1965582	2	2	0	0	0	0
Gemmiger	Gemmiger	204475	Gemmiger sp. An50	1965639	2	2	0	0	0	0
Gemmiger	Gemmiger	204475	Gemmiger sp. An87	1965662	1	1	0	0	0	0
Gemmiger	Gemmiger	204475	uncultured Gemmiger sp.	1623490	1415	1411	0	0	4	0
Hallella	Hallella	52228	Hallella absiana	2925336	2	0	0	0	0	2
Hallella	Hallella	52228	Hallella bergensis	242750	7	1	0	3	0	3
Hallella	Hallella	52228	Hallella colorans	1703337	42	1	0	39	0	2
Hallella	Hallella	52228	Hallella faecis	2841596	51	49	0	0	1	1
Hallella	Hallella	52228	Hallella mizrahii	2606637	74	73	0	0	0	1
Hallella	Hallella	52228	Hallella multisaccharivorax	310514	19	8	0	5	0	6
Hallella	Hallella	52228	Hallella seregens	52229	4	0	0	1	0	3
Hallella	Hallella	52228	Hallella sp.	2980186	16	16	0	0	0	0
Hallerella	Hallerella	2815788	Hallerella porci	1945871	2	1	0	0	0	1
Hallerella	Hallerella	2815788	Hallerella sp.	2815812	106	56	0	1	2	47
Hallerella	Hallerella	2815788	Hallerella succinigenes	1896222	10	9	0	0	0	1
Helicobacter	Helicobacter	209	Candidatus Helicobacter avicola	2838618	2	1	0	0	0	1
Helicobacter	Helicobacter	209	Candidatus Helicobacter avistercoris	2838619	33	14	0	0	0	19
Helicobacter	Helicobacter	209	Helicobacter acinonychis	212	25	16	0	5	0	4
Helicobacter	Helicobacter	209	Helicobacter ailurogastricus	1578720	14	5	0	0	0	9
Helicobacter	Helicobacter	209	Helicobacter anatolicus	2905874	3	3	0	0	0	0
Helicobacter	Helicobacter	209	Helicobacter anseris	375926	2	2	0	0	0	0
Helicobacter	Helicobacter	209	Helicobacter apodemus	135569	165	153	0	0	0	12
Helicobacter	Helicobacter	209	Helicobacter aurati	137778	2	2	0	0	0	0
Helicobacter	Helicobacter	209	Helicobacter baculiformis	427351	3	1	0	0	0	2
Helicobacter	Helicobacter	209	Helicobacter bilis	37372	116	27	0	6	45	38
Helicobacter	Helicobacter	209	Helicobacter bizzozeronii	56877	19	11	0	0	0	8
Helicobacter	Helicobacter	209	Helicobacter brantae	375927	1	1	0	0	0	0
Helicobacter	Helicobacter	209	Helicobacter burdigaliensis	2315334	2	1	0	0	0	1
Helicobacter	Helicobacter	209	Helicobacter canadensis	123841	13	6	0	0	0	7
Helicobacter	Helicobacter	209	Helicobacter canicola	1869279	3	0	0	0	0	3
Helicobacter	Helicobacter	209	Helicobacter canis	29419	51	18	0	5	0	28
Helicobacter	Helicobacter	209	Helicobacter cappadocius	3063998	2	2	0	0	0	0
Helicobacter	Helicobacter	209	Helicobacter cetorum	138563	11	4	0	1	5	1
Helicobacter	Helicobacter	209	Helicobacter cholecystus	45498	11	0	0	5	1	5
Helicobacter	Helicobacter	209	Helicobacter cinaedi	213	229	17	0	8	31	173
Helicobacter	Helicobacter	209	Helicobacter colisuis	2949739	4	1	0	0	0	3
Helicobacter	Helicobacter	209	Helicobacter cynogastricus	329937	2	1	0	0	0	1
Helicobacter	Helicobacter	209	Helicobacter didelphidarum	2040648	1	1	0	0	0	0
Helicobacter	Helicobacter	209	Helicobacter enhydrae	222136	1	1	0	0	0	0
Helicobacter	Helicobacter	209	Helicobacter equorum	361872	4	2	0	0	0	2
Helicobacter	Helicobacter	209	Helicobacter felis	214	28	21	0	0	1	6
Helicobacter	Helicobacter	209	Helicobacter felistomachi	3040201	1	0	0	0	0	1
Helicobacter	Helicobacter	209	Helicobacter fennelliae	215	24	8	0	0	0	16
Helicobacter	Helicobacter	209	Helicobacter ganmani	60246	240	182	0	0	0	58
Helicobacter	Helicobacter	209	Helicobacter gastrocanis	2849641	1	0	0	0	0	1
Helicobacter	Helicobacter	209	Helicobacter gastrofelis	2849642	1	0	0	0	0	1
Helicobacter	Helicobacter	209	Helicobacter heilmannii	35817	16	5	0	0	0	11
Helicobacter	Helicobacter	209	Helicobacter hepaticus	32025	169	151	0	1	0	17
Helicobacter	Helicobacter	209	Helicobacter higonensis	2917075	1	0	0	1	0	0
Helicobacter	Helicobacter	209	Helicobacter himalayensis	1591088	4	2	0	0	0	2
Helicobacter	Helicobacter	209	Helicobacter ibis	2962633	1	1	0	0	0	0
Helicobacter	Helicobacter	209	Helicobacter jaachi	1677920	1	0	0	1	0	0
Helicobacter	Helicobacter	209	Helicobacter japonicus	425400	361	206	0	1	0	154
Helicobacter	Helicobacter	209	Helicobacter kayseriensis	2905877	2	2	0	0	0	0
Helicobacter	Helicobacter	209	Helicobacter kumamotonensis	2875691	2	0	0	0	0	2
Helicobacter	Helicobacter	209	Helicobacter labacensis	2316079	1	0	0	0	0	1
Helicobacter	Helicobacter	209	Helicobacter labetoulli	2315333	2	0	0	1	0	1
Helicobacter	Helicobacter	209	Helicobacter macacae	398626	4	1	0	0	0	3
Helicobacter	Helicobacter	209	Helicobacter magdeburgensis	471858	10	10	0	0	0	0
Helicobacter	Helicobacter	209	Helicobacter marmotae	152490	3	1	0	2	0	0
Helicobacter	Helicobacter	209	Helicobacter mastomyrinus	287948	1	1	0	0	0	0
Helicobacter	Helicobacter	209	Helicobacter mehlei	2316080	3	1	0	0	0	2
Helicobacter	Helicobacter	209	Helicobacter mesocricetorum	87012	3	2	0	0	0	1
Helicobacter	Helicobacter	209	Helicobacter monodelphidis	2293435	1	0	0	0	0	1
Helicobacter	Helicobacter	209	Helicobacter muridarum	216	10	5	0	0	3	2
Helicobacter	Helicobacter	209	Helicobacter mustelae	217	8	5	0	0	0	3
Helicobacter	Helicobacter	209	Helicobacter pametensis	95149	9	2	0	2	0	5
Helicobacter	Helicobacter	209	Helicobacter pullorum	35818	131	73	4	5	2	47
Helicobacter	Helicobacter	209	Helicobacter pylori	210	14298	7057	2	194	1056	5989
Helicobacter	Helicobacter	209	Helicobacter rappini	95150	4	4	0	0	0	0
Helicobacter	Helicobacter	209	Helicobacter rodentium	59617	201	195	1	0	2	3
Helicobacter	Helicobacter	209	Helicobacter saguini	1548018	5	1	0	0	0	4
Helicobacter	Helicobacter	209	Helicobacter salomonis	56878	7	6	0	0	0	1
Helicobacter	Helicobacter	209	Helicobacter sp.	218	468	180	1	1	8	278
Helicobacter	Helicobacter	209	Helicobacter sp. 'CLO3_human'	2020249	2	2	0	0	0	0
Helicobacter	Helicobacter	209	Helicobacter sp. 'house sparrow 1'	2020247	1	1	0	0	0	0
Helicobacter	Helicobacter	209	Helicobacter sp. 10-6591	2004998	1	0	0	0	0	1
Helicobacter	Helicobacter	209	Helicobacter sp. 11-8110	2004997	1	0	0	0	0	1
Helicobacter	Helicobacter	209	Helicobacter sp. 11S02596-1	1476194	1	1	0	0	0	0
Helicobacter	Helicobacter	209	Helicobacter sp. 11S02629-2	1476195	1	1	0	0	0	0
Helicobacter	Helicobacter	209	Helicobacter sp. 11S03491-1	1476196	1	1	0	0	0	0
Helicobacter	Helicobacter	209	Helicobacter sp. 12S02232-10	1476197	1	1	0	0	0	0
Helicobacter	Helicobacter	209	Helicobacter sp. 12S02634-8	1476199	1	1	0	0	0	0
Helicobacter	Helicobacter	209	Helicobacter sp. 13S00401-1	1905758	1	1	0	0	0	0
Helicobacter	Helicobacter	209	Helicobacter sp. 13S00477-4	1905759	1	1	0	0	0	0
Helicobacter	Helicobacter	209	Helicobacter sp. 13S00482-2	1476200	1	1	0	0	0	0
Helicobacter	Helicobacter	209	Helicobacter sp. 16-1353	2004996	1	0	0	0	0	1
Helicobacter	Helicobacter	209	Helicobacter sp. 2011D-8898	1866318	1	0	0	0	0	1
Helicobacter	Helicobacter	209	Helicobacter sp. 2013D-9775	1813596	1	0	0	0	0	1
Helicobacter	Helicobacter	209	Helicobacter sp. 2016D-0203	1931240	1	0	0	0	0	1
Helicobacter	Helicobacter	209	Helicobacter sp. 219-2	3037256	1	1	0	0	0	0
Helicobacter	Helicobacter	209	Helicobacter sp. 23-1044	3468881	1	0	0	0	0	1
Helicobacter	Helicobacter	209	Helicobacter sp. 23-1045	3468882	1	0	0	0	0	1
Helicobacter	Helicobacter	209	Helicobacter sp. 23-1046	3468883	1	0	0	0	0	1
Helicobacter	Helicobacter	209	Helicobacter sp. 23-1048	3468884	1	0	0	0	0	1
Helicobacter	Helicobacter	209	Helicobacter sp. CaF467b	2919923	1	0	1	0	0	0
Helicobacter	Helicobacter	209	Helicobacter sp. CLO-3	211	2	1	0	1	0	0
Helicobacter	Helicobacter	209	Helicobacter sp. L8	2316078	1	0	0	0	0	1
Helicobacter	Helicobacter	209	Helicobacter sp. MIT 00-7814	2040650	1	1	0	0	0	0
Helicobacter	Helicobacter	209	Helicobacter sp. MIT 01-3238	398627	1	1	0	0	0	0
Helicobacter	Helicobacter	209	Helicobacter sp. MIT 03-1614	1548147	1	1	0	0	0	0
Helicobacter	Helicobacter	209	Helicobacter sp. MIT 03-1616	1548148	1	1	0	0	0	0
Helicobacter	Helicobacter	209	Helicobacter sp. MIT 05-5293	1548149	1	1	0	0	0	0
Helicobacter	Helicobacter	209	Helicobacter sp. MIT 05-5294	1548150	1	1	0	0	0	0
Helicobacter	Helicobacter	209	Helicobacter sp. MIT 11-5569	1548151	1	1	0	0	0	0
Helicobacter	Helicobacter	209	Helicobacter sp. MIT 14-3879	2040649	1	1	0	0	0	0
Helicobacter	Helicobacter	209	Helicobacter sp. MIT 21-1697	2993733	1	1	0	0	0	0
Helicobacter	Helicobacter	209	Helicobacter sp. MIT 99-10781	1332285	1	1	0	0	0	0
Helicobacter	Helicobacter	209	Helicobacter sp. MIT 99-5507	152489	1	1	0	0	0	0
Helicobacter	Helicobacter	209	Helicobacter sp. NHP22-001	3040202	1	0	0	0	0	1
Helicobacter	Helicobacter	209	Helicobacter sp. T3_23-1056	3468885	1	0	0	0	0	1
Helicobacter	Helicobacter	209	Helicobacter sp. T3_23-1059	3468886	1	0	0	0	0	1
Helicobacter	Helicobacter	209	Helicobacter sp. TUL	1848928	2	1	0	1	0	0
Helicobacter	Helicobacter	209	Helicobacter sp. UBA3407	1946588	97	97	0	0	0	0
Helicobacter	Helicobacter	209	Helicobacter sp. UBA716	1946589	1	1	0	0	0	0
Helicobacter	Helicobacter	209	Helicobacter sp. WB40	3004130	1	1	0	0	0	0
Helicobacter	Helicobacter	209	Helicobacter suis	104628	73	34	0	0	0	39
Helicobacter	Helicobacter	209	Helicobacter trogontum	50960	38	8	0	3	0	27
Helicobacter	Helicobacter	209	Helicobacter turcicus	2867412	2	0	0	0	0	2
Helicobacter	Helicobacter	209	Helicobacter typhlonius	76936	374	330	1	0	0	43
Helicobacter	Helicobacter	209	Helicobacter valdiviensis	1458358	5	3	0	0	0	2
Helicobacter	Helicobacter	209	Helicobacter vulpis	2316076	1	0	0	0	0	1
Helicobacter	Helicobacter	209	Helicobacter winghamensis	157268	36	24	0	0	0	12
Helicobacter	Helicobacter	209	Helicobacter zhangjianzhongii	2974574	3	3	0	0	0	0
Helicobacter	Helicobacter	209	uncultured Helicobacter sp.	175537	251	231	3	0	17	0
Holdemanella	Holdemanella	1573535	Holdemanella biformis	1735	1315	403	0	10	0	902
Holdemanella	Holdemanella	1573535	Holdemanella hominis	2764327	22	22	0	0	0	0
Holdemanella	Holdemanella	1573535	Holdemanella porci	2652276	398	109	2	0	0	287
Holdemanella	Holdemanella	1573535	Holdemanella sp.	1971762	247	72	3	0	1	171
Holdemanella	Holdemanella	1573535	Holdemanella sp. DFI.5.21	2916964	1	1	0	0	0	0
Holdemanella	Holdemanella	1573535	Holdemanella sp. DFI.5.55	2885263	1	1	0	0	0	0
Holdemanella	Holdemanella	1573535	Holdemanella sp. MSK.7.32	2965273	22	13	0	9	0	0
Holdemanella	Holdemanella	1573535	Holdemanella sp. SCCA2	2911883	1	1	0	0	0	0
Holdemanella	Holdemanella	1573535	uncultured Holdemanella sp.	1763549	348	348	0	0	0	0
Hominibacterium	Hominibacterium	3016626	Hominibacterium faecale	2839743	4	3	0	0	0	1
Hominibacterium	Hominibacterium	3016626	Hominibacterium sp.	3016628	4	4	0	0	0	0
Hominibacterium	Hominibacterium	3016626	uncultured Hominibacterium sp.	3016630	1	1	0	0	0	0
Ihuprevotella	Ihuprevotella	3151711	Ihuprevotella massiliensis	1852368	2	0	0	1	0	1
Intestinibacillus	Intestinibacillus	1928820	Intestinibacillus massiliensis	1871029	5	3	1	0	0	1
Intestinibacillus	Intestinibacillus	1928820	Intestinibacillus sp.	1928821	17	14	0	1	2	0
Intestinibacillus	Intestinibacillus	1928820	Intestinibacillus sp. Marseille-P6563	2364792	3	3	0	0	0	0
Intestinibacillus	Intestinibacillus	1928820	Intestinibacillus sp. NTUH-41-i26	3079303	1	0	0	0	0	1
Intestinibacillus	Intestinibacillus	1928820	uncultured Intestinibacillus sp.	1928823	1	0	0	0	1	0
Intestinibacter	Intestinibacter	1505657	Intestinibacter bartlettii	261299	597	299	0	0	0	298
Intestinibacter	Intestinibacter	1505657	Intestinibacter sp.	1965304	91	21	1	0	0	69
Intestinibacter	Intestinibacter	1505657	Intestinibacter sp. AQ-2	3375420	1	1	0	0	0	0
Intestinibacter	Intestinibacter	1505657	uncultured Intestinibacter sp.	1505659	90	90	0	0	0	0
Intestinimonas	Intestinimonas	1392389	Candidatus Intestinimonas merdavium	2838622	8	1	0	0	0	7
Intestinimonas	Intestinimonas	1392389	Candidatus Intestinimonas pullistercoris	2838623	2	1	0	0	0	1
Intestinimonas	Intestinimonas	1392389	Candidatus Intestinimonas stercoravium	2838624	2	1	0	0	0	1
Intestinimonas	Intestinimonas	1392389	Candidatus Intestinimonas stercorigallinarum	2838625	4	3	0	0	0	1
Intestinimonas	Intestinimonas	1392389	Intestinimonas aquisgranensis	2881257	2	1	0	0	0	1
Intestinimonas	Intestinimonas	1392389	Intestinimonas butyriciproducens	1297617	202	65	0	0	0	137
Intestinimonas	Intestinimonas	1392389	Intestinimonas gabonensis	1702285	2	1	0	0	0	1
Intestinimonas	Intestinimonas	1392389	Intestinimonas massiliensis (ex Afouda et al. 2020)	1673721	21	9	0	1	0	11
Intestinimonas	Intestinimonas	1392389	Intestinimonas sp.	1965293	146	36	1	2	3	104
Intestinimonas	Intestinimonas	1392389	Intestinimonas sp. 20250402-57	3739093	1	0	0	0	0	1
Intestinimonas	Intestinimonas	1392389	Intestinimonas sp. HCP28S3_D6	3438942	1	1	0	0	0	0
Intestinimonas	Intestinimonas	1392389	Intestinimonas sp. MSJ-38	2841532	1	1	0	0	0	0
Intestinimonas	Intestinimonas	1392389	Intestinimonas sp. P8wG10	2859874	1	0	0	0	0	1
Intestinimonas	Intestinimonas	1392389	Intestinimonas sp. RTP31139st1_A6_RTP31139_211217	3143189	1	1	0	0	0	0
Intestinimonas	Intestinimonas	1392389	Intestinimonas sp. RTP31139st1_F5_RTP31139_211217	3143190	1	1	0	0	0	0
Intestinimonas	Intestinimonas	1392389	Intestinimonas sp. T6-7.64	3070060	1	0	1	0	0	0
Intestinimonas	Intestinimonas	1392389	Intestinimonas sp. T6-8.44	3070061	1	0	1	0	0	0
Intestinimonas	Intestinimonas	1392389	Intestinimonas sp. T6-8.87	3070062	1	0	1	0	0	0
Intestinimonas	Intestinimonas	1392389	Intestinimonas sp. UBA1698	1946651	1	1	0	0	0	0
Intestinimonas	Intestinimonas	1392389	Intestinimonas timonensis	1689270	29	12	0	0	0	17
Intestinimonas	Intestinimonas	1392389	uncultured Intestinimonas sp.	1689265	85	78	1	0	5	1
Kurthia	Kurthia	1649	Candidatus Kurthia equi	3083108	1	1	0	0	0	0
Kurthia	Kurthia	1649	Candidatus Kurthia intestinigallinarum	1562256	13	2	1	1	8	1
Kurthia	Kurthia	1649	Kurthia gibsonii	33946	74	10	42	7	2	13
Kurthia	Kurthia	1649	Kurthia huakuii	1421019	6	0	1	0	1	4
Kurthia	Kurthia	1649	Kurthia massiliensis	1033739	2	2	0	0	0	0
Kurthia	Kurthia	1649	Kurthia populi	1562132	1	0	0	0	0	1
Kurthia	Kurthia	1649	Kurthia senegalensis	1033740	4	3	0	0	0	1
Kurthia	Kurthia	1649	Kurthia sibirica	202750	5	2	0	0	0	3
Kurthia	Kurthia	1649	Kurthia sp.	1963358	37	9	2	1	0	25
Kurthia	Kurthia	1649	Kurthia sp. 11kri321	1750719	3	0	1	1	1	0
Kurthia	Kurthia	1649	Kurthia sp. 56715	1737146	1	0	0	1	0	0
Kurthia	Kurthia	1649	Kurthia sp. Dielmo	1033738	1	1	0	0	0	0
Kurthia	Kurthia	1649	Kurthia sp. FSL E2-0154	2921358	1	0	1	0	0	0
Kurthia	Kurthia	1649	Kurthia sp. GT25-0117	3390450	1	0	1	0	0	0
Kurthia	Kurthia	1649	Kurthia sp. GT25-0265	3445971	1	0	1	0	0	0
Kurthia	Kurthia	1649	Kurthia sp. ISK08	3385835	1	0	0	1	0	0
Kurthia	Kurthia	1649	Kurthia sp. UBA2474	1946676	1	0	0	0	1	0
Kurthia	Kurthia	1649	Kurthia sp. UBA3380	1946677	1	1	0	0	0	0
Kurthia	Kurthia	1649	Kurthia sp. UBA4137	1946678	1	0	0	0	1	0
Kurthia	Kurthia	1649	Kurthia sp. UBA5785	1946679	1	0	0	0	1	0
Kurthia	Kurthia	1649	Kurthia sp. UBA5930	1946680	1	0	0	0	1	0
Kurthia	Kurthia	1649	Kurthia sp. UHC397	3709949	1	0	0	0	0	1
Kurthia	Kurthia	1649	Kurthia sp. UHC399	3709950	1	0	0	0	0	1
Kurthia	Kurthia	1649	Kurthia sp. UHC654	3709951	1	0	0	0	0	1
Kurthia	Kurthia	1649	Kurthia sp. UHC655	3709952	1	0	0	0	0	1
Kurthia	Kurthia	1649	Kurthia sp. UHC699	3709953	1	0	0	0	0	1
Kurthia	Kurthia	1649	Kurthia sp. UHC709	3709954	1	0	0	0	0	1
Kurthia	Kurthia	1649	Kurthia sp. YJT4	3049086	1	0	1	0	0	0
Kurthia	Kurthia	1649	Kurthia zopfii	1650	18	4	2	1	2	9
Kurthia	Kurthia	1649	uncultured Kurthia sp.	910949	3	2	0	1	0	0
Lachnoanaerobaculum	Lachnoanaerobaculum	1164882	Lachnoanaerobaculum gingivalis	2490855	11	0	0	9	0	2
Lachnoanaerobaculum	Lachnoanaerobaculum	1164882	Lachnoanaerobaculum orale	979627	9	1	2	6	0	0
Lachnoanaerobaculum	Lachnoanaerobaculum	1164882	Lachnoanaerobaculum saburreum	467210	72	0	0	50	1	21
Lachnoanaerobaculum	Lachnoanaerobaculum	1164882	Lachnoanaerobaculum sanguinis	3065809	1	0	0	1	0	0
Lachnoanaerobaculum	Lachnoanaerobaculum	1164882	Lachnoanaerobaculum sp.	2049030	199	5	0	94	1	99
Lachnoanaerobaculum	Lachnoanaerobaculum	1164882	Lachnoanaerobaculum sp. ICM7	936594	2	1	0	0	0	1
Lachnoanaerobaculum	Lachnoanaerobaculum	1164882	Lachnoanaerobaculum sp. KCOM 3521	3895489	1	0	0	1	0	0
Lachnoanaerobaculum	Lachnoanaerobaculum	1164882	Lachnoanaerobaculum sp. Marseille-Q4761	2819511	1	0	0	1	0	0
Lachnoanaerobaculum	Lachnoanaerobaculum	1164882	Lachnoanaerobaculum sp. MSX33	936596	2	0	0	0	0	2
Lachnoanaerobaculum	Lachnoanaerobaculum	1164882	Lachnoanaerobaculum sp. OBRC5-5	936595	2	0	0	1	0	1
Lachnoanaerobaculum	Lachnoanaerobaculum	1164882	Lachnoanaerobaculum sp. S6-P3	1284709	2	0	0	1	0	1
Lachnoanaerobaculum	Lachnoanaerobaculum	1164882	Lachnoanaerobaculum umeaense	617123	8	2	0	5	0	1
Lachnoanaerobaculum	Lachnoanaerobaculum	1164882	uncultured Lachnoanaerobaculum sp.	1662275	99	9	0	89	1	0
Lachnospira	Lachnospira	28050	[Lactobacillus] rogosae	706562	383	334	0	0	1	48
Lachnospira	Lachnospira	28050	Lachnospira eligens	39485	5597	1911	5	4	2	3675
Lachnospira	Lachnospira	28050	Lachnospira hominis (ex Hitch et al. 2025)	3230259	1	0	0	0	0	1
Lachnospira	Lachnospira	28050	Lachnospira hominis (ex Liu et al. 2021)	2763051	33	31	0	0	0	2
Lachnospira	Lachnospira	28050	Lachnospira intestinalis	3133158	2	0	0	0	0	2
Lachnospira	Lachnospira	28050	Lachnospira multipara	28051	13	3	0	1	0	9
Lachnospira	Lachnospira	28050	Lachnospira pectinoschiza	28052	79	74	0	0	0	5
Lachnospira	Lachnospira	28050	Lachnospira rogosae (ex Hitch et al. 2025)	3133091	3	1	0	0	0	2
Lachnospira	Lachnospira	28050	Lachnospira sp.	2049031	6283	313	14	2	6	5948
Lachnospira	Lachnospira	28050	Lachnospira sp. CLA-JM-H23	3133092	1	0	0	0	0	1
Lachnospira	Lachnospira	28050	Lachnospira sp. HA2201	3790850	1	0	0	0	0	1
Lachnospira	Lachnospira	28050	Lachnospira sp. UBA2803	1946711	2	1	0	0	1	0
Lachnospira	Lachnospira	28050	Lachnospira sp. UBA2821	1946712	2	2	0	0	0	0
Lachnospira	Lachnospira	28050	Lachnospira sp. UBA3212	1946713	1	0	0	1	0	0
Lachnospira	Lachnospira	28050	Lachnospira sp. UBA3647	1946714	1	0	0	1	0	0
Lachnospira	Lachnospira	28050	Lachnospira sp. UBA3755	1946715	1	0	0	1	0	0
Lachnospira	Lachnospira	28050	Lachnospira sp. UBA3780	1946716	1	0	0	1	0	0
Lachnospira	Lachnospira	28050	Lachnospira sp. UBA3790	1946717	1	0	0	1	0	0
Lachnospira	Lachnospira	28050	Lachnospira sp. UBA3833	1946718	1	0	0	1	0	0
Lachnospira	Lachnospira	28050	Lachnospira sp. UBA3852	1946719	1	0	0	1	0	0
Lachnospira	Lachnospira	28050	Lachnospira sp. UBA4285	1946720	1	0	0	1	0	0
Lachnospira	Lachnospira	28050	Lachnospira sp. UBA4290	1946721	1	0	0	1	0	0
Lachnospira	Lachnospira	28050	Lachnospira sp. UBA4320	1946722	1	0	0	1	0	0
Lachnospira	Lachnospira	28050	Lachnospira sp. UBA4342	1946723	1	0	0	1	0	0
Lachnospira	Lachnospira	28050	Lachnospira sp. UBA4346	1946724	1	0	0	1	0	0
Lachnospira	Lachnospira	28050	Lachnospira sp. UBA5912	1946725	1	1	0	0	0	0
Lachnospira	Lachnospira	28050	Lachnospira sp. UBA7007	1946726	1	0	0	1	0	0
Lachnospira	Lachnospira	28050	uncultured Lachnospira sp.	446043	2875	2874	0	0	1	0
Lacrimispora	Lacrimispora	2719231	Lacrimispora aerotolerans	36832	4	0	0	0	0	4
Lacrimispora	Lacrimispora	2719231	Lacrimispora algidixylanolytica	94868	6	1	0	0	1	4
Lacrimispora	Lacrimispora	2719231	Lacrimispora amygdalina	253257	30	4	2	0	1	23
Lacrimispora	Lacrimispora	2719231	Lacrimispora brassicae	2962432	1	0	0	0	1	0
Lacrimispora	Lacrimispora	2719231	Lacrimispora cavernae	3151850	1	0	0	0	1	0
Lacrimispora	Lacrimispora	2719231	Lacrimispora celerecrescens	29354	23	2	2	1	11	7
Lacrimispora	Lacrimispora	2719231	Lacrimispora defluvii	2719233	1	0	1	0	0	0
Lacrimispora	Lacrimispora	2719231	Lacrimispora indolis	69825	23	8	0	0	0	15
Lacrimispora	Lacrimispora	2719231	Lacrimispora saccharolytica	84030	264	143	1	0	1	119
Lacrimispora	Lacrimispora	2719231	Lacrimispora sanguinis	3375704	1	0	0	1	0	0
Lacrimispora	Lacrimispora	2719231	Lacrimispora sinapis	3111456	1	0	1	0	0	0
Lacrimispora	Lacrimispora	2719231	Lacrimispora sp.	2719234	41	4	6	0	23	8
Lacrimispora	Lacrimispora	2719231	Lacrimispora sp. 210928-DFI.3.58	2883214	2	2	0	0	0	0
Lacrimispora	Lacrimispora	2719231	Lacrimispora sp. 38-1	3125778	1	0	1	0	0	0
Lacrimispora	Lacrimispora	2719231	Lacrimispora sp. HJ1	3243293	1	0	0	1	0	0
Lacrimispora	Lacrimispora	2719231	Lacrimispora sp. YZC11	3682819	1	0	1	0	0	0
Lacrimispora	Lacrimispora	2719231	Lacrimispora sphenoides	29370	30	1	3	1	3	22
Lacrimispora	Lacrimispora	2719231	Lacrimispora struthionigena	3401631	1	0	0	0	0	1
Lacrimispora	Lacrimispora	2719231	Lacrimispora xylanisolvens	384636	4	0	0	0	0	4
Lacrimispora	Lacrimispora	2719231	Lacrimispora xylanolytica	29375	9	1	1	1	1	5
Lacrimispora	Lacrimispora	2719231	uncultured Lacrimispora sp.	2719585	4	0	1	0	3	0
Lactimicrobium	Lactimicrobium	2563777	Lactimicrobium massiliense	2161814	9	8	1	0	0	0
Lactimicrobium	Lactimicrobium	2563777	Lactimicrobium sp.	2563780	4	2	2	0	0	0
Lepagella	Lepagella	3032807	Lepagella muris	3032870	4	4	0	0	0	0
Lepagella	Lepagella	3032807	Lepagella sp.	3032818	25	21	3	0	1	0
Lepagella	Lepagella	3032807	uncultured Lepagella sp.	3032820	7	7	0	0	0	0
Macellibacteroides	Macellibacteroides	1159323	Macellibacteroides fermentans	879969	30	1	21	1	4	3
Macellibacteroides	Macellibacteroides	1159323	Macellibacteroides sp.	2014584	7	0	5	0	2	0
Macellibacteroides	Macellibacteroides	1159323	Macellibacteroides sp. HH-ZS	1857568	1	0	1	0	0	0
Macellibacteroides	Macellibacteroides	1159323	uncultured Macellibacteroides sp.	1243007	13	0	12	0	1	0
Malacoplasma	Malacoplasma	2791001	Candidatus Malacoplasma girerdii	1318617	27	0	0	22	0	5
Malacoplasma	Malacoplasma	2791001	Malacoplasma iowae	2116	105	37	2	26	7	33
Malacoplasma	Malacoplasma	2791001	Malacoplasma microti	38746	1	0	0	1	0	0
Malacoplasma	Malacoplasma	2791001	Malacoplasma muris	2119	3	0	0	1	0	2
Malacoplasma	Malacoplasma	2791001	Malacoplasma penetrans	28227	5	0	0	3	0	2
Malacoplasma	Malacoplasma	2791001	Malacoplasma sp.	2791014	121	57	0	2	3	59
Maliibacterium	Maliibacterium	3047433	Maliibacterium massiliense	2086585	2	1	0	0	0	1
Marvinbryantia	Marvinbryantia	248744	Marvinbryantia formatexigens	168384	53	5	0	0	0	48
Marvinbryantia	Marvinbryantia	248744	Marvinbryantia sp.	2496532	57	15	0	0	1	41
Marvinbryantia	Marvinbryantia	248744	uncultured Marvinbryantia sp.	1399874	168	167	0	0	0	1
Megamonas	Megamonas	158846	Candidatus Megamonas gallistercoris	2838691	4	0	0	0	0	4
Megamonas	Megamonas	158846	Megamonas funiformis	437897	3000	1046	28	0	2	1924
Megamonas	Megamonas	158846	Megamonas hypermegale	158847	68	26	0	0	3	39
Megamonas	Megamonas	158846	Megamonas rupellensis	491921	10	4	0	0	0	6
Megamonas	Megamonas	158846	Megamonas sp.	2049033	439	368	1	0	2	68
Megamonas	Megamonas	158846	Megamonas sp. Calf98-2	1855330	1	0	0	0	0	1
Megamonas	Megamonas	158846	Megamonas sp. UBA1792	1946840	1	0	1	0	0	0
Megamonas	Megamonas	158846	Megamonas sp. UBA1796	1946841	1	0	1	0	0	0
Megamonas	Megamonas	158846	Megamonas sp. UBA1799	1946842	1	0	1	0	0	0
Megamonas	Megamonas	158846	Megamonas sp. WB4414	2940012	1	0	0	0	0	1
Megamonas	Megamonas	158846	uncultured Megamonas sp.	286140	385	383	1	0	1	0
Megasphaera	Megasphaera	906	Megasphaera butyrica	2981791	1	1	0	0	0	0
Megasphaera	Megasphaera	906	Megasphaera cerevisiae	39029	15	6	2	1	2	4
Megasphaera	Megasphaera	906	Megasphaera coli	1852379	45	12	0	5	0	28
Megasphaera	Megasphaera	906	Megasphaera elsdenii	907	1131	319	2	7	2	801
Megasphaera	Megasphaera	906	Megasphaera geminata	156456	128	23	0	12	0	93
Megasphaera	Megasphaera	906	Megasphaera genomosp. type 1	3397622	31	0	0	31	0	0
Megasphaera	Megasphaera	906	Megasphaera hexanoica	1675036	11	8	0	2	0	1
Megasphaera	Megasphaera	906	Megasphaera hominis	159836	15	15	0	0	0	0
Megasphaera	Megasphaera	906	Megasphaera hutchinsoni	1588748	218	0	0	218	0	0
Megasphaera	Megasphaera	906	Megasphaera indica	879612	4	2	0	0	0	2
Megasphaera	Megasphaera	906	Megasphaera intestinihominis	3133159	7	4	0	0	0	3
Megasphaera	Megasphaera	906	Megasphaera jansseni	3345340	1	0	0	0	0	1
Megasphaera	Megasphaera	906	Megasphaera lornae	1000568	669	4	0	663	0	2
Megasphaera	Megasphaera	906	Megasphaera massiliensis	1232428	284	75	0	1	0	208
Megasphaera	Megasphaera	906	Megasphaera micronuciformis	187326	719	123	0	159	0	437
Megasphaera	Megasphaera	906	Megasphaera paucivorans	349095	4	0	0	0	3	1
Megasphaera	Megasphaera	906	Megasphaera sp.	2023260	2476	636	18	10	0	1812
Megasphaera	Megasphaera	906	Megasphaera sp. AF13-6AC	2997918	1	0	0	0	0	1
Megasphaera	Megasphaera	906	Megasphaera sp. AM44-1BH	2292358	18	18	0	0	0	0
Megasphaera	Megasphaera	906	Megasphaera sp. An286	1965622	1	1	0	0	0	0
Megasphaera	Megasphaera	906	Megasphaera sp. ASD88	2027407	1	1	0	0	0	0
Megasphaera	Megasphaera	906	Megasphaera sp. BIOML-A1	2584661	2	0	0	0	0	2
Megasphaera	Megasphaera	906	Megasphaera sp. BIOML-A2	2584662	2	0	0	0	0	2
Megasphaera	Megasphaera	906	Megasphaera sp. BL7	1285585	1	1	0	0	0	0
Megasphaera	Megasphaera	906	Megasphaera sp. D52t1_170925_H4	2787095	1	1	0	0	0	0
Megasphaera	Megasphaera	906	Megasphaera sp. DISK 18	1776081	1	0	0	1	0	0
Megasphaera	Megasphaera	906	Megasphaera sp. DJF_B143	537288	2	1	0	0	0	1
Megasphaera	Megasphaera	906	Megasphaera sp. DNF00872	1285933	2	0	0	1	0	1
Megasphaera	Megasphaera	906	Megasphaera sp. DNF00912	1285934	2	0	0	1	0	1
Megasphaera	Megasphaera	906	Megasphaera sp. DSM 102144	2860054	2	0	0	0	0	2
Megasphaera	Megasphaera	906	Megasphaera sp. MJR8396C	1603888	9	8	0	1	0	0
Megasphaera	Megasphaera	906	Megasphaera sp. NM10	1273103	11	3	0	0	0	8
Megasphaera	Megasphaera	906	Megasphaera sp. SC8-1	2965102	1	1	0	0	0	0
Megasphaera	Megasphaera	906	Megasphaera sp. SW808	2530045	1	1	0	0	0	0
Megasphaera	Megasphaera	906	Megasphaera sp. UBA1696	1946843	3	3	0	0	0	0
Megasphaera	Megasphaera	906	Megasphaera sp. UBA3670	1946844	1	0	0	1	0	0
Megasphaera	Megasphaera	906	Megasphaera sp. UBA3703	1946845	1	0	0	1	0	0
Megasphaera	Megasphaera	906	Megasphaera sp. UBA3736	1946846	1	0	0	1	0	0
Megasphaera	Megasphaera	906	Megasphaera sp. UBA4233	1946847	1	0	0	1	0	0
Megasphaera	Megasphaera	906	Megasphaera sp. UBA4264	1946848	1	0	0	1	0	0
Megasphaera	Megasphaera	906	Megasphaera sp. UBA4352	1946849	1	0	0	1	0	0
Megasphaera	Megasphaera	906	Megasphaera sp. UBA4382	1946850	1	0	0	1	0	0
Megasphaera	Megasphaera	906	Megasphaera sp. UBA4652	1946851	1	1	0	0	0	0
Megasphaera	Megasphaera	906	Megasphaera sp. UBA4708	1946852	1	1	0	0	0	0
Megasphaera	Megasphaera	906	Megasphaera sp. UBA5897	1946853	1	1	0	0	0	0
Megasphaera	Megasphaera	906	Megasphaera sp. UBA6424	1946854	1	1	0	0	0	0
Megasphaera	Megasphaera	906	Megasphaera sp. UBA6440	1946855	1	1	0	0	0	0
Megasphaera	Megasphaera	906	Megasphaera sp. UBA7761	1946856	1	1	0	0	0	0
Megasphaera	Megasphaera	906	Megasphaera sp. UPII 135-E	1000569	1	0	0	0	0	1
Megasphaera	Megasphaera	906	Megasphaera stantonii	2144175	41	23	0	0	1	17
Megasphaera	Megasphaera	906	Megasphaera sueciensis	349094	1	0	0	0	1	0
Megasphaera	Megasphaera	906	Megasphaera vaginalis (ex Bordigoni et al. 2020)	2045301	2	1	0	1	0	0
Megasphaera	Megasphaera	906	Megasphaera vaginalis (ex Srinivasan et al. 2021)	1111454	2	0	0	0	0	2
Megasphaera	Megasphaera	906	uncultured Megasphaera sp.	165188	775	741	2	30	2	0
Mesosutterella	Mesosutterella	2494213	Mesosutterella faecium	2925194	1	0	0	0	0	1
Mesosutterella	Mesosutterella	2494213	Mesosutterella multiformis	2259133	291	50	2	0	0	239
Mesosutterella	Mesosutterella	2494213	Mesosutterella porci	2915351	1	1	0	0	0	0
Mesosutterella	Mesosutterella	2494213	Mesosutterella sp.	2494230	13	3	2	0	0	8
Methanobrevibacter	Methanobrevibacter	2172	Methanobrevibacter acididurans	120963	2	0	1	0	1	0
Methanobrevibacter	Methanobrevibacter	2172	Methanobrevibacter arboriphilus	39441	23	2	9	0	3	9
Methanobrevibacter	Methanobrevibacter	2172	Methanobrevibacter boviskoreani	1348249	14	11	0	0	2	1
Methanobrevibacter	Methanobrevibacter	2172	Methanobrevibacter curvatus	49547	1	1	0	0	0	0
Methanobrevibacter	Methanobrevibacter	2172	Methanobrevibacter cuticularis	47311	1	1	0	0	0	0
Methanobrevibacter	Methanobrevibacter	2172	Methanobrevibacter filiformis	55758	1	0	0	1	0	0
Methanobrevibacter	Methanobrevibacter	2172	Methanobrevibacter gottschalkii	190974	17	12	0	0	0	5
Methanobrevibacter	Methanobrevibacter	2172	Methanobrevibacter intestini	2911853	4	1	0	0	0	3
Methanobrevibacter	Methanobrevibacter	2172	Methanobrevibacter millerae	230361	32	15	0	1	0	16
Methanobrevibacter	Methanobrevibacter	2172	Methanobrevibacter olleyae	294671	6	1	0	0	0	5
Methanobrevibacter	Methanobrevibacter	2172	Methanobrevibacter oralis	66851	173	1	0	119	0	53
Methanobrevibacter	Methanobrevibacter	2172	Methanobrevibacter ruminantium	83816	30	12	0	0	1	17
Methanobrevibacter	Methanobrevibacter	2172	Methanobrevibacter smithii	2173	3513	661	53	18	9	2772
Methanobrevibacter	Methanobrevibacter	2172	Methanobrevibacter sp.	66852	473	418	24	4	26	1
Methanobrevibacter	Methanobrevibacter	2172	Methanobrevibacter sp. 87.7	387957	1	1	0	0	0	0
Methanobrevibacter	Methanobrevibacter	2172	Methanobrevibacter sp. A27	1860099	1	0	0	0	0	1
Methanobrevibacter	Methanobrevibacter	2172	Methanobrevibacter sp. A54	1860156	1	0	0	0	0	1
Methanobrevibacter	Methanobrevibacter	2172	Methanobrevibacter sp. AbM4	224719	2	1	1	0	0	0
Methanobrevibacter	Methanobrevibacter	2172	Methanobrevibacter sp. CfCl-M3	3122427	1	1	0	0	0	0
Methanobrevibacter	Methanobrevibacter	2172	Methanobrevibacter sp. D5	1452351	1	0	0	0	0	1
Methanobrevibacter	Methanobrevibacter	2172	Methanobrevibacter sp. DSM 116169	3242727	1	1	0	0	0	0
Methanobrevibacter	Methanobrevibacter	2172	Methanobrevibacter sp. KB01	1508646	1	1	0	0	0	0
Methanobrevibacter	Methanobrevibacter	2172	Methanobrevibacter sp. OttesenSCG-928-I08	2930980	1	1	0	0	0	0
Methanobrevibacter	Methanobrevibacter	2172	Methanobrevibacter sp. OttesenSCG-928-K11	2930984	1	1	0	0	0	0
Methanobrevibacter	Methanobrevibacter	2172	Methanobrevibacter sp. TLL-48-HuF1	2870563	11	10	0	1	0	0
Methanobrevibacter	Methanobrevibacter	2172	Methanobrevibacter sp. TMH8	2848611	1	1	0	0	0	0
Methanobrevibacter	Methanobrevibacter	2172	Methanobrevibacter sp. UBA187	1915472	1	1	0	0	0	0
Methanobrevibacter	Methanobrevibacter	2172	Methanobrevibacter sp. UBA188	1915473	2	1	0	0	1	0
Methanobrevibacter	Methanobrevibacter	2172	Methanobrevibacter sp. UBA189	1915474	1	1	0	0	0	0
Methanobrevibacter	Methanobrevibacter	2172	Methanobrevibacter sp. UBA190	1915475	1	1	0	0	0	0
Methanobrevibacter	Methanobrevibacter	2172	Methanobrevibacter sp. UBA212	1915476	3	1	0	0	2	0
Methanobrevibacter	Methanobrevibacter	2172	Methanobrevibacter sp. UBA313	1915477	1	0	1	0	0	0
Methanobrevibacter	Methanobrevibacter	2172	Methanobrevibacter sp. UBA318	1915478	1	0	1	0	0	0
Methanobrevibacter	Methanobrevibacter	2172	Methanobrevibacter sp. UBA325	1915479	1	0	1	0	0	0
Methanobrevibacter	Methanobrevibacter	2172	Methanobrevibacter sp. UBA337	1915480	1	0	1	0	0	0
Methanobrevibacter	Methanobrevibacter	2172	Methanobrevibacter sp. UBA352	1915481	1	0	1	0	0	0
Methanobrevibacter	Methanobrevibacter	2172	Methanobrevibacter sp. UBA365	1915482	1	0	1	0	0	0
Methanobrevibacter	Methanobrevibacter	2172	Methanobrevibacter sp. UBA395	1915483	1	0	1	0	0	0
Methanobrevibacter	Methanobrevibacter	2172	Methanobrevibacter sp. UBA401	1915484	1	0	1	0	0	0
Methanobrevibacter	Methanobrevibacter	2172	Methanobrevibacter sp. UBA403	1915485	1	0	1	0	0	0
Methanobrevibacter	Methanobrevibacter	2172	Methanobrevibacter sp. UBA412	1915486	1	0	1	0	0	0
Methanobrevibacter	Methanobrevibacter	2172	Methanobrevibacter sp. UBA417	1915487	1	0	1	0	0	0
Methanobrevibacter	Methanobrevibacter	2172	Methanobrevibacter sp. UBA46	1915488	1	0	1	0	0	0
Methanobrevibacter	Methanobrevibacter	2172	Methanobrevibacter sp. UBA586	1915489	1	0	0	1	0	0
Methanobrevibacter	Methanobrevibacter	2172	Methanobrevibacter sp. UBA594	1915490	1	1	0	0	0	0
Methanobrevibacter	Methanobrevibacter	2172	Methanobrevibacter sp. V14	3064280	1	0	0	1	0	0
Methanobrevibacter	Methanobrevibacter	2172	Methanobrevibacter sp. V74	3064279	1	0	0	1	0	0
Methanobrevibacter	Methanobrevibacter	2172	Methanobrevibacter sp. YE315	1609968	7	1	0	0	6	0
Methanobrevibacter	Methanobrevibacter	2172	Methanobrevibacter thaueri	190975	37	11	0	0	2	24
Methanobrevibacter	Methanobrevibacter	2172	Methanobrevibacter woesei	190976	37	25	0	0	1	11
Methanobrevibacter	Methanobrevibacter	2172	Methanobrevibacter wolinii	190977	12	10	0	0	0	2
Methanobrevibacter	Methanobrevibacter	2172	uncultured Methanobrevibacter sp.	253161	2092	1039	6	92	8	947
Methanomethylophilus	Methanomethylophilus	1291539	Candidatus Methanomethylophilus sp. 1R26	1769296	1	1	0	0	0	0
Methanomethylophilus	Methanomethylophilus	1291539	Candidatus Methanomethylophilus sp. UBA78	1915608	1	0	0	0	1	0
Methanomethylophilus	Methanomethylophilus	1291539	Methanomethylophilus alvi	1291540	105	52	0	0	0	53
Methanomethylophilus	Methanomethylophilus	1291539	Methanomethylophilus sp.	2774294	43	23	3	7	8	2
Methanomethylophilus	Methanomethylophilus	1291539	uncultured Methanomethylophilus sp.	1908203	11	8	0	1	0	2
Methanosphaera	Methanosphaera	2316	Candidatus Methanosphaera massiliense	3017187	1	1	0	0	0	0
Methanosphaera	Methanosphaera	2316	Methanosphaera cuniculi	1077256	11	5	0	0	0	6
Methanosphaera	Methanosphaera	2316	Methanosphaera sp.	2666342	70	64	5	0	1	0
Methanosphaera	Methanosphaera	2316	Methanosphaera sp. A6	1860157	1	0	0	0	0	1
Methanosphaera	Methanosphaera	2316	Methanosphaera sp. BMS	1789762	1	1	0	0	0	0
Methanosphaera	Methanosphaera	2316	Methanosphaera sp. DEW79	1945576	1	1	0	0	0	0
Methanosphaera	Methanosphaera	2316	Methanosphaera sp. ISO3-F5	1452353	1	1	0	0	0	0
Methanosphaera	Methanosphaera	2316	Methanosphaera sp. rholeuAM130	1945578	1	1	0	0	0	0
Methanosphaera	Methanosphaera	2316	Methanosphaera sp. rholeuAM270	1945577	1	1	0	0	0	0
Methanosphaera	Methanosphaera	2316	Methanosphaera sp. rholeuAM6	1945580	1	1	0	0	0	0
Methanosphaera	Methanosphaera	2316	Methanosphaera sp. rholeuAM74	1945579	1	1	0	0	0	0
Methanosphaera	Methanosphaera	2316	Methanosphaera sp. SHI1033	1945632	1	1	0	0	0	0
Methanosphaera	Methanosphaera	2316	Methanosphaera sp. SHI613	1945631	1	1	0	0	0	0
Methanosphaera	Methanosphaera	2316	Methanosphaera sp. TY-2	2569545	1	1	0	0	0	0
Methanosphaera	Methanosphaera	2316	Methanosphaera sp. WGK6	1561964	1	0	0	0	0	1
Methanosphaera	Methanosphaera	2316	Methanosphaera stadtmanae	2317	68	45	0	0	1	22
Methanosphaera	Methanosphaera	2316	uncultured Methanosphaera sp.	262501	97	55	0	0	2	40
Mogibacterium	Mogibacterium	86331	Mogibacterium diversum	114527	228	16	0	109	0	103
Mogibacterium	Mogibacterium	86331	Mogibacterium kristiansenii	2606708	75	74	0	1	0	0
Mogibacterium	Mogibacterium	86331	Mogibacterium neglectum	114528	2	0	0	1	0	1
Mogibacterium	Mogibacterium	86331	Mogibacterium pumilum	86332	3	0	0	2	1	0
Mogibacterium	Mogibacterium	86331	Mogibacterium sp.	2049035	188	52	1	39	1	95
Mogibacterium	Mogibacterium	86331	Mogibacterium sp. CM50	936375	1	0	0	0	0	1
Mogibacterium	Mogibacterium	86331	Mogibacterium timidum	35519	107	6	0	61	0	40
Mogibacterium	Mogibacterium	86331	uncultured Mogibacterium sp.	278065	33	19	0	13	1	0
Morganella	Morganella	581	Morganella morganii	582	2296	275	154	773	179	915
Morganella	Morganella	581	Morganella psychrotolerans	368603	11	1	4	3	2	1
Morganella	Morganella	581	Morganella sp. (in: enterobacteria)	1912315	18	7	1	6	4	0
Morganella	Morganella	581	Morganella sp. 20B4660514	2885474	1	0	0	0	0	1
Morganella	Morganella	581	Morganella sp. B601	3444315	1	0	0	0	0	1
Morganella	Morganella	581	Morganella sp. BCCO 40_0007	3068325	1	0	0	0	1	0
Morganella	Morganella	581	Morganella sp. BCCO 40_0016	3068326	1	0	0	0	1	0
Morganella	Morganella	581	Morganella sp. EGD-HP17	1435146	1	0	0	0	0	1
Morganella	Morganella	581	Morganella sp. GD04133	2975435	1	0	0	0	0	1
Morganella	Morganella	581	Morganella sp. GLFB	1326758	1	0	1	0	0	0
Morganella	Morganella	581	Morganella sp. GTEN_384	3113616	1	1	0	0	0	0
Morganella	Morganella	581	Morganella sp. HMSC11D09	1581087	1	0	0	1	0	0
Morganella	Morganella	581	Morganella sp. HSTU-ASny43	2681968	1	0	1	0	0	0
Morganella	Morganella	581	Morganella sp. Je.2.23	3142840	1	0	0	0	0	1
Morganella	Morganella	581	Morganella sp. M-6	3449329	1	1	0	0	0	0
Morganella	Morganella	581	Morganella sp. TC12	3372964	1	0	0	0	0	1
Morganella	Morganella	581	Morganella sp. TYF_1	3367185	1	0	0	0	1	0
Morganella	Morganella	581	Morganella sp. TYF_4	3367186	1	0	0	0	1	0
Morganella	Morganella	581	Morganella sp. TYF_6	3367187	1	0	0	0	1	0
Morganella	Morganella	581	Morganella sp. YQ_1	3367225	1	0	0	0	1	0
Morganella	Morganella	581	Morganella sp. YQ_12	3367234	1	0	0	0	1	0
Morganella	Morganella	581	Morganella sp. YQ_2	3367226	1	0	0	0	1	0
Morganella	Morganella	581	uncultured Morganella sp.	300849	27	26	0	1	0	0
Muribaculum	Muribaculum	1918540	Muribaculum caecicola	3038144	3	3	0	0	0	0
Muribaculum	Muribaculum	1918540	Muribaculum gordoncarteri	2530390	20	8	0	1	0	11
Muribaculum	Muribaculum	1918540	Muribaculum intestinale	1796646	803	744	0	0	2	57
Muribaculum	Muribaculum	1918540	Muribaculum sp.	1918611	276	64	1	0	2	209
Muribaculum	Muribaculum	1918540	Muribaculum sp. An287	1965623	1	1	0	0	0	0
Muribaculum	Muribaculum	1918540	Muribaculum sp. An289	1965624	2	2	0	0	0	0
Muribaculum	Muribaculum	1918540	Muribaculum sp. NM4	2305462	1	0	0	0	1	0
Muribaculum	Muribaculum	1918540	Muribaculum sp. NM65_B17	2516961	1	1	0	0	0	0
Muribaculum	Muribaculum	1918540	uncultured Muribaculum sp.	1918613	1592	1577	0	0	2	13
Odoribacter	Odoribacter	283168	Candidatus Odoribacter faecigallinarum	2838706	16	5	0	0	0	11
Odoribacter	Odoribacter	283168	Odoribacter laneus	626933	250	70	0	0	0	180
Odoribacter	Odoribacter	283168	Odoribacter lunatus	2941335	1	0	0	0	0	1
Odoribacter	Odoribacter	283168	Odoribacter sp.	1965233	1323	1087	6	6	26	198
Odoribacter	Odoribacter	283168	Odoribacter sp. 43_10	1897010	1	0	0	0	1	0
Odoribacter	Odoribacter	283168	Odoribacter sp. AF15-53	2292236	5	5	0	0	0	0
Odoribacter	Odoribacter	283168	Odoribacter sp. AF21-41	2293111	1	1	0	0	0	0
Odoribacter	Odoribacter	283168	Odoribacter sp. AM16-33	2292048	1	1	0	0	0	0
Odoribacter	Odoribacter	283168	Odoribacter sp. CAG:788	1262909	1	1	0	0	0	0
Odoribacter	Odoribacter	283168	Odoribacter sp. N15.MGS-14	1637502	1	1	0	0	0	0
Odoribacter	Odoribacter	283168	Odoribacter sp. N54.MGS-14	1637510	1	1	0	0	0	0
Odoribacter	Odoribacter	283168	Odoribacter sp. OF09-27XD	2293112	1	1	0	0	0	0
Odoribacter	Odoribacter	283168	Odoribacter sp. OttesenSCG-928-A06	2885176	1	1	0	0	0	0
Odoribacter	Odoribacter	283168	Odoribacter sp. OttesenSCG-928-G04	2885177	1	1	0	0	0	0
Odoribacter	Odoribacter	283168	Odoribacter sp. OttesenSCG-928-J03	2885224	1	1	0	0	0	0
Odoribacter	Odoribacter	283168	Odoribacter sp. OttesenSCG-928-L07	2885200	1	1	0	0	0	0
Odoribacter	Odoribacter	283168	Odoribacter sp. UBA944	1947012	1	1	0	0	0	0
Odoribacter	Odoribacter	283168	Odoribacter sp. UNK.MGS-12	1638778	1	1	0	0	0	0
Odoribacter	Odoribacter	283168	Odoribacter sp. Z80	2304575	1	0	0	0	1	0
Odoribacter	Odoribacter	283168	Odoribacter splanchnicus	28118	4189	1242	1	8	0	2938
Odoribacter	Odoribacter	283168	uncultured Odoribacter sp.	876416	2076	2060	4	0	6	6
Oliverpabstia	Oliverpabstia	2815777	Oliverpabstia intestinalis	2606633	272	115	1	1	0	155
Oliverpabstia	Oliverpabstia	2815777	Oliverpabstia sp.	2815798	65	63	1	0	1	0
Oribacterium	Oribacterium	265975	Oribacterium asaccharolyticum	1501332	17	0	0	10	1	6
Oribacterium	Oribacterium	265975	Oribacterium parvum	1501329	49	5	0	22	2	20
Oribacterium	Oribacterium	265975	Oribacterium sinus	237576	124	1	1	64	0	58
Oribacterium	Oribacterium	265975	Oribacterium sp.	1969407	565	174	0	96	2	293
Oribacterium	Oribacterium	265975	Oribacterium sp. C9	1943579	1	1	0	0	0	0
Oribacterium	Oribacterium	265975	Oribacterium sp. CM12	936567	1	0	0	1	0	0
Oribacterium	Oribacterium	265975	Oribacterium sp. FC2011	1408311	1	0	0	0	0	1
Oribacterium	Oribacterium	265975	Oribacterium sp. HCP28S3_H8	3438945	1	1	0	0	0	0
Oribacterium	Oribacterium	265975	Oribacterium sp. HCP3S3_B9	3438946	1	1	0	0	0	0
Oribacterium	Oribacterium	265975	Oribacterium sp. KHPX15	1855342	1	0	0	0	0	1
Oribacterium	Oribacterium	265975	Oribacterium sp. NK2B42	689781	2	0	0	0	0	2
Oribacterium	Oribacterium	265975	Oribacterium sp. oral taxon 078	652706	2	0	0	1	0	1
Oribacterium	Oribacterium	265975	Oribacterium sp. oral taxon 102	671214	2	0	0	1	0	1
Oribacterium	Oribacterium	265975	Oribacterium sp. oral taxon 108	712414	1	0	0	0	0	1
Oribacterium	Oribacterium	265975	Oribacterium sp. P6A1	1410612	1	0	0	0	0	1
Oribacterium	Oribacterium	265975	Oribacterium sp. P9	3378068	1	1	0	0	0	0
Oribacterium	Oribacterium	265975	Oribacterium sp. Sow4_G1_1	3438794	1	1	0	0	0	0
Oribacterium	Oribacterium	265975	Oribacterium sp. UBA2880	1947015	1	1	0	0	0	0
Oribacterium	Oribacterium	265975	Oribacterium sp. UBA3737	1947016	1	0	0	1	0	0
Oribacterium	Oribacterium	265975	Oribacterium sp. UBA4274	1947017	1	0	0	1	0	0
Oribacterium	Oribacterium	265975	Oribacterium sp. UBA4289	1947018	1	0	0	1	0	0
Oribacterium	Oribacterium	265975	Oribacterium sp. UBA5894	1947019	1	1	0	0	0	0
Oribacterium	Oribacterium	265975	Oribacterium sp. UBA6992	1947020	1	0	0	1	0	0
Oribacterium	Oribacterium	265975	Oribacterium sp. WCC10	1855343	1	0	0	0	0	1
Oribacterium	Oribacterium	265975	uncultured Oribacterium sp.	462198	266	214	0	48	2	2
Oxalobacter	Oxalobacter	846	Oxalobacter aliiformigenes	2946593	18	17	1	0	0	0
Oxalobacter	Oxalobacter	846	Oxalobacter formigenes	847	89	59	1	0	2	27
Oxalobacter	Oxalobacter	846	Oxalobacter paeniformigenes	2946594	3	3	0	0	0	0
Oxalobacter	Oxalobacter	846	Oxalobacter paraformigenes	556268	2	1	0	0	0	1
Oxalobacter	Oxalobacter	846	Oxalobacter sp.	2093374	87	47	3	1	2	34
Oxalobacter	Oxalobacter	846	Oxalobacter sp. OttesenSCG-928-P03	2930990	1	1	0	0	0	0
Oxalobacter	Oxalobacter	846	Oxalobacter vibrioformis	933080	1	0	1	0	0	0
Oxalobacter	Oxalobacter	846	uncultured Oxalobacter sp.	337245	92	90	1	0	1	0
Paludihabitans	Paludihabitans	2038676	Paludihabitans psychrotolerans	2038680	1	0	0	0	0	1
Paludihabitans	Paludihabitans	2038676	Paludihabitans sp.	2038677	70	70	0	0	0	0
Paludihabitans	Paludihabitans	2038676	Paludihabitans sp. MB14-C6	3070656	1	0	1	0	0	0
Paludihabitans	Paludihabitans	2038676	uncultured Paludihabitans sp.	2038679	1	1	0	0	0	0
Parabacteroides	Parabacteroides	375288	Candidatus Parabacteroides faecavium	2838720	3	2	0	0	0	1
Parabacteroides	Parabacteroides	375288	Candidatus Parabacteroides intestinavium	2838721	24	4	0	0	0	20
Parabacteroides	Parabacteroides	375288	Candidatus Parabacteroides intestinigallinarum	2838722	5	1	0	0	0	4
Parabacteroides	Parabacteroides	375288	Candidatus Parabacteroides intestinipullorum	2838723	2	1	0	0	0	1
Parabacteroides	Parabacteroides	375288	Parabacteroides absconsus	2951805	2	2	0	0	0	0
Parabacteroides	Parabacteroides	375288	Parabacteroides acidifaciens	2290935	13	7	1	0	0	5
Parabacteroides	Parabacteroides	375288	Parabacteroides bouchesdurhonensis	1936995	3	1	0	0	0	2
Parabacteroides	Parabacteroides	375288	Parabacteroides caeci	2949650	5	1	0	0	0	4
Parabacteroides	Parabacteroides	375288	Parabacteroides caecihominis	2949651	1	1	0	0	0	0
Parabacteroides	Parabacteroides	375288	Parabacteroides chinchillae	871327	3	1	0	0	0	2
Parabacteroides	Parabacteroides	375288	Parabacteroides chongii	2685834	8	4	1	1	0	2
Parabacteroides	Parabacteroides	375288	Parabacteroides distasonis	823	15931	4539	7	33	40	11312
Parabacteroides	Parabacteroides	375288	Parabacteroides faecalis	2924040	7	6	0	0	0	1
Parabacteroides	Parabacteroides	375288	Parabacteroides faecis	1217282	21	6	0	1	0	14
Parabacteroides	Parabacteroides	375288	Parabacteroides goldsteinii	328812	724	368	1	8	3	344
Parabacteroides	Parabacteroides	375288	Parabacteroides gordonii	574930	86	35	0	1	1	49
Parabacteroides	Parabacteroides	375288	Parabacteroides hominis	2763057	3	2	0	0	0	1
Parabacteroides	Parabacteroides	375288	Parabacteroides johnsonii	387661	533	192	0	1	1	339
Parabacteroides	Parabacteroides	375288	Parabacteroides leei	2939491	7	5	0	1	0	1
Parabacteroides	Parabacteroides	375288	Parabacteroides massiliensis	1750560	13	10	0	0	0	3
Parabacteroides	Parabacteroides	375288	Parabacteroides merdae	46503	7670	2213	1	6	15	5435
Parabacteroides	Parabacteroides	375288	Parabacteroides pacaensis	2086575	1	1	0	0	0	0
Parabacteroides	Parabacteroides	375288	Parabacteroides provencensis	1944636	1	1	0	0	0	0
Parabacteroides	Parabacteroides	375288	Parabacteroides segnis	2763058	2	2	0	0	0	0
Parabacteroides	Parabacteroides	375288	Parabacteroides sp.	1869337	2446	1375	28	14	33	996
Parabacteroides	Parabacteroides	375288	Parabacteroides sp. 20_3	469591	5	2	0	0	0	3
Parabacteroides	Parabacteroides	375288	Parabacteroides sp. 2_1_7	457388	2	1	0	0	0	1
Parabacteroides	Parabacteroides	375288	Parabacteroides sp. 52	2302940	1	1	0	0	0	0
Parabacteroides	Parabacteroides	375288	Parabacteroides sp. AF14-59	2292240	1	1	0	0	0	0
Parabacteroides	Parabacteroides	375288	Parabacteroides sp. AF17-28	2292241	1	1	0	0	0	0
Parabacteroides	Parabacteroides	375288	Parabacteroides sp. AF17-3	2293113	1	1	0	0	0	0
Parabacteroides	Parabacteroides	375288	Parabacteroides sp. AF18-52	2292242	1	1	0	0	0	0
Parabacteroides	Parabacteroides	375288	Parabacteroides sp. AF19-14	2293114	1	1	0	0	0	0
Parabacteroides	Parabacteroides	375288	Parabacteroides sp. AF21-43	2293115	1	1	0	0	0	0
Parabacteroides	Parabacteroides	375288	Parabacteroides sp. AF27-14	2293116	2	2	0	0	0	0
Parabacteroides	Parabacteroides	375288	Parabacteroides sp. AF39-10AC	2293117	1	1	0	0	0	0
Parabacteroides	Parabacteroides	375288	Parabacteroides sp. AF48-14	2292052	1	1	0	0	0	0
Parabacteroides	Parabacteroides	375288	Parabacteroides sp. AM08-6	2292053	1	1	0	0	0	0
Parabacteroides	Parabacteroides	375288	Parabacteroides sp. AM17-47	2293118	1	1	0	0	0	0
Parabacteroides	Parabacteroides	375288	Parabacteroides sp. AM18-12LB	2293119	1	1	0	0	0	0
Parabacteroides	Parabacteroides	375288	Parabacteroides sp. AM25-14	2293120	1	1	0	0	0	0
Parabacteroides	Parabacteroides	375288	Parabacteroides sp. AM27-42	2293121	1	1	0	0	0	0
Parabacteroides	Parabacteroides	375288	Parabacteroides sp. AM44-16	2293122	1	1	0	0	0	0
Parabacteroides	Parabacteroides	375288	Parabacteroides sp. AM58-2XD	2292362	1	1	0	0	0	0
Parabacteroides	Parabacteroides	375288	Parabacteroides sp. An277	1965619	2	2	0	0	0	0
Parabacteroides	Parabacteroides	375288	Parabacteroides sp. APC149_11_2_Y6	3372857	1	0	0	0	0	1
Parabacteroides	Parabacteroides	375288	Parabacteroides sp. ASF519	1235803	2	1	0	0	0	1
Parabacteroides	Parabacteroides	375288	Parabacteroides sp. AT13	2025877	1	1	0	0	0	0
Parabacteroides	Parabacteroides	375288	Parabacteroides sp. B2-Q-110	2949661	1	1	0	0	0	0
Parabacteroides	Parabacteroides	375288	Parabacteroides sp. B2-S-102	2949657	1	1	0	0	0	0
Parabacteroides	Parabacteroides	375288	Parabacteroides sp. BD-2	2569544	1	1	0	0	0	0
Parabacteroides	Parabacteroides	375288	Parabacteroides sp. BFG-489	2756135	1	0	0	1	0	0
Parabacteroides	Parabacteroides	375288	Parabacteroides sp. CAG:2	1262912	1	1	0	0	0	0
Parabacteroides	Parabacteroides	375288	Parabacteroides sp. CAG:409	1262913	41	41	0	0	0	0
Parabacteroides	Parabacteroides	375288	Parabacteroides sp. CH2-D42-20	2320086	1	0	0	0	0	1
Parabacteroides	Parabacteroides	375288	Parabacteroides sp. CT06	2025876	2	2	0	0	0	0
Parabacteroides	Parabacteroides	375288	Parabacteroides sp. D13	563193	4	0	0	0	0	4
Parabacteroides	Parabacteroides	375288	Parabacteroides sp. D25	658661	2	0	0	0	0	2
Parabacteroides	Parabacteroides	375288	Parabacteroides sp. D26	658662	4	0	0	0	0	4
Parabacteroides	Parabacteroides	375288	Parabacteroides sp. FAFU027	2922715	1	0	1	0	0	0
Parabacteroides	Parabacteroides	375288	Parabacteroides sp. HA0156	3790851	1	0	0	0	0	1
Parabacteroides	Parabacteroides	375288	Parabacteroides sp. HA1648	3790852	1	0	0	0	0	1
Parabacteroides	Parabacteroides	375288	Parabacteroides sp. HGS0025	1078087	4	2	0	0	0	2
Parabacteroides	Parabacteroides	375288	Parabacteroides sp. KGMB03253	3698084	1	0	0	0	0	1
Parabacteroides	Parabacteroides	375288	Parabacteroides sp. KGMB06604	3789593	1	0	0	0	0	1
Parabacteroides	Parabacteroides	375288	Parabacteroides sp. KHUB-01	3680488	1	1	0	0	0	0
Parabacteroides	Parabacteroides	375288	Parabacteroides sp. KHUB-02	3680479	1	1	0	0	0	0
Parabacteroides	Parabacteroides	375288	Parabacteroides sp. KHUB-03	3680480	1	0	0	0	0	1
Parabacteroides	Parabacteroides	375288	Parabacteroides sp. LFL-25	2979129	1	1	0	0	0	0
Parabacteroides	Parabacteroides	375288	Parabacteroides sp. Marseille-P3160	1917887	1	0	0	0	0	1
Parabacteroides	Parabacteroides	375288	Parabacteroides sp. merdae-related_45_40	1897013	1	0	0	0	1	0
Parabacteroides	Parabacteroides	375288	Parabacteroides sp. MSK.9.14	2849180	1	1	0	0	0	0
Parabacteroides	Parabacteroides	375288	Parabacteroides sp. OF01-14	2293123	1	1	0	0	0	0
Parabacteroides	Parabacteroides	375288	Parabacteroides sp. OF04-13BH	2293124	1	1	0	0	0	0
Parabacteroides	Parabacteroides	375288	Parabacteroides sp. OttesenSCG-928-B22	2930969	1	1	0	0	0	0
Parabacteroides	Parabacteroides	375288	Parabacteroides sp. OttesenSCG-928-G06	2930975	1	1	0	0	0	0
Parabacteroides	Parabacteroides	375288	Parabacteroides sp. OttesenSCG-928-G07	2930976	1	1	0	0	0	0
Parabacteroides	Parabacteroides	375288	Parabacteroides sp. OttesenSCG-928-G21	2930978	1	1	0	0	0	0
Parabacteroides	Parabacteroides	375288	Parabacteroides sp. OttesenSCG-928-J18	2930982	1	1	0	0	0	0
Parabacteroides	Parabacteroides	375288	Parabacteroides sp. OttesenSCG-928-K15	2930985	1	1	0	0	0	0
Parabacteroides	Parabacteroides	375288	Parabacteroides sp. OttesenSCG-928-N08	2930987	1	1	0	0	0	0
Parabacteroides	Parabacteroides	375288	Parabacteroides sp. OttesenSCG-928-O15	2930988	1	1	0	0	0	0
Parabacteroides	Parabacteroides	375288	Parabacteroides sp. P14	2558282	1	0	0	1	0	0
Parabacteroides	Parabacteroides	375288	Parabacteroides sp. PF5-13	2940638	1	0	0	0	0	1
Parabacteroides	Parabacteroides	375288	Parabacteroides sp. PF5-5	2940639	1	0	0	0	0	1
Parabacteroides	Parabacteroides	375288	Parabacteroides sp. PF5-6	1742403	1	0	0	0	0	1
Parabacteroides	Parabacteroides	375288	Parabacteroides sp. PF5-9	1742404	1	0	0	0	0	1
Parabacteroides	Parabacteroides	375288	Parabacteroides sp. PFB2-10	1742405	1	0	0	0	0	1
Parabacteroides	Parabacteroides	375288	Parabacteroides sp. PFB2-12	2940652	1	0	0	0	0	1
Parabacteroides	Parabacteroides	375288	Parabacteroides sp. PFB2-22	2940640	1	0	0	0	0	1
Parabacteroides	Parabacteroides	375288	Parabacteroides sp. PH5-13	2940641	1	0	0	0	0	1
Parabacteroides	Parabacteroides	375288	Parabacteroides sp. PH5-16	2940625	1	0	0	0	0	1
Parabacteroides	Parabacteroides	375288	Parabacteroides sp. PH5-17	2940642	1	0	0	0	0	1
Parabacteroides	Parabacteroides	375288	Parabacteroides sp. PH5-26	2940643	1	0	0	0	0	1
Parabacteroides	Parabacteroides	375288	Parabacteroides sp. PH5-33	1742407	1	0	0	0	0	1
Parabacteroides	Parabacteroides	375288	Parabacteroides sp. PH5-39	2940644	1	0	0	0	0	1
Parabacteroides	Parabacteroides	375288	Parabacteroides sp. PH5-41	2940645	1	0	0	0	0	1
Parabacteroides	Parabacteroides	375288	Parabacteroides sp. PH5-46	2940646	1	0	0	0	0	1
Parabacteroides	Parabacteroides	375288	Parabacteroides sp. PH5-8	2940647	1	0	0	0	0	1
Parabacteroides	Parabacteroides	375288	Parabacteroides sp. PM5-20	2940527	1	0	0	0	0	1
Parabacteroides	Parabacteroides	375288	Parabacteroides sp. PM6-13	1742408	1	0	0	0	0	1
Parabacteroides	Parabacteroides	375288	Parabacteroides sp. PS008	2710827	1	0	0	0	0	1
Parabacteroides	Parabacteroides	375288	Parabacteroides sp. PS029	2710828	1	0	0	0	0	1
Parabacteroides	Parabacteroides	375288	Parabacteroides sp. PS030	2710829	1	0	0	0	0	1
Parabacteroides	Parabacteroides	375288	Parabacteroides sp. PS231	2710830	1	0	0	0	0	1
Parabacteroides	Parabacteroides	375288	Parabacteroides sp. PS295	2710831	1	0	0	0	0	1
Parabacteroides	Parabacteroides	375288	Parabacteroides sp. RACS_AR13	2871950	1	1	0	0	0	0
Parabacteroides	Parabacteroides	375288	Parabacteroides sp. TM07-1AC	2292363	1	1	0	0	0	0
Parabacteroides	Parabacteroides	375288	Parabacteroides sp. UBA1708	1947048	1	1	0	0	0	0
Parabacteroides	Parabacteroides	375288	Parabacteroides sp. UBA3278	1947049	1	1	0	0	0	0
Parabacteroides	Parabacteroides	375288	Parabacteroides sp. UBA7107	1947050	1	1	0	0	0	0
Parabacteroides	Parabacteroides	375288	Parabacteroides sp. Y3-G-102	2949649	1	1	0	0	0	0
Parabacteroides	Parabacteroides	375288	Parabacteroides sp. ZJ-118	2709398	1	0	0	0	0	1
Parabacteroides	Parabacteroides	375288	Parabacteroides timonensis	1871013	5	1	0	0	0	4
Parabacteroides	Parabacteroides	375288	Parabacteroides vesiculifaciens	3415987	1	1	0	0	0	0
Parabacteroides	Parabacteroides	375288	uncultured Parabacteroides sp.	512312	1147	1116	10	0	20	1
Paramuribaculum	Paramuribaculum	2518497	Paramuribaculum intestinale	2094151	543	534	0	0	2	7
Paramuribaculum	Paramuribaculum	2518497	Paramuribaculum sp.	2518501	230	131	0	1	0	98
Paramuribaculum	Paramuribaculum	2518497	uncultured Paramuribaculum sp.	3391902	7	7	0	0	0	0
Paraprevotella	Paraprevotella	577309	Candidatus Paraprevotella stercoravium	2838725	8	3	0	0	0	5
Paraprevotella	Paraprevotella	577309	Candidatus Paraprevotella stercorigallinarum	2838726	2	1	0	0	0	1
Paraprevotella	Paraprevotella	577309	Paraprevotella clara	454154	2985	817	0	0	0	2168
Paraprevotella	Paraprevotella	577309	Paraprevotella sp.	2049036	854	607	2	1	4	240
Paraprevotella	Paraprevotella	577309	Paraprevotella sp. DS66	2710832	1	0	0	0	0	1
Paraprevotella	Paraprevotella	577309	Paraprevotella xylaniphila	454155	477	182	0	1	0	294
Paraprevotella	Paraprevotella	577309	uncultured Paraprevotella sp.	910951	612	611	0	0	1	0
Pararoseburia	Pararoseburia	2946539	Pararoseburia sp.	2946541	5	5	0	0	0	0
Parolsenella	Parolsenella	2082587	Parolsenella catena	2003188	120	76	0	10	0	34
Parolsenella	Parolsenella	2082587	Parolsenella massiliensis	1871022	28	7	0	3	1	17
Parolsenella	Parolsenella	2082587	Parolsenella sp.	2083006	281	25	1	0	1	254
Parolsenella	Parolsenella	2082587	Parolsenella sp. LCP21S3_E11	3438797	1	1	0	0	0	0
Parolsenella	Parolsenella	2082587	uncultured Parolsenella sp.	2083008	67	67	0	0	0	0
Peptococcus	Peptococcus	2740	Peptococcus niger	2741	29	6	0	20	1	2
Peptococcus	Peptococcus	2740	Peptococcus simiae	1643805	3	3	0	0	0	0
Peptococcus	Peptococcus	2740	Peptococcus sp.	2049038	3	1	2	0	0	0
Peptococcus	Peptococcus	2740	Peptococcus sp. 2_1_54CFAACT2	1357330	1	0	0	0	0	1
Peptococcus	Peptococcus	2740	Peptococcus sp. RSY18	3374369	1	1	0	0	0	0
Peptococcus	Peptococcus	2740	Peptococcus sp. WB4419	2940017	1	0	0	0	0	1
Peptococcus	Peptococcus	2740	uncultured Peptococcus sp.	335458	1	1	0	0	0	0
Phascolarctobacterium	Phascolarctobacterium	33024	Candidatus Phascolarctobacterium caballi	3083124	1	1	0	0	0	0
Phascolarctobacterium	Phascolarctobacterium	33024	Candidatus Phascolarctobacterium equi	3083125	1	1	0	0	0	0
Phascolarctobacterium	Phascolarctobacterium	33024	Candidatus Phascolarctobacterium stercoravium	2838728	1	0	0	0	0	1
Phascolarctobacterium	Phascolarctobacterium	33024	Phascolarctobacterium faecium	33025	6287	961	26	6	2	5292
Phascolarctobacterium	Phascolarctobacterium	33024	Phascolarctobacterium sp.	2049039	3705	1400	10	27	15	2253
Phascolarctobacterium	Phascolarctobacterium	33024	Phascolarctobacterium sp. 3_1syn4	457408	1	0	0	0	0	1
Phascolarctobacterium	Phascolarctobacterium	33024	Phascolarctobacterium sp. CAG:207	1262914	1	1	0	0	0	0
Phascolarctobacterium	Phascolarctobacterium	33024	Phascolarctobacterium sp. CAG:266	1262915	286	286	0	0	0	0
Phascolarctobacterium	Phascolarctobacterium	33024	Phascolarctobacterium sp. ET69	2939420	2	2	0	0	0	0
Phascolarctobacterium	Phascolarctobacterium	33024	Phascolarctobacterium sp. Marseille-Q4147	2823317	1	0	0	0	0	1
Phascolarctobacterium	Phascolarctobacterium	33024	Phascolarctobacterium sp. ORNL_6EZ5-Gt_1_Pl2-107	1394021	1	0	0	0	0	1
Phascolarctobacterium	Phascolarctobacterium	33024	Phascolarctobacterium sp. ORNL_6EZ5-Gt_3_Pl1-20	1394022	1	0	0	0	0	1
Phascolarctobacterium	Phascolarctobacterium	33024	Phascolarctobacterium sp. ORNL_6EZ5-Gt_3_Pl1-21	1394023	1	0	0	0	0	1
Phascolarctobacterium	Phascolarctobacterium	33024	Phascolarctobacterium sp. ORNL_6EZ5-Gt_3_Pl1-22	1394024	1	0	0	0	0	1
Phascolarctobacterium	Phascolarctobacterium	33024	Phascolarctobacterium sp. ORNL_6EZ5-Gt_3_Pl1-23	1394025	1	0	0	0	0	1
Phascolarctobacterium	Phascolarctobacterium	33024	Phascolarctobacterium sp. ORNL_6EZ5-Gt_3_Pl1-24	1394026	1	0	0	0	0	1
Phascolarctobacterium	Phascolarctobacterium	33024	Phascolarctobacterium sp. ORNL_6EZ5-Gt_3_Pl1-25	1394027	1	0	0	0	0	1
Phascolarctobacterium	Phascolarctobacterium	33024	Phascolarctobacterium sp. ORNL_6EZ5-Gt_3_Pl1-29	1394028	1	0	0	0	0	1
Phascolarctobacterium	Phascolarctobacterium	33024	Phascolarctobacterium sp. ORNL_6EZ5-Gt_3_Pl2-123	1394029	1	0	0	0	0	1
Phascolarctobacterium	Phascolarctobacterium	33024	Phascolarctobacterium sp. ORNL_6EZ5-Gt_3_Pl2-128	1394030	1	0	0	0	0	1
Phascolarctobacterium	Phascolarctobacterium	33024	Phascolarctobacterium succinatutens	626940	4407	1578	11	0	7	2811
Phascolarctobacterium	Phascolarctobacterium	33024	uncultured Phascolarctobacterium sp.	512296	1906	1891	0	0	15	0
Phocaeicola	Phocaeicola	909656	Candidatus Phocaeicola caecigallinarum	2838729	1	0	0	0	0	1
Phocaeicola	Phocaeicola	909656	Candidatus Phocaeicola excrementigallinarum	2838730	20	3	0	0	0	17
Phocaeicola	Phocaeicola	909656	Candidatus Phocaeicola excrementipullorum	2838731	16	16	0	0	0	0
Phocaeicola	Phocaeicola	909656	Candidatus Phocaeicola faecigallinarum	2838732	7	3	0	0	0	4
Phocaeicola	Phocaeicola	909656	Candidatus Phocaeicola faecipullorum	2838733	3	2	0	0	0	1
Phocaeicola	Phocaeicola	909656	Candidatus Phocaeicola gallinarum	2838734	2	1	0	0	0	1
Phocaeicola	Phocaeicola	909656	Candidatus Phocaeicola gallistercoris	2838735	2	1	0	0	0	1
Phocaeicola	Phocaeicola	909656	Candidatus Phocaeicola merdavium	2838736	1	0	0	0	0	1
Phocaeicola	Phocaeicola	909656	Candidatus Phocaeicola merdigallinarum	2838737	3	3	0	0	0	0
Phocaeicola	Phocaeicola	909656	Phocaeicola abscessus	555313	60	2	0	44	0	14
Phocaeicola	Phocaeicola	909656	Phocaeicola acetigenes	3016083	2	2	0	0	0	0
Phocaeicola	Phocaeicola	909656	Phocaeicola barnesiae	376804	212	76	0	10	0	126
Phocaeicola	Phocaeicola	909656	Phocaeicola coprocola	310298	2644	572	0	7	1	2064
Phocaeicola	Phocaeicola	909656	Phocaeicola coprophilus	387090	1238	256	1	2	1	978
Phocaeicola	Phocaeicola	909656	Phocaeicola dorei	357276	7140	3623	3	12	7	3495
Phocaeicola	Phocaeicola	909656	Phocaeicola faecalis	2786956	10	9	1	0	0	0
Phocaeicola	Phocaeicola	909656	Phocaeicola faecicola	2739389	28	28	0	0	0	0
Phocaeicola	Phocaeicola	909656	Phocaeicola faecium	2762213	4	3	0	0	0	1
Phocaeicola	Phocaeicola	909656	Phocaeicola fibrisolvens	2981793	9	9	0	0	0	0
Phocaeicola	Phocaeicola	909656	Phocaeicola intestinalis	2762212	4	3	0	0	0	1
Phocaeicola	Phocaeicola	909656	Phocaeicola massiliensis	204516	2366	548	3	5	7	1803
Phocaeicola	Phocaeicola	909656	Phocaeicola oris	2896850	2	0	0	2	0	0
Phocaeicola	Phocaeicola	909656	Phocaeicola paurosaccharolyticus	732242	11	0	3	0	1	7
Phocaeicola	Phocaeicola	909656	Phocaeicola plebeius	310297	4138	1061	2	35	3	3037
Phocaeicola	Phocaeicola	909656	Phocaeicola salanitronis	376805	15	7	0	0	1	7
Phocaeicola	Phocaeicola	909656	Phocaeicola sartorii	671267	209	102	0	0	1	106
Phocaeicola	Phocaeicola	909656	Phocaeicola sp.	2773926	882	488	20	123	1	250
Phocaeicola	Phocaeicola	909656	Phocaeicola sp. A39	3478896	1	0	0	0	0	1
Phocaeicola	Phocaeicola	909656	Phocaeicola sp. GP0067	3061040	1	1	0	0	0	0
Phocaeicola	Phocaeicola	909656	Phocaeicola sp. HCN-40430	3134664	1	1	0	0	0	0
Phocaeicola	Phocaeicola	909656	Phocaeicola sp. HCN-6420	3134673	1	1	0	0	0	0
Phocaeicola	Phocaeicola	909656	Phocaeicola sp. ICN-14070	3134656	1	1	0	0	0	0
Phocaeicola	Phocaeicola	909656	Phocaeicola sp. RACS_AR12	2871949	1	1	0	0	0	0
Phocaeicola	Phocaeicola	909656	Phocaeicola sp. RACS_AR20	2871957	1	1	0	0	0	0
Phocaeicola	Phocaeicola	909656	Phocaeicola sp. RACS_AR48	2871985	1	1	0	0	0	0
Phocaeicola	Phocaeicola	909656	Phocaeicola sp. RTP21198st1_B8_RTP21198_201120	3143217	1	1	0	0	0	0
Phocaeicola	Phocaeicola	909656	Phocaeicola sp. RTP21359st1_B8_RTP21360_211022	3143192	1	1	0	0	0	0
Phocaeicola	Phocaeicola	909656	Phocaeicola sp. RTP21359st1_C8_RTP21359_211015	3143193	1	1	0	0	0	0
Phocaeicola	Phocaeicola	909656	Phocaeicola sp. RTP21359st1_E3_RTP21360_211022	3143194	1	1	0	0	0	0
Phocaeicola	Phocaeicola	909656	Phocaeicola sp. RTP21359st1_F5_RTP21360_211022	3143195	1	1	0	0	0	0
Phocaeicola	Phocaeicola	909656	Phocaeicola sp. RTP21359st1_F7_RTP21360_211022	3143196	1	1	0	0	0	0
Phocaeicola	Phocaeicola	909656	Phocaeicola vulgatus	821	24827	13063	17	66	48	11633
Phocaeicola	Phocaeicola	909656	uncultured Phocaeicola sp.	990718	607	604	0	0	3	0
Pilosibacter	Pilosibacter	3144345	Pilosibacter fragilis	3078042	28	25	0	0	1	2
Pilosibacter	Pilosibacter	3144345	Pilosibacter rotomagensis	3378803	1	0	0	0	0	1
Pilosibacter	Pilosibacter	3144345	Pilosibacter sp.	3144351	75	71	2	1	1	0
Pilosibacter	Pilosibacter	3144345	Pilosibacter sp. HA7684	3855369	1	0	0	0	0	1
Pilosibacter	Pilosibacter	3144345	Pilosibacter sp. NGB245	3480012	1	1	0	0	0	0
Pilosibacter	Pilosibacter	3144345	Pilosibacter sp. YYHA0881	3380348	1	1	0	0	0	0
Prevotella	Prevotella	838	Candidatus Prevotella avicola	2838738	4	3	0	0	0	1
Prevotella	Prevotella	838	Candidatus Prevotella equi	3083129	1	1	0	0	0	0
Prevotella	Prevotella	838	Candidatus Prevotella intestinigallinarum	2838739	6	5	0	0	0	1
Prevotella	Prevotella	838	Candidatus Prevotella stercoripullorum	2838740	2	1	0	0	0	1
Prevotella	Prevotella	838	Prevotella aff. ruminicola Tc2-24	81582	2	1	0	0	0	1
Prevotella	Prevotella	838	Prevotella amnii	419005	551	0	0	494	0	57
Prevotella	Prevotella	838	Prevotella aurantiaca	596085	61	0	0	35	1	25
Prevotella	Prevotella	838	Prevotella bivia	28125	583	70	0	223	3	287
Prevotella	Prevotella	838	Prevotella brunnea	2508867	6	0	0	5	0	1
Prevotella	Prevotella	838	Prevotella communis	2913614	8	0	0	0	0	8
Prevotella	Prevotella	838	Prevotella conceptionensis	340486	102	0	0	40	0	62
Prevotella	Prevotella	838	Prevotella corporis	28128	182	28	0	21	1	132
Prevotella	Prevotella	838	Prevotella dentalis	52227	16	1	0	9	0	6
Prevotella	Prevotella	838	Prevotella dentasini	589537	3	0	0	1	0	2
Prevotella	Prevotella	838	Prevotella denticola	28129	154	5	0	71	0	78
Prevotella	Prevotella	838	Prevotella disiens	28130	274	21	0	109	1	143
Prevotella	Prevotella	838	Prevotella falsenii	515414	2	0	0	1	0	1
Prevotella	Prevotella	838	Prevotella fusca	589436	19	1	0	14	0	4
Prevotella	Prevotella	838	Prevotella heparinolytica	28113	170	12	0	156	0	2
Prevotella	Prevotella	838	Prevotella herbatica	2801997	1	0	0	0	0	1
Prevotella	Prevotella	838	Prevotella histicola	470565	488	23	4	221	1	239
Prevotella	Prevotella	838	Prevotella ihumii	1917878	26	1	0	20	0	5
Prevotella	Prevotella	838	Prevotella illustrans	2800387	1	0	0	0	0	1
Prevotella	Prevotella	838	Prevotella intermedia	28131	338	32	0	163	2	141
Prevotella	Prevotella	838	Prevotella jejuni	1177574	310	7	2	140	0	161
Prevotella	Prevotella	838	Prevotella koreensis	2490854	58	2	0	42	0	14
Prevotella	Prevotella	838	Prevotella lacticifex	2854755	78	3	1	0	0	74
Prevotella	Prevotella	838	Prevotella marseillensis	2479840	1	1	0	0	0	0
Prevotella	Prevotella	838	Prevotella melaninogenica	28132	1065	17	0	438	5	605
Prevotella	Prevotella	838	Prevotella merdae	2079531	111	110	0	0	0	1
Prevotella	Prevotella	838	Prevotella micans	189723	54	1	0	34	0	19
Prevotella	Prevotella	838	Prevotella mikamonis	3236793	5	0	0	0	0	5
Prevotella	Prevotella	838	Prevotella multiformis	282402	42	2	0	25	0	15
Prevotella	Prevotella	838	Prevotella nigrescens	28133	169	9	0	77	0	83
Prevotella	Prevotella	838	Prevotella pallens	60133	620	3	4	261	2	350
Prevotella	Prevotella	838	Prevotella pectinovora	1602169	183	92	0	0	3	88
Prevotella	Prevotella	838	Prevotella phocaeensis	1776388	1	0	0	0	0	1
Prevotella	Prevotella	838	Prevotella rectalis	2219999	1	1	0	0	0	0
Prevotella	Prevotella	838	Prevotella scopos	589437	10	0	0	7	0	3
Prevotella	Prevotella	838	Prevotella sp.	59823	40882	8799	132	1389	94	30468
Prevotella	Prevotella	838	Prevotella sp. 10(H)	1158294	2	0	0	0	0	2
Prevotella	Prevotella	838	Prevotella sp. 15_C9	2973930	1	0	0	0	1	0
Prevotella	Prevotella	838	Prevotella sp. 20925_1_30	3003679	1	0	0	1	0	0
Prevotella	Prevotella	838	Prevotella sp. 543	2981843	1	0	0	0	0	1
Prevotella	Prevotella	838	Prevotella sp. 885	2022527	94	94	0	0	0	0
Prevotella	Prevotella	838	Prevotella sp. acf_px_01	2682498	1	0	0	1	0	0
Prevotella	Prevotella	838	Prevotella sp. acf_px_02	2682502	1	0	0	1	0	0
Prevotella	Prevotella	838	Prevotella sp. acf_px_03	2682505	1	0	0	1	0	0
Prevotella	Prevotella	838	Prevotella sp. AG:487_50_53	1897014	2	0	0	1	1	0
Prevotella	Prevotella	838	Prevotella sp. AGR2160	1280674	2	0	0	0	0	2
Prevotella	Prevotella	838	Prevotella sp. AH-173-A05	2269247	1	0	0	0	0	1
Prevotella	Prevotella	838	Prevotella sp. AH-173-A22	2269248	1	0	0	0	0	1
Prevotella	Prevotella	838	Prevotella sp. AH-173-B04	2269249	1	0	0	0	0	1
Prevotella	Prevotella	838	Prevotella sp. AH-173-B11	2269250	1	0	0	0	0	1
Prevotella	Prevotella	838	Prevotella sp. AH-173-B15	2269251	1	0	0	0	0	1
Prevotella	Prevotella	838	Prevotella sp. AH-173-B17	2269252	1	0	0	0	0	1
Prevotella	Prevotella	838	Prevotella sp. AH-173-B18	2269253	1	0	0	0	0	1
Prevotella	Prevotella	838	Prevotella sp. AH-173-B19	2269254	1	0	0	0	0	1
Prevotella	Prevotella	838	Prevotella sp. AH-173-C03	2269255	1	0	0	0	0	1
Prevotella	Prevotella	838	Prevotella sp. AH-173-C04	2269256	1	0	0	0	0	1
Prevotella	Prevotella	838	Prevotella sp. AH-173-C07	2269257	1	0	0	0	0	1
Prevotella	Prevotella	838	Prevotella sp. AH-173-C09	2269258	1	0	0	0	0	1
Prevotella	Prevotella	838	Prevotella sp. AH-173-C10	2269259	1	0	0	0	0	1
Prevotella	Prevotella	838	Prevotella sp. AH-173-C14	2269260	1	0	0	0	0	1
Prevotella	Prevotella	838	Prevotella sp. AH-173-C22	2269261	1	0	0	0	0	1
Prevotella	Prevotella	838	Prevotella sp. AH-173-C23	2269262	1	0	0	0	0	1
Prevotella	Prevotella	838	Prevotella sp. AH-173-D03	2269263	1	0	0	0	0	1
Prevotella	Prevotella	838	Prevotella sp. AH-173-D04	2269264	1	0	0	0	0	1
Prevotella	Prevotella	838	Prevotella sp. AH-173-D17	2269265	1	0	0	0	0	1
Prevotella	Prevotella	838	Prevotella sp. AH-173-D21	2269266	1	0	0	0	0	1
Prevotella	Prevotella	838	Prevotella sp. AH-173-E02	2269267	1	0	0	0	0	1
Prevotella	Prevotella	838	Prevotella sp. AH-173-E05	2269268	1	0	0	0	0	1
Prevotella	Prevotella	838	Prevotella sp. AH-173-E07	2269269	1	0	0	0	0	1
Prevotella	Prevotella	838	Prevotella sp. AH-173-E11	2269270	1	0	0	0	0	1
Prevotella	Prevotella	838	Prevotella sp. AH-173-F10	2269271	1	0	0	0	0	1
Prevotella	Prevotella	838	Prevotella sp. AH-173-F15	2269272	1	0	0	0	0	1
Prevotella	Prevotella	838	Prevotella sp. AH-173-F21	2269273	1	0	0	0	0	1
Prevotella	Prevotella	838	Prevotella sp. AH-173-F22	2269274	1	0	0	0	0	1
Prevotella	Prevotella	838	Prevotella sp. AH-173-G07	2269275	1	0	0	0	0	1
Prevotella	Prevotella	838	Prevotella sp. AH-173-G09	2269276	1	0	0	0	0	1
Prevotella	Prevotella	838	Prevotella sp. AH-173-G19	2269277	1	0	0	0	0	1
Prevotella	Prevotella	838	Prevotella sp. AH-173-I21	2269278	1	0	0	0	0	1
Prevotella	Prevotella	838	Prevotella sp. AH-173-I23	2269279	1	0	0	0	0	1
Prevotella	Prevotella	838	Prevotella sp. AH-173-J11	2269280	1	0	0	0	0	1
Prevotella	Prevotella	838	Prevotella sp. AH-173-J20	2269281	1	0	0	0	0	1
Prevotella	Prevotella	838	Prevotella sp. AH-173-K03	2269282	1	0	0	0	0	1
Prevotella	Prevotella	838	Prevotella sp. AH-173-K07	2269283	1	0	0	0	0	1
Prevotella	Prevotella	838	Prevotella sp. AH-173-K08	2269284	1	0	0	0	0	1
Prevotella	Prevotella	838	Prevotella sp. AH-173-K09	2269285	1	0	0	0	0	1
Prevotella	Prevotella	838	Prevotella sp. AH-173-K15	2269286	1	0	0	0	0	1
Prevotella	Prevotella	838	Prevotella sp. AH-173-K17	2269287	1	0	0	0	0	1
Prevotella	Prevotella	838	Prevotella sp. AH-173-K18	2269288	1	0	0	0	0	1
Prevotella	Prevotella	838	Prevotella sp. AH-173-L06	2269289	1	0	0	0	0	1
Prevotella	Prevotella	838	Prevotella sp. AH-173-L08	2269290	1	0	0	0	0	1
Prevotella	Prevotella	838	Prevotella sp. AH-173-L10	2269291	1	0	0	0	0	1
Prevotella	Prevotella	838	Prevotella sp. AH-173-L11	2269292	1	0	0	0	0	1
Prevotella	Prevotella	838	Prevotella sp. AH-173-L14	2269293	1	0	0	0	0	1
Prevotella	Prevotella	838	Prevotella sp. AH-173-L16	2269294	1	0	0	0	0	1
Prevotella	Prevotella	838	Prevotella sp. AH-173-M03	2269295	1	0	0	0	0	1
Prevotella	Prevotella	838	Prevotella sp. AH-173-M04	2269296	1	0	0	0	0	1
Prevotella	Prevotella	838	Prevotella sp. AH-173-M09	2269297	1	0	0	0	0	1
Prevotella	Prevotella	838	Prevotella sp. AH-173-M17	2269298	1	0	0	0	0	1
Prevotella	Prevotella	838	Prevotella sp. AH-173-M20	2269299	1	0	0	0	0	1
Prevotella	Prevotella	838	Prevotella sp. AH-173-M22	2269300	1	0	0	0	0	1
Prevotella	Prevotella	838	Prevotella sp. AH-173-M23	2269301	1	0	0	0	0	1
Prevotella	Prevotella	838	Prevotella sp. AH-173-N02	2269302	1	0	0	0	0	1
Prevotella	Prevotella	838	Prevotella sp. AH-173-N06	2269303	1	0	0	0	0	1
Prevotella	Prevotella	838	Prevotella sp. AH-173-N08	2269304	1	0	0	0	0	1
Prevotella	Prevotella	838	Prevotella sp. AH-173-N21	2269305	1	0	0	0	0	1
Prevotella	Prevotella	838	Prevotella sp. AH-173-N22	2269306	1	0	0	0	0	1
Prevotella	Prevotella	838	Prevotella sp. AH-173-O05	2269307	1	0	0	0	0	1
Prevotella	Prevotella	838	Prevotella sp. AH-173-O13	2269308	1	0	0	0	0	1
Prevotella	Prevotella	838	Prevotella sp. AH-173-O14	2269309	1	0	0	0	0	1
Prevotella	Prevotella	838	Prevotella sp. AH-173-O18	2269310	1	0	0	0	0	1
Prevotella	Prevotella	838	Prevotella sp. AH-173-O22	2269311	1	0	0	0	0	1
Prevotella	Prevotella	838	Prevotella sp. AH-173-P15	2269312	1	0	0	0	0	1
Prevotella	Prevotella	838	Prevotella sp. AH-177-A01	2269313	1	0	0	0	0	1
Prevotella	Prevotella	838	Prevotella sp. AH-177-A10	2269314	1	0	0	0	0	1
Prevotella	Prevotella	838	Prevotella sp. AH-177-A13	2269315	1	0	0	0	0	1
Prevotella	Prevotella	838	Prevotella sp. AH-177-A20	2269316	1	0	0	0	0	1
Prevotella	Prevotella	838	Prevotella sp. AH-177-B04	2269317	1	0	0	0	0	1
Prevotella	Prevotella	838	Prevotella sp. AH-177-B08	2269318	1	0	0	0	0	1
Prevotella	Prevotella	838	Prevotella sp. AH-177-B20	2269319	1	0	0	0	0	1
Prevotella	Prevotella	838	Prevotella sp. AH-177-B23	2269320	1	0	0	0	0	1
Prevotella	Prevotella	838	Prevotella sp. AH-177-C02	2269321	1	0	0	0	0	1
Prevotella	Prevotella	838	Prevotella sp. AH-177-C07	2269322	1	0	0	0	0	1
Prevotella	Prevotella	838	Prevotella sp. AH-177-D13	2269323	1	0	0	0	0	1
Prevotella	Prevotella	838	Prevotella sp. AH-177-D22	2269324	1	0	0	0	0	1
Prevotella	Prevotella	838	Prevotella sp. AH-177-E17	2269325	1	0	0	0	0	1
Prevotella	Prevotella	838	Prevotella sp. AH-177-E18	2269326	1	0	0	0	0	1
Prevotella	Prevotella	838	Prevotella sp. AH-177-E22	2269327	1	0	0	0	0	1
Prevotella	Prevotella	838	Prevotella sp. AH-177-E23	2269328	1	0	0	0	0	1
Prevotella	Prevotella	838	Prevotella sp. AH-177-F10	2269329	1	0	0	0	0	1
Prevotella	Prevotella	838	Prevotella sp. AH-177-F17	2269330	1	0	0	0	0	1
Prevotella	Prevotella	838	Prevotella sp. AH-177-F21	2269331	1	0	0	0	0	1
Prevotella	Prevotella	838	Prevotella sp. AH-177-G09	2269332	1	0	0	0	0	1
Prevotella	Prevotella	838	Prevotella sp. AH-177-H24	2269333	1	0	0	0	0	1
Prevotella	Prevotella	838	Prevotella sp. AH-177-I02	2269334	1	0	0	0	0	1
Prevotella	Prevotella	838	Prevotella sp. AH-177-I07	2269335	1	0	0	0	0	1
Prevotella	Prevotella	838	Prevotella sp. AH-177-I18	2269336	1	0	0	0	0	1
Prevotella	Prevotella	838	Prevotella sp. AH-177-K08	2269337	1	0	0	0	0	1
Prevotella	Prevotella	838	Prevotella sp. AH-177-K23	2269338	1	0	0	0	0	1
Prevotella	Prevotella	838	Prevotella sp. AH-177-N05	2269339	1	0	0	0	0	1
Prevotella	Prevotella	838	Prevotella sp. AH-177-N08	2269340	1	0	0	0	0	1
Prevotella	Prevotella	838	Prevotella sp. AH-177-N11	2269341	1	0	0	0	0	1
Prevotella	Prevotella	838	Prevotella sp. AH-177-N16	2269342	1	0	0	0	0	1
Prevotella	Prevotella	838	Prevotella sp. AH-177-P19	2269343	1	0	0	0	0	1
Prevotella	Prevotella	838	Prevotella sp. AH-177-P22	2269344	1	0	0	0	0	1
Prevotella	Prevotella	838	Prevotella sp. AM23-5	2292054	1	1	0	0	0	0
Prevotella	Prevotella	838	Prevotella sp. AM34-19LB	2292364	1	1	0	0	0	0
Prevotella	Prevotella	838	Prevotella sp. AM42-24	2293125	1	1	0	0	0	0
Prevotella	Prevotella	838	Prevotella sp. BV3P1	1111130	2	0	0	0	0	2
Prevotella	Prevotella	838	Prevotella sp. C0026C3	3455245	1	0	0	0	0	1
Prevotella	Prevotella	838	Prevotella sp. C0209C1	3455244	1	0	0	0	0	1
Prevotella	Prevotella	838	Prevotella sp. C561	563031	2	0	0	1	0	1
Prevotella	Prevotella	838	Prevotella sp. CAG:1031	1262917	45	44	0	0	1	0
Prevotella	Prevotella	838	Prevotella sp. CAG:1058	1262918	8	8	0	0	0	0
Prevotella	Prevotella	838	Prevotella sp. CAG:1092	1262919	28	28	0	0	0	0
Prevotella	Prevotella	838	Prevotella sp. CAG:1124	1262920	21	21	0	0	0	0
Prevotella	Prevotella	838	Prevotella sp. CAG:1185	1262921	7	7	0	0	0	0
Prevotella	Prevotella	838	Prevotella sp. CAG:1320	1262922	21	21	0	0	0	0
Prevotella	Prevotella	838	Prevotella sp. CAG:255	1262923	1	1	0	0	0	0
Prevotella	Prevotella	838	Prevotella sp. CAG:279	1262924	21	21	0	0	0	0
Prevotella	Prevotella	838	Prevotella sp. CAG:386	1262925	2	2	0	0	0	0
Prevotella	Prevotella	838	Prevotella sp. CAG:474	1262926	1	1	0	0	0	0
Prevotella	Prevotella	838	Prevotella sp. CAG:485	1262927	30	30	0	0	0	0
Prevotella	Prevotella	838	Prevotella sp. CAG:487	1262928	1	1	0	0	0	0
Prevotella	Prevotella	838	Prevotella sp. CAG:520	1262929	230	230	0	0	0	0
Prevotella	Prevotella	838	Prevotella sp. CAG:5226	1262930	1	1	0	0	0	0
Prevotella	Prevotella	838	Prevotella sp. CAG:592	1262931	1	1	0	0	0	0
Prevotella	Prevotella	838	Prevotella sp. CAG:604	1262932	2	2	0	0	0	0
Prevotella	Prevotella	838	Prevotella sp. CAG:617	1262933	5	5	0	0	0	0
Prevotella	Prevotella	838	Prevotella sp. CAG:732	1262934	19	19	0	0	0	0
Prevotella	Prevotella	838	Prevotella sp. CAG:755	1262935	22	22	0	0	0	0
Prevotella	Prevotella	838	Prevotella sp. CAG:873	1262936	88	88	0	0	0	0
Prevotella	Prevotella	838	Prevotella sp. CAG:891	1262937	25	25	0	0	0	0
Prevotella	Prevotella	838	Prevotella sp. CAG:924	1262938	24	24	0	0	0	0
Prevotella	Prevotella	838	Prevotella sp. DHT1_S7	3687808	1	0	0	0	0	1
Prevotella	Prevotella	838	Prevotella sp. DHT2_S8	3687809	1	0	0	0	0	1
Prevotella	Prevotella	838	Prevotella sp. DHT3_S10	3687810	1	0	0	0	0	1
Prevotella	Prevotella	838	Prevotella sp. DNF00663	1384078	1	0	0	1	0	0
Prevotella	Prevotella	838	Prevotella sp. E13-17	2913616	1	0	0	0	0	1
Prevotella	Prevotella	838	Prevotella sp. E13-27	2938122	1	0	0	0	0	1
Prevotella	Prevotella	838	Prevotella sp. E15-22	2937774	1	0	0	0	0	1
Prevotella	Prevotella	838	Prevotella sp. E2-28	2913620	1	0	0	0	0	1
Prevotella	Prevotella	838	Prevotella sp. E9-3	2913621	1	0	0	0	0	1
Prevotella	Prevotella	838	Prevotella sp. F0091	1227276	4	0	0	1	0	3
Prevotella	Prevotella	838	Prevotella sp. FD3004	1408309	1	0	0	0	0	1
Prevotella	Prevotella	838	Prevotella sp. FDAARGOS 1228	2778080	1	0	0	0	1	0
Prevotella	Prevotella	838	Prevotella sp. HCN-7019	3134668	1	1	0	0	0	0
Prevotella	Prevotella	838	Prevotella sp. HJM029	1433844	2	0	0	1	0	1
Prevotella	Prevotella	838	Prevotella sp. HMP_JCVI_SC0285	1409845	1	0	0	0	0	1
Prevotella	Prevotella	838	Prevotella sp. HMSC069G02	1739496	1	0	0	1	0	0
Prevotella	Prevotella	838	Prevotella sp. HMSC073D09	1739459	1	0	0	1	0	0
Prevotella	Prevotella	838	Prevotella sp. HMSC077E08	1739520	1	0	0	1	0	0
Prevotella	Prevotella	838	Prevotella sp. HMSC077E09	1739487	1	0	0	1	0	0
Prevotella	Prevotella	838	Prevotella sp. HUN102	1392486	2	0	0	0	0	2
Prevotella	Prevotella	838	Prevotella sp. ICM33	1161412	2	0	0	0	0	2
Prevotella	Prevotella	838	Prevotella sp. ICM55	936571	1	0	0	0	0	1
Prevotella	Prevotella	838	Prevotella sp. kh1p2	1761883	1	0	0	0	0	1
Prevotella	Prevotella	838	Prevotella sp. KH2C16	1855325	1	0	0	0	0	1
Prevotella	Prevotella	838	Prevotella sp. KHC14	1882820	1	0	0	0	0	1
Prevotella	Prevotella	838	Prevotella sp. khp1	1761884	1	0	0	0	0	1
Prevotella	Prevotella	838	Prevotella sp. khp7	1761885	1	0	0	0	0	1
Prevotella	Prevotella	838	Prevotella sp. lc2012	1761886	3	2	0	0	0	1
Prevotella	Prevotella	838	Prevotella sp. LCP21S3_D2	3438800	1	1	0	0	0	0
Prevotella	Prevotella	838	Prevotella sp. LMAG:51	1969564	1	1	0	0	0	0
Prevotella	Prevotella	838	Prevotella sp. MA2016	1408310	1	1	0	0	0	0
Prevotella	Prevotella	838	Prevotella sp. Marseille-P2931	1871004	1	0	0	1	0	0
Prevotella	Prevotella	838	Prevotella sp. MGM1	2033405	9	0	0	0	0	9
Prevotella	Prevotella	838	Prevotella sp. MGM2	2033406	12	0	0	0	0	12
Prevotella	Prevotella	838	Prevotella sp. MSX73	1032506	6	5	0	0	0	1
Prevotella	Prevotella	838	Prevotella sp. MX	2203718	1	0	0	0	1	0
Prevotella	Prevotella	838	Prevotella sp. ne3005	1761887	1	0	0	0	0	1
Prevotella	Prevotella	838	Prevotella sp. OH937_COT-195	2491051	1	0	0	1	0	0
Prevotella	Prevotella	838	Prevotella sp. oral taxon 299	652716	4	0	0	0	0	4
Prevotella	Prevotella	838	Prevotella sp. oral taxon 306	712461	5	0	0	4	0	1
Prevotella	Prevotella	838	Prevotella sp. oral taxon 313	652722	1	0	0	1	0	0
Prevotella	Prevotella	838	Prevotella sp. oral taxon 317	652721	3	0	0	0	0	3
Prevotella	Prevotella	838	Prevotella sp. oral taxon 376	712466	4	0	0	1	0	3
Prevotella	Prevotella	838	Prevotella sp. oral taxon 472	655809	1	0	0	0	0	1
Prevotella	Prevotella	838	Prevotella sp. oral taxon 475	712471	2	0	0	1	0	1
Prevotella	Prevotella	838	Prevotella sp. oral taxon 820	2081962	1	0	0	1	0	0
Prevotella	Prevotella	838	Prevotella sp. P1	3818264	9	9	0	0	0	0
Prevotella	Prevotella	838	Prevotella sp. P2-180	2024224	2	2	0	0	0	0
Prevotella	Prevotella	838	Prevotella sp. P3-120	2024220	1	1	0	0	0	0
Prevotella	Prevotella	838	Prevotella sp. P3-122	2024223	2	2	0	0	0	0
Prevotella	Prevotella	838	Prevotella sp. P3-92	2024221	1	1	0	0	0	0
Prevotella	Prevotella	838	Prevotella sp. P4-119	2024218	1	1	0	0	0	0
Prevotella	Prevotella	838	Prevotella sp. P4-51	2024228	1	1	0	0	0	0
Prevotella	Prevotella	838	Prevotella sp. P4-67	2024227	1	1	0	0	0	0
Prevotella	Prevotella	838	Prevotella sp. P4-98	2024219	1	1	0	0	0	0
Prevotella	Prevotella	838	Prevotella sp. P5-108	2024225	15	15	0	0	0	0
Prevotella	Prevotella	838	Prevotella sp. P5-126	2024216	1	1	0	0	0	0
Prevotella	Prevotella	838	Prevotella sp. P5-50	2024217	3	3	0	0	0	0
Prevotella	Prevotella	838	Prevotella sp. P5-64	2024226	1	1	0	0	0	0
Prevotella	Prevotella	838	Prevotella sp. P5-92	2024222	2	2	0	0	0	0
Prevotella	Prevotella	838	Prevotella sp. P6B1	1410613	1	0	0	0	0	1
Prevotella	Prevotella	838	Prevotella sp. P6B4	1410614	1	0	0	0	0	1
Prevotella	Prevotella	838	Prevotella sp. PCJ2	2736293	1	1	0	0	0	0
Prevotella	Prevotella	838	Prevotella sp. PJ1A	2736292	1	1	0	0	0	0
Prevotella	Prevotella	838	Prevotella sp. PTAC	2736295	1	1	0	0	0	0
Prevotella	Prevotella	838	Prevotella sp. Rep29	2691580	6	1	0	0	5	0
Prevotella	Prevotella	838	Prevotella sp. RM4	1200547	1	0	0	0	0	1
Prevotella	Prevotella	838	Prevotella sp. S7 MS 2	1287488	1	0	0	1	0	0
Prevotella	Prevotella	838	Prevotella sp. S7-1-8	1284775	1	0	0	1	0	0
Prevotella	Prevotella	838	Prevotella sp. SGI.027	3420565	1	0	0	0	0	1
Prevotella	Prevotella	838	Prevotella sp. SGI.167	3420566	1	0	0	0	0	1
Prevotella	Prevotella	838	Prevotella sp. SOTU346	3472975	1	1	0	0	0	0
Prevotella	Prevotella	838	Prevotella sp. Sow4_E9_plate	3438802	1	1	0	0	0	0
Prevotella	Prevotella	838	Prevotella sp. tc2-28	1761888	1	0	0	0	0	1
Prevotella	Prevotella	838	Prevotella sp. TCVGH	2182433	1	0	0	1	0	0
Prevotella	Prevotella	838	Prevotella sp. TF12-30	2292365	1	1	0	0	0	0
Prevotella	Prevotella	838	Prevotella sp. tf2-5	1761889	1	0	0	0	0	1
Prevotella	Prevotella	838	Prevotella sp. UBA1074	1947081	1	1	0	0	0	0
Prevotella	Prevotella	838	Prevotella sp. UBA1102	1947082	1	1	0	0	0	0
Prevotella	Prevotella	838	Prevotella sp. UBA1104	1947083	1	1	0	0	0	0
Prevotella	Prevotella	838	Prevotella sp. UBA1378	1947084	1	0	0	0	1	0
Prevotella	Prevotella	838	Prevotella sp. UBA1395	1947085	1	0	0	0	1	0
Prevotella	Prevotella	838	Prevotella sp. UBA1705	1947086	1	1	0	0	0	0
Prevotella	Prevotella	838	Prevotella sp. UBA2444	1947087	1	1	0	0	0	0
Prevotella	Prevotella	838	Prevotella sp. UBA2445	1947088	1	1	0	0	0	0
Prevotella	Prevotella	838	Prevotella sp. UBA2446	1947089	1	1	0	0	0	0
Prevotella	Prevotella	838	Prevotella sp. UBA2447	1947090	1	1	0	0	0	0
Prevotella	Prevotella	838	Prevotella sp. UBA2452	1947091	1	1	0	0	0	0
Prevotella	Prevotella	838	Prevotella sp. UBA2455	1947092	1	1	0	0	0	0
Prevotella	Prevotella	838	Prevotella sp. UBA2456	1947093	1	1	0	0	0	0
Prevotella	Prevotella	838	Prevotella sp. UBA2457	1947094	1	1	0	0	0	0
Prevotella	Prevotella	838	Prevotella sp. UBA2711	1947095	1	1	0	0	0	0
Prevotella	Prevotella	838	Prevotella sp. UBA2725	1947096	1	1	0	0	0	0
Prevotella	Prevotella	838	Prevotella sp. UBA2726	1947097	1	1	0	0	0	0
Prevotella	Prevotella	838	Prevotella sp. UBA2728	1947098	1	1	0	0	0	0
Prevotella	Prevotella	838	Prevotella sp. UBA2732	1947099	1	1	0	0	0	0
Prevotella	Prevotella	838	Prevotella sp. UBA2735	1947100	1	1	0	0	0	0
Prevotella	Prevotella	838	Prevotella sp. UBA2737	1947101	1	1	0	0	0	0
Prevotella	Prevotella	838	Prevotella sp. UBA2739	1947102	1	1	0	0	0	0
Prevotella	Prevotella	838	Prevotella sp. UBA2740	1947103	1	1	0	0	0	0
Prevotella	Prevotella	838	Prevotella sp. UBA2742	1947104	1	1	0	0	0	0
Prevotella	Prevotella	838	Prevotella sp. UBA2743	1947105	1	1	0	0	0	0
Prevotella	Prevotella	838	Prevotella sp. UBA2745	1947106	1	1	0	0	0	0
Prevotella	Prevotella	838	Prevotella sp. UBA2746	1947107	1	1	0	0	0	0
Prevotella	Prevotella	838	Prevotella sp. UBA2747	1947108	1	1	0	0	0	0
Prevotella	Prevotella	838	Prevotella sp. UBA2750	1947109	1	1	0	0	0	0
Prevotella	Prevotella	838	Prevotella sp. UBA2754	1947110	1	1	0	0	0	0
Prevotella	Prevotella	838	Prevotella sp. UBA2755	1947111	1	1	0	0	0	0
Prevotella	Prevotella	838	Prevotella sp. UBA2756	1947112	1	1	0	0	0	0
Prevotella	Prevotella	838	Prevotella sp. UBA2758	1947113	1	1	0	0	0	0
Prevotella	Prevotella	838	Prevotella sp. UBA2762	1947114	1	1	0	0	0	0
Prevotella	Prevotella	838	Prevotella sp. UBA2763	1947115	1	1	0	0	0	0
Prevotella	Prevotella	838	Prevotella sp. UBA2809	1947116	1	1	0	0	0	0
Prevotella	Prevotella	838	Prevotella sp. UBA2811	1947117	1	1	0	0	0	0
Prevotella	Prevotella	838	Prevotella sp. UBA2822	1947118	1	1	0	0	0	0
Prevotella	Prevotella	838	Prevotella sp. UBA2828	1947119	1	1	0	0	0	0
Prevotella	Prevotella	838	Prevotella sp. UBA2838	1947120	1	1	0	0	0	0
Prevotella	Prevotella	838	Prevotella sp. UBA2846	1947121	1	1	0	0	0	0
Prevotella	Prevotella	838	Prevotella sp. UBA2850	1947122	1	1	0	0	0	0
Prevotella	Prevotella	838	Prevotella sp. UBA2859	1947123	2	1	0	0	1	0
Prevotella	Prevotella	838	Prevotella sp. UBA2874	1947124	1	1	0	0	0	0
Prevotella	Prevotella	838	Prevotella sp. UBA2878	1947125	1	1	0	0	0	0
Prevotella	Prevotella	838	Prevotella sp. UBA2925	1947126	1	1	0	0	0	0
Prevotella	Prevotella	838	Prevotella sp. UBA2926	1947127	1	1	0	0	0	0
Prevotella	Prevotella	838	Prevotella sp. UBA2937	1947128	1	1	0	0	0	0
Prevotella	Prevotella	838	Prevotella sp. UBA2941	1947129	1	1	0	0	0	0
Prevotella	Prevotella	838	Prevotella sp. UBA3208	1947130	1	0	0	1	0	0
Prevotella	Prevotella	838	Prevotella sp. UBA3211	1947131	1	0	0	1	0	0
Prevotella	Prevotella	838	Prevotella sp. UBA3256	1947132	1	1	0	0	0	0
Prevotella	Prevotella	838	Prevotella sp. UBA3288	1947133	1	0	0	1	0	0
Prevotella	Prevotella	838	Prevotella sp. UBA3294	1947134	1	0	0	1	0	0
Prevotella	Prevotella	838	Prevotella sp. UBA3313	1947135	1	1	0	0	0	0
Prevotella	Prevotella	838	Prevotella sp. UBA3619	1947136	1	0	0	1	0	0
Prevotella	Prevotella	838	Prevotella sp. UBA3625	1947137	1	0	0	1	0	0
Prevotella	Prevotella	838	Prevotella sp. UBA3652	1947138	1	0	0	1	0	0
Prevotella	Prevotella	838	Prevotella sp. UBA3671	1947139	1	0	0	1	0	0
Prevotella	Prevotella	838	Prevotella sp. UBA3674	1947140	1	0	0	1	0	0
Prevotella	Prevotella	838	Prevotella sp. UBA3675	1947141	1	0	0	1	0	0
Prevotella	Prevotella	838	Prevotella sp. UBA3712	1947142	1	0	0	1	0	0
Prevotella	Prevotella	838	Prevotella sp. UBA3713	1947143	1	0	0	1	0	0
Prevotella	Prevotella	838	Prevotella sp. UBA3757	1947144	1	0	0	1	0	0
Prevotella	Prevotella	838	Prevotella sp. UBA3765	1947145	1	0	0	1	0	0
Prevotella	Prevotella	838	Prevotella sp. UBA3776	1947146	1	0	0	1	0	0
Prevotella	Prevotella	838	Prevotella sp. UBA3788	1947147	1	0	0	1	0	0
Prevotella	Prevotella	838	Prevotella sp. UBA3807	1947148	1	0	0	1	0	0
Prevotella	Prevotella	838	Prevotella sp. UBA3837	1947149	1	0	0	1	0	0
Prevotella	Prevotella	838	Prevotella sp. UBA3846	1947150	1	0	0	1	0	0
Prevotella	Prevotella	838	Prevotella sp. UBA3848	1947151	1	0	0	1	0	0
Prevotella	Prevotella	838	Prevotella sp. UBA3854	1947152	1	0	0	1	0	0
Prevotella	Prevotella	838	Prevotella sp. UBA4217	1947153	1	0	0	1	0	0
Prevotella	Prevotella	838	Prevotella sp. UBA4249	1947154	1	0	0	1	0	0
Prevotella	Prevotella	838	Prevotella sp. UBA4268	1947155	1	0	0	1	0	0
Prevotella	Prevotella	838	Prevotella sp. UBA4294	1947156	1	0	0	1	0	0
Prevotella	Prevotella	838	Prevotella sp. UBA4296	1947157	1	0	0	1	0	0
Prevotella	Prevotella	838	Prevotella sp. UBA4330	1947158	1	0	0	1	0	0
Prevotella	Prevotella	838	Prevotella sp. UBA4337	1947159	1	0	0	1	0	0
Prevotella	Prevotella	838	Prevotella sp. UBA4339	1947160	1	0	0	1	0	0
Prevotella	Prevotella	838	Prevotella sp. UBA4341	1947161	1	0	0	1	0	0
Prevotella	Prevotella	838	Prevotella sp. UBA4356	1947162	1	0	0	1	0	0
Prevotella	Prevotella	838	Prevotella sp. UBA4376	1947163	2	0	0	1	1	0
Prevotella	Prevotella	838	Prevotella sp. UBA4643	1947164	1	1	0	0	0	0
Prevotella	Prevotella	838	Prevotella sp. UBA4707	1947165	1	1	0	0	0	0
Prevotella	Prevotella	838	Prevotella sp. UBA4952	1947166	1	0	1	0	0	0
Prevotella	Prevotella	838	Prevotella sp. UBA5379	1947167	1	0	1	0	0	0
Prevotella	Prevotella	838	Prevotella sp. UBA5387	1947168	1	0	1	0	0	0
Prevotella	Prevotella	838	Prevotella sp. UBA5805	1947169	1	0	1	0	0	0
Prevotella	Prevotella	838	Prevotella sp. UBA5812	1947170	1	0	1	0	0	0
Prevotella	Prevotella	838	Prevotella sp. UBA5879	1947171	1	1	0	0	0	0
Prevotella	Prevotella	838	Prevotella sp. UBA5886	1947172	1	1	0	0	0	0
Prevotella	Prevotella	838	Prevotella sp. UBA5896	1947173	1	1	0	0	0	0
Prevotella	Prevotella	838	Prevotella sp. UBA630	1947174	1	1	0	0	0	0
Prevotella	Prevotella	838	Prevotella sp. UBA631	1947175	1	1	0	0	0	0
Prevotella	Prevotella	838	Prevotella sp. UBA633	1947176	1	1	0	0	0	0
Prevotella	Prevotella	838	Prevotella sp. UBA634	1947178	1	1	0	0	0	0
Prevotella	Prevotella	838	Prevotella sp. UBA6361	1947179	1	1	0	0	0	0
Prevotella	Prevotella	838	Prevotella sp. UBA6381	1947180	1	1	0	0	0	0
Prevotella	Prevotella	838	Prevotella sp. UBA6383	1947181	1	1	0	0	0	0
Prevotella	Prevotella	838	Prevotella sp. UBA6387	1947182	1	1	0	0	0	0
Prevotella	Prevotella	838	Prevotella sp. UBA640	1947184	1	1	0	0	0	0
Prevotella	Prevotella	838	Prevotella sp. UBA641	1947185	6	6	0	0	0	0
Prevotella	Prevotella	838	Prevotella sp. UBA6421	1947186	1	1	0	0	0	0
Prevotella	Prevotella	838	Prevotella sp. UBA6429	1947187	1	1	0	0	0	0
Prevotella	Prevotella	838	Prevotella sp. UBA6435	1947188	1	1	0	0	0	0
Prevotella	Prevotella	838	Prevotella sp. UBA6447	1947190	1	1	0	0	0	0
Prevotella	Prevotella	838	Prevotella sp. UBA6455	1947191	1	1	0	0	0	0
Prevotella	Prevotella	838	Prevotella sp. UBA6466	1947192	1	1	0	0	0	0
Prevotella	Prevotella	838	Prevotella sp. UBA6469	1947193	1	1	0	0	0	0
Prevotella	Prevotella	838	Prevotella sp. UBA6472	1947194	1	1	0	0	0	0
Prevotella	Prevotella	838	Prevotella sp. UBA6483	1947195	1	1	0	0	0	0
Prevotella	Prevotella	838	Prevotella sp. UBA6836	1947196	1	1	0	0	0	0
Prevotella	Prevotella	838	Prevotella sp. UBA6890	1947199	1	1	0	0	0	0
Prevotella	Prevotella	838	Prevotella sp. UBA6975	1947200	1	0	0	1	0	0
Prevotella	Prevotella	838	Prevotella sp. UBA6994	1947201	1	0	0	1	0	0
Prevotella	Prevotella	838	Prevotella sp. UBA7051	1947202	1	1	0	0	0	0
Prevotella	Prevotella	838	Prevotella sp. UBA7071	1947203	1	1	0	0	0	0
Prevotella	Prevotella	838	Prevotella sp. UBA7115	1947204	60	60	0	0	0	0
Prevotella	Prevotella	838	Prevotella sp. UBA7140	1947205	1	1	0	0	0	0
Prevotella	Prevotella	838	Prevotella sp. UBA7197	1947206	1	1	0	0	0	0
Prevotella	Prevotella	838	Prevotella sp. UBA7254	1947207	1	1	0	0	0	0
Prevotella	Prevotella	838	Prevotella sp. UBA7262	1947208	1	1	0	0	0	0
Prevotella	Prevotella	838	Prevotella sp. UBA7263	1947209	1	1	0	0	0	0
Prevotella	Prevotella	838	Prevotella sp. UBA7267	1947210	1	1	0	0	0	0
Prevotella	Prevotella	838	Prevotella sp. UBA7270	1947211	1	1	0	0	0	0
Prevotella	Prevotella	838	Prevotella sp. UBA7280	1947212	1	1	0	0	0	0
Prevotella	Prevotella	838	Prevotella sp. UBA7283	1947213	1	1	0	0	0	0
Prevotella	Prevotella	838	Prevotella sp. UBA730	1947214	1	1	0	0	0	0
Prevotella	Prevotella	838	Prevotella sp. UBA745	1947216	1	1	0	0	0	0
Prevotella	Prevotella	838	Prevotella sp. UBA746	1947217	1	1	0	0	0	0
Prevotella	Prevotella	838	Prevotella sp. UBA752	1947218	1	1	0	0	0	0
Prevotella	Prevotella	838	Prevotella sp. UBA7551	1947219	1	1	0	0	0	0
Prevotella	Prevotella	838	Prevotella sp. UBA7557	1947220	1	1	0	0	0	0
Prevotella	Prevotella	838	Prevotella sp. UBA7563	1947221	1	1	0	0	0	0
Prevotella	Prevotella	838	Prevotella sp. UBA758	1947222	1	1	0	0	0	0
Prevotella	Prevotella	838	Prevotella sp. UBA7592	1947223	1	1	0	0	0	0
Prevotella	Prevotella	838	Prevotella sp. UBA7593	1947224	1	1	0	0	0	0
Prevotella	Prevotella	838	Prevotella sp. UBA7594	1947225	1	1	0	0	0	0
Prevotella	Prevotella	838	Prevotella sp. UBA7723	1947226	1	1	0	0	0	0
Prevotella	Prevotella	838	Prevotella sp. UBA7727	1947227	1	1	0	0	0	0
Prevotella	Prevotella	838	Prevotella sp. UBA7728	1947228	1	1	0	0	0	0
Prevotella	Prevotella	838	Prevotella sp. UBA7735	1947229	1	1	0	0	0	0
Prevotella	Prevotella	838	Prevotella sp. UBA7743	1947230	1	1	0	0	0	0
Prevotella	Prevotella	838	Prevotella sp. UBA7745	1947231	1	1	0	0	0	0
Prevotella	Prevotella	838	Prevotella sp. UBA7762	1947232	1	1	0	0	0	0
Prevotella	Prevotella	838	Prevotella sp. UBA7764	1947233	1	1	0	0	0	0
Prevotella	Prevotella	838	Prevotella sp. UBA7765	1947234	1	1	0	0	0	0
Prevotella	Prevotella	838	Prevotella sp. UBA7770	1947235	1	1	0	0	0	0
Prevotella	Prevotella	838	Prevotella sp. UBA7773	1947236	1	1	0	0	0	0
Prevotella	Prevotella	838	Prevotella sp. UBA7779	1947237	1	1	0	0	0	0
Prevotella	Prevotella	838	Prevotella sp. UBA7782	1947238	1	1	0	0	0	0
Prevotella	Prevotella	838	Prevotella sp. UBA7785	1947239	1	1	0	0	0	0
Prevotella	Prevotella	838	Prevotella sp. UBA7787	1947240	1	1	0	0	0	0
Prevotella	Prevotella	838	Prevotella sp. UK4	3041152	11	11	0	0	0	0
Prevotella	Prevotella	838	Prevotella veroralis	28137	62	4	0	27	0	31
Prevotella	Prevotella	838	Prevotella vespertina	2608404	2	1	0	1	0	0
Prevotella	Prevotella	838	uncultured Prevotella sp.	159272	13470	12928	23	337	89	93
Pseudobutyrivibrio	Pseudobutyrivibrio	46205	Pseudobutyrivibrio ruminis	46206	41	15	0	0	0	26
Pseudobutyrivibrio	Pseudobutyrivibrio	46205	Pseudobutyrivibrio sp.	2014367	226	107	0	1	5	113
Pseudobutyrivibrio	Pseudobutyrivibrio	46205	Pseudobutyrivibrio sp. 49	1855344	1	0	0	0	0	1
Pseudobutyrivibrio	Pseudobutyrivibrio	46205	Pseudobutyrivibrio sp. ACV-2	1520801	1	0	0	0	0	1
Pseudobutyrivibrio	Pseudobutyrivibrio	46205	Pseudobutyrivibrio sp. AR14	1520804	1	0	0	0	0	1
Pseudobutyrivibrio	Pseudobutyrivibrio	46205	Pseudobutyrivibrio sp. AR73	1882806	1	0	0	0	0	1
Pseudobutyrivibrio	Pseudobutyrivibrio	46205	Pseudobutyrivibrio sp. C4	1520803	1	0	0	0	0	1
Pseudobutyrivibrio	Pseudobutyrivibrio	46205	Pseudobutyrivibrio sp. CF3	1882807	1	0	0	0	0	1
Pseudobutyrivibrio	Pseudobutyrivibrio	46205	Pseudobutyrivibrio sp. GS111	1882808	1	0	0	0	0	1
Pseudobutyrivibrio	Pseudobutyrivibrio	46205	Pseudobutyrivibrio sp. JW11	1855302	1	0	0	0	0	1
Pseudobutyrivibrio	Pseudobutyrivibrio	46205	Pseudobutyrivibrio sp. LB2011	1408312	1	0	0	0	0	1
Pseudobutyrivibrio	Pseudobutyrivibrio	46205	Pseudobutyrivibrio sp. M3.8	1882809	1	0	0	0	0	1
Pseudobutyrivibrio	Pseudobutyrivibrio	46205	Pseudobutyrivibrio sp. MD2005	1410616	1	0	0	0	0	1
Pseudobutyrivibrio	Pseudobutyrivibrio	46205	Pseudobutyrivibrio sp. NOR37	1798168	1	0	0	0	0	1
Pseudobutyrivibrio	Pseudobutyrivibrio	46205	Pseudobutyrivibrio sp. OR37	1798186	1	0	0	0	0	1
Pseudobutyrivibrio	Pseudobutyrivibrio	46205	Pseudobutyrivibrio sp. UBA1225	1947296	1	1	0	0	0	0
Pseudobutyrivibrio	Pseudobutyrivibrio	46205	Pseudobutyrivibrio sp. UBA3626	1947297	1	0	0	1	0	0
Pseudobutyrivibrio	Pseudobutyrivibrio	46205	Pseudobutyrivibrio sp. UBA3655	1947298	1	0	0	1	0	0
Pseudobutyrivibrio	Pseudobutyrivibrio	46205	Pseudobutyrivibrio sp. UBA3676	1947299	1	0	0	1	0	0
Pseudobutyrivibrio	Pseudobutyrivibrio	46205	Pseudobutyrivibrio sp. UBA3836	1947300	1	0	0	1	0	0
Pseudobutyrivibrio	Pseudobutyrivibrio	46205	Pseudobutyrivibrio sp. UBA4234	1947301	1	0	0	1	0	0
Pseudobutyrivibrio	Pseudobutyrivibrio	46205	Pseudobutyrivibrio sp. UBA4308	1947302	1	0	0	1	0	0
Pseudobutyrivibrio	Pseudobutyrivibrio	46205	Pseudobutyrivibrio sp. UC1225	1798185	1	0	0	0	0	1
Pseudobutyrivibrio	Pseudobutyrivibrio	46205	Pseudobutyrivibrio sp. VV1	1882810	1	0	0	0	0	1
Pseudobutyrivibrio	Pseudobutyrivibrio	46205	Pseudobutyrivibrio sp. YE44	1520802	1	0	0	0	0	1
Pseudobutyrivibrio	Pseudobutyrivibrio	46205	Pseudobutyrivibrio xylanivorans	185007	4	2	0	0	0	2
Pseudobutyrivibrio	Pseudobutyrivibrio	46205	uncultured Pseudobutyrivibrio sp.	557192	56	56	0	0	0	0
Pusillibacter	Pusillibacter	2892397	Pusillibacter faecalis	2714358	7	4	0	0	0	3
Pusillibacter	Pusillibacter	2892397	Pusillimonas sp. USB_NOVA_21	2978967	1	0	0	1	0	0
Pyramidobacter	Pyramidobacter	638847	Pyramidobacter piscolens	638849	99	46	1	23	4	25
Pyramidobacter	Pyramidobacter	638847	Pyramidobacter porci	2605789	18	9	0	0	0	9
Pyramidobacter	Pyramidobacter	638847	Pyramidobacter sp.	1943581	195	47	1	3	3	141
Pyramidobacter	Pyramidobacter	638847	Pyramidobacter sp. C12-8	1943580	1	1	0	0	0	0
Pyramidobacter	Pyramidobacter	638847	Pyramidobacter sp. CG50-2	2382160	1	1	0	0	0	0
Pyramidobacter	Pyramidobacter	638847	Pyramidobacter sp. N5	3680065	1	1	0	0	0	0
Pyramidobacter	Pyramidobacter	638847	Pyramidobacter sp. YE332	3068894	1	1	0	0	0	0
Pyramidobacter	Pyramidobacter	638847	uncultured Pyramidobacter sp.	1623495	18	16	0	2	0	0
Qingrenia	Qingrenia	2983459	Qingrenia yutianensis	2763676	12	12	0	0	0	0
Raoultibacter	Raoultibacter	1926677	Raoultibacter massiliensis	1852371	15	7	0	0	0	8
Raoultibacter	Raoultibacter	1926677	Raoultibacter phocaeensis	2479841	1	1	0	0	0	0
Raoultibacter	Raoultibacter	1926677	Raoultibacter sp.	1926678	58	51	2	0	2	3
Raoultibacter	Raoultibacter	1926677	Raoultibacter timonensis	1907662	20	14	0	0	0	6
Raoultibacter	Raoultibacter	1926677	uncultured Raoultibacter sp.	1926680	4	3	0	0	1	0
Roseburia	Roseburia	841	Roseburia amylophila	2981794	63	58	0	0	0	5
Roseburia	Roseburia	841	Roseburia difficilis	2763060	1	1	0	0	0	0
Roseburia	Roseburia	841	Roseburia faecis	301302	8449	1038	10	9	0	7392
Roseburia	Roseburia	841	Roseburia hominis	301301	3165	676	1	1	1	2486
Roseburia	Roseburia	841	Roseburia intestinalis	166486	3760	884	2	3	2	2869
Roseburia	Roseburia	841	Roseburia inulinivorans	360807	3391	1057	4	6	3	2321
Roseburia	Roseburia	841	Roseburia lenta	2763061	15	15	0	0	0	0
Roseburia	Roseburia	841	Roseburia porci	2605790	17	8	0	0	0	9
Roseburia	Roseburia	841	Roseburia rectibacter	2763062	4	4	0	0	0	0
Roseburia	Roseburia	841	Roseburia sp.	2049040	5642	3137	6	6	23	2470
Roseburia	Roseburia	841	Roseburia sp. 1XD42-34	2305905	1	0	0	0	0	1
Roseburia	Roseburia	841	Roseburia sp. 1XD42-69	2320088	2	1	0	0	0	1
Roseburia	Roseburia	841	Roseburia sp. 40_7	1897015	1	0	0	0	1	0
Roseburia	Roseburia	841	Roseburia sp. 499	1261634	1	0	0	0	0	1
Roseburia	Roseburia	841	Roseburia sp. 831b	1261635	3	2	0	0	0	1
Roseburia	Roseburia	841	Roseburia sp. AF02-12	2293126	15	15	0	0	0	0
Roseburia	Roseburia	841	Roseburia sp. AF12-17LB	2293127	100	99	0	1	0	0
Roseburia	Roseburia	841	Roseburia sp. AF15-21	2293128	1	1	0	0	0	0
Roseburia	Roseburia	841	Roseburia sp. AF20-18LB	2293129	1	1	0	0	0	0
Roseburia	Roseburia	841	Roseburia sp. AF22-2LB	2293130	1	1	0	0	0	0
Roseburia	Roseburia	841	Roseburia sp. AF22-8AC	2293131	1	1	0	0	0	0
Roseburia	Roseburia	841	Roseburia sp. AF25-13LB	2293132	1	1	0	0	0	0
Roseburia	Roseburia	841	Roseburia sp. AF25-15LB	2293133	1	1	0	0	0	0
Roseburia	Roseburia	841	Roseburia sp. AF25-18LB	2293134	1	1	0	0	0	0
Roseburia	Roseburia	841	Roseburia sp. AF25-25LB	2293135	1	1	0	0	0	0
Roseburia	Roseburia	841	Roseburia sp. AF34-16	2293136	1	1	0	0	0	0
Roseburia	Roseburia	841	Roseburia sp. AF42-8	2293137	1	1	0	0	0	0
Roseburia	Roseburia	841	Roseburia sp. AM16-25	2292065	1	1	0	0	0	0
Roseburia	Roseburia	841	Roseburia sp. AM23-20	2292066	2	2	0	0	0	0
Roseburia	Roseburia	841	Roseburia sp. AM51-8	2292366	1	1	0	0	0	0
Roseburia	Roseburia	841	Roseburia sp. AM59-24XD	2293138	9	9	0	0	0	0
Roseburia	Roseburia	841	Roseburia sp. CAG:100	1262940	1	1	0	0	0	0
Roseburia	Roseburia	841	Roseburia sp. CAG:10041_57	1897016	35	34	0	0	1	0
Roseburia	Roseburia	841	Roseburia sp. CAG:18	1262941	1	1	0	0	0	0
Roseburia	Roseburia	841	Roseburia sp. CAG:182	1262942	26	26	0	0	0	0
Roseburia	Roseburia	841	Roseburia sp. CAG:18_43_25	1897017	1	0	0	0	1	0
Roseburia	Roseburia	841	Roseburia sp. CAG:197	1262943	12	12	0	0	0	0
Roseburia	Roseburia	841	Roseburia sp. CAG:197_41_10	1897018	1	0	0	0	1	0
Roseburia	Roseburia	841	Roseburia sp. CAG:303	1262944	27	27	0	0	0	0
Roseburia	Roseburia	841	Roseburia sp. CAG:309	1262945	2	2	0	0	0	0
Roseburia	Roseburia	841	Roseburia sp. CAG:380	1262946	1	1	0	0	0	0
Roseburia	Roseburia	841	Roseburia sp. CAG:45	1262947	9	9	0	0	0	0
Roseburia	Roseburia	841	Roseburia sp. CAG:471	1262948	1	1	0	0	0	0
Roseburia	Roseburia	841	Roseburia sp. CAG:50	1262949	1	1	0	0	0	0
Roseburia	Roseburia	841	Roseburia sp. CLA-AA-H209	2881261	1	1	0	0	0	0
Roseburia	Roseburia	841	Roseburia sp. MSJ-14	2841514	1	1	0	0	0	0
Roseburia	Roseburia	841	Roseburia sp. OF03-24	2292367	1	1	0	0	0	0
Roseburia	Roseburia	841	Roseburia sp. OM02-15	2292368	1	1	0	0	0	0
Roseburia	Roseburia	841	Roseburia sp. OM03-18	2293139	1	1	0	0	0	0
Roseburia	Roseburia	841	Roseburia sp. OM03-7AC	2293140	1	1	0	0	0	0
Roseburia	Roseburia	841	Roseburia sp. OM04-10AA	2293141	1	1	0	0	0	0
Roseburia	Roseburia	841	Roseburia sp. OM04-10BH	2293142	1	1	0	0	0	0
Roseburia	Roseburia	841	Roseburia sp. OM04-15AA	2293143	1	1	0	0	0	0
Roseburia	Roseburia	841	Roseburia sp. TF10-5	2293144	1	1	0	0	0	0
Roseburia	Roseburia	841	Roseburia sp. UNK.MGS-15	1638781	1	1	0	0	0	0
Roseburia	Roseburia	841	Roseburia yibonii	2763063	27	26	0	0	0	1
Roseburia	Roseburia	841	Roseburia zhanii	2763064	13	11	0	0	0	2
Roseburia	Roseburia	841	uncultured Roseburia sp.	512314	2498	2483	0	0	10	5
Ructibacterium	Ructibacterium	2884634	Ructibacterium gallinarum	2779355	5	5	0	0	0	0
Ructibacterium	Ructibacterium	2884634	Ructibacterium sp.	2884636	87	84	0	0	0	3
Ructibacterium	Ructibacterium	2884634	Ructibacterium sp. SJQ-7	3445352	1	1	0	0	0	0
Ructibacterium	Ructibacterium	2884634	uncultured Ructibacterium sp.	2884638	3	3	0	0	0	0
Ruminiclostridium	Ruminiclostridium	1508657	[Clostridium] cellulosi	29343	6	1	3	0	1	1
Ruminiclostridium	Ruminiclostridium	1508657	Ruminiclostridium cellobioparum	29355	12	0	0	0	2	10
Ruminiclostridium	Ruminiclostridium	1508657	Ruminiclostridium cellulolyticum	1521	50	0	0	0	1	49
Ruminiclostridium	Ruminiclostridium	1508657	Ruminiclostridium herbifermentans	2488810	1	0	0	0	1	0
Ruminiclostridium	Ruminiclostridium	1508657	Ruminiclostridium hungatei	48256	1	0	1	0	0	0
Ruminiclostridium	Ruminiclostridium	1508657	Ruminiclostridium josui	1499	6	0	0	0	0	6
Ruminiclostridium	Ruminiclostridium	1508657	Ruminiclostridium papyrosolvens	29362	20	0	2	1	0	17
Ruminiclostridium	Ruminiclostridium	1508657	Ruminiclostridium sp.	2053608	332	215	10	0	13	94
Ruminiclostridium	Ruminiclostridium	1508657	Ruminiclostridium sp. T6-6.12	3070079	1	0	1	0	0	0
Ruminiclostridium	Ruminiclostridium	1508657	Ruminiclostridium sp. T6-6.20	3070080	1	0	1	0	0	0
Ruminiclostridium	Ruminiclostridium	1508657	Ruminiclostridium sp. T6-6.25	3070081	1	0	1	0	0	0
Ruminiclostridium	Ruminiclostridium	1508657	Ruminiclostridium sp. T6-6.42	3070082	1	0	1	0	0	0
Ruminiclostridium	Ruminiclostridium	1508657	Ruminiclostridium sp. T6-6.64	3070083	1	0	1	0	0	0
Ruminiclostridium	Ruminiclostridium	1508657	Ruminiclostridium sp. T6-6.89	3070084	1	0	1	0	0	0
Ruminiclostridium	Ruminiclostridium	1508657	Ruminiclostridium sp. T6-6.91	3070085	1	0	1	0	0	0
Ruminiclostridium	Ruminiclostridium	1508657	Ruminiclostridium sp. T6-7.24	3070086	1	0	1	0	0	0
Ruminiclostridium	Ruminiclostridium	1508657	Ruminiclostridium sp. T6-7.4	3070087	1	0	1	0	0	0
Ruminiclostridium	Ruminiclostridium	1508657	Ruminiclostridium sp. T6-7.47	3070088	1	0	1	0	0	0
Ruminiclostridium	Ruminiclostridium	1508657	Ruminiclostridium sp. T6-7.8	3070089	1	0	1	0	0	0
Ruminiclostridium	Ruminiclostridium	1508657	Ruminiclostridium sp. T6-8.30	3070090	1	0	1	0	0	0
Ruminiclostridium	Ruminiclostridium	1508657	Ruminiclostridium sp. T6-8.34	3070091	1	0	1	0	0	0
Ruminiclostridium	Ruminiclostridium	1508657	Ruminiclostridium sp. T6-8.35	3070092	1	0	1	0	0	0
Ruminiclostridium	Ruminiclostridium	1508657	Ruminiclostridium sp. T6-8.68	3070093	1	0	1	0	0	0
Ruminiclostridium	Ruminiclostridium	1508657	Ruminiclostridium sp. T6-8.79	3070094	1	0	1	0	0	0
Ruminiclostridium	Ruminiclostridium	1508657	Ruminiclostridium sp. T6-8.81	3070095	1	0	1	0	0	0
Ruminiclostridium	Ruminiclostridium	1508657	Ruminiclostridium sufflavum	396504	1	0	0	0	0	1
Ruminiclostridium	Ruminiclostridium	1508657	uncultured Ruminiclostridium sp.	1757166	481	470	0	0	9	2
Ruminococcoides	Ruminococcoides	2893095	Ruminococcoides bili	2678306	5	0	0	0	0	5
Ruminococcoides	Ruminococcoides	2893095	Ruminococcoides intestinale	3133162	187	184	0	0	0	3
Ruminococcoides	Ruminococcoides	2893095	Ruminococcoides intestinihominis	3133161	24	17	0	0	1	6
Ruminococcoides	Ruminococcoides	2893095	Ruminococcoides sp.	2893097	22	21	0	0	1	0
Ruminococcus	Ruminococcus	1263	Candidatus Ruminococcus avistercoris	2838748	4	3	0	0	0	1
Ruminococcus	Ruminococcus	1263	Candidatus Ruminococcus equi	3083130	1	1	0	0	0	0
Ruminococcus	Ruminococcus	1263	Candidatus Ruminococcus gallistercoris	2838749	7	6	0	0	0	1
Ruminococcus	Ruminococcus	1263	Candidatus Ruminococcus hominiciens	3401956	1	1	0	0	0	0
Ruminococcus	Ruminococcus	1263	Candidatus Ruminococcus intestinipullorum	2838750	11	5	0	0	0	6
Ruminococcus	Ruminococcus	1263	Candidatus Ruminococcus primaciens	3400595	1	1	0	0	0	0
Ruminococcus	Ruminococcus	1263	Candidatus Ruminococcus ruminiciens	3401957	1	1	0	0	0	0
Ruminococcus	Ruminococcus	1263	Ruminococcus bicirculans (ex Liu et al. 2021)	3062497	28	26	0	0	0	2
Ruminococcus	Ruminococcus	1263	Ruminococcus bicirculans (ex Wegman et al. 2014)	1160721	654	627	2	4	1	20
Ruminococcus	Ruminococcus	1263	Ruminococcus bovis	2564099	45	39	1	0	0	5
Ruminococcus	Ruminococcus	1263	Ruminococcus bromii	40518	10855	1423	89	21	5	9317
Ruminococcus	Ruminococcus	1263	Ruminococcus callidus	40519	1769	529	2	0	1	1237
Ruminococcus	Ruminococcus	1263	Ruminococcus champanellensis	1161942	235	53	0	2	1	179
Ruminococcus	Ruminococcus	1263	Ruminococcus difficilis	2763069	1	1	0	0	0	0
Ruminococcus	Ruminococcus	1263	Ruminococcus flavefaciens	1265	408	152	8	13	3	232
Ruminococcus	Ruminococcus	1263	Ruminococcus gauvreauii	438033	21	6	0	0	2	13
Ruminococcus	Ruminococcus	1263	Ruminococcus hominis	2763065	16	14	0	0	0	2
Ruminococcus	Ruminococcus	1263	Ruminococcus intestinalis	2763066	77	75	0	0	0	2
Ruminococcus	Ruminococcus	1263	Ruminococcus sp.	41978	21800	7992	48	37	69	13654
Ruminococcus	Ruminococcus	1263	Ruminococcus sp. 1001095IJ_161003_G2	2787076	1	1	0	0	0	0
Ruminococcus	Ruminococcus	1263	Ruminococcus sp. 1001136B_160425_D2	2787121	1	1	0	0	0	0
Ruminococcus	Ruminococcus	1263	Ruminococcus sp. 1001136sp1	2986996	11	0	0	0	0	11
Ruminococcus	Ruminococcus	1263	Ruminococcus sp. 1001136sp1_2201st1_G3_2201SCRN_220225	3141596	1	1	0	0	0	0
Ruminococcus	Ruminococcus	1263	Ruminococcus sp. 1001175B_160314_E1	2787100	1	1	0	0	0	0
Ruminococcus	Ruminococcus	1263	Ruminococcus sp. 1001262B_160229_C12	2787082	1	1	0	0	0	0
Ruminococcus	Ruminococcus	1263	Ruminococcus sp. 1001270H_150608_F2	2787113	1	1	0	0	0	0
Ruminococcus	Ruminococcus	1263	Ruminococcus sp. 1001275B_160808_F8	2787131	1	1	0	0	0	0
Ruminococcus	Ruminococcus	1263	Ruminococcus sp. 1001283B150225_161107_A6	2787133	1	1	0	0	0	0
Ruminococcus	Ruminococcus	1263	Ruminococcus sp. 1001713B170207_170306_A12	2787077	1	1	0	0	0	0
Ruminococcus	Ruminococcus	1263	Ruminococcus sp. 1001713B170207_170306_F1	2787106	1	1	0	0	0	0
Ruminococcus	Ruminococcus	1263	Ruminococcus sp. 1001713B170207_170306_F5	2787139	1	1	0	0	0	0
Ruminococcus	Ruminococcus	1263	Ruminococcus sp. 1001713B170214_170313_A12	2787089	1	1	0	0	0	0
Ruminococcus	Ruminococcus	1263	Ruminococcus sp. 1xD21-23	2320089	1	0	0	0	0	1
Ruminococcus	Ruminococcus	1263	Ruminococcus sp. 210702-SL.1.03	2883233	1	1	0	0	0	0
Ruminococcus	Ruminococcus	1263	Ruminococcus sp. 2227st1_B6_2227SCRN_220401	3143053	1	1	0	0	0	0
Ruminococcus	Ruminococcus	1263	Ruminococcus sp. 2227st1_E6_2227SCRN_220401	3143052	1	1	0	0	0	0
Ruminococcus	Ruminococcus	1263	Ruminococcus sp. 37_24	1897019	1	0	0	0	1	0
Ruminococcus	Ruminococcus	1263	Ruminococcus sp. 5_1_39BFAA	457412	24	2	0	1	0	21
Ruminococcus	Ruminococcus	1263	Ruminococcus sp. A254.MGS-108	1637497	1	1	0	0	0	0
Ruminococcus	Ruminococcus	1263	Ruminococcus sp. A254.MGS-254	1637499	1	1	0	0	0	0
Ruminococcus	Ruminococcus	1263	Ruminococcus sp. AF12-5	2293146	1	1	0	0	0	0
Ruminococcus	Ruminococcus	1263	Ruminococcus sp. AF13-28	2292245	1	1	0	0	0	0
Ruminococcus	Ruminococcus	1263	Ruminococcus sp. AF13-37	2292246	1	1	0	0	0	0
Ruminococcus	Ruminococcus	1263	Ruminococcus sp. AF14-10	2292247	1	1	0	0	0	0
Ruminococcus	Ruminococcus	1263	Ruminococcus sp. AF14-5	2293147	1	1	0	0	0	0
Ruminococcus	Ruminococcus	1263	Ruminococcus sp. AF16-40	2293148	1	1	0	0	0	0
Ruminococcus	Ruminococcus	1263	Ruminococcus sp. AF16-50	2293149	1	1	0	0	0	0
Ruminococcus	Ruminococcus	1263	Ruminococcus sp. AF17-11	2293150	1	1	0	0	0	0
Ruminococcus	Ruminococcus	1263	Ruminococcus sp. AF17-12	2293151	1	1	0	0	0	0
Ruminococcus	Ruminococcus	1263	Ruminococcus sp. AF17-1AC	2293152	1	1	0	0	0	0
Ruminococcus	Ruminococcus	1263	Ruminococcus sp. AF17-22AC	2292248	1	1	0	0	0	0
Ruminococcus	Ruminococcus	1263	Ruminococcus sp. AF17-24	2293153	1	1	0	0	0	0
Ruminococcus	Ruminococcus	1263	Ruminococcus sp. AF17-6	2293154	1	1	0	0	0	0
Ruminococcus	Ruminococcus	1263	Ruminococcus sp. AF17-6LB	2293155	1	1	0	0	0	0
Ruminococcus	Ruminococcus	1263	Ruminococcus sp. AF18-22	2292249	1	1	0	0	0	0
Ruminococcus	Ruminococcus	1263	Ruminococcus sp. AF18-29	2293156	1	1	0	0	0	0
Ruminococcus	Ruminococcus	1263	Ruminococcus sp. AF19-15	2293157	1	1	0	0	0	0
Ruminococcus	Ruminococcus	1263	Ruminococcus sp. AF19-29	2293158	1	1	0	0	0	0
Ruminococcus	Ruminococcus	1263	Ruminococcus sp. AF19-4LB	2293159	1	1	0	0	0	0
Ruminococcus	Ruminococcus	1263	Ruminococcus sp. AF20-12LB	2293160	1	1	0	0	0	0
Ruminococcus	Ruminococcus	1263	Ruminococcus sp. AF21-11	2293161	1	1	0	0	0	0
Ruminococcus	Ruminococcus	1263	Ruminococcus sp. AF21-3	2292250	1	1	0	0	0	0
Ruminococcus	Ruminococcus	1263	Ruminococcus sp. AF21-42	2292251	1	1	0	0	0	0
Ruminococcus	Ruminococcus	1263	Ruminococcus sp. AF24-16	2293162	1	1	0	0	0	0
Ruminococcus	Ruminococcus	1263	Ruminococcus sp. AF24-32LB	2292252	1	1	0	0	0	0
Ruminococcus	Ruminococcus	1263	Ruminococcus sp. AF25-13	2293163	1	1	0	0	0	0
Ruminococcus	Ruminococcus	1263	Ruminococcus sp. AF25-17	2293164	1	1	0	0	0	0
Ruminococcus	Ruminococcus	1263	Ruminococcus sp. AF25-19	2293165	1	1	0	0	0	0
Ruminococcus	Ruminococcus	1263	Ruminococcus sp. AF25-23LB	2293166	1	1	0	0	0	0
Ruminococcus	Ruminococcus	1263	Ruminococcus sp. AF25-28AC	2293167	1	1	0	0	0	0
Ruminococcus	Ruminococcus	1263	Ruminococcus sp. AF25-3LB	2293168	1	1	0	0	0	0
Ruminococcus	Ruminococcus	1263	Ruminococcus sp. AF26-25AA	2293169	1	1	0	0	0	0
Ruminococcus	Ruminococcus	1263	Ruminococcus sp. AF27-11AA	2293170	1	1	0	0	0	0
Ruminococcus	Ruminococcus	1263	Ruminococcus sp. AF27-12AA	2293171	1	1	0	0	0	0
Ruminococcus	Ruminococcus	1263	Ruminococcus sp. AF27-3	2293172	1	1	0	0	0	0
Ruminococcus	Ruminococcus	1263	Ruminococcus sp. AF31-14BH	2293173	1	1	0	0	0	0
Ruminococcus	Ruminococcus	1263	Ruminococcus sp. AF31-16BH	2292067	1	1	0	0	0	0
Ruminococcus	Ruminococcus	1263	Ruminococcus sp. AF31-8BH	2293174	9	9	0	0	0	0
Ruminococcus	Ruminococcus	1263	Ruminococcus sp. AF32-2AC	2293175	1	1	0	0	0	0
Ruminococcus	Ruminococcus	1263	Ruminococcus sp. AF33-11BH	2293176	1	1	0	0	0	0
Ruminococcus	Ruminococcus	1263	Ruminococcus sp. AF34-12	2293177	1	1	0	0	0	0
Ruminococcus	Ruminococcus	1263	Ruminococcus sp. AF37-20	2293178	1	1	0	0	0	0
Ruminococcus	Ruminococcus	1263	Ruminococcus sp. AF37-3AC	2293179	1	1	0	0	0	0
Ruminococcus	Ruminococcus	1263	Ruminococcus sp. AF37-6AT	2292068	1	1	0	0	0	0
Ruminococcus	Ruminococcus	1263	Ruminococcus sp. AF41-9	2292069	16	15	0	0	0	1
Ruminococcus	Ruminococcus	1263	Ruminococcus sp. AF42-10	2293180	1	1	0	0	0	0
Ruminococcus	Ruminococcus	1263	Ruminococcus sp. AF42-9BH	2292070	1	1	0	0	0	0
Ruminococcus	Ruminococcus	1263	Ruminococcus sp. AF43-11	2293181	1	1	0	0	0	0
Ruminococcus	Ruminococcus	1263	Ruminococcus sp. AF45-4BH	2292071	1	1	0	0	0	0
Ruminococcus	Ruminococcus	1263	Ruminococcus sp. AF46-10NS	2292072	2	2	0	0	0	0
Ruminococcus	Ruminococcus	1263	Ruminococcus sp. AH-177-L08	2269345	1	0	0	0	0	1
Ruminococcus	Ruminococcus	1263	Ruminococcus sp. AM07-21	2292073	1	1	0	0	0	0
Ruminococcus	Ruminococcus	1263	Ruminococcus sp. AM09-18-1	2293182	1	1	0	0	0	0
Ruminococcus	Ruminococcus	1263	Ruminococcus sp. AM12-48	2293183	1	1	0	0	0	0
Ruminococcus	Ruminococcus	1263	Ruminococcus sp. AM16-34	2293184	1	1	0	0	0	0
Ruminococcus	Ruminococcus	1263	Ruminococcus sp. AM18-15	2293185	1	1	0	0	0	0
Ruminococcus	Ruminococcus	1263	Ruminococcus sp. AM18-44	2293186	1	1	0	0	0	0
Ruminococcus	Ruminococcus	1263	Ruminococcus sp. AM22-13	2292074	5	5	0	0	0	0
Ruminococcus	Ruminococcus	1263	Ruminococcus sp. AM22-14LB	2293187	1	1	0	0	0	0
Ruminococcus	Ruminococcus	1263	Ruminococcus sp. AM23-1	2293188	1	1	0	0	0	0
Ruminococcus	Ruminococcus	1263	Ruminococcus sp. AM23-1LB	2293189	1	1	0	0	0	0
Ruminococcus	Ruminococcus	1263	Ruminococcus sp. AM26-12LB	2293190	1	1	0	0	0	0
Ruminococcus	Ruminococcus	1263	Ruminococcus sp. AM27-11LB	2293191	1	1	0	0	0	0
Ruminococcus	Ruminococcus	1263	Ruminococcus sp. AM27-16	2293192	1	1	0	0	0	0
Ruminococcus	Ruminococcus	1263	Ruminococcus sp. AM27-27	2293193	1	1	0	0	0	0
Ruminococcus	Ruminococcus	1263	Ruminococcus sp. AM28-13	2293194	1	1	0	0	0	0
Ruminococcus	Ruminococcus	1263	Ruminococcus sp. AM28-29LB	2293195	1	1	0	0	0	0
Ruminococcus	Ruminococcus	1263	Ruminococcus sp. AM28-41	2292369	1	1	0	0	0	0
Ruminococcus	Ruminococcus	1263	Ruminococcus sp. AM29-1	2293196	1	1	0	0	0	0
Ruminococcus	Ruminococcus	1263	Ruminococcus sp. AM29-10LB	2293197	1	1	0	0	0	0
Ruminococcus	Ruminococcus	1263	Ruminococcus sp. AM29-12LB	2293198	1	1	0	0	0	0
Ruminococcus	Ruminococcus	1263	Ruminococcus sp. AM29-19LB	2293199	1	1	0	0	0	0
Ruminococcus	Ruminococcus	1263	Ruminococcus sp. AM29-1LB	2293200	1	1	0	0	0	0
Ruminococcus	Ruminococcus	1263	Ruminococcus sp. AM29-26	2292370	1	1	0	0	0	0
Ruminococcus	Ruminococcus	1263	Ruminococcus sp. AM29-5AC	2293201	1	1	0	0	0	0
Ruminococcus	Ruminococcus	1263	Ruminococcus sp. AM30-15AC	2292371	1	1	0	0	0	0
Ruminococcus	Ruminococcus	1263	Ruminococcus sp. AM31-15AC	2293202	1	1	0	0	0	0
Ruminococcus	Ruminococcus	1263	Ruminococcus sp. AM31-32	2293203	1	1	0	0	0	0
Ruminococcus	Ruminococcus	1263	Ruminococcus sp. AM32-17LB	2293204	1	1	0	0	0	0
Ruminococcus	Ruminococcus	1263	Ruminococcus sp. AM33-14	2293205	1	1	0	0	0	0
Ruminococcus	Ruminococcus	1263	Ruminococcus sp. AM34-10LB	2293206	1	1	0	0	0	0
Ruminococcus	Ruminococcus	1263	Ruminococcus sp. AM34-9LB	2293207	1	1	0	0	0	0
Ruminococcus	Ruminococcus	1263	Ruminococcus sp. AM36-17	2293208	1	1	0	0	0	0
Ruminococcus	Ruminococcus	1263	Ruminococcus sp. AM36-18	2293209	1	1	0	0	0	0
Ruminococcus	Ruminococcus	1263	Ruminococcus sp. AM36-2AA	2293210	53	53	0	0	0	0
Ruminococcus	Ruminococcus	1263	Ruminococcus sp. AM36-5	2293211	1	1	0	0	0	0
Ruminococcus	Ruminococcus	1263	Ruminococcus sp. AM40-10AC	2293212	1	1	0	0	0	0
Ruminococcus	Ruminococcus	1263	Ruminococcus sp. AM41-10BH	2293213	1	1	0	0	0	0
Ruminococcus	Ruminococcus	1263	Ruminococcus sp. AM41-2AC	2293214	1	1	0	0	0	0
Ruminococcus	Ruminococcus	1263	Ruminococcus sp. AM42-10AC	2293215	1	1	0	0	0	0
Ruminococcus	Ruminococcus	1263	Ruminococcus sp. AM42-11	2292372	92	92	0	0	0	0
Ruminococcus	Ruminococcus	1263	Ruminococcus sp. AM43-6	2293216	1	1	0	0	0	0
Ruminococcus	Ruminococcus	1263	Ruminococcus sp. AM44-9AT	2293217	1	1	0	0	0	0
Ruminococcus	Ruminococcus	1263	Ruminococcus sp. AM45-2	2293218	1	1	0	0	0	0
Ruminococcus	Ruminococcus	1263	Ruminococcus sp. AM45-9BH	2293219	1	1	0	0	0	0
Ruminococcus	Ruminococcus	1263	Ruminococcus sp. AM46-18	2293220	1	1	0	0	0	0
Ruminococcus	Ruminococcus	1263	Ruminococcus sp. AM47-2BH	2293221	1	1	0	0	0	0
Ruminococcus	Ruminococcus	1263	Ruminococcus sp. AM49-10BH	2293222	1	1	0	0	0	0
Ruminococcus	Ruminococcus	1263	Ruminococcus sp. AM49-8	2293223	1	1	0	0	0	0
Ruminococcus	Ruminococcus	1263	Ruminococcus sp. AM50-15BH	2293224	1	1	0	0	0	0
Ruminococcus	Ruminococcus	1263	Ruminococcus sp. AM54-14NS	2293225	1	1	0	0	0	0
Ruminococcus	Ruminococcus	1263	Ruminococcus sp. AM54-1NS	2293226	1	1	0	0	0	0
Ruminococcus	Ruminococcus	1263	Ruminococcus sp. AM57-5	2293227	1	1	0	0	0	0
Ruminococcus	Ruminococcus	1263	Ruminococcus sp. AM58-7XD	2292373	1	1	0	0	0	0
Ruminococcus	Ruminococcus	1263	Ruminococcus sp. B05	2448031	1	1	0	0	0	0
Ruminococcus	Ruminococcus	1263	Ruminococcus sp. BSD2780120874_150323_B10	2787127	1	1	0	0	0	0
Ruminococcus	Ruminococcus	1263	Ruminococcus sp. CAG:108	1262950	1	1	0	0	0	0
Ruminococcus	Ruminococcus	1263	Ruminococcus sp. CAG:108-related_41_35	1897020	1	0	0	0	1	0
Ruminococcus	Ruminococcus	1263	Ruminococcus sp. CAG:17	1262951	1	1	0	0	0	0
Ruminococcus	Ruminococcus	1263	Ruminococcus sp. CAG:177	1262952	6	5	0	0	0	1
Ruminococcus	Ruminococcus	1263	Ruminococcus sp. CAG:254	1262953	52	52	0	0	0	0
Ruminococcus	Ruminococcus	1263	Ruminococcus sp. CAG:330	1262954	53	53	0	0	0	0
Ruminococcus	Ruminococcus	1263	Ruminococcus sp. CAG:353	1262955	1	1	0	0	0	0
Ruminococcus	Ruminococcus	1263	Ruminococcus sp. CAG:379	1262956	1	1	0	0	0	0
Ruminococcus	Ruminococcus	1263	Ruminococcus sp. CAG:382	1262957	39	38	0	1	0	0
Ruminococcus	Ruminococcus	1263	Ruminococcus sp. CAG:403	1262958	51	51	0	0	0	0
Ruminococcus	Ruminococcus	1263	Ruminococcus sp. CAG:488	1262959	15	10	0	5	0	0
Ruminococcus	Ruminococcus	1263	Ruminococcus sp. CAG:55	1262960	1	1	0	0	0	0
Ruminococcus	Ruminococcus	1263	Ruminococcus sp. CAG:563	1262961	45	40	0	5	0	0
Ruminococcus	Ruminococcus	1263	Ruminococcus sp. CAG:57	1262962	1	1	0	0	0	0
Ruminococcus	Ruminococcus	1263	Ruminococcus sp. CAG:579	1262963	78	78	0	0	0	0
Ruminococcus	Ruminococcus	1263	Ruminococcus sp. CAG:60	1262964	1	1	0	0	0	0
Ruminococcus	Ruminococcus	1263	Ruminococcus sp. CAG:624	1262965	15	15	0	0	0	0
Ruminococcus	Ruminococcus	1263	Ruminococcus sp. CAG:9	1262967	1	1	0	0	0	0
Ruminococcus	Ruminococcus	1263	Ruminococcus sp. CAG:9-related_41_34	1897021	1	0	0	0	1	0
Ruminococcus	Ruminococcus	1263	Ruminococcus sp. CAG:90	1262968	1	1	0	0	0	0
Ruminococcus	Ruminococcus	1263	Ruminococcus sp. CMC_B0241	3455715	1	1	0	0	0	0
Ruminococcus	Ruminococcus	1263	Ruminococcus sp. D40t1_170626_H2	2787081	1	1	0	0	0	0
Ruminococcus	Ruminococcus	1263	Ruminococcus sp. D54t1_190329_F1	2787114	1	1	0	0	0	0
Ruminococcus	Ruminococcus	1263	Ruminococcus sp. D55t1_190419_H1	2787130	1	1	0	0	0	0
Ruminococcus	Ruminococcus	1263	Ruminococcus sp. DSM 100440	1671366	1	0	0	1	0	0
Ruminococcus	Ruminococcus	1263	Ruminococcus sp. DSM 102803	2764184	1	1	0	0	0	0
Ruminococcus	Ruminococcus	1263	Ruminococcus sp. f11	3141187	1	1	0	0	0	0
Ruminococcus	Ruminococcus	1263	Ruminococcus sp. FC2018	1410617	1	0	0	0	0	1
Ruminococcus	Ruminococcus	1263	Ruminococcus sp. FMB-CY1	2878202	1	1	0	0	0	0
Ruminococcus	Ruminococcus	1263	Ruminococcus sp. FMBCY1	2831966	22	1	0	21	0	0
Ruminococcus	Ruminococcus	1263	Ruminococcus sp. GM2/1	451639	1	0	0	0	0	1
Ruminococcus	Ruminococcus	1263	Ruminococcus sp. H41	2608921	1	0	0	0	0	1
Ruminococcus	Ruminococcus	1263	Ruminococcus sp. HA2381	3790853	1	0	0	0	0	1
Ruminococcus	Ruminococcus	1263	Ruminococcus sp. HUN007	1514668	2	0	0	0	0	2
Ruminococcus	Ruminococcus	1263	Ruminococcus sp. J1101004_170508_H5	2787115	1	1	0	0	0	0
Ruminococcus	Ruminococcus	1263	Ruminococcus sp. J1101004sp1_RTP21198st1_B9_RTP21198_201120	3141597	1	1	0	0	0	0
Ruminococcus	Ruminococcus	1263	Ruminococcus sp. JC304	1095771	1	1	0	0	0	0
Ruminococcus	Ruminococcus	1263	Ruminococcus sp. KGMB03662	2583230	1	1	0	0	0	0
Ruminococcus	Ruminococcus	1263	Ruminococcus sp. KMhr1080	3836872	1	1	0	0	0	0
Ruminococcus	Ruminococcus	1263	Ruminococcus sp. LCP21S3_E8	3440250	1	1	0	0	0	0
Ruminococcus	Ruminococcus	1263	Ruminococcus sp. Marseille-P328	1816688	4	0	0	1	0	3
Ruminococcus	Ruminococcus	1263	Ruminococcus sp. Marseille-P6503	2364796	5	5	0	0	0	0
Ruminococcus	Ruminococcus	1263	Ruminococcus sp. MCC718	2592649	1	1	0	0	0	0
Ruminococcus	Ruminococcus	1263	Ruminococcus sp. MSJ-25	2841536	1	1	0	0	0	0
Ruminococcus	Ruminococcus	1263	Ruminococcus sp. N15.MGS-57	1637508	2	1	0	1	0	0
Ruminococcus	Ruminococcus	1263	Ruminococcus sp. NATIVEDY160	3233380	1	1	0	0	0	0
Ruminococcus	Ruminococcus	1263	Ruminococcus sp. NATIVEDY161	3233381	1	0	0	0	0	1
Ruminococcus	Ruminococcus	1263	Ruminococcus sp. NK3A76	877411	2	0	0	0	0	2
Ruminococcus	Ruminococcus	1263	Ruminococcus sp. OA3	2914164	1	1	0	0	0	0
Ruminococcus	Ruminococcus	1263	Ruminococcus sp. OF02-6	2293228	1	1	0	0	0	0
Ruminococcus	Ruminococcus	1263	Ruminococcus sp. OF03-6AA	2293229	1	1	0	0	0	0
Ruminococcus	Ruminococcus	1263	Ruminococcus sp. OF05-2BH	2293230	1	1	0	0	0	0
Ruminococcus	Ruminococcus	1263	Ruminococcus sp. OM02-16LB	2302958	1	1	0	0	0	0
Ruminococcus	Ruminococcus	1263	Ruminococcus sp. OM04-4AA	2293231	1	1	0	0	0	0
Ruminococcus	Ruminococcus	1263	Ruminococcus sp. OM05-10BH	2292374	1	1	0	0	0	0
Ruminococcus	Ruminococcus	1263	Ruminococcus sp. OM05-7	2293232	1	1	0	0	0	0
Ruminococcus	Ruminococcus	1263	Ruminococcus sp. OM06-36AC	2292375	1	1	0	0	0	0
Ruminococcus	Ruminococcus	1263	Ruminococcus sp. OM07-17	2293233	1	1	0	0	0	0
Ruminococcus	Ruminococcus	1263	Ruminococcus sp. OM07-7	2293234	1	1	0	0	0	0
Ruminococcus	Ruminococcus	1263	Ruminococcus sp. OM08-13AT	2293235	1	1	0	0	0	0
Ruminococcus	Ruminococcus	1263	Ruminococcus sp. OM08-7	2292376	1	1	0	0	0	0
Ruminococcus	Ruminococcus	1263	Ruminococcus sp. OM08-9BH	2293236	1	1	0	0	0	0
Ruminococcus	Ruminococcus	1263	Ruminococcus sp. Phil11	1929998	1	1	0	0	0	0
Ruminococcus	Ruminococcus	1263	Ruminococcus sp. Phil15	1930000	1	1	0	0	0	0
Ruminococcus	Ruminococcus	1263	Ruminococcus sp. QJBE23B	2991358	1	0	1	0	0	0
Ruminococcus	Ruminococcus	1263	Ruminococcus sp. RACS_AR21	2871958	1	1	0	0	0	0
Ruminococcus	Ruminococcus	1263	Ruminococcus sp. RTP21002st1_G4_RTP21002_201210	3141600	1	1	0	0	0	0
Ruminococcus	Ruminococcus	1263	Ruminococcus sp. RTP21198st1_G1_RTP21198_201120	3141601	1	1	0	0	0	0
Ruminococcus	Ruminococcus	1263	Ruminococcus sp. RTP21204st1_B2_RTP21204_210225	3141602	1	1	0	0	0	0
Ruminococcus	Ruminococcus	1263	Ruminococcus sp. RTP21358st1_A5_RTP21358_211008	3141603	1	1	0	0	0	0
Ruminococcus	Ruminococcus	1263	Ruminococcus sp. RTP21358st1_C8_RTP21358_211008	3141604	1	1	0	0	0	0
Ruminococcus	Ruminococcus	1263	Ruminococcus sp. RTP21358st1_G6_RTP21358_211008	3141605	1	1	0	0	0	0
Ruminococcus	Ruminococcus	1263	Ruminococcus sp. RTP21359st1_H3_RTP21359_211015	3141606	1	1	0	0	0	0
Ruminococcus	Ruminococcus	1263	Ruminococcus sp. RTP21484sp1	3151395	1	0	0	0	0	1
Ruminococcus	Ruminococcus	1263	Ruminococcus sp. RTP21484sp1_RTP21277st1_D2_RTP21277_210401	3143031	1	1	0	0	0	0
Ruminococcus	Ruminococcus	1263	Ruminococcus sp. RTP21484sp1_RTP21281st1_A2_RTP21281_210402	3141608	1	1	0	0	0	0
Ruminococcus	Ruminococcus	1263	Ruminococcus sp. RTP21484sp1_RTP21281st1_A8_RTP21281_210402	3141609	1	1	0	0	0	0
Ruminococcus	Ruminococcus	1263	Ruminococcus sp. RTP21484sp1_RTP31003st1_F6_RTP31003_210430	3141610	1	1	0	0	0	0
Ruminococcus	Ruminococcus	1263	Ruminococcus sp. RTP21484sp1_RTP31023st1_H8_RTP31023_210422	3141611	1	1	0	0	0	0
Ruminococcus	Ruminococcus	1263	Ruminococcus sp. Rum-307	3455610	1	1	0	0	0	0
Ruminococcus	Ruminococcus	1263	Ruminococcus sp. SG-1609	2448148	1	0	0	0	0	1
Ruminococcus	Ruminococcus	1263	Ruminococcus sp. SR1/5	657323	1	0	0	0	0	1
Ruminococcus	Ruminococcus	1263	Ruminococcus sp. TF06-23	2293237	1	1	0	0	0	0
Ruminococcus	Ruminococcus	1263	Ruminococcus sp. TF08-4	2293238	1	1	0	0	0	0
Ruminococcus	Ruminococcus	1263	Ruminococcus sp. TF10-12AC	2293239	1	1	0	0	0	0
Ruminococcus	Ruminococcus	1263	Ruminococcus sp. TF10-6	2293240	1	1	0	0	0	0
Ruminococcus	Ruminococcus	1263	Ruminococcus sp. TF11-2AC	2293241	1	1	0	0	0	0
Ruminococcus	Ruminococcus	1263	Ruminococcus sp. TF12-19AC	2293242	1	1	0	0	0	0
Ruminococcus	Ruminococcus	1263	Ruminococcus sp. TF12-2	2293243	1	1	0	0	0	0
Ruminococcus	Ruminococcus	1263	Ruminococcus sp. TM09-4	2293244	1	1	0	0	0	0
Ruminococcus	Ruminococcus	1263	Ruminococcus sp. TM10-9AT	2292377	1	1	0	0	0	0
Ruminococcus	Ruminococcus	1263	Ruminococcus sp. TM463	2883190	1	1	0	0	0	0
Ruminococcus	Ruminococcus	1263	Ruminococcus sp. UBA1366	1947403	1	0	0	0	1	0
Ruminococcus	Ruminococcus	1263	Ruminococcus sp. UBA1394	1947404	1	0	0	0	1	0
Ruminococcus	Ruminococcus	1263	Ruminococcus sp. UBA1409	1947405	25	23	0	0	2	0
Ruminococcus	Ruminococcus	1263	Ruminococcus sp. UBA1780	1947406	1	1	0	0	0	0
Ruminococcus	Ruminococcus	1263	Ruminococcus sp. UBA1828	1947407	2	2	0	0	0	0
Ruminococcus	Ruminococcus	1263	Ruminococcus sp. UBA2836	1947408	2	1	0	0	1	0
Ruminococcus	Ruminococcus	1263	Ruminococcus sp. UBA2895	1947409	1	1	0	0	0	0
Ruminococcus	Ruminococcus	1263	Ruminococcus sp. UBA3270	1947410	1	1	0	0	0	0
Ruminococcus	Ruminococcus	1263	Ruminococcus sp. UBA3280	1947411	1	1	0	0	0	0
Ruminococcus	Ruminococcus	1263	Ruminococcus sp. UBA3286	1947412	1	1	0	0	0	0
Ruminococcus	Ruminococcus	1263	Ruminococcus sp. UBA3306	1947413	1	0	0	1	0	0
Ruminococcus	Ruminococcus	1263	Ruminococcus sp. UBA3387	1947414	1	1	0	0	0	0
Ruminococcus	Ruminococcus	1263	Ruminococcus sp. UBA3665	1947415	1	0	0	1	0	0
Ruminococcus	Ruminococcus	1263	Ruminococcus sp. UBA3707	1947416	1	0	0	1	0	0
Ruminococcus	Ruminococcus	1263	Ruminococcus sp. UBA3752	1947417	1	0	0	1	0	0
Ruminococcus	Ruminococcus	1263	Ruminococcus sp. UBA3767	1947418	1	0	0	1	0	0
Ruminococcus	Ruminococcus	1263	Ruminococcus sp. UBA3800	1947419	1	0	0	1	0	0
Ruminococcus	Ruminococcus	1263	Ruminococcus sp. UBA3827	1947420	1	0	0	1	0	0
Ruminococcus	Ruminococcus	1263	Ruminococcus sp. UBA3855	1947421	1	0	0	1	0	0
Ruminococcus	Ruminococcus	1263	Ruminococcus sp. UBA4240	1947422	1	0	0	1	0	0
Ruminococcus	Ruminococcus	1263	Ruminococcus sp. UBA4275	1947423	1	0	0	1	0	0
Ruminococcus	Ruminococcus	1263	Ruminococcus sp. UBA4310	1947424	1	0	0	1	0	0
Ruminococcus	Ruminococcus	1263	Ruminococcus sp. UBA4321	1947425	1	0	0	1	0	0
Ruminococcus	Ruminococcus	1263	Ruminococcus sp. UBA4335	1947426	1	0	0	1	0	0
Ruminococcus	Ruminococcus	1263	Ruminococcus sp. UBA4350	1947427	1	0	0	1	0	0
Ruminococcus	Ruminococcus	1263	Ruminococcus sp. UBA4383	1947428	1	0	0	1	0	0
Ruminococcus	Ruminococcus	1263	Ruminococcus sp. UBA4385	1947429	1	0	0	1	0	0
Ruminococcus	Ruminococcus	1263	Ruminococcus sp. UBA4697	1947430	1	1	0	0	0	0
Ruminococcus	Ruminococcus	1263	Ruminococcus sp. UBA5129	1947431	1	0	0	0	1	0
Ruminococcus	Ruminococcus	1263	Ruminococcus sp. UBA5884	1947432	1	1	0	0	0	0
Ruminococcus	Ruminococcus	1263	Ruminococcus sp. UBA6407	1947433	3	3	0	0	0	0
Ruminococcus	Ruminococcus	1263	Ruminococcus sp. UBA7013	1947434	1	0	0	1	0	0
Ruminococcus	Ruminococcus	1263	Ruminococcus sp. UBA7014	1947435	1	0	0	1	0	0
Ruminococcus	Ruminococcus	1263	Ruminococcus sp. UBA7158	1947436	1	1	0	0	0	0
Ruminococcus	Ruminococcus	1263	Ruminococcus sp. UBA7191	1947437	1	1	0	0	0	0
Ruminococcus	Ruminococcus	1263	Ruminococcus sp. UBA7198	1947438	1	1	0	0	0	0
Ruminococcus	Ruminococcus	1263	Ruminococcus sp. UBA7226	1947439	1	1	0	0	0	0
Ruminococcus	Ruminococcus	1263	Ruminococcus sp. UBA7477	1947440	1	0	0	1	0	0
Ruminococcus	Ruminococcus	1263	Ruminococcus sp. UBA7486	1947441	1	0	0	1	0	0
Ruminococcus	Ruminococcus	1263	Ruminococcus sp. UBA946	1947442	1	1	0	0	0	0
Ruminococcus	Ruminococcus	1263	Ruminococcus sp. UNK.MGS-30	1638786	21	21	0	0	0	0
Ruminococcus	Ruminococcus	1263	Ruminococcus sp. WB1540	2939826	1	0	0	0	0	1
Ruminococcus	Ruminococcus	1263	Ruminococcus sp. XPD3002	1452269	1	0	0	0	0	1
Ruminococcus	Ruminococcus	1263	Ruminococcus sp. YE281	400757	1	1	0	0	0	0
Ruminococcus	Ruminococcus	1263	Ruminococcus sp. YE282	3158780	1	0	0	0	0	1
Ruminococcus	Ruminococcus	1263	Ruminococcus sp. YE71	244362	1	0	0	0	0	1
Ruminococcus	Ruminococcus	1263	Ruminococcus sp. YE78	1352374	2	1	0	0	0	1
Ruminococcus	Ruminococcus	1263	Ruminococcus sp. YRD2003	1452313	1	0	0	0	0	1
Ruminococcus	Ruminococcus	1263	Ruminococcus sp. Zagget11	1930004	1	1	0	0	0	0
Ruminococcus	Ruminococcus	1263	Ruminococcus sp. Zagget7	1930001	1	1	0	0	0	0
Ruminococcus	Ruminococcus	1263	Ruminococcus sp. zg-921	2678506	1	1	0	0	0	0
Ruminococcus	Ruminococcus	1263	Ruminococcus sp. zg-924	2678505	1	1	0	0	0	0
Ruminococcus	Ruminococcus	1263	Ruminococcus sporogenes	3417630	1	1	0	0	0	0
Ruminococcus	Ruminococcus	1263	Ruminococcus turbiniformis	2881258	1	1	0	0	0	0
Ruminococcus	Ruminococcus	1263	uncultured Ruminococcus sp.	165186	8898	8778	9	22	66	23
Saccharofermentans	Saccharofermentans	1200657	Saccharofermentans sp.	2775029	256	182	19	8	5	42
Saccharofermentans	Saccharofermentans	1200657	Saccharofermentans sp. DL1XJH56	3402692	1	0	1	0	0	0
Saccharofermentans	Saccharofermentans	1200657	uncultured Saccharofermentans sp.	1434378	17	0	0	0	17	0
Sarcina	Sarcina	1266	Candidatus Sarcina troglodytae	2726954	1	0	0	1	0	0
Sarcina	Sarcina	1266	Sarcina sp.	2053610	62	30	0	2	1	29
Sarcina	Sarcina	1266	Sarcina sp. DSM 11001	1798184	4	2	0	0	1	1
Sarcina	Sarcina	1266	Sarcina ventriculi	1267	117	24	1	0	2	90
Sarcina	Sarcina	1266	uncultured Sarcina sp.	200448	44	44	0	0	0	0
Scatolibacter	Scatolibacter	2912543	Scatolibacter rhodanostii	2014781	1	0	0	0	0	1
Scatolibacter	Scatolibacter	2912543	Scatolibacter sp.	2912545	11	1	0	0	0	10
Schwartzia	Schwartzia	55506	Schwartzia sp. (in: firmicutes)	2047426	31	28	0	3	0	0
Schwartzia	Schwartzia	55506	Schwartzia succinivorans	55507	16	13	0	1	0	2
Schwartzia	Schwartzia	55506	uncultured Schwartzia sp.	662437	30	2	0	24	0	4
Segatella	Segatella	2974251	Candidatus Segatella albertsiae	1947197	2	2	0	0	0	0
Segatella	Segatella	2974251	Candidatus Segatella caccae	3085171	8	8	0	0	0	0
Segatella	Segatella	2974251	Candidatus Segatella mututuai	1947189	2	2	0	0	0	0
Segatella	Segatella	2974251	Candidatus Segatella papionis	1947215	2	2	0	0	0	0
Segatella	Segatella	2974251	Candidatus Segatella violae	1947177	2	2	0	0	0	0
Segatella	Segatella	2974251	Segatella albensis	77768	9	2	1	0	1	5
Segatella	Segatella	2974251	Segatella asaccharophila	3134023	1	0	0	0	1	0
Segatella	Segatella	2974251	Segatella baroniae	305719	28	1	0	13	1	13
Segatella	Segatella	2974251	Segatella bryantii	77095	71	10	0	5	1	55
Segatella	Segatella	2974251	Segatella buccae	28126	111	53	0	19	0	39
Segatella	Segatella	2974251	Segatella cerevisiae	2053716	1	0	1	0	0	0
Segatella	Segatella	2974251	Segatella copri	165179	2645	1837	21	13	111	663
Segatella	Segatella	2974251	Segatella hominis	2518605	188	77	0	1	0	110
Segatella	Segatella	2974251	Segatella intestinalis	3035284	2	2	0	0	0	0
Segatella	Segatella	2974251	Segatella maculosa	439703	50	1	0	41	0	8
Segatella	Segatella	2974251	Segatella oris	28135	96	10	0	47	12	27
Segatella	Segatella	2974251	Segatella oulorum	28136	62	2	0	49	0	11
Segatella	Segatella	2974251	Segatella paludivivens	185294	3	0	1	0	0	2
Segatella	Segatella	2974251	Segatella salivae	228604	130	7	1	117	0	5
Segatella	Segatella	2974251	Segatella sinensis	3085167	3	1	0	0	0	2
Segatella	Segatella	2974251	Segatella sp.	2974253	97	92	3	2	0	0
Segatella	Segatella	2974251	Segatella sp. KCOM 3303	3841134	1	0	0	1	0	0
Segatella	Segatella	2974251	uncultured Segatella sp.	2974255	22	12	4	6	0	0
Senegalimassilia	Senegalimassilia	1473205	Senegalimassilia anaerobia	1473216	246	205	0	14	0	27
Senegalimassilia	Senegalimassilia	1473205	Senegalimassilia faecalis	2509433	36	30	0	0	0	6
Senegalimassilia	Senegalimassilia	1473205	Senegalimassilia sp.	1922200	421	45	2	0	0	374
Senegalimassilia	Senegalimassilia	1473205	uncultured Senegalimassilia sp.	1714350	163	163	0	0	0	0
Shuttleworthella	Shuttleworthella	177971	Shuttleworthella satelles	177972	18	5	0	11	0	2
Shuttleworthella	Shuttleworthella	177971	Shuttleworthella sp.	3048902	11	10	0	1	0	0
Shuttleworthella	Shuttleworthella	177971	Shuttleworthella sp. MSX8B	936574	2	0	0	0	0	2
Shuttleworthella	Shuttleworthella	177971	uncultured Shuttleworthella sp.	417611	6	6	0	0	0	0
Sodaliphilus	Sodaliphilus	2815786	Candidatus Sodaliphilus aphodohippi	3083134	1	1	0	0	0	0
Sodaliphilus	Sodaliphilus	2815786	Candidatus Sodaliphilus fimicaballi	3083135	1	1	0	0	0	0
Sodaliphilus	Sodaliphilus	2815786	Candidatus Sodaliphilus limicaballi	3083136	1	1	0	0	0	0
Sodaliphilus	Sodaliphilus	2815786	Sodaliphilus pleomorphus	2606626	38	32	0	1	2	3
Sodaliphilus	Sodaliphilus	2815786	Sodaliphilus sp.	2815818	359	241	7	81	30	0
Solibaculum	Solibaculum	2842531	Solibaculum intestinale	3133165	1	0	0	0	0	1
Solibaculum	Solibaculum	2842531	Solibaculum mannosilyticum	2780922	3	1	0	0	0	2
Solibaculum	Solibaculum	2842531	uncultured Solibaculum sp.	2842535	1	1	0	0	0	0
Sphaerochaeta	Sphaerochaeta	399320	Sphaerochaeta associata	1129264	7	0	3	0	2	2
Sphaerochaeta	Sphaerochaeta	399320	Sphaerochaeta globosa	1131703	9	0	2	0	6	1
Sphaerochaeta	Sphaerochaeta	399320	Sphaerochaeta halotolerans	2293840	19	0	9	0	1	9
Sphaerochaeta	Sphaerochaeta	399320	Sphaerochaeta pleomorpha	1131707	2	0	1	0	0	1
Sphaerochaeta	Sphaerochaeta	399320	Sphaerochaeta sp.	1972642	299	14	68	8	63	146
Sphaerochaeta	Sphaerochaeta	399320	Sphaerochaeta sp. JGI_KR46_SmLR_5_K6	2663978	1	0	0	0	0	1
Sphaerochaeta	Sphaerochaeta	399320	Sphaerochaeta sp. Phil3	1930011	2	2	0	0	0	0
Sphaerochaeta	Sphaerochaeta	399320	Sphaerochaeta sp. PS	3076336	1	0	0	0	1	0
Sphaerochaeta	Sphaerochaeta	399320	Sphaerochaeta sp. S2	2798868	1	0	1	0	0	0
Sphaerochaeta	Sphaerochaeta	399320	Sphaerochaeta sp. UBA1365	1947469	1	0	0	0	1	0
Sphaerochaeta	Sphaerochaeta	399320	Sphaerochaeta sp. UBA2246	1947470	1	0	1	0	0	0
Sphaerochaeta	Sphaerochaeta	399320	Sphaerochaeta sp. UBA3704	1947471	1	0	0	1	0	0
Sphaerochaeta	Sphaerochaeta	399320	Sphaerochaeta sp. UBA4273	1947472	1	0	0	1	0	0
Sphaerochaeta	Sphaerochaeta	399320	Sphaerochaeta sp. UBA5212	1947473	1	0	0	0	1	0
Sphaerochaeta	Sphaerochaeta	399320	Sphaerochaeta sp. UBA5836	1947474	1	0	0	0	1	0
Sphaerochaeta	Sphaerochaeta	399320	Sphaerochaeta sp. UBA5849	1947475	1	0	0	0	1	0
Sphaerochaeta	Sphaerochaeta	399320	Sphaerochaeta sp. UBA5856	1947476	1	0	0	0	1	0
Sphaerochaeta	Sphaerochaeta	399320	Sphaerochaeta sp. UBA6084	1947477	1	0	1	0	0	0
Sphaerochaeta	Sphaerochaeta	399320	Sphaerochaeta sp. UBA6095	1947478	1	0	1	0	0	0
Sphaerochaeta	Sphaerochaeta	399320	Sphaerochaeta sp. UBA7274	1947479	1	1	0	0	0	0
Sphaerochaeta	Sphaerochaeta	399320	Sphaerochaeta sp. UBA7781	1947480	1	1	0	0	0	0
Sphaerochaeta	Sphaerochaeta	399320	uncultured Sphaerochaeta sp.	886478	47	15	6	6	20	0
Streptococcus	Streptococcus	1301	Candidatus Streptococcus faecavium	2838763	3	2	0	0	0	1
Streptococcus	Streptococcus	1301	Candidatus Streptococcus sp. bin.001	2962908	1	1	0	0	0	0
Streptococcus	Streptococcus	1301	Streptococcus acidominimus	1326	21	0	1	6	1	13
Streptococcus	Streptococcus	1301	Streptococcus agalactiae	1311	58942	353	696	7162	21112	29619
Streptococcus	Streptococcus	1301	Streptococcus alactolyticus	29389	76	36	5	4	6	25
Streptococcus	Streptococcus	1301	Streptococcus alactolytiens	1327	4	0	0	0	0	4
Streptococcus	Streptococcus	1301	Streptococcus anginosus	1328	1283	185	3	308	26	761
Streptococcus	Streptococcus	1301	Streptococcus atopicus	3411037	1	0	0	0	0	1
Streptococcus	Streptococcus	1301	Streptococcus australis	113107	77	19	0	30	1	27
Streptococcus	Streptococcus	1301	Streptococcus azizii	1579424	6	0	0	4	2	0
Streptococcus	Streptococcus	1301	Streptococcus bouchesdurhonensis	2954240	1	0	0	1	0	0
Streptococcus	Streptococcus	1301	Streptococcus bovimastitidis	1856638	2	0	1	1	0	0
Streptococcus	Streptococcus	1301	Streptococcus bovismuti	3332597	1	0	1	0	0	0
Streptococcus	Streptococcus	1301	Streptococcus caballi	439220	10	5	0	1	1	3
Streptococcus	Streptococcus	1301	Streptococcus caecimuris	2941338	19	5	0	10	0	4
Streptococcus	Streptococcus	1301	Streptococcus caledonicus	2614158	2	0	0	1	0	1
Streptococcus	Streptococcus	1301	Streptococcus cameli	1469428	1	0	1	0	0	0
Streptococcus	Streptococcus	1301	Streptococcus canis	1329	1124	18	7	623	69	407
Streptococcus	Streptococcus	1301	Streptococcus caprae	1640501	3	0	0	1	0	2
Streptococcus	Streptococcus	1301	Streptococcus castoreus	254786	4	0	0	1	0	3
Streptococcus	Streptococcus	1301	Streptococcus catagoni	2654874	4	0	0	4	0	0
Streptococcus	Streptococcus	1301	Streptococcus caviae	1930533	2	1	0	0	1	0
Streptococcus	Streptococcus	1301	Streptococcus chenjunshii	2173853	6	1	0	1	1	3
Streptococcus	Streptococcus	1301	Streptococcus chosunensis	2707003	6	1	0	5	0	0
Streptococcus	Streptococcus	1301	Streptococcus constellatus	76860	168	18	0	53	7	90
Streptococcus	Streptococcus	1301	Streptococcus criae	1332	4	0	0	0	0	4
Streptococcus	Streptococcus	1301	Streptococcus criceti	1333	9	0	0	2	0	7
Streptococcus	Streptococcus	1301	Streptococcus cristatus	45634	117	3	0	57	5	52
Streptococcus	Streptococcus	1301	Streptococcus cuniculi	1432788	7	0	0	5	0	2
Streptococcus	Streptococcus	1301	Streptococcus cuniculipharyngis	1562651	2	0	0	0	1	1
Streptococcus	Streptococcus	1301	Streptococcus danieliae	747656	14	3	0	8	0	3
Streptococcus	Streptococcus	1301	Streptococcus dentalis	3098075	2	1	0	0	0	1
Streptococcus	Streptococcus	1301	Streptococcus dentapri	573564	3	0	0	1	0	2
Streptococcus	Streptococcus	1301	Streptococcus dentasini	1080072	1	0	0	1	0	0
Streptococcus	Streptococcus	1301	Streptococcus dentiloxodontae	1352223	1	0	0	1	0	0
Streptococcus	Streptococcus	1301	Streptococcus dentirousetti	384613	1	0	0	1	0	0
Streptococcus	Streptococcus	1301	Streptococcus devriesei	231233	5	0	0	2	0	3
Streptococcus	Streptococcus	1301	Streptococcus didelphis	102886	16	0	0	12	1	3
Streptococcus	Streptococcus	1301	Streptococcus downei	1317	13	1	0	3	0	9
Streptococcus	Streptococcus	1301	Streptococcus downii	1968889	3	0	0	1	0	2
Streptococcus	Streptococcus	1301	Streptococcus dysgalactiae	1334	5530	13	34	2635	132	2716
Streptococcus	Streptococcus	1301	Streptococcus entericus	155680	6	2	0	1	0	3
Streptococcus	Streptococcus	1301	Streptococcus equi	1336	4654	5	6	2351	275	2017
Streptococcus	Streptococcus	1301	Streptococcus equinus	1335	215	39	7	20	28	121
Streptococcus	Streptococcus	1301	Streptococcus fermentans	3095082	4	0	2	0	0	2
Streptococcus	Streptococcus	1301	Streptococcus ferus	1345	19	5	0	10	0	4
Streptococcus	Streptococcus	1301	Streptococcus fryi	661498	1	0	0	1	0	0
Streptococcus	Streptococcus	1301	Streptococcus gallinaceus	165758	10	0	0	2	0	8
Streptococcus	Streptococcus	1301	Streptococcus gallolyticus	315405	745	42	3	456	37	207
Streptococcus	Streptococcus	1301	Streptococcus gingivalis	3111861	2	0	0	1	0	1
Streptococcus	Streptococcus	1301	Streptococcus gordonii	1302	549	40	0	202	40	267
Streptococcus	Streptococcus	1301	Streptococcus gwangjuensis	1433513	6	0	0	4	0	2
Streptococcus	Streptococcus	1301	Streptococcus halichoeri	254785	28	1	0	4	1	22
Streptococcus	Streptococcus	1301	Streptococcus halitosis	2172545	9	2	0	4	2	1
Streptococcus	Streptococcus	1301	Streptococcus halotolerans	1814128	4	0	0	1	0	3
Streptococcus	Streptococcus	1301	Streptococcus handemini	3161188	2	0	0	0	0	2
Streptococcus	Streptococcus	1301	Streptococcus henryi	439219	8	2	0	0	0	6
Streptococcus	Streptococcus	1301	Streptococcus hepaticus	3349163	4	0	0	4	0	0
Streptococcus	Streptococcus	1301	Streptococcus hillyeri	2282420	4	0	0	2	0	2
Streptococcus	Streptococcus	1301	Streptococcus himalayensis	1888195	3	0	0	2	0	1
Streptococcus	Streptococcus	1301	Streptococcus hominis	2763067	37	12	0	19	2	4
Streptococcus	Streptococcus	1301	Streptococcus hongkongensis	910939	4	0	0	2	0	2
Streptococcus	Streptococcus	1301	Streptococcus huangxiaojuni	3237239	2	2	0	0	0	0
Streptococcus	Streptococcus	1301	Streptococcus humanilactis	2841061	2	0	2	0	0	0
Streptococcus	Streptococcus	1301	Streptococcus hyointestinalis	1337	168	27	1	0	1	139
Streptococcus	Streptococcus	1301	Streptococcus hyovaginalis	149015	39	3	10	18	1	7
Streptococcus	Streptococcus	1301	Streptococcus ictaluri	380397	8	0	0	2	1	5
Streptococcus	Streptococcus	1301	Streptococcus ilei	1156431	9	3	0	2	0	4
Streptococcus	Streptococcus	1301	Streptococcus iners	3028084	4	0	0	1	1	2
Streptococcus	Streptococcus	1301	Streptococcus infantarius	102684	249	76	78	17	5	73
Streptococcus	Streptococcus	1301	Streptococcus infantis	68892	264	29	0	163	5	67
Streptococcus	Streptococcus	1301	Streptococcus iniae	1346	161	0	2	45	2	112
Streptococcus	Streptococcus	1301	Streptococcus intermedius	1338	156	6	0	75	7	68
Streptococcus	Streptococcus	1301	Streptococcus intestinihominis	3391667	2	2	0	0	0	0
Streptococcus	Streptococcus	1301	Streptococcus jiangjianxini	3161189	2	0	0	0	0	2
Streptococcus	Streptococcus	1301	Streptococcus jiangnanensis	3095079	5	0	2	0	2	1
Streptococcus	Streptococcus	1301	Streptococcus koreensis	2382163	14	1	0	3	1	9
Streptococcus	Streptococcus	1301	Streptococcus lactarius	684066	28	1	3	2	0	22
Streptococcus	Streptococcus	1301	Streptococcus lingualis	3098076	2	1	0	0	0	1
Streptococcus	Streptococcus	1301	Streptococcus lishijunsis	3391450	1	0	0	0	0	1
Streptococcus	Streptococcus	1301	Streptococcus loxodontisalivarius	1349415	5	0	0	1	0	4
Streptococcus	Streptococcus	1301	Streptococcus lutetiensis	150055	1003	284	4	31	16	668
Streptococcus	Streptococcus	1301	Streptococcus macacae	1339	8	0	0	2	0	6
Streptococcus	Streptococcus	1301	Streptococcus macedonicus	59310	90	4	8	3	39	36
Streptococcus	Streptococcus	1301	Streptococcus marimammalium	269666	3	0	0	1	0	2
Streptococcus	Streptococcus	1301	Streptococcus marmotae	1825069	2	0	0	1	0	1
Streptococcus	Streptococcus	1301	Streptococcus massiliensis	313439	10	0	0	3	2	5
Streptococcus	Streptococcus	1301	Streptococcus merionis	400065	7	2	0	3	0	2
Streptococcus	Streptococcus	1301	Streptococcus milleri	33040	10	0	0	4	1	5
Streptococcus	Streptococcus	1301	Streptococcus minor	229549	9	1	0	5	0	3
Streptococcus	Streptococcus	1301	Streptococcus mitis	28037	1833	101	1	844	60	827
Streptococcus	Streptococcus	1301	Streptococcus mobilis	3434972	1	0	0	0	0	1
Streptococcus	Streptococcus	1301	Streptococcus moroccensis	1451356	4	0	1	0	0	3
Streptococcus	Streptococcus	1301	Streptococcus mutans	1309	3242	84	0	820	747	1591
Streptococcus	Streptococcus	1301	Streptococcus nakanonensis	3015774	1	0	0	1	0	0
Streptococcus	Streptococcus	1301	Streptococcus nasisuis	3233335	1	0	0	0	0	1
Streptococcus	Streptococcus	1301	Streptococcus nidrosiense	3140788	1	0	0	1	0	0
Streptococcus	Streptococcus	1301	Streptococcus oralis	1303	850	63	1	354	61	371
Streptococcus	Streptococcus	1301	Streptococcus oricebi	1547447	2	0	0	2	0	0
Streptococcus	Streptococcus	1301	Streptococcus orisasini	1080071	5	1	0	4	0	0
Streptococcus	Streptococcus	1301	Streptococcus oriscaviae	2781599	3	0	0	3	0	0
Streptococcus	Streptococcus	1301	Streptococcus orisratti	114652	38	8	8	10	0	12
Streptococcus	Streptococcus	1301	Streptococcus orisuis	282078	2	0	0	0	0	2
Streptococcus	Streptococcus	1301	Streptococcus ovis	82806	7	0	0	3	0	4
Streptococcus	Streptococcus	1301	Streptococcus ovuberis	1936207	2	0	0	2	0	0
Streptococcus	Streptococcus	1301	Streptococcus pacificus	2740577	1	0	0	1	0	0
Streptococcus	Streptococcus	1301	Streptococcus panodentis	1581472	2	0	0	2	0	0
Streptococcus	Streptococcus	1301	Streptococcus pantholopis	1811193	2	1	0	0	0	1
Streptococcus	Streptococcus	1301	Streptococcus parapneumoniae	2993430	1	0	0	0	0	1
Streptococcus	Streptococcus	1301	Streptococcus parasalivarius	3114282	2	0	0	0	0	2
Streptococcus	Streptococcus	1301	Streptococcus parasanguinis	1318	1771	555	1	322	21	872
Streptococcus	Streptococcus	1301	Streptococcus parasuis	1501662	140	1	33	28	32	46
Streptococcus	Streptococcus	1301	Streptococcus parauberis	1348	98	3	13	57	8	17
Streptococcus	Streptococcus	1301	Streptococcus pasteurianus	197614	749	123	0	130	34	462
Streptococcus	Streptococcus	1301	Streptococcus penaeicida	1765960	3	0	0	2	0	1
Streptococcus	Streptococcus	1301	Streptococcus periodonticum	2490633	4	0	0	1	2	1
Streptococcus	Streptococcus	1301	Streptococcus peroris	68891	34	7	0	9	0	18
Streptococcus	Streptococcus	1301	Streptococcus phocae	119224	21	0	0	10	0	11
Streptococcus	Streptococcus	1301	Streptococcus pluranimalium	82348	76	3	13	37	3	20
Streptococcus	Streptococcus	1301	Streptococcus plurextorum	456876	5	0	0	1	0	4
Streptococcus	Streptococcus	1301	Streptococcus pneumoniae	1313	214899	6	3	54223	24471	136196
Streptococcus	Streptococcus	1301	Streptococcus porci	502567	7	0	0	3	0	4
Streptococcus	Streptococcus	1301	Streptococcus porcinus	1340	27	0	4	5	4	14
Streptococcus	Streptococcus	1301	Streptococcus porcorum	701526	7	0	0	3	0	4
Streptococcus	Streptococcus	1301	Streptococcus pseudopneumoniae	257758	261	2	0	138	7	114
Streptococcus	Streptococcus	1301	Streptococcus pseudoporcinus	361101	16	0	3	4	2	7
Streptococcus	Streptococcus	1301	Streptococcus pyogenes	1314	92260	36	28	39095	24285	28816
Streptococcus	Streptococcus	1301	Streptococcus raffinosi	3053355	13	8	3	1	0	1
Streptococcus	Streptococcus	1301	Streptococcus ratti	1341	14	0	0	9	1	4
Streptococcus	Streptococcus	1301	Streptococcus respiraculi	2021971	3	1	0	1	0	1
Streptococcus	Streptococcus	1301	Streptococcus rifensis	1451357	1	0	1	0	0	0
Streptococcus	Streptococcus	1301	Streptococcus rubneri	1234680	36	4	0	22	0	10
Streptococcus	Streptococcus	1301	Streptococcus ruminantium	1917441	67	0	17	4	1	45
Streptococcus	Streptococcus	1301	Streptococcus ruminicola	2686210	12	6	0	0	0	6
Streptococcus	Streptococcus	1301	Streptococcus rupicaprae	759619	4	0	0	1	0	3
Streptococcus	Streptococcus	1301	Streptococcus salivarius	1304	4746	1471	19	505	55	2696
Streptococcus	Streptococcus	1301	Streptococcus saliviloxodontae	1349416	3	0	0	1	0	2
Streptococcus	Streptococcus	1301	Streptococcus sanguinis	1305	1035	36	2	586	17	394
Streptococcus	Streptococcus	1301	Streptococcus sciuri	2973939	1	1	0	0	0	0
Streptococcus	Streptococcus	1301	Streptococcus shenyangsis	2589786	6	0	0	6	0	0
Streptococcus	Streptococcus	1301	Streptococcus sinensis	176090	53	1	0	39	2	11
Streptococcus	Streptococcus	1301	Streptococcus sobrinus	1310	124	10	1	68	0	45
Streptococcus	Streptococcus	1301	Streptococcus sp.	1306	4043	1054	36	566	24	2363
Streptococcus	Streptococcus	1301	Streptococcus sp. 'caviae'	1915004	1	1	0	0	0	0
Streptococcus	Streptococcus	1301	Streptococcus sp. 'group A'	36470	1121	0	0	126	0	995
Streptococcus	Streptococcus	1301	Streptococcus sp. 'group B'	1319	785	0	0	53	0	732
Streptococcus	Streptococcus	1301	Streptococcus sp. 'group G'	1320	5	0	0	0	1	4
Streptococcus	Streptococcus	1301	Streptococcus sp. 010-Blood	3469867	1	0	0	1	0	0
Streptococcus	Streptococcus	1301	Streptococcus sp. 015-Blood	3469868	1	0	0	1	0	0
Streptococcus	Streptococcus	1301	Streptococcus sp. 021-Blood	3469869	1	0	0	1	0	0
Streptococcus	Streptococcus	1301	Streptococcus sp. 10.1	2762570	1	0	0	0	0	1
Streptococcus	Streptococcus	1301	Streptococcus sp. 1001175B_160314_H6	2787143	1	1	0	0	0	0
Streptococcus	Streptococcus	1301	Streptococcus sp. 1001283B150225_161107_H12	2787122	1	1	0	0	0	0
Streptococcus	Streptococcus	1301	Streptococcus sp. 1004_SSPC	1579350	1	0	0	0	0	1
Streptococcus	Streptococcus	1301	Streptococcus sp. 101	2914742	1	0	0	0	0	1
Streptococcus	Streptococcus	1301	Streptococcus sp. 1013	2582645	1	0	0	1	0	0
Streptococcus	Streptococcus	1301	Streptococcus sp. 103	2914743	1	0	0	0	0	1
Streptococcus	Streptococcus	1301	Streptococcus sp. 1032	2582657	1	0	0	1	0	0
Streptococcus	Streptococcus	1301	Streptococcus sp. 105	2914723	1	0	0	0	0	1
Streptococcus	Streptococcus	1301	Streptococcus sp. 1055	2582667	1	0	0	1	0	0
Streptococcus	Streptococcus	1301	Streptococcus sp. 10824	2582678	1	0	0	1	0	0
Streptococcus	Streptococcus	1301	Streptococcus sp. 109	2914744	1	0	0	0	0	1
Streptococcus	Streptococcus	1301	Streptococcus sp. 10F2	3480015	1	0	0	1	0	0
Streptococcus	Streptococcus	1301	Streptococcus sp. 11-4097	2828286	1	0	0	0	1	0
Streptococcus	Streptococcus	1301	Streptococcus sp. 11261D007AM	3297724	1	0	1	0	0	0
Streptococcus	Streptococcus	1301	Streptococcus sp. 11273D007BT	3297728	1	0	1	0	0	0
Streptococcus	Streptococcus	1301	Streptococcus sp. 11273D007BW	3297729	1	0	1	0	0	0
Streptococcus	Streptococcus	1301	Streptococcus sp. 114	2914714	1	0	0	0	0	1
Streptococcus	Streptococcus	1301	Streptococcus sp. 116-D4	2598453	1	0	0	0	0	1
Streptococcus	Streptococcus	1301	Streptococcus sp. 117	2914745	1	0	0	0	0	1
Streptococcus	Streptococcus	1301	Streptococcus sp. 1171_SSPC	1579348	1	0	0	0	0	1
Streptococcus	Streptococcus	1301	Streptococcus sp. 119	2914746	1	0	0	0	0	1
Streptococcus	Streptococcus	1301	Streptococcus sp. 121	2797637	1	1	0	0	0	0
Streptococcus	Streptococcus	1301	Streptococcus sp. 123	2914747	1	0	0	0	0	1
Streptococcus	Streptococcus	1301	Streptococcus sp. 124	2914748	1	0	0	0	0	1
Streptococcus	Streptococcus	1301	Streptococcus sp. 1290	2582687	1	0	0	1	0	0
Streptococcus	Streptococcus	1301	Streptococcus sp. 1343	2582641	1	0	0	1	0	0
Streptococcus	Streptococcus	1301	Streptococcus sp. 143	2914724	1	0	0	0	0	1
Streptococcus	Streptococcus	1301	Streptococcus sp. 1449	2582658	2	0	0	2	0	0
Streptococcus	Streptococcus	1301	Streptococcus sp. 1453	2582661	6	0	0	6	0	0
Streptococcus	Streptococcus	1301	Streptococcus sp. 15	2914720	1	0	0	0	0	1
Streptococcus	Streptococcus	1301	Streptococcus sp. 15.1	2762569	1	0	0	0	0	1
Streptococcus	Streptococcus	1301	Streptococcus sp. 151470009-6	3463832	1	0	0	0	0	1
Streptococcus	Streptococcus	1301	Streptococcus sp. 1559	2582671	1	0	0	1	0	0
Streptococcus	Streptococcus	1301	Streptococcus sp. 1560196	2720395	1	0	0	0	0	1
Streptococcus	Streptococcus	1301	Streptococcus sp. 157	2914717	1	0	0	0	0	1
Streptococcus	Streptococcus	1301	Streptococcus sp. 16.1	2762568	1	0	0	0	0	1
Streptococcus	Streptococcus	1301	Streptococcus sp. 162	2914718	1	0	0	0	0	1
Streptococcus	Streptococcus	1301	Streptococcus sp. 1621	2582676	1	0	0	1	0	0
Streptococcus	Streptococcus	1301	Streptococcus sp. 1643	2576376	15	0	0	2	0	13
Streptococcus	Streptococcus	1301	Streptococcus sp. 17.1	2762567	1	0	0	0	0	1
Streptococcus	Streptococcus	1301	Streptococcus sp. 174	2914749	1	0	0	0	0	1
Streptococcus	Streptococcus	1301	Streptococcus sp. 176	2914750	1	0	0	0	0	1
Streptococcus	Streptococcus	1301	Streptococcus sp. 178	2914719	1	0	0	0	0	1
Streptococcus	Streptococcus	1301	Streptococcus sp. 1807218	2720396	1	0	0	0	0	1
Streptococcus	Streptococcus	1301	Streptococcus sp. 181	2914751	1	0	0	0	0	1
Streptococcus	Streptococcus	1301	Streptococcus sp. 182	2914752	1	0	0	0	0	1
Streptococcus	Streptococcus	1301	Streptococcus sp. 183	2914753	1	0	0	0	0	1
Streptococcus	Streptococcus	1301	Streptococcus sp. 186	2914754	1	0	0	0	0	1
Streptococcus	Streptococcus	1301	Streptococcus sp. 190	2914725	1	0	0	0	0	1
Streptococcus	Streptococcus	1301	Streptococcus sp. 191	2914726	1	0	0	0	0	1
Streptococcus	Streptococcus	1301	Streptococcus sp. 192	2914727	1	0	0	0	0	1
Streptococcus	Streptococcus	1301	Streptococcus sp. 19428wA2_WM07	2782468	1	0	0	1	0	0
Streptococcus	Streptococcus	1301	Streptococcus sp. 19428wC2_LYSM12	2782470	2	1	0	1	0	0
Streptococcus	Streptococcus	1301	Streptococcus sp. 19428wD3_AN2	2782472	1	0	0	1	0	0
Streptococcus	Streptococcus	1301	Streptococcus sp. 1969	2582688	1	0	0	1	0	0
Streptococcus	Streptococcus	1301	Streptococcus sp. 1D-1870	2730391	1	0	0	1	0	0
Streptococcus	Streptococcus	1301	Streptococcus sp. 1D-1961	2730394	1	0	0	0	1	0
Streptococcus	Streptococcus	1301	Streptococcus sp. 1D-394	2730363	1	0	0	0	1	0
Streptococcus	Streptococcus	1301	Streptococcus sp. 1F3	3469816	1	0	0	1	0	0
Streptococcus	Streptococcus	1301	Streptococcus sp. 1F4	3713511	1	0	0	1	0	0
Streptococcus	Streptococcus	1301	Streptococcus sp. 2.1	2762573	1	0	0	0	0	1
Streptococcus	Streptococcus	1301	Streptococcus sp. 20-37394	2813787	1	0	1	0	0	0
Streptococcus	Streptococcus	1301	Streptococcus sp. 2001	2582689	1	0	0	1	0	0
Streptococcus	Streptococcus	1301	Streptococcus sp. 2018037	2870782	1	0	0	0	1	0
Streptococcus	Streptococcus	1301	Streptococcus sp. 2018110	2870784	1	0	0	0	1	0
Streptococcus	Streptococcus	1301	Streptococcus sp. 2018162	2870783	1	0	0	0	1	0
Streptococcus	Streptococcus	1301	Streptococcus sp. 2018WUSS099	2983276	1	0	0	1	0	0
Streptococcus	Streptococcus	1301	Streptococcus sp. 2018WUSS102	2983277	1	0	0	1	0	0
Streptococcus	Streptococcus	1301	Streptococcus sp. 2018WUSS126	2983278	1	0	0	1	0	0
Streptococcus	Streptococcus	1301	Streptococcus sp. 202	2582646	1	0	0	1	0	0
Streptococcus	Streptococcus	1301	Streptococcus sp. 2020WUSS084	2983279	1	0	0	1	0	0
Streptococcus	Streptococcus	1301	Streptococcus sp. 2020WUSS089	2983280	1	0	0	1	0	0
Streptococcus	Streptococcus	1301	Streptococcus sp. 2021WUSS030	2983281	1	0	0	1	0	0
Streptococcus	Streptococcus	1301	Streptococcus sp. 2021WUSS109	2983282	1	0	0	1	0	0
Streptococcus	Streptococcus	1301	Streptococcus sp. 2021WUSS124	2983283	1	0	0	1	0	0
Streptococcus	Streptococcus	1301	Streptococcus sp. 2021WUSS125	2983284	1	0	0	1	0	0
Streptococcus	Streptococcus	1301	Streptococcus sp. 2021WUSS126	2983285	1	0	0	1	0	0
Streptococcus	Streptococcus	1301	Streptococcus sp. 2022WUSS037	2983286	1	0	0	1	0	0
Streptococcus	Streptococcus	1301	Streptococcus sp. 2022WUSS083	2983287	1	0	0	1	0	0
Streptococcus	Streptococcus	1301	Streptococcus sp. 2022WUSS135	2983288	1	0	0	1	0	0
Streptococcus	Streptococcus	1301	Streptococcus sp. 2024CE-CRO_05_13_001	3153587	1	0	0	0	0	1
Streptococcus	Streptococcus	1301	Streptococcus sp. 2024CE-CRO_05_13_002	3153586	1	0	0	0	0	1
Streptococcus	Streptococcus	1301	Streptococcus sp. 2026-5	3879542	1	0	0	0	0	1
Streptococcus	Streptococcus	1301	Streptococcus sp. 20925_1_22	3003645	1	0	0	1	0	0
Streptococcus	Streptococcus	1301	Streptococcus sp. 20925_1_24	3003662	1	0	0	1	0	0
Streptococcus	Streptococcus	1301	Streptococcus sp. 20925_1_44	3003666	1	0	0	1	0	0
Streptococcus	Streptococcus	1301	Streptococcus sp. 20925_1_69	3003661	1	0	0	1	0	0
Streptococcus	Streptococcus	1301	Streptococcus sp. 20925_1_77	3003654	1	0	0	1	0	0
Streptococcus	Streptococcus	1301	Streptococcus sp. 21.1	2762566	1	0	0	0	0	1
Streptococcus	Streptococcus	1301	Streptococcus sp. 2100	2582690	1	0	0	1	0	0
Streptococcus	Streptococcus	1301	Streptococcus sp. 2106	2582642	1	0	0	1	0	0
Streptococcus	Streptococcus	1301	Streptococcus sp. 210928-DFI.4.42	2883234	1	1	0	0	0	0
Streptococcus	Streptococcus	1301	Streptococcus sp. 2154	2582650	1	0	0	1	0	0
Streptococcus	Streptococcus	1301	Streptococcus sp. 22.1	2762565	1	0	0	0	0	1
Streptococcus	Streptococcus	1301	Streptococcus sp. 23.2	2762564	1	0	0	0	0	1
Streptococcus	Streptococcus	1301	Streptococcus sp. 2342	2582668	2	0	0	2	0	0
Streptococcus	Streptococcus	1301	Streptococcus sp. 243	2914728	1	0	0	0	0	1
Streptococcus	Streptococcus	1301	Streptococcus sp. 2492518	3776970	1	0	0	0	0	1
Streptococcus	Streptococcus	1301	Streptococcus sp. 250	2914730	1	0	0	0	0	1
Streptococcus	Streptococcus	1301	Streptococcus sp. 255	2914731	1	0	0	0	0	1
Streptococcus	Streptococcus	1301	Streptococcus sp. 2579	2582648	1	0	0	1	0	0
Streptococcus	Streptococcus	1301	Streptococcus sp. 258	2914721	1	0	0	0	0	1
Streptococcus	Streptococcus	1301	Streptococcus sp. 26	2914715	1	0	0	0	0	1
Streptococcus	Streptococcus	1301	Streptococcus sp. 26-018097-0003-5	3706672	1	0	0	1	0	0
Streptococcus	Streptococcus	1301	Streptococcus sp. 26-018097-0008-8	3706673	1	0	0	1	0	0
Streptococcus	Streptococcus	1301	Streptococcus sp. 26-018097-0009-5	3706674	1	0	0	1	0	0
Streptococcus	Streptococcus	1301	Streptococcus sp. 261	2914732	1	0	0	0	0	1
Streptococcus	Streptococcus	1301	Streptococcus sp. 263_SSPC	1579343	1	0	0	0	0	1
Streptococcus	Streptococcus	1301	Streptococcus sp. 27	2914712	1	0	0	0	0	1
Streptococcus	Streptococcus	1301	Streptococcus sp. 27098_8_103	3003660	1	0	0	1	0	0
Streptococcus	Streptococcus	1301	Streptococcus sp. 27098_8_109	3003659	1	0	0	1	0	0
Streptococcus	Streptococcus	1301	Streptococcus sp. 27098_8_113	3003669	1	0	0	1	0	0
Streptococcus	Streptococcus	1301	Streptococcus sp. 27098_8_12	3003653	1	0	0	1	0	0
Streptococcus	Streptococcus	1301	Streptococcus sp. 27098_8_134	3003644	1	0	0	1	0	0
Streptococcus	Streptococcus	1301	Streptococcus sp. 27098_8_148	3003652	1	0	0	1	0	0
Streptococcus	Streptococcus	1301	Streptococcus sp. 27098_8_177	3003651	1	0	0	1	0	0
Streptococcus	Streptococcus	1301	Streptococcus sp. 27098_8_186	3003650	1	0	0	1	0	0
Streptococcus	Streptococcus	1301	Streptococcus sp. 27098_8_22	3003665	1	0	0	1	0	0
Streptococcus	Streptococcus	1301	Streptococcus sp. 27098_8_23	3003657	1	0	0	1	0	0
Streptococcus	Streptococcus	1301	Streptococcus sp. 27098_8_51	3003656	1	0	0	1	0	0
Streptococcus	Streptococcus	1301	Streptococcus sp. 27098_8_66	3003649	1	0	0	1	0	0
Streptococcus	Streptococcus	1301	Streptococcus sp. 27098_8_69	3003664	1	0	0	1	0	0
Streptococcus	Streptococcus	1301	Streptococcus sp. 27098_8_70	3003655	1	0	0	1	0	0
Streptococcus	Streptococcus	1301	Streptococcus sp. 27098_8_73	3003668	1	0	0	1	0	0
Streptococcus	Streptococcus	1301	Streptococcus sp. 27098_8_74	3003646	1	0	0	1	0	0
Streptococcus	Streptococcus	1301	Streptococcus sp. 27098_8_75	3003667	1	0	0	1	0	0
Streptococcus	Streptococcus	1301	Streptococcus sp. 27098_8_76	3003658	1	0	0	1	0	0
Streptococcus	Streptococcus	1301	Streptococcus sp. 27098_8_82	3003643	1	0	0	1	0	0
Streptococcus	Streptococcus	1301	Streptococcus sp. 27098_8_86	3003670	1	0	0	1	0	0
Streptococcus	Streptococcus	1301	Streptococcus sp. 27098_8_91	3003663	1	0	0	1	0	0
Streptococcus	Streptococcus	1301	Streptococcus sp. 27098_8_98	3003648	1	0	0	1	0	0
Streptococcus	Streptococcus	1301	Streptococcus sp. 27098_8_99	3003647	1	0	0	1	0	0
Streptococcus	Streptococcus	1301	Streptococcus sp. 2741	2582691	1	0	0	1	0	0
Streptococcus	Streptococcus	1301	Streptococcus sp. 276	2914733	1	0	0	0	0	1
Streptococcus	Streptococcus	1301	Streptococcus sp. 2785	2582669	1	0	0	1	0	0
Streptococcus	Streptococcus	1301	Streptococcus sp. 282	307146	1	0	0	0	0	1
Streptococcus	Streptococcus	1301	Streptococcus sp. 2877	2582656	1	0	0	1	0	0
Streptococcus	Streptococcus	1301	Streptococcus sp. 2_1_36FAA	469609	2	0	0	0	0	2
Streptococcus	Streptococcus	1301	Streptococcus sp. 2A/TPW/M5	3093919	1	0	0	1	0	0
Streptococcus	Streptococcus	1301	Streptococcus sp. 3.1	2762572	1	0	0	0	0	1
Streptococcus	Streptococcus	1301	Streptococcus sp. 307	2914734	1	0	0	0	0	1
Streptococcus	Streptococcus	1301	Streptococcus sp. 3109	2582662	1	0	0	1	0	0
Streptococcus	Streptococcus	1301	Streptococcus sp. 3167	2582649	1	0	0	1	0	0
Streptococcus	Streptococcus	1301	Streptococcus sp. 32226D021BW	3297733	1	0	1	0	0	0
Streptococcus	Streptococcus	1301	Streptococcus sp. 339	2582643	1	0	0	1	0	0
Streptococcus	Streptococcus	1301	Streptococcus sp. 342	2914716	1	0	0	0	0	1
Streptococcus	Streptococcus	1301	Streptococcus sp. 343_SSPC	1579342	1	0	0	0	0	1
Streptococcus	Streptococcus	1301	Streptococcus sp. 3473	2582659	1	0	0	1	0	0
Streptococcus	Streptococcus	1301	Streptococcus sp. 3506	2582681	1	0	0	1	0	0
Streptococcus	Streptococcus	1301	Streptococcus sp. 3613	2582639	1	0	0	1	0	0
Streptococcus	Streptococcus	1301	Streptococcus sp. 3705	2582651	1	0	0	1	0	0
Streptococcus	Streptococcus	1301	Streptococcus sp. 3764	2582672	1	0	0	1	0	0
Streptococcus	Streptococcus	1301	Streptococcus sp. 3851	2582663	1	0	0	1	0	0
Streptococcus	Streptococcus	1301	Streptococcus sp. 3874	2582685	1	0	0	1	0	0
Streptococcus	Streptococcus	1301	Streptococcus sp. 3894	2582664	1	0	0	1	0	0
Streptococcus	Streptococcus	1301	Streptococcus sp. 400_SSPC	1579341	1	0	0	0	0	1
Streptococcus	Streptococcus	1301	Streptococcus sp. 4094	2582652	1	0	0	1	0	0
Streptococcus	Streptococcus	1301	Streptococcus sp. 4155	2582673	1	0	0	1	0	0
Streptococcus	Streptococcus	1301	Streptococcus sp. 4272	2582674	1	0	0	1	0	0
Streptococcus	Streptococcus	1301	Streptococcus sp. 428	2582665	1	0	0	1	0	0
Streptococcus	Streptococcus	1301	Streptococcus sp. 4477	2582686	1	0	0	1	0	0
Streptococcus	Streptococcus	1301	Streptococcus sp. 449_SSPC	1579339	1	0	0	0	0	1
Streptococcus	Streptococcus	1301	Streptococcus sp. 45	1855326	1	0	0	0	0	1
Streptococcus	Streptococcus	1301	Streptococcus sp. 477	2582644	1	0	0	1	0	0
Streptococcus	Streptococcus	1301	Streptococcus sp. 48	2914729	1	0	0	0	0	1
Streptococcus	Streptococcus	1301	Streptococcus sp. 4886	2582682	1	0	0	1	0	0
Streptococcus	Streptococcus	1301	Streptococcus sp. 5004	2582670	1	0	0	1	0	0
Streptococcus	Streptococcus	1301	Streptococcus sp. 517s	3469231	2	0	0	0	0	2
Streptococcus	Streptococcus	1301	Streptococcus sp. 53	2582679	1	0	0	1	0	0
Streptococcus	Streptococcus	1301	Streptococcus sp. 5346	2582636	1	0	0	1	0	0
Streptococcus	Streptococcus	1301	Streptococcus sp. 544	2582640	1	0	0	1	0	0
Streptococcus	Streptococcus	1301	Streptococcus sp. 563	2582647	1	0	0	1	0	0
Streptococcus	Streptococcus	1301	Streptococcus sp. 57C	3472972	1	0	0	0	1	0
Streptococcus	Streptococcus	1301	Streptococcus sp. 5905	2582683	1	0	0	1	0	0
Streptococcus	Streptococcus	1301	Streptococcus sp. 596553	2250596	1	0	0	0	0	1
Streptococcus	Streptococcus	1301	Streptococcus sp. 6178	2582684	1	0	0	1	0	0
Streptococcus	Streptococcus	1301	Streptococcus sp. 63	2914735	1	0	0	0	0	1
Streptococcus	Streptococcus	1301	Streptococcus sp. 636	2582680	1	0	0	1	0	0
Streptococcus	Streptococcus	1301	Streptococcus sp. 646	2582660	1	0	0	1	0	0
Streptococcus	Streptococcus	1301	Streptococcus sp. 68	2582637	1	0	0	1	0	0
Streptococcus	Streptococcus	1301	Streptococcus sp. 70	2914736	1	0	0	0	0	1
Streptococcus	Streptococcus	1301	Streptococcus sp. 714	2582653	1	0	0	1	0	0
Streptococcus	Streptococcus	1301	Streptococcus sp. 716	2582666	1	0	0	1	0	0
Streptococcus	Streptococcus	1301	Streptococcus sp. 73	2914713	1	0	0	0	0	1
Streptococcus	Streptococcus	1301	Streptococcus sp. 75	2914711	1	0	0	0	0	1
Streptococcus	Streptococcus	1301	Streptococcus sp. 78	2914737	1	0	0	0	0	1
Streptococcus	Streptococcus	1301	Streptococcus sp. 79	2582638	2	0	0	1	0	1
Streptococcus	Streptococcus	1301	Streptococcus sp. 812	2582654	1	0	0	1	0	0
Streptococcus	Streptococcus	1301	Streptococcus sp. 84	2914738	1	0	0	0	0	1
Streptococcus	Streptococcus	1301	Streptococcus sp. 8854	2582675	1	0	0	1	0	0
Streptococcus	Streptococcus	1301	Streptococcus sp. 9.1	2762571	1	0	0	0	0	1
Streptococcus	Streptococcus	1301	Streptococcus sp. 9.1(2021)	2825889	1	0	0	1	0	0
Streptococcus	Streptococcus	1301	Streptococcus sp. 91	2914722	1	0	0	0	0	1
Streptococcus	Streptococcus	1301	Streptococcus sp. 92	2914739	1	0	0	0	0	1
Streptococcus	Streptococcus	1301	Streptococcus sp. 93	2914740	1	0	0	0	0	1
Streptococcus	Streptococcus	1301	Streptococcus sp. 944	3814404	1	0	0	0	0	1
Streptococcus	Streptococcus	1301	Streptococcus sp. 959	2582655	1	0	0	1	0	0
Streptococcus	Streptococcus	1301	Streptococcus sp. 97	2914741	1	0	0	0	0	1
Streptococcus	Streptococcus	1301	Streptococcus sp. 9903	2582677	1	0	0	1	0	0
Streptococcus	Streptococcus	1301	Streptococcus sp. A11	3373124	2	0	0	1	0	1
Streptococcus	Streptococcus	1301	Streptococcus sp. A12	1759399	18	3	0	4	0	11
Streptococcus	Streptococcus	1301	Streptococcus sp. A129-4	3680438	1	0	0	0	0	1
Streptococcus	Streptococcus	1301	Streptococcus sp. A18	3373125	1	0	0	1	0	0
Streptococcus	Streptococcus	1301	Streptococcus sp. A22	3373126	1	0	0	1	0	0
Streptococcus	Streptococcus	1301	Streptococcus sp. A23	3373127	1	0	0	1	0	0
Streptococcus	Streptococcus	1301	Streptococcus sp. A25	3373128	1	0	0	1	0	0
Streptococcus	Streptococcus	1301	Streptococcus sp. A27	3373129	1	0	0	1	0	0
Streptococcus	Streptococcus	1301	Streptococcus sp. A34	3373130	1	0	0	1	0	0
Streptococcus	Streptococcus	1301	Streptococcus sp. A50	3680439	1	0	0	0	0	1
Streptococcus	Streptococcus	1301	Streptococcus sp. A51	3680437	1	0	0	0	0	1
Streptococcus	Streptococcus	1301	Streptococcus sp. A629	3895542	1	0	0	1	0	0
Streptococcus	Streptococcus	1301	Streptococcus sp. A69	3722764	1	0	0	1	0	0
Streptococcus	Streptococcus	1301	Streptococcus sp. AC15	936575	1	0	0	0	0	1
Streptococcus	Streptococcus	1301	Streptococcus sp. ACC21	1161413	2	0	0	0	0	2
Streptococcus	Streptococcus	1301	Streptococcus sp. acf__srx_01	2682499	1	0	0	1	0	0
Streptococcus	Streptococcus	1301	Streptococcus sp. acf__srx_02	2682500	1	0	0	1	0	0
Streptococcus	Streptococcus	1301	Streptococcus sp. acf__srx_03	2682501	1	0	0	1	0	0
Streptococcus	Streptococcus	1301	Streptococcus sp. acf__srx_04	2682509	1	0	0	1	0	0
Streptococcus	Streptococcus	1301	Streptococcus sp. acf__srx_05	2682512	1	0	0	1	0	0
Streptococcus	Streptococcus	1301	Streptococcus sp. ACS2	936576	2	0	0	0	0	2
Streptococcus	Streptococcus	1301	Streptococcus sp. ALY_208	3721329	1	1	0	0	0	0
Streptococcus	Streptococcus	1301	Streptococcus sp. ALY_211	3721254	1	1	0	0	0	0
Streptococcus	Streptococcus	1301	Streptococcus sp. AM28-20	2293246	1	1	0	0	0	0
Streptococcus	Streptococcus	1301	Streptococcus sp. AM43-2AT	2293247	1	1	0	0	0	0
Streptococcus	Streptococcus	1301	Streptococcus sp. AN2	2558279	1	0	0	1	0	0
Streptococcus	Streptococcus	1301	Streptococcus sp. AS14	936577	1	0	0	0	0	1
Streptococcus	Streptococcus	1301	Streptococcus sp. AS20	936578	2	0	0	0	0	2
Streptococcus	Streptococcus	1301	Streptococcus sp. B01	2928734	1	0	0	1	0	0
Streptococcus	Streptococcus	1301	Streptococcus sp. B10_B2MIS2C2	2816383	1	0	0	1	0	0
Streptococcus	Streptococcus	1301	Streptococcus sp. B9_B2MIS2C1	2816382	1	0	0	1	0	0
Streptococcus	Streptococcus	1301	Streptococcus sp. BCA20	2282136	1	0	0	1	0	0
Streptococcus	Streptococcus	1301	Streptococcus sp. BCCDCPHL-Ssp001	2070815	1	0	0	1	0	0
Streptococcus	Streptococcus	1301	Streptococcus sp. BCCDCPHL-Ssp002	2070816	1	0	0	1	0	0
Streptococcus	Streptococcus	1301	Streptococcus sp. BCCDCPHL-Ssp003	2070817	1	0	0	1	0	0
Streptococcus	Streptococcus	1301	Streptococcus sp. BCCDCPHL-Ssp004	2070818	1	0	0	1	0	0
Streptococcus	Streptococcus	1301	Streptococcus sp. BCCDCPHL-Ssp005	2070819	1	0	0	1	0	0
Streptococcus	Streptococcus	1301	Streptococcus sp. BCCDCPHL-Ssp006	2070820	1	0	0	1	0	0
Streptococcus	Streptococcus	1301	Streptococcus sp. BCCDCPHL-Ssp007	2070821	1	0	0	0	0	1
Streptococcus	Streptococcus	1301	Streptococcus sp. BCCDCPHL-Ssp008	2070822	1	0	0	1	0	0
Streptococcus	Streptococcus	1301	Streptococcus sp. BCCDCPHL-Ssp010	2070823	1	0	0	1	0	0
Streptococcus	Streptococcus	1301	Streptococcus sp. BCCDCPHL-Ssp012	2070824	1	0	0	1	0	0
Streptococcus	Streptococcus	1301	Streptococcus sp. BCCDCPHL-Ssp013	2070825	1	0	0	1	0	0
Streptococcus	Streptococcus	1301	Streptococcus sp. BCCDCPHL-Ssp014	2070826	1	0	0	1	0	0
Streptococcus	Streptococcus	1301	Streptococcus sp. BCCDCPHL-Ssp015	2070827	1	0	0	1	0	0
Streptococcus	Streptococcus	1301	Streptococcus sp. BCCDCPHL-Ssp016	2070828	1	0	0	1	0	0
Streptococcus	Streptococcus	1301	Streptococcus sp. BCCDCPHL-Ssp018	2070829	1	0	0	1	0	0
Streptococcus	Streptococcus	1301	Streptococcus sp. BCCDCPHL-Ssp019	2070830	1	0	0	1	0	0
Streptococcus	Streptococcus	1301	Streptococcus sp. BCCDCPHL-Ssp020	2070831	1	0	0	1	0	0
Streptococcus	Streptococcus	1301	Streptococcus sp. BCCDCPHL-Ssp023	2070832	1	0	0	1	0	0
Streptococcus	Streptococcus	1301	Streptococcus sp. BCCDCPHL-Ssp024	2070833	1	0	0	1	0	0
Streptococcus	Streptococcus	1301	Streptococcus sp. BCCDCPHL-Ssp025	2070834	1	0	0	1	0	0
Streptococcus	Streptococcus	1301	Streptococcus sp. BCCDCPHL-Ssp026	2070835	1	0	0	1	0	0
Streptococcus	Streptococcus	1301	Streptococcus sp. BCCDCPHL-Ssp028	2070836	1	0	0	1	0	0
Streptococcus	Streptococcus	1301	Streptococcus sp. BCCDCPHL-Ssp029	2070837	1	0	0	1	0	0
Streptococcus	Streptococcus	1301	Streptococcus sp. BCCDCPHL-Ssp030	2070838	1	0	0	1	0	0
Streptococcus	Streptococcus	1301	Streptococcus sp. BCCDCPHL-Ssp031	2070839	1	0	0	1	0	0
Streptococcus	Streptococcus	1301	Streptococcus sp. BCCDCPHL-Ssp032	2070840	1	0	0	1	0	0
Streptococcus	Streptococcus	1301	Streptococcus sp. BCCDCPHL-Ssp033	2070841	1	0	0	1	0	0
Streptococcus	Streptococcus	1301	Streptococcus sp. BCCDCPHL-Ssp034	2070842	1	0	0	1	0	0
Streptococcus	Streptococcus	1301	Streptococcus sp. BCCDCPHL-Ssp035	2070843	1	0	0	0	1	0
Streptococcus	Streptococcus	1301	Streptococcus sp. BCCDCPHL-Ssp036	2070844	1	0	0	1	0	0
Streptococcus	Streptococcus	1301	Streptococcus sp. BCCDCPHL-Ssp037	2070845	1	0	0	1	0	0
Streptococcus	Streptococcus	1301	Streptococcus sp. BCCDCPHL-Ssp038	2070846	1	0	0	1	0	0
Streptococcus	Streptococcus	1301	Streptococcus sp. BCCDCPHL-Ssp039	2070847	1	0	0	1	0	0
Streptococcus	Streptococcus	1301	Streptococcus sp. BCCDCPHL-Ssp040	2070848	1	0	0	1	0	0
Streptococcus	Streptococcus	1301	Streptococcus sp. BCCDCPHL-Ssp041	2070849	1	0	0	1	0	0
Streptococcus	Streptococcus	1301	Streptococcus sp. BCCDCPHL-Ssp042	2070850	1	0	0	1	0	0
Streptococcus	Streptococcus	1301	Streptococcus sp. BCCDCPHL-Ssp043	2070851	1	0	0	1	0	0
Streptococcus	Streptococcus	1301	Streptococcus sp. BCCDCPHL-Ssp044	2070852	1	0	0	1	0	0
Streptococcus	Streptococcus	1301	Streptococcus sp. BCCDCPHL-Ssp045	2070853	1	0	0	1	0	0
Streptococcus	Streptococcus	1301	Streptococcus sp. BCCDCPHL-Ssp046	2070854	1	0	0	1	0	0
Streptococcus	Streptococcus	1301	Streptococcus sp. BCCDCPHL-Ssp047	2070855	1	0	0	1	0	0
Streptococcus	Streptococcus	1301	Streptococcus sp. BCCDCPHL-Ssp048	2070856	1	0	0	1	0	0
Streptococcus	Streptococcus	1301	Streptococcus sp. BCCDCPHL-Ssp049	2070857	1	0	0	1	0	0
Streptococcus	Streptococcus	1301	Streptococcus sp. BCCDCPHL-Ssp050	2070858	1	0	0	1	0	0
Streptococcus	Streptococcus	1301	Streptococcus sp. bf_0095	2478956	1	1	0	0	0	0
Streptococcus	Streptococcus	1301	Streptococcus sp. BIOML-A1	2584682	2	0	0	0	0	2
Streptococcus	Streptococcus	1301	Streptococcus sp. BJSWXB3CM3	3095080	3	0	1	0	0	2
Streptococcus	Streptococcus	1301	Streptococcus sp. BJSWXB6CM1	3095081	3	0	1	0	0	2
Streptococcus	Streptococcus	1301	Streptococcus sp. BS21	1161414	2	0	0	0	0	2
Streptococcus	Streptococcus	1301	Streptococcus sp. BS29a	1161415	2	0	0	0	0	2
Streptococcus	Streptococcus	1301	Streptococcus sp. BS35b	1105032	1	0	0	0	0	1
Streptococcus	Streptococcus	1301	Streptococcus sp. C150	435842	54	52	0	0	0	2
Streptococcus	Streptococcus	1301	Streptococcus sp. C300	563036	2	0	0	0	0	2
Streptococcus	Streptococcus	1301	Streptococcus sp. C78-8	2898238	1	0	0	1	0	0
Streptococcus	Streptococcus	1301	Streptococcus sp. CCH5-D3	1768764	21	20	0	0	1	0
Streptococcus	Streptococcus	1301	Streptococcus sp. CCH8-C6	1768777	1	0	0	0	1	0
Streptococcus	Streptococcus	1301	Streptococcus sp. CCH8-G7	1768771	1	0	0	0	1	0
Streptococcus	Streptococcus	1301	Streptococcus sp. CCH8-H5	1768767	1	0	0	0	1	0
Streptococcus	Streptococcus	1301	Streptococcus sp. CCUG 49591	1860161	1	0	0	1	0	0
Streptococcus	Streptococcus	1301	Streptococcus sp. CCUG 71758	2496638	1	0	0	1	0	0
Streptococcus	Streptococcus	1301	Streptococcus sp. CF10-1	2963162	1	0	0	0	0	1
Streptococcus	Streptococcus	1301	Streptococcus sp. CF4-2	2963161	1	0	0	0	0	1
Streptococcus	Streptococcus	1301	Streptococcus sp. CF4-3	2963160	1	0	0	0	0	1
Streptococcus	Streptococcus	1301	Streptococcus sp. CF7_Ac1-12	2963158	1	0	0	0	0	1
Streptococcus	Streptococcus	1301	Streptococcus sp. CF7_Ac1-8	2963159	1	0	0	0	0	1
Streptococcus	Streptococcus	1301	Streptococcus sp. CF8-6	2963150	1	0	0	0	0	1
Streptococcus	Streptococcus	1301	Streptococcus sp. CF8_Ac1-11	2963156	1	0	0	0	0	1
Streptococcus	Streptococcus	1301	Streptococcus sp. CF8_Ac1-9	2963157	1	0	0	0	0	1
Streptococcus	Streptococcus	1301	Streptococcus sp. CF8_St5-11	2963154	1	0	0	0	0	1
Streptococcus	Streptococcus	1301	Streptococcus sp. CF8_St5-12	2963153	1	0	0	0	0	1
Streptococcus	Streptococcus	1301	Streptococcus sp. CF8_St5-13	2963152	1	0	0	0	0	1
Streptococcus	Streptococcus	1301	Streptococcus sp. CF8_St5-16	2963151	1	0	0	0	0	1
Streptococcus	Streptococcus	1301	Streptococcus sp. CF8_St5-17	2963155	1	0	0	0	0	1
Streptococcus	Streptococcus	1301	Streptococcus sp. CF9-1	2963149	1	0	0	0	0	1
Streptococcus	Streptococcus	1301	Streptococcus sp. CF9-3	2963148	1	0	0	0	0	1
Streptococcus	Streptococcus	1301	Streptococcus sp. CL5.50	3392242	1	0	0	0	0	1
Streptococcus	Streptococcus	1301	Streptococcus sp. CL6.22	3392239	1	0	0	0	0	1
Streptococcus	Streptococcus	1301	Streptococcus sp. CL6.35	3392240	1	0	0	0	0	1
Streptococcus	Streptococcus	1301	Streptococcus sp. CL8.13	3392241	1	0	0	0	0	1
Streptococcus	Streptococcus	1301	Streptococcus sp. CL9.43	3392238	1	0	0	0	0	1
Streptococcus	Streptococcus	1301	Streptococcus sp. CM6	936580	2	0	0	0	0	2
Streptococcus	Streptococcus	1301	Streptococcus sp. CM7	936581	2	0	0	0	0	2
Streptococcus	Streptococcus	1301	Streptococcus sp. CMB018	2720570	1	0	0	0	0	1
Streptococcus	Streptococcus	1301	Streptococcus sp. CMB069	2720575	1	0	0	0	0	1
Streptococcus	Streptococcus	1301	Streptococcus sp. CP1998	3238303	1	0	0	0	0	1
Streptococcus	Streptococcus	1301	Streptococcus sp. CSL10205-OR2	2980558	1	0	0	1	0	0
Streptococcus	Streptococcus	1301	Streptococcus sp. cx1	3458240	1	0	0	1	0	0
Streptococcus	Streptococcus	1301	Streptococcus sp. D2	2589787	1	0	0	1	0	0
Streptococcus	Streptococcus	1301	Streptococcus sp. D7B5	3038077	1	0	0	0	0	1
Streptococcus	Streptococcus	1301	Streptococcus sp. DAT741	1940319	1	0	0	1	0	0
Streptococcus	Streptococcus	1301	Streptococcus sp. DBCMS	1604598	1	0	0	0	1	0
Streptococcus	Streptococcus	1301	Streptococcus sp. DD04	1776578	1	0	0	1	0	0
Streptococcus	Streptococcus	1301	Streptococcus sp. DD10	1777878	1	0	0	0	1	0
Streptococcus	Streptococcus	1301	Streptococcus sp. DD11	1777879	1	0	0	0	1	0
Streptococcus	Streptococcus	1301	Streptococcus sp. DD12	1777880	1	0	0	0	1	0
Streptococcus	Streptococcus	1301	Streptococcus sp. DD13	1777881	1	0	0	0	1	0
Streptococcus	Streptococcus	1301	Streptococcus sp. DFI.7.26	2916965	1	1	0	0	0	0
Streptococcus	Streptococcus	1301	Streptococcus sp. DTU_2020_1000888_1_SI_GRL_NUU_041A	3077723	1	0	0	0	1	0
Streptococcus	Streptococcus	1301	Streptococcus sp. DTU_2020_1001019_1_SI_AUS_MUR_006	3077584	1	0	0	1	0	0
Streptococcus	Streptococcus	1301	Streptococcus sp. E17BB	3278714	1	0	0	1	0	0
Streptococcus	Streptococcus	1301	Streptococcus sp. E24BD	3278715	1	0	0	1	0	0
Streptococcus	Streptococcus	1301	Streptococcus sp. E29BA	3278716	1	0	0	1	0	0
Streptococcus	Streptococcus	1301	Streptococcus sp. ELY_125	3721255	1	1	0	0	0	0
Streptococcus	Streptococcus	1301	Streptococcus sp. ELY_137	3721256	1	1	0	0	0	0
Streptococcus	Streptococcus	1301	Streptococcus sp. ELY_86	3721257	1	1	0	0	0	0
Streptococcus	Streptococcus	1301	Streptococcus sp. ELY_90	3721258	1	1	0	0	0	0
Streptococcus	Streptococcus	1301	Streptococcus sp. ERU-VET DM01	3827779	1	0	1	0	0	0
Streptococcus	Streptococcus	1301	Streptococcus sp. F0441	999424	2	0	0	0	0	2
Streptococcus	Streptococcus	1301	Streptococcus sp. F0442	999425	3	0	0	1	0	2
Streptococcus	Streptococcus	1301	Streptococcus sp. F2	3682082	1	0	0	1	0	0
Streptococcus	Streptococcus	1301	Streptococcus sp. FDAARGOS_146	1702171	1	0	0	1	0	0
Streptococcus	Streptococcus	1301	Streptococcus sp. FDAARGOS_192	1839799	1	0	0	1	0	0
Streptococcus	Streptococcus	1301	Streptococcus sp. FDAARGOS_256	1975706	1	0	0	1	0	0
Streptococcus	Streptococcus	1301	Streptococcus sp. FDAARGOS_520	2420308	1	0	0	1	0	0
Streptococcus	Streptococcus	1301	Streptococcus sp. FDAARGOS_521	2420309	1	0	0	1	0	0
Streptococcus	Streptococcus	1301	Streptococcus sp. FDAARGOS_522	2420310	1	0	0	1	0	0
Streptococcus	Streptococcus	1301	Streptococcus sp. FR074	3077405	1	0	0	0	0	1
Streptococcus	Streptococcus	1301	Streptococcus sp. FR100	3077404	1	0	0	0	0	1
Streptococcus	Streptococcus	1301	Streptococcus sp. FR109	3077403	1	0	0	0	0	1
Streptococcus	Streptococcus	1301	Streptococcus sp. FR110	3077402	1	0	0	0	0	1
Streptococcus	Streptococcus	1301	Streptococcus sp. FR114	3077401	1	0	0	0	0	1
Streptococcus	Streptococcus	1301	Streptococcus sp. FR158	3077400	1	0	0	0	0	1
Streptococcus	Streptococcus	1301	Streptococcus sp. FR159B	3077399	1	0	0	0	0	1
Streptococcus	Streptococcus	1301	Streptococcus sp. FR165B	3077398	1	0	0	0	0	1
Streptococcus	Streptococcus	1301	Streptococcus sp. FSL E2-3488	2921366	1	0	1	0	0	0
Streptococcus	Streptococcus	1301	Streptococcus sp. FSL E2-3494	2954729	1	0	0	0	0	1
Streptococcus	Streptococcus	1301	Streptococcus sp. FSL K6-1323	2954513	1	0	1	0	0	0
Streptococcus	Streptococcus	1301	Streptococcus sp. FSL L8-0526	2954690	1	0	1	0	0	0
Streptococcus	Streptococcus	1301	Streptococcus sp. FSL R7-0212	2921726	1	0	0	0	1	0
Streptococcus	Streptococcus	1301	Streptococcus sp. FSL R7-0248	2975324	1	0	0	0	1	0
Streptococcus	Streptococcus	1301	Streptococcus sp. FSL W7-1342	2954545	1	0	0	1	0	0
Streptococcus	Streptococcus	1301	Streptococcus sp. FSL W8-0197	2975349	1	0	1	0	0	0
Streptococcus	Streptococcus	1301	Streptococcus sp. FVEP-002-002-03	2675756	1	0	0	0	0	1
Streptococcus	Streptococcus	1301	Streptococcus sp. FVEP-002-080-02	2675755	1	0	0	0	0	1
Streptococcus	Streptococcus	1301	Streptococcus sp. FY572	3850223	1	0	0	1	0	0
Streptococcus	Streptococcus	1301	Streptococcus sp. FY623	3850224	1	0	0	1	0	0
Streptococcus	Streptococcus	1301	Streptococcus sp. G09-532	3414205	1	0	0	0	1	0
Streptococcus	Streptococcus	1301	Streptococcus sp. G09-796	3414206	1	0	0	0	1	0
Streptococcus	Streptococcus	1301	Streptococcus sp. G117Y1T	2691091	1	0	1	0	0	0
Streptococcus	Streptococcus	1301	Streptococcus sp. G148	1324	4	0	0	0	0	4
Streptococcus	Streptococcus	1301	Streptococcus sp. G17-2116	3110768	1	0	0	1	0	0
Streptococcus	Streptococcus	1301	Streptococcus sp. GMD1S	1169670	1	0	0	1	0	0
Streptococcus	Streptococcus	1301	Streptococcus sp. GMD2S	1169671	1	0	0	1	0	0
Streptococcus	Streptococcus	1301	Streptococcus sp. GMD3S	1169672	1	0	0	1	0	0
Streptococcus	Streptococcus	1301	Streptococcus sp. GMD4S	1169673	1	0	0	1	0	0
Streptococcus	Streptococcus	1301	Streptococcus sp. GMD5S	1169674	1	0	0	1	0	0
Streptococcus	Streptococcus	1301	Streptococcus sp. GMD6S	1169675	1	0	0	1	0	0
Streptococcus	Streptococcus	1301	Streptococcus sp. GP0011	3063751	1	0	0	1	0	0
Streptococcus	Streptococcus	1301	Streptococcus sp. GS001	2766953	1	0	0	1	0	0
Streptococcus	Streptococcus	1301	Streptococcus sp. GX7805	1325	4	0	0	0	0	4
Streptococcus	Streptococcus	1301	Streptococcus sp. H1	2608888	1	0	0	0	0	1
Streptococcus	Streptococcus	1301	Streptococcus sp. H36	2608913	1	0	0	0	0	1
Streptococcus	Streptococcus	1301	Streptococcus sp. HCA-5024	3134665	1	1	0	0	0	0
Streptococcus	Streptococcus	1301	Streptococcus sp. HF-100	2785791	1	1	0	0	0	0
Streptococcus	Streptococcus	1301	Streptococcus sp. HF-1907	2785793	1	1	0	0	0	0
Streptococcus	Streptococcus	1301	Streptococcus sp. HF-2466	2785792	1	1	0	0	0	0
Streptococcus	Streptococcus	1301	Streptococcus sp. HJ1	3458239	1	0	0	1	0	0
Streptococcus	Streptococcus	1301	Streptococcus sp. HKU76	3137851	1	0	0	1	0	0
Streptococcus	Streptococcus	1301	Streptococcus sp. HMP_JCVI_SC0211	1409865	1	0	0	0	0	1
Streptococcus	Streptococcus	1301	Streptococcus sp. HMSC034A12	1715089	1	0	0	1	0	0
Streptococcus	Streptococcus	1301	Streptococcus sp. HMSC034B03	1715113	1	0	0	1	0	0
Streptococcus	Streptococcus	1301	Streptococcus sp. HMSC034B04	1715122	1	0	0	1	0	0
Streptococcus	Streptococcus	1301	Streptococcus sp. HMSC034B05	1715022	1	0	0	1	0	0
Streptococcus	Streptococcus	1301	Streptococcus sp. HMSC034E03	1739309	1	0	0	1	0	0
Streptococcus	Streptococcus	1301	Streptococcus sp. HMSC034E07	1739290	1	0	0	1	0	0
Streptococcus	Streptococcus	1301	Streptococcus sp. HMSC034E12	1715053	1	0	0	1	0	0
Streptococcus	Streptococcus	1301	Streptococcus sp. HMSC034F02	1715209	1	0	0	1	0	0
Streptococcus	Streptococcus	1301	Streptococcus sp. HMSC034F03	1739287	1	0	0	1	0	0
Streptococcus	Streptococcus	1301	Streptococcus sp. HMSC036H09	1715110	1	0	0	1	0	0
Streptococcus	Streptococcus	1301	Streptococcus sp. HMSC056B03	1715132	1	0	0	1	0	0
Streptococcus	Streptococcus	1301	Streptococcus sp. HMSC056C01	1739299	1	0	0	1	0	0
Streptococcus	Streptococcus	1301	Streptococcus sp. HMSC056D01	1715058	1	0	0	1	0	0
Streptococcus	Streptococcus	1301	Streptococcus sp. HMSC056D07	1739474	1	0	0	1	0	0
Streptococcus	Streptococcus	1301	Streptococcus sp. HMSC057E02	1739265	1	0	0	1	0	0
Streptococcus	Streptococcus	1301	Streptococcus sp. HMSC057F04	1739453	1	0	0	1	0	0
Streptococcus	Streptococcus	1301	Streptococcus sp. HMSC057G03	1715165	1	1	0	0	0	0
Streptococcus	Streptococcus	1301	Streptococcus sp. HMSC061D01	1739263	1	0	0	1	0	0
Streptococcus	Streptococcus	1301	Streptococcus sp. HMSC061D10	1715207	1	0	0	1	0	0
Streptococcus	Streptococcus	1301	Streptococcus sp. HMSC061E03	1739421	1	0	0	1	0	0
Streptococcus	Streptococcus	1301	Streptococcus sp. HMSC062B01	1739284	1	0	0	1	0	0
Streptococcus	Streptococcus	1301	Streptococcus sp. HMSC062D07	1739461	1	0	0	1	0	0
Streptococcus	Streptococcus	1301	Streptococcus sp. HMSC062H02	1739389	1	0	0	1	0	0
Streptococcus	Streptococcus	1301	Streptococcus sp. HMSC063B03	1715107	1	0	0	1	0	0
Streptococcus	Streptococcus	1301	Streptococcus sp. HMSC063D10	1715081	1	0	0	1	0	0
Streptococcus	Streptococcus	1301	Streptococcus sp. HMSC064C11	1739532	1	0	0	1	0	0
Streptococcus	Streptococcus	1301	Streptococcus sp. HMSC064D12	1715176	1	0	0	1	0	0
Streptococcus	Streptococcus	1301	Streptococcus sp. HMSC064H02	1715115	1	0	0	1	0	0
Streptococcus	Streptococcus	1301	Streptococcus sp. HMSC064H09	1739371	1	0	0	1	0	0
Streptococcus	Streptococcus	1301	Streptococcus sp. HMSC065A01	1739433	1	0	0	1	0	0
Streptococcus	Streptococcus	1301	Streptococcus sp. HMSC065C01	1739422	1	0	0	1	0	0
Streptococcus	Streptococcus	1301	Streptococcus sp. HMSC065E03	1739505	1	0	0	1	0	0
Streptococcus	Streptococcus	1301	Streptococcus sp. HMSC065G04	1739472	1	0	0	1	0	0
Streptococcus	Streptococcus	1301	Streptococcus sp. HMSC065H07	1715116	1	0	0	1	0	0
Streptococcus	Streptococcus	1301	Streptococcus sp. HMSC066E07	1739488	1	0	0	1	0	0
Streptococcus	Streptococcus	1301	Streptococcus sp. HMSC066F01	1715134	1	0	0	1	0	0
Streptococcus	Streptococcus	1301	Streptococcus sp. HMSC066F10	1739437	1	0	0	1	0	0
Streptococcus	Streptococcus	1301	Streptococcus sp. HMSC067A03	1739467	1	0	0	1	0	0
Streptococcus	Streptococcus	1301	Streptococcus sp. HMSC067H01	1739491	1	0	0	1	0	0
Streptococcus	Streptococcus	1301	Streptococcus sp. HMSC068F04	1715051	1	0	0	1	0	0
Streptococcus	Streptococcus	1301	Streptococcus sp. HMSC068H01	1715078	1	0	0	1	0	0
Streptococcus	Streptococcus	1301	Streptococcus sp. HMSC069D09	1715050	1	0	0	1	0	0
Streptococcus	Streptococcus	1301	Streptococcus sp. HMSC070A10	1739321	1	0	0	1	0	0
Streptococcus	Streptococcus	1301	Streptococcus sp. HMSC070B09	1739374	1	0	0	1	0	0
Streptococcus	Streptococcus	1301	Streptococcus sp. HMSC070B10	1715092	1	0	0	1	0	0
Streptococcus	Streptococcus	1301	Streptococcus sp. HMSC071D03	1739341	1	0	0	1	0	0
Streptococcus	Streptococcus	1301	Streptococcus sp. HMSC071H03	1739391	1	0	0	1	0	0
Streptococcus	Streptococcus	1301	Streptococcus sp. HMSC072C09	1739397	1	0	0	1	0	0
Streptococcus	Streptococcus	1301	Streptococcus sp. HMSC072D03	1739381	1	0	0	1	0	0
Streptococcus	Streptococcus	1301	Streptococcus sp. HMSC072D05	1739549	1	0	0	1	0	0
Streptococcus	Streptococcus	1301	Streptococcus sp. HMSC072D07	1739495	1	0	0	1	0	0
Streptococcus	Streptococcus	1301	Streptococcus sp. HMSC072E12	1739275	1	0	0	1	0	0
Streptococcus	Streptococcus	1301	Streptococcus sp. HMSC072G02	1715119	1	0	0	1	0	0
Streptococcus	Streptococcus	1301	Streptococcus sp. HMSC072G04	1739408	1	0	0	1	0	0
Streptococcus	Streptococcus	1301	Streptococcus sp. HMSC073A12	1739380	1	0	0	1	0	0
Streptococcus	Streptococcus	1301	Streptococcus sp. HMSC073D05	1739336	1	1	0	0	0	0
Streptococcus	Streptococcus	1301	Streptococcus sp. HMSC073F11	1739268	1	0	0	1	0	0
Streptococcus	Streptococcus	1301	Streptococcus sp. HMSC074B11	1715098	2	0	0	2	0	0
Streptococcus	Streptococcus	1301	Streptococcus sp. HMSC074F05	1715164	1	0	0	1	0	0
Streptococcus	Streptococcus	1301	Streptococcus sp. HMSC074F09	1715124	1	0	0	1	0	0
Streptococcus	Streptococcus	1301	Streptococcus sp. HMSC074F10	1715182	1	0	0	1	0	0
Streptococcus	Streptococcus	1301	Streptococcus sp. HMSC075A03	1739266	1	0	0	1	0	0
Streptococcus	Streptococcus	1301	Streptococcus sp. HMSC075B04	1739466	1	0	0	1	0	0
Streptococcus	Streptococcus	1301	Streptococcus sp. HMSC076C08	1739270	1	0	0	1	0	0
Streptococcus	Streptococcus	1301	Streptococcus sp. HMSC076C09	1715183	1	0	0	1	0	0
Streptococcus	Streptococcus	1301	Streptococcus sp. HMSC076D11	1715202	1	0	0	1	0	0
Streptococcus	Streptococcus	1301	Streptococcus sp. HMSC076E03	1715077	1	0	0	1	0	0
Streptococcus	Streptococcus	1301	Streptococcus sp. HMSC076H07	1739454	1	0	0	1	0	0
Streptococcus	Streptococcus	1301	Streptococcus sp. HMSC076H08	1739281	1	0	0	1	0	0
Streptococcus	Streptococcus	1301	Streptococcus sp. HMSC076H09	1739322	1	0	0	1	0	0
Streptococcus	Streptococcus	1301	Streptococcus sp. HMSC076H10	1739519	1	0	0	1	0	0
Streptococcus	Streptococcus	1301	Streptococcus sp. HMSC077D04	1715180	1	0	0	1	0	0
Streptococcus	Streptococcus	1301	Streptococcus sp. HMSC077F03	1739357	1	0	0	1	0	0
Streptococcus	Streptococcus	1301	Streptococcus sp. HMSC078D02	1739427	1	0	0	1	0	0
Streptococcus	Streptococcus	1301	Streptococcus sp. HMSC078D09	1739430	1	0	0	1	0	0
Streptococcus	Streptococcus	1301	Streptococcus sp. HMSC078E03	1715186	1	0	0	1	0	0
Streptococcus	Streptococcus	1301	Streptococcus sp. HMSC078E08	1715102	1	0	0	1	0	0
Streptococcus	Streptococcus	1301	Streptococcus sp. HMSC078H03	1715086	1	0	0	0	1	0
Streptococcus	Streptococcus	1301	Streptococcus sp. HMSC078H12	1739483	1	0	0	1	0	0
Streptococcus	Streptococcus	1301	Streptococcus sp. HMSC10A01	1581076	1	1	0	0	0	0
Streptococcus	Streptococcus	1301	Streptococcus sp. HMSC10E12	1581080	1	0	0	1	0	0
Streptococcus	Streptococcus	1301	Streptococcus sp. HMSC11C05	1581086	1	0	0	0	0	1
Streptococcus	Streptococcus	1301	Streptococcus sp. HMSC34B10	1608856	1	0	0	1	0	0
Streptococcus	Streptococcus	1301	Streptococcus sp. HMSC36C04	1608868	1	0	0	1	0	0
Streptococcus	Streptococcus	1301	Streptococcus sp. HN38	3020829	1	0	0	1	0	0
Streptococcus	Streptococcus	1301	Streptococcus sp. HPH0090	1203590	2	0	0	0	0	2
Streptococcus	Streptococcus	1301	Streptococcus sp. HSISB1	1316409	1	1	0	0	0	0
Streptococcus	Streptococcus	1301	Streptococcus sp. HSISM1	1316408	1	1	0	0	0	0
Streptococcus	Streptococcus	1301	Streptococcus sp. HSISS1	1316410	1	1	0	0	0	0
Streptococcus	Streptococcus	1301	Streptococcus sp. HSISS2	1316411	1	1	0	0	0	0
Streptococcus	Streptococcus	1301	Streptococcus sp. HSISS3	1316412	1	1	0	0	0	0
Streptococcus	Streptococcus	1301	Streptococcus sp. HTS26	2021125	1	0	0	0	0	1
Streptococcus	Streptococcus	1301	Streptococcus sp. IMAU 99161	2710601	1	0	1	0	0	0
Streptococcus	Streptococcus	1301	Streptococcus sp. IsoGale021	2923523	1	1	0	0	0	0
Streptococcus	Streptococcus	1301	Streptococcus sp. IsoGale022	2923524	1	1	0	0	0	0
Streptococcus	Streptococcus	1301	Streptococcus sp. JGI 000170CP_B04	1938826	1	0	0	0	0	1
Streptococcus	Streptococcus	1301	Streptococcus sp. JGI 000170CP_B05	1938827	1	0	0	0	0	1
Streptococcus	Streptococcus	1301	Streptococcus sp. JGI 000170CP_B07	1938828	1	0	0	0	0	1
Streptococcus	Streptococcus	1301	Streptococcus sp. JGI 000170CP_G01	1938829	1	0	0	0	0	1
Streptococcus	Streptococcus	1301	Streptococcus sp. JGI 000170CP_H01	2012794	1	0	0	0	0	1
Streptococcus	Streptococcus	1301	Streptococcus sp. JGI RhizE20H06	1340433	1	0	0	0	0	1
Streptococcus	Streptococcus	1301	Streptococcus sp. k-163	2582631	1	0	0	1	0	0
Streptococcus	Streptococcus	1301	Streptococcus sp. k-378	2582632	1	0	0	1	0	0
Streptococcus	Streptococcus	1301	Streptococcus sp. k-402	2582633	1	0	0	1	0	0
Streptococcus	Streptococcus	1301	Streptococcus sp. k-432	2582634	1	0	0	1	0	0
Streptococcus	Streptococcus	1301	Streptococcus sp. k-628	2582635	1	0	0	1	0	0
Streptococcus	Streptococcus	1301	Streptococcus sp. k-90	2582630	1	0	0	1	0	0
Streptococcus	Streptococcus	1301	Streptococcus sp. K0074	3402868	1	0	0	1	0	0
Streptococcus	Streptococcus	1301	Streptococcus sp. KCJ4932	2545465	1	1	0	0	0	0
Streptococcus	Streptococcus	1301	Streptococcus sp. KCOM 2414	3895487	1	0	0	1	0	0
Streptococcus	Streptococcus	1301	Streptococcus sp. KCOM 3330	3895488	1	0	0	1	0	0
Streptococcus	Streptococcus	1301	Streptococcus sp. KHUD_010	3157339	1	0	0	0	0	1
Streptococcus	Streptococcus	1301	Streptococcus sp. KHUD_011	3157334	1	0	0	0	0	1
Streptococcus	Streptococcus	1301	Streptococcus sp. KHUD_012	3229851	1	0	0	0	0	1
Streptococcus	Streptococcus	1301	Streptococcus sp. KHUD_013	3413147	1	0	0	0	0	1
Streptococcus	Streptococcus	1301	Streptococcus sp. KHUD_014	3434353	1	0	0	0	0	1
Streptococcus	Streptococcus	1301	Streptococcus sp. KHUD_015	3434352	1	0	0	0	0	1
Streptococcus	Streptococcus	1301	Streptococcus sp. KHUD_016	3434346	1	0	0	0	0	1
Streptococcus	Streptococcus	1301	Streptococcus sp. KHUD_017	3466459	1	0	0	0	0	1
Streptococcus	Streptococcus	1301	Streptococcus sp. KHUD_018	3466483	1	0	0	0	0	1
Streptococcus	Streptococcus	1301	Streptococcus sp. KHUD_020	3836000	1	0	0	1	0	0
Streptococcus	Streptococcus	1301	Streptococcus sp. KR	1979528	1	0	0	0	1	0
Streptococcus	Streptococcus	1301	Streptococcus sp. KS 6	2598457	1	0	0	1	0	0
Streptococcus	Streptococcus	1301	Streptococcus sp. KSE223	3895540	2	0	0	2	0	0
Streptococcus	Streptococcus	1301	Streptococcus sp. LMAG:39	1969535	1	1	0	0	0	0
Streptococcus	Streptococcus	1301	Streptococcus sp. LPB0220	2610896	1	0	0	1	0	0
Streptococcus	Streptococcus	1301	Streptococcus sp. LPB0406	2866513	1	0	0	1	0	0
Streptococcus	Streptococcus	1301	Streptococcus sp. LQJ-218	2283190	1	0	0	1	0	0
Streptococcus	Streptococcus	1301	Streptococcus sp. LYSM12	2558276	1	0	0	1	0	0
Streptococcus	Streptococcus	1301	Streptococcus sp. LysM4	3097369	1	0	0	0	0	1
Streptococcus	Streptococcus	1301	Streptococcus sp. M143	563037	2	0	0	0	0	2
Streptococcus	Streptococcus	1301	Streptococcus sp. M334	563038	3	0	0	1	0	2
Streptococcus	Streptococcus	1301	Streptococcus sp. Marseille-P6264	2487315	1	0	0	0	0	1
Streptococcus	Streptococcus	1301	Streptococcus sp. Marseille-P7375	2487318	1	0	0	0	0	1
Streptococcus	Streptococcus	1301	Streptococcus sp. Marseille-P7376	2592044	1	0	0	0	0	1
Streptococcus	Streptococcus	1301	Streptococcus sp. Marseille-P8640	2866596	1	0	0	0	0	1
Streptococcus	Streptococcus	1301	Streptococcus sp. Marseille-Q0941	2942206	1	0	0	0	0	1
Streptococcus	Streptococcus	1301	Streptococcus sp. Marseille-Q3533	2759692	1	0	0	0	0	1
Streptococcus	Streptococcus	1301	Streptococcus sp. Marseille-Q3604	2866597	1	0	0	1	0	0
Streptococcus	Streptococcus	1301	Streptococcus sp. Marseille-Q4154	2866598	1	0	0	1	0	0
Streptococcus	Streptococcus	1301	Streptococcus sp. Marseille-Q5112	2866599	1	0	0	1	0	0
Streptococcus	Streptococcus	1301	Streptococcus sp. Marseille-Q5619	2972780	1	0	0	0	0	1
Streptococcus	Streptococcus	1301	Streptococcus sp. Marseille-Q5855	2972781	1	0	0	0	0	1
Streptococcus	Streptococcus	1301	Streptococcus sp. Marseille-Q5986	2972782	1	0	0	0	0	1
Streptococcus	Streptococcus	1301	Streptococcus sp. Marseille-Q6379	3369477	1	0	0	1	0	0
Streptococcus	Streptococcus	1301	Streptococcus sp. Marseille-Q6470	2972784	1	0	0	0	0	1
Streptococcus	Streptococcus	1301	Streptococcus sp. Marseille-Q6488	2972783	1	0	0	0	0	1
Streptococcus	Streptococcus	1301	Streptococcus sp. Marseille-Q6504	3369471	1	0	0	1	0	0
Streptococcus	Streptococcus	1301	Streptococcus sp. Marseille-Q7087	3369474	1	0	0	1	0	0
Streptococcus	Streptococcus	1301	Streptococcus sp. Marseille-Q7156	3369476	1	0	0	1	0	0
Streptococcus	Streptococcus	1301	Streptococcus sp. Marseille-Q8145	3369472	1	0	0	1	0	0
Streptococcus	Streptococcus	1301	Streptococcus sp. Marseille-Q8323	3369475	1	0	0	1	0	0
Streptococcus	Streptococcus	1301	Streptococcus sp. MSK15_114	2883191	1	1	0	0	0	0
Streptococcus	Streptococcus	1301	Streptococcus sp. N13	2991497	1	0	0	1	0	0
Streptococcus	Streptococcus	1301	Streptococcus sp. N15	2991498	1	0	0	1	0	0
Streptococcus	Streptococcus	1301	Streptococcus sp. NCTC 11567	2583584	1	0	0	0	0	1
Streptococcus	Streptococcus	1301	Streptococcus sp. NLAE-zl-C503	1855327	1	0	0	0	0	1
Streptococcus	Streptococcus	1301	Streptococcus sp. NLN64	2822799	1	1	0	0	0	0
Streptococcus	Streptococcus	1301	Streptococcus sp. NLN76	2822800	1	1	0	0	0	0
Streptococcus	Streptococcus	1301	Streptococcus sp. NM	2292266	1	0	0	1	0	0
Streptococcus	Streptococcus	1301	Streptococcus sp. NPS 308	1902136	1	0	0	0	0	1
Streptococcus	Streptococcus	1301	Streptococcus sp. NSJ-72	2763068	1	1	0	0	0	0
Streptococcus	Streptococcus	1301	Streptococcus sp. NSSLK0001	3435868	1	0	0	0	0	1
Streptococcus	Streptococcus	1301	Streptococcus sp. NSSLK0002	3435867	1	0	0	1	0	0
Streptococcus	Streptococcus	1301	Streptococcus sp. NSSLK0003	3435866	1	0	0	1	0	0
Streptococcus	Streptococcus	1301	Streptococcus sp. NSSLK0004	3435865	1	0	0	1	0	0
Streptococcus	Streptococcus	1301	Streptococcus sp. NSSLK0005	3435864	1	0	0	0	0	1
Streptococcus	Streptococcus	1301	Streptococcus sp. NSSLK0006	3435863	1	0	0	1	0	0
Streptococcus	Streptococcus	1301	Streptococcus sp. NSSLK0007	3435862	1	0	0	1	0	0
Streptococcus	Streptococcus	1301	Streptococcus sp. NSSLK0008	3435861	1	0	0	1	0	0
Streptococcus	Streptococcus	1301	Streptococcus sp. NSSLK0009	3435860	1	0	0	0	0	1
Streptococcus	Streptococcus	1301	Streptococcus sp. NSSLK0010	3435880	1	0	0	1	0	0
Streptococcus	Streptococcus	1301	Streptococcus sp. NSSLK0011	3435879	1	0	0	1	0	0
Streptococcus	Streptococcus	1301	Streptococcus sp. NSSLK0012	3435878	1	0	0	1	0	0
Streptococcus	Streptococcus	1301	Streptococcus sp. NSSLK0013	3435877	1	0	0	1	0	0
Streptococcus	Streptococcus	1301	Streptococcus sp. NSSLK0014	3435876	1	0	0	0	0	1
Streptococcus	Streptococcus	1301	Streptococcus sp. NSSLK0015	3435875	1	0	0	0	0	1
Streptococcus	Streptococcus	1301	Streptococcus sp. NSSLK0016	3435874	1	0	0	1	0	0
Streptococcus	Streptococcus	1301	Streptococcus sp. NSSLK0017	3435873	1	0	0	1	0	0
Streptococcus	Streptococcus	1301	Streptococcus sp. NSSLK0018	3435872	1	0	0	1	0	0
Streptococcus	Streptococcus	1301	Streptococcus sp. NSSLK0019	3435871	1	0	0	0	0	1
Streptococcus	Streptococcus	1301	Streptococcus sp. NSSLK0020	3435870	1	0	0	1	0	0
Streptococcus	Streptococcus	1301	Streptococcus sp. NSSLK0021	3435869	1	0	0	1	0	0
Streptococcus	Streptococcus	1301	Streptococcus sp. NSUI00477	3800703	1	0	0	1	0	0
Streptococcus	Streptococcus	1301	Streptococcus sp. O1	2928735	1	0	0	1	0	0
Streptococcus	Streptococcus	1301	Streptococcus sp. OBRC6	936587	2	0	0	0	0	2
Streptococcus	Streptococcus	1301	Streptococcus sp. OH-18-22135	2500163	1	0	0	1	0	0
Streptococcus	Streptococcus	1301	Streptococcus sp. OH4692_COT-348	2491052	1	0	0	1	0	0
Streptococcus	Streptococcus	1301	Streptococcus sp. OMI633	3047016	1	0	0	1	0	0
Streptococcus	Streptococcus	1301	Streptococcus sp. OMI750	3047017	1	0	0	1	0	0
Streptococcus	Streptococcus	1301	Streptococcus sp. OMI870	3047018	1	0	0	1	0	0
Streptococcus	Streptococcus	1301	Streptococcus sp. oral taxon 056	712620	1	0	0	0	0	1
Streptococcus	Streptococcus	1301	Streptococcus sp. oral taxon 058	712622	9	0	0	0	0	9
Streptococcus	Streptococcus	1301	Streptococcus sp. oral taxon 061	712623	2	0	0	2	0	0
Streptococcus	Streptococcus	1301	Streptococcus sp. oral taxon 064	712624	1	0	0	1	0	0
Streptococcus	Streptococcus	1301	Streptococcus sp. oral taxon 071	712630	1	0	0	0	0	1
Streptococcus	Streptococcus	1301	Streptococcus sp. oral taxon 431	712633	7	0	0	3	3	1
Streptococcus	Streptococcus	1301	Streptococcus sp. oral taxon 71	1316589	1	0	0	0	0	1
Streptococcus	Streptococcus	1301	Streptococcus sp. P25B114	3438459	1	0	0	0	0	1
Streptococcus	Streptococcus	1301	Streptococcus sp. R3	3115572	1	0	0	0	0	1
Streptococcus	Streptococcus	1301	Streptococcus sp. R4	3115571	1	0	0	0	0	1
Streptococcus	Streptococcus	1301	Streptococcus sp. RAOG3620	3394846	4	0	0	3	1	0
Streptococcus	Streptococcus	1301	Streptococcus sp. RITM002I4	1807468	1	0	0	1	0	0
Streptococcus	Streptococcus	1301	Streptococcus sp. RITM003I4	1807469	1	0	0	1	0	0
Streptococcus	Streptococcus	1301	Streptococcus sp. RITM004I4	1807470	1	0	0	1	0	0
Streptococcus	Streptococcus	1301	Streptococcus sp. RITM008I4	1807471	1	0	0	1	0	0
Streptococcus	Streptococcus	1301	Streptococcus sp. RITM009I10	1807441	1	0	0	1	0	0
Streptococcus	Streptococcus	1301	Streptococcus sp. RITM019I10	1807442	1	0	0	1	0	0
Streptococcus	Streptococcus	1301	Streptococcus sp. RITM020I10	1807443	1	0	0	1	0	0
Streptococcus	Streptococcus	1301	Streptococcus sp. RITM020I12	1807444	1	0	0	1	0	0
Streptococcus	Streptococcus	1301	Streptococcus sp. RITM020I4	1807472	1	0	0	1	0	0
Streptococcus	Streptococcus	1301	Streptococcus sp. RITM021I10	1807445	1	0	0	1	0	0
Streptococcus	Streptococcus	1301	Streptococcus sp. RITM022I12	1807446	1	0	0	1	0	0
Streptococcus	Streptococcus	1301	Streptococcus sp. RITM022I4	1807473	1	0	0	1	0	0
Streptococcus	Streptococcus	1301	Streptococcus sp. RITM023I4	1807474	1	0	0	1	0	0
Streptococcus	Streptococcus	1301	Streptococcus sp. RITM029I10	1807447	1	0	0	1	0	0
Streptococcus	Streptococcus	1301	Streptococcus sp. RITM034I10	1807448	1	0	0	1	0	0
Streptococcus	Streptococcus	1301	Streptococcus sp. RITM034I12	1807449	1	0	0	1	0	0
Streptococcus	Streptococcus	1301	Streptococcus sp. RITM038I10	1807450	1	0	0	1	0	0
Streptococcus	Streptococcus	1301	Streptococcus sp. RITM042I10	1807451	1	0	0	1	0	0
Streptococcus	Streptococcus	1301	Streptococcus sp. RITM043I2	1807475	1	0	0	1	0	0
Streptococcus	Streptococcus	1301	Streptococcus sp. RITM046I2	1807452	1	0	0	1	0	0
Streptococcus	Streptococcus	1301	Streptococcus sp. RITM052I12	1807476	1	0	0	1	0	0
Streptococcus	Streptococcus	1301	Streptococcus sp. RITM052I2	1807440	1	0	0	1	0	0
Streptococcus	Streptococcus	1301	Streptococcus sp. RITM052I4	1807453	1	0	0	1	0	0
Streptococcus	Streptococcus	1301	Streptococcus sp. RITM053I10	1807454	1	0	0	1	0	0
Streptococcus	Streptococcus	1301	Streptococcus sp. RITM053I12	1807455	1	0	0	1	0	0
Streptococcus	Streptococcus	1301	Streptococcus sp. RITM059I10	1807456	1	0	0	1	0	0
Streptococcus	Streptococcus	1301	Streptococcus sp. RITM059I12	1807457	1	0	0	1	0	0
Streptococcus	Streptococcus	1301	Streptococcus sp. RITM060I10	1807458	1	0	0	1	0	0
Streptococcus	Streptococcus	1301	Streptococcus sp. RITM060I12	1807459	1	0	0	1	0	0
Streptococcus	Streptococcus	1301	Streptococcus sp. RITM070I10	1807460	1	0	0	1	0	0
Streptococcus	Streptococcus	1301	Streptococcus sp. RITM070I12	1807461	1	0	0	1	0	0
Streptococcus	Streptococcus	1301	Streptococcus sp. RITM071I10	1807462	1	0	0	1	0	0
Streptococcus	Streptococcus	1301	Streptococcus sp. RITM071I12	1807463	1	0	0	1	0	0
Streptococcus	Streptococcus	1301	Streptococcus sp. RITM077I10	1807464	1	0	0	1	0	0
Streptococcus	Streptococcus	1301	Streptococcus sp. RITM077I2	1807477	1	0	0	1	0	0
Streptococcus	Streptococcus	1301	Streptococcus sp. RITM081I10	1807465	1	0	0	1	0	0
Streptococcus	Streptococcus	1301	Streptococcus sp. RITM081I12	1807466	1	0	0	1	0	0
Streptococcus	Streptococcus	1301	Streptococcus sp. RITM084I2	1807498	1	0	0	1	0	0
Streptococcus	Streptococcus	1301	Streptococcus sp. RITM089I4	1807467	1	0	0	1	0	0
Streptococcus	Streptococcus	1301	Streptococcus sp. RMPRU004I2	1807489	1	0	0	1	0	0
Streptococcus	Streptococcus	1301	Streptococcus sp. RMPRU004I4	1807478	1	0	0	1	0	0
Streptococcus	Streptococcus	1301	Streptococcus sp. RMPRU004I7	1807479	1	0	0	1	0	0
Streptococcus	Streptococcus	1301	Streptococcus sp. RMPRU007I2	1807490	1	0	0	1	0	0
Streptococcus	Streptococcus	1301	Streptococcus sp. RMPRU008I2	1807491	1	0	0	1	0	0
Streptococcus	Streptococcus	1301	Streptococcus sp. RMPRU008I4	1807480	1	0	0	1	0	0
Streptococcus	Streptococcus	1301	Streptococcus sp. RMPRU008I7	1807481	1	0	0	1	0	0
Streptococcus	Streptococcus	1301	Streptococcus sp. RMPRU010I3	1807482	1	0	0	1	0	0
Streptococcus	Streptococcus	1301	Streptococcus sp. RMPRU010I7	1807483	1	0	0	1	0	0
Streptococcus	Streptococcus	1301	Streptococcus sp. RMPRU011I4	1807484	1	0	0	1	0	0
Streptococcus	Streptococcus	1301	Streptococcus sp. RMPRU011I7	1807485	1	0	0	1	0	0
Streptococcus	Streptococcus	1301	Streptococcus sp. RMPRU011I9	1807486	1	0	0	1	0	0
Streptococcus	Streptococcus	1301	Streptococcus sp. RMPRU013I2	1807492	1	0	0	1	0	0
Streptococcus	Streptococcus	1301	Streptococcus sp. RMPRU018I2	1807493	1	0	0	1	0	0
Streptococcus	Streptococcus	1301	Streptococcus sp. RMPRU019I3	1807487	1	0	0	1	0	0
Streptococcus	Streptococcus	1301	Streptococcus sp. RMPRU019I7	1807488	1	0	0	1	0	0
Streptococcus	Streptococcus	1301	Streptococcus sp. RMPRU022I12	1807494	1	0	0	1	0	0
Streptococcus	Streptococcus	1301	Streptococcus sp. RMPRU022I2	1807495	1	0	0	1	0	0
Streptococcus	Streptococcus	1301	Streptococcus sp. RMPRU023I2	1807496	1	0	0	1	0	0
Streptococcus	Streptococcus	1301	Streptococcus sp. RMPRU031I2	1807497	1	0	0	1	0	0
Streptococcus	Streptococcus	1301	Streptococcus sp. RSM260	2916394	1	0	0	1	0	0
Streptococcus	Streptococcus	1301	Streptococcus sp. RSM424	2916395	1	0	0	1	0	0
Streptococcus	Streptococcus	1301	Streptococcus sp. RSM50	2916392	1	0	0	1	0	0
Streptococcus	Streptococcus	1301	Streptococcus sp. RSM78	2916393	1	0	0	1	0	0
Streptococcus	Streptococcus	1301	Streptococcus sp. S784/96/1	2653499	5	0	0	0	0	5
Streptococcus	Streptococcus	1301	Streptococcus sp. SC1	3018031	1	0	0	0	0	1
Streptococcus	Streptococcus	1301	Streptococcus sp. SC19-4189	2895997	1	0	0	1	0	0
Streptococcus	Streptococcus	1301	Streptococcus sp. SCPM-O-B-15277 (M60)	3713250	1	0	0	1	0	0
Streptococcus	Streptococcus	1301	Streptococcus sp. SCPM-O-B-15294 (M123)	3713248	1	0	0	1	0	0
Streptococcus	Streptococcus	1301	Streptococcus sp. SCPM-O-B-15304 (M98)	3713251	1	0	0	1	0	0
Streptococcus	Streptococcus	1301	Streptococcus sp. SCPM-O-B-23252 (M501)	3713249	1	0	0	1	0	0
Streptococcus	Streptococcus	1301	Streptococcus sp. SG1	3018243	1	0	0	1	0	0
Streptococcus	Streptococcus	1301	Streptococcus sp. SG2	3018244	1	0	0	1	0	0
Streptococcus	Streptococcus	1301	Streptococcus sp. SGI.013	3420571	1	0	0	0	0	1
Streptococcus	Streptococcus	1301	Streptococcus sp. SGI.051	3420572	1	0	0	0	0	1
Streptococcus	Streptococcus	1301	Streptococcus sp. SI1	3018245	1	0	0	1	0	0
Streptococcus	Streptococcus	1301	Streptococcus sp. SK140	1095726	1	0	0	0	0	1
Streptococcus	Streptococcus	1301	Streptococcus sp. SK643	1095727	1	0	0	0	0	1
Streptococcus	Streptococcus	1301	Streptococcus sp. SM3	2898231	1	0	0	1	0	0
Streptococcus	Streptococcus	1301	Streptococcus sp. SM5	2898232	1	0	0	1	0	0
Streptococcus	Streptococcus	1301	Streptococcus sp. SN-1	3074854	1	0	0	1	0	0
Streptococcus	Streptococcus	1301	Streptococcus sp. SN3	3018246	1	0	0	1	0	0
Streptococcus	Streptococcus	1301	Streptococcus sp. SO2	3018248	1	0	0	1	0	0
Streptococcus	Streptococcus	1301	Streptococcus sp. SO4	3018249	1	0	0	1	0	0
Streptococcus	Streptococcus	1301	Streptococcus sp. sp-1	3045178	1	0	0	0	0	1
Streptococcus	Streptococcus	1301	Streptococcus sp. SP1	3018250	1	0	0	1	0	0
Streptococcus	Streptococcus	1301	Streptococcus sp. SP4	3018251	1	0	0	1	0	0
Streptococcus	Streptococcus	1301	Streptococcus sp. SP8	3018252	1	0	0	1	0	0
Streptococcus	Streptococcus	1301	Streptococcus sp. SPC0	2762444	1	0	1	0	0	0
Streptococcus	Streptococcus	1301	Streptococcus sp. SPS1	3018247	1	0	0	1	0	0
Streptococcus	Streptococcus	1301	Streptococcus sp. SR1	1161416	2	0	0	0	0	2
Streptococcus	Streptococcus	1301	Streptococcus sp. SR4	1161417	2	0	0	0	0	2
Streptococcus	Streptococcus	1301	Streptococcus sp. SS-4456	3072286	1	0	0	1	0	0
Streptococcus	Streptococcus	1301	Streptococcus sp. SS09Z5327	2849899	2	0	0	1	1	0
Streptococcus	Streptococcus	1301	Streptococcus sp. SS17W1231	2849900	1	0	0	0	1	0
Streptococcus	Streptococcus	1301	Streptococcus sp. SS17W1232	2849901	1	0	0	0	1	0
Streptococcus	Streptococcus	1301	Streptococcus sp. SS17W1233	2849902	1	0	0	0	1	0
Streptococcus	Streptococcus	1301	Streptococcus sp. SS17W1311	2849903	1	0	0	0	1	0
Streptococcus	Streptococcus	1301	Streptococcus sp. SS17W1692	2849904	1	0	0	0	1	0
Streptococcus	Streptococcus	1301	Streptococcus sp. SS17W1711	2849905	1	0	0	0	1	0
Streptococcus	Streptococcus	1301	Streptococcus sp. SS17W1713	2849906	1	0	0	0	1	0
Streptococcus	Streptococcus	1301	Streptococcus sp. SS17W1735	2849907	1	0	0	0	1	0
Streptococcus	Streptococcus	1301	Streptococcus sp. SS17W3601	2849908	1	0	0	0	1	0
Streptococcus	Streptococcus	1301	Streptococcus sp. SS17W3703	2849909	1	0	0	0	1	0
Streptococcus	Streptococcus	1301	Streptococcus sp. SS17W3705	2849910	1	0	0	0	1	0
Streptococcus	Streptococcus	1301	Streptococcus sp. SS18A0403	2849911	1	0	0	1	0	0
Streptococcus	Streptococcus	1301	Streptococcus sp. SS18A0504	2849912	1	0	0	1	0	0
Streptococcus	Streptococcus	1301	Streptococcus sp. SS18A0601	2849913	1	0	0	1	0	0
Streptococcus	Streptococcus	1301	Streptococcus sp. SS18A0602	2849914	1	0	0	1	0	0
Streptococcus	Streptococcus	1301	Streptococcus sp. SS18A0603	2849915	1	0	0	1	0	0
Streptococcus	Streptococcus	1301	Streptococcus sp. SS18A0604	2849916	1	0	0	1	0	0
Streptococcus	Streptococcus	1301	Streptococcus sp. SS18A0605	2849917	1	0	0	1	0	0
Streptococcus	Streptococcus	1301	Streptococcus sp. SS18A0704	2849918	1	0	0	1	0	0
Streptococcus	Streptococcus	1301	Streptococcus sp. SS18A0905	2849919	1	0	0	1	0	0
Streptococcus	Streptococcus	1301	Streptococcus sp. SS18A1001	2849920	1	0	0	1	0	0
Streptococcus	Streptococcus	1301	Streptococcus sp. SS18B0109	2849921	1	0	0	1	0	0
Streptococcus	Streptococcus	1301	Streptococcus sp. SS18B0205	2849922	1	0	0	1	0	0
Streptococcus	Streptococcus	1301	Streptococcus sp. SS18B0302	2849923	1	0	0	1	0	0
Streptococcus	Streptococcus	1301	Streptococcus sp. SS18B0402	2849924	1	0	0	1	0	0
Streptococcus	Streptococcus	1301	Streptococcus sp. SS18B0704	2849925	1	0	0	1	0	0
Streptococcus	Streptococcus	1301	Streptococcus sp. SS18B0801	2849926	1	0	0	1	0	0
Streptococcus	Streptococcus	1301	Streptococcus sp. SS18B0803	2849927	1	0	0	1	0	0
Streptococcus	Streptococcus	1301	Streptococcus sp. SS18B0805	2849928	1	0	0	1	0	0
Streptococcus	Streptococcus	1301	Streptococcus sp. SS18B0905	2849929	1	0	0	1	0	0
Streptococcus	Streptococcus	1301	Streptococcus sp. SS18B1004	2849930	1	0	0	1	0	0
Streptococcus	Streptococcus	1301	Streptococcus sp. SS18C0101	2849931	1	0	0	1	0	0
Streptococcus	Streptococcus	1301	Streptococcus sp. SS18C0406	2849932	1	0	0	1	0	0
Streptococcus	Streptococcus	1301	Streptococcus sp. SS18C0503	2849933	1	0	0	1	0	0
Streptococcus	Streptococcus	1301	Streptococcus sp. SS18C0802	2849934	1	0	0	1	0	0
Streptococcus	Streptococcus	1301	Streptococcus sp. SS18C0904	2849935	1	0	0	1	0	0
Streptococcus	Streptococcus	1301	Streptococcus sp. SS18C1004	2849936	1	0	0	1	0	0
Streptococcus	Streptococcus	1301	Streptococcus sp. SS18D0303	2849937	1	0	0	1	0	0
Streptococcus	Streptococcus	1301	Streptococcus sp. SS18D0403	2849938	1	0	0	1	0	0
Streptococcus	Streptococcus	1301	Streptococcus sp. SS18D1001	2849939	1	0	0	1	0	0
Streptococcus	Streptococcus	1301	Streptococcus sp. SS18E0204	2849940	1	0	0	1	0	0
Streptococcus	Streptococcus	1301	Streptococcus sp. SS18E0304	2849941	1	0	0	1	0	0
Streptococcus	Streptococcus	1301	Streptococcus sp. SS18E0402	2849942	1	0	0	1	0	0
Streptococcus	Streptococcus	1301	Streptococcus sp. SS18E0405	2849943	1	0	0	1	0	0
Streptococcus	Streptococcus	1301	Streptococcus sp. SS18E0406	2849944	1	0	0	1	0	0
Streptococcus	Streptococcus	1301	Streptococcus sp. SS18E0603	2849945	1	0	0	1	0	0
Streptococcus	Streptococcus	1301	Streptococcus sp. SS18E0801	2849946	1	0	0	1	0	0
Streptococcus	Streptococcus	1301	Streptococcus sp. SS18F0107	2849947	1	0	0	1	0	0
Streptococcus	Streptococcus	1301	Streptococcus sp. SS18F0205	2849948	1	0	0	1	0	0
Streptococcus	Streptococcus	1301	Streptococcus sp. SS18F0308	2849949	1	0	0	1	0	0
Streptococcus	Streptococcus	1301	Streptococcus sp. SS18F0510	2849950	1	0	0	1	0	0
Streptococcus	Streptococcus	1301	Streptococcus sp. SS18F0702	2849951	1	0	0	1	0	0
Streptococcus	Streptococcus	1301	Streptococcus sp. SS18F0706	2849952	1	0	0	1	0	0
Streptococcus	Streptococcus	1301	Streptococcus sp. SS18G0507	2849953	1	0	0	1	0	0
Streptococcus	Streptococcus	1301	Streptococcus sp. SS18G0606	2849954	1	0	0	1	0	0
Streptococcus	Streptococcus	1301	Streptococcus sp. SS18G0704	2849955	1	0	0	1	0	0
Streptococcus	Streptococcus	1301	Streptococcus sp. SS18G0806	2849956	1	0	0	1	0	0
Streptococcus	Streptococcus	1301	Streptococcus sp. SS18G0906	2849957	1	0	0	1	0	0
Streptococcus	Streptococcus	1301	Streptococcus sp. SS18H0403	2849958	1	0	0	1	0	0
Streptococcus	Streptococcus	1301	Streptococcus sp. SS18H1005	2849959	1	0	0	1	0	0
Streptococcus	Streptococcus	1301	Streptococcus sp. SS18I0212	2849960	1	0	0	1	0	0
Streptococcus	Streptococcus	1301	Streptococcus sp. SS18I0406	2849961	1	0	0	1	0	0
Streptococcus	Streptococcus	1301	Streptococcus sp. SS18I0706	2849962	1	0	0	1	0	0
Streptococcus	Streptococcus	1301	Streptococcus sp. SS18I1005	2849963	1	0	0	1	0	0
Streptococcus	Streptococcus	1301	Streptococcus sp. SS18J0104	2849964	1	0	0	1	0	0
Streptococcus	Streptococcus	1301	Streptococcus sp. SS18J0401	2849965	1	0	0	1	0	0
Streptococcus	Streptococcus	1301	Streptococcus sp. SS18J0501	2849966	1	0	0	1	0	0
Streptococcus	Streptococcus	1301	Streptococcus sp. SS18J0604	2849967	1	0	0	1	0	0
Streptococcus	Streptococcus	1301	Streptococcus sp. SS18J0705	2849968	1	0	0	1	0	0
Streptococcus	Streptococcus	1301	Streptococcus sp. SS18J0902	2850050	1	0	0	1	0	0
Streptococcus	Streptococcus	1301	Streptococcus sp. SS18J1002	2850051	1	0	0	1	0	0
Streptococcus	Streptococcus	1301	Streptococcus sp. SS18K0103	2850052	1	0	0	1	0	0
Streptococcus	Streptococcus	1301	Streptococcus sp. SS18K0302	2850053	1	0	0	1	0	0
Streptococcus	Streptococcus	1301	Streptococcus sp. SS18K0504	2850054	1	0	0	1	0	0
Streptococcus	Streptococcus	1301	Streptococcus sp. SS18K0603	2850055	1	0	0	1	0	0
Streptococcus	Streptococcus	1301	Streptococcus sp. SS18L0208	2850056	1	0	0	1	0	0
Streptococcus	Streptococcus	1301	Streptococcus sp. SS18L0309	2850057	1	0	0	1	0	0
Streptococcus	Streptococcus	1301	Streptococcus sp. SS18L0402	2850058	1	0	0	1	0	0
Streptococcus	Streptococcus	1301	Streptococcus sp. SS18L0506	2850059	1	0	0	1	0	0
Streptococcus	Streptococcus	1301	Streptococcus sp. SS18L0604	2850060	1	0	0	1	0	0
Streptococcus	Streptococcus	1301	Streptococcus sp. SS18L1006	2850061	1	0	0	1	0	0
Streptococcus	Streptococcus	1301	Streptococcus sp. SS18M0505	2850062	1	0	0	1	0	0
Streptococcus	Streptococcus	1301	Streptococcus sp. SS18M0804	2850063	1	0	0	1	0	0
Streptococcus	Streptococcus	1301	Streptococcus sp. SS18M0806	2850064	1	0	0	1	0	0
Streptococcus	Streptococcus	1301	Streptococcus sp. SS18N0305	2850065	1	0	0	1	0	0
Streptococcus	Streptococcus	1301	Streptococcus sp. SS18N0505	2850066	1	0	0	1	0	0
Streptococcus	Streptococcus	1301	Streptococcus sp. SS18N0607	2850067	1	0	0	1	0	0
Streptococcus	Streptococcus	1301	Streptococcus sp. SS18N0809	2850068	1	0	0	1	0	0
Streptococcus	Streptococcus	1301	Streptococcus sp. SS18N0902	2850069	1	0	0	1	0	0
Streptococcus	Streptococcus	1301	Streptococcus sp. SS18N1008	2849884	1	0	0	1	0	0
Streptococcus	Streptococcus	1301	Streptococcus sp. SS18O0401	2849885	1	0	0	1	0	0
Streptococcus	Streptococcus	1301	Streptococcus sp. SS18Q0206	2849886	1	0	0	1	0	0
Streptococcus	Streptococcus	1301	Streptococcus sp. SS18Q0606	2849887	1	0	0	1	0	0
Streptococcus	Streptococcus	1301	Streptococcus sp. SS18Q0802	2849888	1	0	0	1	0	0
Streptococcus	Streptococcus	1301	Streptococcus sp. SS18Q1001	2849889	1	0	0	1	0	0
Streptococcus	Streptococcus	1301	Streptococcus sp. SS18R0503	2849890	1	0	0	1	0	0
Streptococcus	Streptococcus	1301	Streptococcus sp. SS18R1001	2849891	1	0	0	1	0	0
Streptococcus	Streptococcus	1301	Streptococcus sp. SS18S0302	2849892	1	0	0	1	0	0
Streptococcus	Streptococcus	1301	Streptococcus sp. SS18S0505	2849893	1	0	0	1	0	0
Streptococcus	Streptococcus	1301	Streptococcus sp. SS18YF101	2849894	1	0	0	1	0	0
Streptococcus	Streptococcus	1301	Streptococcus sp. SS18Z0039	2849895	1	0	0	1	0	0
Streptococcus	Streptococcus	1301	Streptococcus sp. SS18Z0042	2849896	1	0	0	1	0	0
Streptococcus	Streptococcus	1301	Streptococcus sp. SS19T0306	2849897	1	0	0	1	0	0
Streptococcus	Streptococcus	1301	Streptococcus sp. SS4	3018253	1	0	0	1	0	0
Streptococcus	Streptococcus	1301	Streptococcus sp. SS6	3018254	1	0	0	1	0	0
Streptococcus	Streptococcus	1301	Streptococcus sp. SS9	3018255	1	0	0	1	0	0
Streptococcus	Streptococcus	1301	Streptococcus sp. SS98Z0573	2849898	1	0	0	1	0	0
Streptococcus	Streptococcus	1301	Streptococcus sp. ST14	3378284	1	0	0	0	0	1
Streptococcus	Streptococcus	1301	Streptococcus sp. ST16	3378283	1	0	0	0	0	1
Streptococcus	Streptococcus	1301	Streptococcus sp. STC1396	3730633	1	0	0	1	0	0
Streptococcus	Streptococcus	1301	Streptococcus sp. STR1/CE/0325	3701384	1	0	0	0	1	0
Streptococcus	Streptococcus	1301	Streptococcus sp. SV1	3018256	1	0	0	1	0	0
Streptococcus	Streptococcus	1301	Streptococcus sp. SV2	3018257	1	0	0	1	0	0
Streptococcus	Streptococcus	1301	Streptococcus sp. sy004	2600149	1	0	0	0	0	1
Streptococcus	Streptococcus	1301	Streptococcus sp. sy010	2600148	1	0	0	0	0	1
Streptococcus	Streptococcus	1301	Streptococcus sp. sy018	2600147	1	0	0	0	0	1
Streptococcus	Streptococcus	1301	Streptococcus sp. TATVAM-FAB21	3093698	1	0	0	0	0	1
Streptococcus	Streptococcus	1301	Streptococcus sp. TATVAM-FAB35	3093700	1	0	0	0	0	1
Streptococcus	Streptococcus	1301	Streptococcus sp. TATVAM-FAB8	3093697	1	0	0	0	0	1
Streptococcus	Streptococcus	1301	Streptococcus sp. UBA3373	1947562	1	1	0	0	0	0
Streptococcus	Streptococcus	1301	Streptococcus sp. UBA4235	1947563	1	0	0	1	0	0
Streptococcus	Streptococcus	1301	Streptococcus sp. UBA4344	1947564	1	0	0	1	0	0
Streptococcus	Streptococcus	1301	Streptococcus sp. UBA6071	1947565	1	0	0	1	0	0
Streptococcus	Streptococcus	1301	Streptococcus sp. UBA632	1947566	11	11	0	0	0	0
Streptococcus	Streptococcus	1301	Streptococcus sp. UMB0029	2069308	1	0	0	1	0	0
Streptococcus	Streptococcus	1301	Streptococcus sp. UMB1203	3046327	1	0	0	0	0	1
Streptococcus	Streptococcus	1301	Streptococcus sp. UMB1385	2069309	1	0	0	1	0	0
Streptococcus	Streptococcus	1301	Streptococcus sp. V728	3455700	1	0	0	1	0	0
Streptococcus	Streptococcus	1301	Streptococcus sp. V869	3480124	1	0	0	1	0	0
Streptococcus	Streptococcus	1301	Streptococcus sp. V913	3480125	1	0	0	1	0	0
Streptococcus	Streptococcus	1301	Streptococcus sp. V919	3480126	1	0	0	1	0	0
Streptococcus	Streptococcus	1301	Streptococcus sp. V940	3480127	1	0	0	1	0	0
Streptococcus	Streptococcus	1301	Streptococcus sp. VEG1o	3097368	1	0	0	0	0	1
Streptococcus	Streptococcus	1301	Streptococcus sp. VT 162	1419814	4	0	0	4	0	0
Streptococcus	Streptococcus	1301	Streptococcus sp. VTCC 12886	3413767	1	0	1	0	0	0
Streptococcus	Streptococcus	1301	Streptococcus sp. VTCC 12905	3413768	1	0	1	0	0	0
Streptococcus	Streptococcus	1301	Streptococcus sp. W151	3438462	1	0	0	0	0	1
Streptococcus	Streptococcus	1301	Streptococcus sp. WB01_FAA12	2725308	1	1	0	0	0	0
Streptococcus	Streptococcus	1301	Streptococcus sp. WB1694	2939831	1	0	0	0	0	1
Streptococcus	Streptococcus	1301	Streptococcus sp. WB1716	2939843	1	0	0	0	0	1
Streptococcus	Streptococcus	1301	Streptococcus sp. WB1735	2939850	1	0	0	0	0	1
Streptococcus	Streptococcus	1301	Streptococcus sp. WB1740	2939854	1	0	0	0	0	1
Streptococcus	Streptococcus	1301	Streptococcus sp. WB1807	2939865	1	0	0	0	0	1
Streptococcus	Streptococcus	1301	Streptococcus sp. WB2354	2939878	1	0	0	0	0	1
Streptococcus	Streptococcus	1301	Streptococcus sp. WB2525	2939895	1	0	0	0	0	1
Streptococcus	Streptococcus	1301	Streptococcus sp. WB2573	2939908	1	0	0	0	0	1
Streptococcus	Streptococcus	1301	Streptococcus sp. WB2920	2939942	1	0	0	0	0	1
Streptococcus	Streptococcus	1301	Streptococcus sp. WB3909	2939944	1	0	0	0	0	1
Streptococcus	Streptococcus	1301	Streptococcus sp. WB4416	2940014	1	0	0	0	0	1
Streptococcus	Streptococcus	1301	Streptococcus sp. WM07	2558284	1	0	0	1	0	0
Streptococcus	Streptococcus	1301	Streptococcus sp. X13SY08	1676616	1	0	0	0	0	1
Streptococcus	Streptococcus	1301	Streptococcus sp. X16XC17	2316646	1	0	0	0	0	1
Streptococcus	Streptococcus	1301	Streptococcus sp. XMC	2905972	1	0	0	1	0	0
Streptococcus	Streptococcus	1301	Streptococcus sp. Z554	3438460	1	0	0	0	0	1
Streptococcus	Streptococcus	1301	Streptococcus sp. Z556	3438461	1	0	0	0	0	1
Streptococcus	Streptococcus	1301	Streptococcus sp. Z613	3895541	1	0	0	1	0	0
Streptococcus	Streptococcus	1301	Streptococcus sp. ZB199	2710759	1	0	1	0	0	0
Streptococcus	Streptococcus	1301	Streptococcus sp. zg-36	2663849	2	0	0	1	0	1
Streptococcus	Streptococcus	1301	Streptococcus sp. ZY171113	3711999	1	0	0	1	0	0
Streptococcus	Streptococcus	1301	Streptococcus sp. ZY19097	3231906	1	0	0	0	0	1
Streptococcus	Streptococcus	1301	Streptococcus suis	1307	13386	17	32	4779	1775	6783
Streptococcus	Streptococcus	1301	Streptococcus suivaginalis	3028082	2	0	0	0	0	2
Streptococcus	Streptococcus	1301	Streptococcus symci	2588991	12	2	0	8	0	2
Streptococcus	Streptococcus	1301	Streptococcus tangpeifui	2709400	4	1	0	0	0	3
Streptococcus	Streptococcus	1301	Streptococcus taonis	3041623	1	0	0	0	0	1
Streptococcus	Streptococcus	1301	Streptococcus taoyuanensis	3036443	1	0	0	0	0	1
Streptococcus	Streptococcus	1301	Streptococcus thalassemiae	2736608	1	0	0	1	0	0
Streptococcus	Streptococcus	1301	Streptococcus thermophilus	1308	3559	697	637	22	180	2023
Streptococcus	Streptococcus	1301	Streptococcus thoraltensis	55085	18	5	8	1	2	2
Streptococcus	Streptococcus	1301	Streptococcus timonensis	1852387	20	1	0	13	0	6
Streptococcus	Streptococcus	1301	Streptococcus toyakuensis	2819619	2	0	0	1	0	1
Streptococcus	Streptococcus	1301	Streptococcus troglodytae	1111760	2	0	0	1	0	1
Streptococcus	Streptococcus	1301	Streptococcus uberis	1349	2819	26	1437	96	183	1077
Streptococcus	Streptococcus	1301	Streptococcus urinalis	149016	12	0	0	2	0	10
Streptococcus	Streptococcus	1301	Streptococcus vaginalis	2748301	4	3	0	1	0	0
Streptococcus	Streptococcus	1301	Streptococcus varani	1608583	5	0	2	1	1	1
Streptococcus	Streptococcus	1301	Streptococcus vestibularis	1343	367	80	0	42	2	243
Streptococcus	Streptococcus	1301	Streptococcus vicugnae	2740579	4	4	0	0	0	0
Streptococcus	Streptococcus	1301	Streptococcus viridans	78535	126	0	0	6	30	90
Streptococcus	Streptococcus	1301	Streptococcus vulneris	2853160	1	0	0	1	0	0
Streptococcus	Streptococcus	1301	Streptococcus wuxiensis	3095078	7	0	2	0	3	2
Streptococcus	Streptococcus	1301	Streptococcus xiaochunlingii	2589788	20	2	0	3	1	14
Streptococcus	Streptococcus	1301	Streptococcus zalophi	640031	3	0	0	3	0	0
Streptococcus	Streptococcus	1301	Streptococcus zhangguiae	2664091	5	0	0	3	0	2
Streptococcus	Streptococcus	1301	uncultured Streptococcus sp.	83427	1343	1013	18	297	3	12
Subdoligranulum	Subdoligranulum	292632	Subdoligranulum sp.	2053618	8304	394	1	0	2	7907
Subdoligranulum	Subdoligranulum	292632	Subdoligranulum sp. 115485	2905683	1	1	0	0	0	0
Subdoligranulum	Subdoligranulum	292632	Subdoligranulum sp. 4_3_54A2FAA	665956	5	2	0	0	0	3
Subdoligranulum	Subdoligranulum	292632	Subdoligranulum sp. 60_17	1897022	1	0	0	0	1	0
Subdoligranulum	Subdoligranulum	292632	Subdoligranulum sp. 6_1_47FAA	665955	1	0	0	0	0	1
Subdoligranulum	Subdoligranulum	292632	Subdoligranulum sp. AF14-43	2302959	1	1	0	0	0	0
Subdoligranulum	Subdoligranulum	292632	Subdoligranulum sp. AM16-9	2302960	1	1	0	0	0	0
Subdoligranulum	Subdoligranulum	292632	Subdoligranulum sp. AM23-21AC	2302961	1	1	0	0	0	0
Subdoligranulum	Subdoligranulum	292632	Subdoligranulum sp. APC924/74	2086273	160	159	0	0	0	1
Subdoligranulum	Subdoligranulum	292632	Subdoligranulum sp. CAG:314	1262970	6	6	0	0	0	0
Subdoligranulum	Subdoligranulum	292632	Subdoligranulum sp. DS11	2710834	1	0	0	0	0	1
Subdoligranulum	Subdoligranulum	292632	Subdoligranulum sp. DS25	2710835	1	0	0	0	0	1
Subdoligranulum	Subdoligranulum	292632	Subdoligranulum sp. DS28	2710836	1	0	0	0	0	1
Subdoligranulum	Subdoligranulum	292632	Subdoligranulum sp. DS40	2710837	1	0	0	0	0	1
Subdoligranulum	Subdoligranulum	292632	Subdoligranulum sp. DS67	2710838	1	0	0	0	0	1
Subdoligranulum	Subdoligranulum	292632	Subdoligranulum sp. DS73	2710839	1	0	0	0	0	1
Subdoligranulum	Subdoligranulum	292632	Subdoligranulum sp. DS79	2710840	1	0	0	0	0	1
Subdoligranulum	Subdoligranulum	292632	Subdoligranulum sp. DS80	2710841	1	0	0	0	0	1
Subdoligranulum	Subdoligranulum	292632	Subdoligranulum sp. DSM 23681	330061	2	0	0	0	1	1
Subdoligranulum	Subdoligranulum	292632	Subdoligranulum sp. hmp_mda_pilot_jcvi_0110	1316518	1	0	0	0	0	1
Subdoligranulum	Subdoligranulum	292632	Subdoligranulum sp. isolate_1	2907216	1	1	0	0	0	0
Subdoligranulum	Subdoligranulum	292632	Subdoligranulum sp. isolate_3	2907217	1	1	0	0	0	0
Subdoligranulum	Subdoligranulum	292632	Subdoligranulum sp. isolate_4	2907218	1	1	0	0	0	0
Subdoligranulum	Subdoligranulum	292632	Subdoligranulum sp. isolate_5	2907219	1	1	0	0	0	0
Subdoligranulum	Subdoligranulum	292632	Subdoligranulum sp. isolate_7	2907220	2	2	0	0	0	0
Subdoligranulum	Subdoligranulum	292632	Subdoligranulum sp. OF01-18	2302962	1	1	0	0	0	0
Subdoligranulum	Subdoligranulum	292632	Subdoligranulum sp. ORNL_6EZ5-Gt_4_Pl1-34	1394032	1	0	0	0	0	1
Subdoligranulum	Subdoligranulum	292632	Subdoligranulum sp. PS107	2710842	1	0	0	0	0	1
Subdoligranulum	Subdoligranulum	292632	Subdoligranulum sp. PS108	2710843	1	0	0	0	0	1
Subdoligranulum	Subdoligranulum	292632	Subdoligranulum sp. PS157	2710844	1	0	0	0	0	1
Subdoligranulum	Subdoligranulum	292632	Subdoligranulum sp. PS186	2710845	1	0	0	0	0	1
Subdoligranulum	Subdoligranulum	292632	Subdoligranulum sp. PS203	2710846	1	0	0	0	0	1
Subdoligranulum	Subdoligranulum	292632	Subdoligranulum sp. PS221	2710847	1	0	0	0	0	1
Subdoligranulum	Subdoligranulum	292632	Subdoligranulum sp. PS223	2710848	1	0	0	0	0	1
Subdoligranulum	Subdoligranulum	292632	Subdoligranulum sp. PS224	2710849	1	0	0	0	0	1
Subdoligranulum	Subdoligranulum	292632	Subdoligranulum sp. PS249	2710850	1	0	0	0	0	1
Subdoligranulum	Subdoligranulum	292632	Subdoligranulum sp. PS318	2710851	1	0	0	0	0	1
Subdoligranulum	Subdoligranulum	292632	Subdoligranulum sp. TF05-17AC	2302963	1	1	0	0	0	0
Subdoligranulum	Subdoligranulum	292632	Subdoligranulum variabile	214851	606	73	1	1	11	520
Subdoligranulum	Subdoligranulum	292632	uncultured Subdoligranulum sp.	512298	330	315	3	2	10	0
Succinatimonas	Succinatimonas	674963	Succinatimonas hippei	626938	116	35	0	0	2	79
Succinatimonas	Succinatimonas	674963	Succinatimonas sp.	2587468	1649	93	1	0	0	1555
Succinatimonas	Succinatimonas	674963	Succinatimonas sp. CAG:777	1262974	17	16	0	1	0	0
Succinatimonas	Succinatimonas	674963	Succinatimonas sp. UBA1264	1947567	1	1	0	0	0	0
Succinatimonas	Succinatimonas	674963	Succinatimonas sp. UBA2802	1947568	1	1	0	0	0	0
Succinatimonas	Succinatimonas	674963	Succinatimonas sp. UBA2849	1947569	1	1	0	0	0	0
Succinatimonas	Succinatimonas	674963	Succinatimonas sp. UBA2928	1947570	1	1	0	0	0	0
Succinatimonas	Succinatimonas	674963	Succinatimonas sp. UBA2938	1947571	1	1	0	0	0	0
Succinatimonas	Succinatimonas	674963	Succinatimonas sp. UBA4288	1947572	1	0	0	1	0	0
Succinatimonas	Succinatimonas	674963	Succinatimonas sp. UBA4709	1947573	1	1	0	0	0	0
Succinatimonas	Succinatimonas	674963	Succinatimonas sp. UBA6849	1947574	1	1	0	0	0	0
Succinatimonas	Succinatimonas	674963	Succinatimonas sp. UBA7006	1947575	1	0	0	1	0	0
Succinatimonas	Succinatimonas	674963	Succinatimonas sp. UBA7265	1947576	1	1	0	0	0	0
Succinatimonas	Succinatimonas	674963	Succinatimonas sp. UBA7281	1947577	1	1	0	0	0	0
Succinatimonas	Succinatimonas	674963	Succinatimonas sp. UBA761	1947578	1	1	0	0	0	0
Succinatimonas	Succinatimonas	674963	Succinatimonas sp. UBA7726	1947579	1	1	0	0	0	0
Succinatimonas	Succinatimonas	674963	Succinatimonas sp. UBA7771	1947580	1	1	0	0	0	0
Succinatimonas	Succinatimonas	674963	Succinatimonas sp. UBA7790	1947581	1	1	0	0	0	0
Succinatimonas	Succinatimonas	674963	uncultured Succinatimonas sp.	1262973	168	164	0	0	1	3
Succinivibrio	Succinivibrio	83770	Succinivibrio dextrinosolvens	83771	44	13	0	3	2	26
Succinivibrio	Succinivibrio	83770	Succinivibrio faecicola	2820300	1	1	0	0	0	0
Succinivibrio	Succinivibrio	83770	Succinivibrio sp.	2053619	574	248	4	8	2	312
Succinivibrio	Succinivibrio	83770	Succinivibrio sp. Phil9	1929997	1	1	0	0	0	0
Succinivibrio	Succinivibrio	83770	uncultured Succinivibrio sp.	540749	317	316	0	0	1	0
Sutterella	Sutterella	40544	Candidatus Sutterella merdavium	2838764	7	6	0	0	0	1
Sutterella	Sutterella	40544	Sutterella faecalis	2584944	13	8	0	0	0	5
Sutterella	Sutterella	40544	Sutterella massiliensis	1816689	11	3	0	0	0	8
Sutterella	Sutterella	40544	Sutterella megalosphaeroides	2494234	23	19	0	0	0	4
Sutterella	Sutterella	40544	Sutterella parvirubra	437898	275	62	108	0	0	105
Sutterella	Sutterella	40544	Sutterella seckii	1944635	28	28	0	0	0	0
Sutterella	Sutterella	40544	Sutterella sp.	1981025	4576	1457	1	11	16	3091
Sutterella	Sutterella	40544	Sutterella sp. 54_7	1897023	1	0	0	0	1	0
Sutterella	Sutterella	40544	Sutterella sp. 63_29	1897024	1	0	0	0	1	0
Sutterella	Sutterella	40544	Sutterella sp. AF15-44LB	2292253	1	1	0	0	0	0
Sutterella	Sutterella	40544	Sutterella sp. AF15-45LB	2292254	1	1	0	0	0	0
Sutterella	Sutterella	40544	Sutterella sp. AH-173-D08	2269347	1	0	0	0	0	1
Sutterella	Sutterella	40544	Sutterella sp. AH-173-P11	2269348	1	0	0	0	0	1
Sutterella	Sutterella	40544	Sutterella sp. AH-177-A23	2269349	1	0	0	0	0	1
Sutterella	Sutterella	40544	Sutterella sp. AH-177-C11	2269350	1	0	0	0	0	1
Sutterella	Sutterella	40544	Sutterella sp. AH-177-D19	2269351	1	0	0	0	0	1
Sutterella	Sutterella	40544	Sutterella sp. AH-177-F18	2269352	1	0	0	0	0	1
Sutterella	Sutterella	40544	Sutterella sp. AH-177-K06	2269353	1	0	0	0	0	1
Sutterella	Sutterella	40544	Sutterella sp. AH-177-M04	2269354	1	0	0	0	0	1
Sutterella	Sutterella	40544	Sutterella sp. AH-177-N06	2269355	1	0	0	0	0	1
Sutterella	Sutterella	40544	Sutterella sp. AH-177-N07	2269356	1	0	0	0	0	1
Sutterella	Sutterella	40544	Sutterella sp. AM11-39	2292075	290	290	0	0	0	0
Sutterella	Sutterella	40544	Sutterella sp. AM18-8-1	2292076	1	1	0	0	0	0
Sutterella	Sutterella	40544	Sutterella sp. CAG:351	1262975	1	1	0	0	0	0
Sutterella	Sutterella	40544	Sutterella sp. CAG:397	1262976	1	1	0	0	0	0
Sutterella	Sutterella	40544	Sutterella sp. CAG:521	1262977	53	53	0	0	0	0
Sutterella	Sutterella	40544	Sutterella sp. KLE1602	1574262	1	1	0	0	0	0
Sutterella	Sutterella	40544	Sutterella sp. UBA1442	1947611	1	0	0	0	1	0
Sutterella	Sutterella	40544	Sutterella sp. UBA4713	1947612	1	1	0	0	0	0
Sutterella	Sutterella	40544	Sutterella timonensis	1907660	2	0	0	1	0	1
Sutterella	Sutterella	40544	Sutterella wadsworthensis	40545	4163	1886	3	5	1	2268
Sutterella	Sutterella	40544	uncultured Sutterella sp.	286133	2106	2082	0	2	19	3
Synergistes	Synergistes	2753	Synergistes jonesii	2754	60	14	0	8	0	38
Synergistes	Synergistes	2753	Synergistes sp.	2774297	12	8	0	0	1	3
Synergistes	Synergistes	2753	Synergistes sp. 22-5-S_12_D6_FAA	1357335	1	0	0	0	0	1
Synergistes	Synergistes	2753	Synergistes sp. 3_1_syn1	457415	2	0	0	0	0	2
Synergistes	Synergistes	2753	Synergistes sp. Zagget9	1930003	1	1	0	0	0	0
Synergistes	Synergistes	2753	uncultured Synergistes sp.	290252	2	2	0	0	0	0
Tannerella	Tannerella	195950	Tannerella forsythia	28112	260	1	0	148	0	111
Tannerella	Tannerella	195950	Tannerella serpentiformis	712710	101	0	0	33	0	68
Tannerella	Tannerella	195950	Tannerella sp.	2382127	174	52	1	98	7	16
Tannerella	Tannerella	195950	Tannerella sp. 6_1_58FAA_CT1	665949	2	1	0	0	0	1
Tannerella	Tannerella	195950	Tannerella sp. AF04-6	2293248	1	1	0	0	0	0
Tannerella	Tannerella	195950	Tannerella sp. AM09-19	2293249	1	1	0	0	0	0
Tannerella	Tannerella	195950	Tannerella sp. CAG:118	1262978	1	1	0	0	0	0
Tannerella	Tannerella	195950	Tannerella sp. CAG:51	1262979	1	1	0	0	0	0
Tannerella	Tannerella	195950	Tannerella sp. oral taxon 808	712711	3	0	0	3	0	0
Tannerella	Tannerella	195950	Tannerella sp. OT4	3342578	1	0	0	0	0	1
Tannerella	Tannerella	195950	Tannerella sp. OT5	3342579	1	0	0	0	0	1
Tannerella	Tannerella	195950	Tannerella sp. OT6	3342580	1	0	0	0	0	1
Tannerella	Tannerella	195950	Tannerella sp. PD5	3342581	1	0	0	0	0	1
Tannerella	Tannerella	195950	Tannerella sp. PD6	3342582	1	0	0	0	0	1
Tannerella	Tannerella	195950	Tannerella sp. PD7	3342583	1	0	0	0	0	1
Tannerella	Tannerella	195950	Tannerella sp. PD8	3342584	1	0	0	0	0	1
Tannerella	Tannerella	195950	Tannerella sp. PD9	3342585	1	0	0	0	0	1
Tannerella	Tannerella	195950	uncultured Tannerella sp.	417614	45	5	0	40	0	0
Thermophilibacter	Thermophilibacter	2847307	Thermophilibacter gallinarum	2779357	1	1	0	0	0	0
Thermophilibacter	Thermophilibacter	2847307	Thermophilibacter immobilis	2779519	1	0	1	0	0	0
Thermophilibacter	Thermophilibacter	2847307	Thermophilibacter mediterraneus	1871031	4	2	0	1	0	1
Thermophilibacter	Thermophilibacter	2847307	Thermophilibacter provencensis	1852386	46	17	0	0	0	29
Thermophilibacter	Thermophilibacter	2847307	Thermophilibacter sp.	2847309	10	8	0	0	0	2
Thermophilibacter	Thermophilibacter	2847307	Thermophilibacter sp. ET337	2973084	1	1	0	0	0	0
Thermophilibacter	Thermophilibacter	2847307	Thermophilibacter sp. ZX-H10	3461141	1	1	0	0	0	0
Thermophilibacter	Thermophilibacter	2847307	Thermophilibacter sp. ZX-H3	3461140	1	1	0	0	0	0
Thermophilibacter	Thermophilibacter	2847307	uncultured Thermophilibacter sp.	2847311	5	5	0	0	0	0
Thomasclavelia	Thomasclavelia	3025755	Erysipelatoclostridium sp. AM42-17	2293102	1	1	0	0	0	0
Thomasclavelia	Thomasclavelia	3025755	Erysipelatoclostridium sp. An15	1965566	1	1	0	0	0	0
Thomasclavelia	Thomasclavelia	3025755	Erysipelatoclostridium sp. An173	1965571	2	2	0	0	0	0
Thomasclavelia	Thomasclavelia	3025755	Erysipelatoclostridium sp. DFI.2.3	2849164	1	1	0	0	0	0
Thomasclavelia	Thomasclavelia	3025755	Erysipelatoclostridium sp. MSK.23.31	2849175	1	1	0	0	0	0
Thomasclavelia	Thomasclavelia	3025755	Erysipelatoclostridium sp. MSK.23.67	2849176	1	1	0	0	0	0
Thomasclavelia	Thomasclavelia	3025755	Erysipelatoclostridium sp. MSK.23.68	2849177	1	1	0	0	0	0
Thomasclavelia	Thomasclavelia	3025755	Erysipelatoclostridium sp. MSK.7.34	2849178	1	1	0	0	0	0
Thomasclavelia	Thomasclavelia	3025755	Thomasclavelia cocleata	69824	233	225	0	0	1	7
Thomasclavelia	Thomasclavelia	3025755	Thomasclavelia ramosa	1547	1624	1342	1	6	4	271
Thomasclavelia	Thomasclavelia	3025755	Thomasclavelia saccharogumia	341225	16	5	0	0	0	11
Thomasclavelia	Thomasclavelia	3025755	Thomasclavelia sp.	3025757	67	65	1	0	1	0
Thomasclavelia	Thomasclavelia	3025755	Thomasclavelia sp. D14_1	3413064	1	0	0	1	0	0
Thomasclavelia	Thomasclavelia	3025755	Thomasclavelia sp. D14_10	3413073	1	0	0	1	0	0
Thomasclavelia	Thomasclavelia	3025755	Thomasclavelia sp. D14_2	3413065	1	0	0	1	0	0
Thomasclavelia	Thomasclavelia	3025755	Thomasclavelia sp. D14_3	3413066	1	0	0	1	0	0
Thomasclavelia	Thomasclavelia	3025755	Thomasclavelia sp. D14_4	3413067	1	0	0	1	0	0
Thomasclavelia	Thomasclavelia	3025755	Thomasclavelia sp. D14_5	3413068	1	0	0	1	0	0
Thomasclavelia	Thomasclavelia	3025755	Thomasclavelia sp. D14_6	3413069	1	0	0	1	0	0
Thomasclavelia	Thomasclavelia	3025755	Thomasclavelia sp. D14_7	3413070	1	0	0	1	0	0
Thomasclavelia	Thomasclavelia	3025755	Thomasclavelia sp. D14_8	3413071	1	0	0	1	0	0
Thomasclavelia	Thomasclavelia	3025755	Thomasclavelia sp. D14_9	3413072	1	0	0	1	0	0
Thomasclavelia	Thomasclavelia	3025755	Thomasclavelia sp. VE202-01	3895564	1	1	0	0	0	0
Thomasclavelia	Thomasclavelia	3025755	Thomasclavelia spiroformis	29348	226	206	0	1	3	16
Thomasclavelia	Thomasclavelia	3025755	uncultured Thomasclavelia sp.	3025759	38	37	0	0	1	0
Treponema	Treponema	157	Candidatus Treponema caballi	3083137	1	1	0	0	0	0
Treponema	Treponema	157	Candidatus Treponema equi	3083138	1	1	0	0	0	0
Treponema	Treponema	157	Candidatus Treponema equifaecale	3083139	1	1	0	0	0	0
Treponema	Treponema	157	Candidatus Treponema excrementipullorum	2838768	7	7	0	0	0	0
Treponema	Treponema	157	Candidatus Treponema faecavium	2838769	1	0	0	0	0	1
Treponema	Treponema	157	Candidatus Treponema merdequi	3083140	1	1	0	0	0	0
Treponema	Treponema	157	Candidatus Treponema scatequi	3083141	1	1	0	0	0	0
Treponema	Treponema	157	Treponema berlinense	225004	24	23	0	0	0	1
Treponema	Treponema	157	Treponema brennaborense	81028	4	1	0	2	0	1
Treponema	Treponema	157	Treponema bryantii	163	52	35	0	1	0	16
Treponema	Treponema	157	Treponema denticola	158	314	1	0	92	8	213
Treponema	Treponema	157	Treponema endosymbiont of Eucomonympha sp.	1580831	5	0	0	0	0	5
Treponema	Treponema	157	Treponema lecithinolyticum	53418	29	0	0	17	0	12
Treponema	Treponema	157	Treponema maltophilum	51160	47	1	1	33	0	12
Treponema	Treponema	157	Treponema medium	58231	7	0	0	4	0	3
Treponema	Treponema	157	Treponema pallidum	160	5438	19	0	1389	1050	2980
Treponema	Treponema	157	Treponema paraluiscuniculi	53435	15	0	0	1	0	14
Treponema	Treponema	157	Treponema parvum	138851	7	0	0	6	0	1
Treponema	Treponema	157	Treponema pectinovorum	164	7	0	0	7	0	0
Treponema	Treponema	157	Treponema pedis	409322	15	0	0	6	0	9
Treponema	Treponema	157	Treponema peruense	2787628	37	33	0	0	1	3
Treponema	Treponema	157	Treponema phagedenis	162	49	0	0	9	1	39
Treponema	Treponema	157	Treponema porcinum	261392	565	31	0	1	1	532
Treponema	Treponema	157	Treponema primitia	88058	3	1	0	0	0	2
Treponema	Treponema	157	Treponema putidum	221027	13	0	0	9	1	3
Treponema	Treponema	157	Treponema rectale	744512	4	1	0	1	0	2
Treponema	Treponema	157	Treponema ruminis	744515	6	0	0	0	0	6
Treponema	Treponema	157	Treponema saccharophilum	165	7	1	0	2	1	3
Treponema	Treponema	157	Treponema socranskii	53419	83	3	0	38	0	42
Treponema	Treponema	157	Treponema sp.	166	4399	1144	35	337	42	2841
Treponema	Treponema	157	Treponema sp. 1206c	2815458	1	0	0	0	1	0
Treponema	Treponema	157	Treponema sp. 1522d	2815459	1	0	0	0	1	0
Treponema	Treponema	157	Treponema sp. 3b	2971097	1	0	0	1	0	0
Treponema	Treponema	157	Treponema sp. AG001	3126048	1	0	0	0	0	1
Treponema	Treponema	157	Treponema sp. AG003	3126050	1	0	0	0	0	1
Treponema	Treponema	157	Treponema sp. AG006	3126053	2	0	0	0	0	2
Treponema	Treponema	157	Treponema sp. B152	2749432	1	0	0	0	0	1
Treponema	Treponema	157	Treponema sp. C6A8	1410609	1	0	0	0	0	1
Treponema	Treponema	157	Treponema sp. CETP13	1908540	1	0	1	0	0	0
Treponema	Treponema	157	Treponema sp. GWA1_62_8	1802378	1	0	1	0	0	0
Treponema	Treponema	157	Treponema sp. GWB1_62_6	1802379	1	0	1	0	0	0
Treponema	Treponema	157	Treponema sp. GWC1_61_84	1802380	1	0	1	0	0	0
Treponema	Treponema	157	Treponema sp. HNW	3116654	1	0	0	1	0	0
Treponema	Treponema	157	Treponema sp. J25	2094121	2	0	0	0	2	0
Treponema	Treponema	157	Treponema sp. JC4	1124982	1	0	0	0	0	1
Treponema	Treponema	157	Treponema sp. Marseille-Q3903	2766703	1	0	0	1	0	0
Treponema	Treponema	157	Treponema sp. Marseille-Q4130	2766702	2	0	0	1	0	1
Treponema	Treponema	157	Treponema sp. Marseille-Q4132	2766701	1	0	0	1	0	0
Treponema	Treponema	157	Treponema sp. Marseille-Q4523	2810610	1	0	0	1	0	0
Treponema	Treponema	157	Treponema sp. OMZ 305	1659192	1	0	0	0	0	1
Treponema	Treponema	157	Treponema sp. OMZ 787	2563669	1	0	0	1	0	0
Treponema	Treponema	157	Treponema sp. OMZ 788	2563664	1	0	0	1	0	0
Treponema	Treponema	157	Treponema sp. OMZ 789	2563670	1	0	0	1	0	0
Treponema	Treponema	157	Treponema sp. OMZ 790	2563665	1	0	0	1	0	0
Treponema	Treponema	157	Treponema sp. OMZ 791	2563666	1	0	0	1	0	0
Treponema	Treponema	157	Treponema sp. OMZ 792	2563667	1	0	0	1	0	0
Treponema	Treponema	157	Treponema sp. OMZ 798	2563671	1	0	0	1	0	0
Treponema	Treponema	157	Treponema sp. OMZ 799	2563668	1	0	0	1	0	0
Treponema	Treponema	157	Treponema sp. OMZ 803	120682	1	0	0	0	0	1
Treponema	Treponema	157	Treponema sp. OMZ 805	2726068	1	0	0	0	0	1
Treponema	Treponema	157	Treponema sp. OMZ 838	1539298	1	0	0	1	0	0
Treponema	Treponema	157	Treponema sp. OMZ 840	244313	1	0	0	1	0	0
Treponema	Treponema	157	Treponema sp. OMZ 855	1643512	1	0	0	1	0	0
Treponema	Treponema	157	Treponema sp. OMZ 857	1643513	1	0	0	1	0	0
Treponema	Treponema	157	Treponema sp. OMZ 906	2563662	1	0	0	1	0	0
Treponema	Treponema	157	Treponema sp. OttesenSCG-928-L16	2885184	1	1	0	0	0	0
Treponema	Treponema	157	Treponema sp. PD10	3342586	1	0	0	0	0	1
Treponema	Treponema	157	Treponema sp. PD11	3342587	1	0	0	0	0	1
Treponema	Treponema	157	Treponema sp. PD12	3342588	1	0	0	0	0	1
Treponema	Treponema	157	Treponema sp. PD13	3342589	1	0	0	0	0	1
Treponema	Treponema	157	Treponema sp. PD14	3342590	1	0	0	0	0	1
Treponema	Treponema	157	Treponema sp. PD15	3342591	1	0	0	0	0	1
Treponema	Treponema	157	Treponema sp. PD16	3342592	1	0	0	0	0	1
Treponema	Treponema	157	Treponema sp. R6D11	1892310	1	0	0	0	0	1
Treponema	Treponema	157	Treponema sp. R8-4-B8	1892308	1	0	0	0	0	1
Treponema	Treponema	157	Treponema sp. R80B11-R83G3	1892309	1	0	0	0	0	1
Treponema	Treponema	157	Treponema sp. RIFOXYC1_FULL_61_9	1802381	1	0	1	0	0	0
Treponema	Treponema	157	Treponema sp. SAG7	1026886	2	0	0	0	0	2
Treponema	Treponema	157	Treponema sp. SP13	2789742	1	0	0	1	0	0
Treponema	Treponema	157	Treponema sp. TIM-1	2898417	1	1	0	0	0	0
Treponema	Treponema	157	Treponema sp. UBA1226	1947698	1	1	0	0	0	0
Treponema	Treponema	157	Treponema sp. UBA1233	1947699	1	1	0	0	0	0
Treponema	Treponema	157	Treponema sp. UBA1240	1947700	1	1	0	0	0	0
Treponema	Treponema	157	Treponema sp. UBA1634	1947701	1	1	0	0	0	0
Treponema	Treponema	157	Treponema sp. UBA1635	1947702	1	1	0	0	0	0
Treponema	Treponema	157	Treponema sp. UBA1747	1947703	1	1	0	0	0	0
Treponema	Treponema	157	Treponema sp. UBA1793	1947704	1	0	1	0	0	0
Treponema	Treponema	157	Treponema sp. UBA1798	1947705	1	0	1	0	0	0
Treponema	Treponema	157	Treponema sp. UBA2837	1947706	1	1	0	0	0	0
Treponema	Treponema	157	Treponema sp. UBA2845	1947707	1	1	0	0	0	0
Treponema	Treponema	157	Treponema sp. UBA2869	1947708	1	1	0	0	0	0
Treponema	Treponema	157	Treponema sp. UBA2879	1947709	1	1	0	0	0	0
Treponema	Treponema	157	Treponema sp. UBA3224	1947710	1	0	0	1	0	0
Treponema	Treponema	157	Treponema sp. UBA3649	1947711	1	0	0	1	0	0
Treponema	Treponema	157	Treponema sp. UBA3659	1947712	1	0	0	1	0	0
Treponema	Treponema	157	Treponema sp. UBA3662	1947713	1	0	0	1	0	0
Treponema	Treponema	157	Treponema sp. UBA3683	1947714	1	0	0	1	0	0
Treponema	Treponema	157	Treponema sp. UBA3813	1947715	1	0	0	1	0	0
Treponema	Treponema	157	Treponema sp. UBA3817	1947716	1	0	0	1	0	0
Treponema	Treponema	157	Treponema sp. UBA3819	1947717	1	0	0	1	0	0
Treponema	Treponema	157	Treponema sp. UBA3862	1947718	1	0	0	1	0	0
Treponema	Treponema	157	Treponema sp. UBA3870	1947719	1	0	0	1	0	0
Treponema	Treponema	157	Treponema sp. UBA4232	1947720	1	0	0	1	0	0
Treponema	Treponema	157	Treponema sp. UBA4245	1947721	1	0	0	1	0	0
Treponema	Treponema	157	Treponema sp. UBA4267	1947722	1	0	0	1	0	0
Treponema	Treponema	157	Treponema sp. UBA4307	1947723	1	0	0	1	0	0
Treponema	Treponema	157	Treponema sp. UBA4313	1947724	1	0	0	1	0	0
Treponema	Treponema	157	Treponema sp. UBA4319	1947725	1	0	0	1	0	0
Treponema	Treponema	157	Treponema sp. UBA4326	1947726	1	0	0	1	0	0
Treponema	Treponema	157	Treponema sp. UBA4328	1947727	1	0	0	1	0	0
Treponema	Treponema	157	Treponema sp. UBA4377	1947728	1	0	0	1	0	0
Treponema	Treponema	157	Treponema sp. UBA4635	1947729	1	1	0	0	0	0
Treponema	Treponema	157	Treponema sp. UBA4648	1947730	1	1	0	0	0	0
Treponema	Treponema	157	Treponema sp. UBA4678	1947731	1	1	0	0	0	0
Treponema	Treponema	157	Treponema sp. UBA4692	1947732	1	1	0	0	0	0
Treponema	Treponema	157	Treponema sp. UBA4715	1947733	1	1	0	0	0	0
Treponema	Treponema	157	Treponema sp. UBA4873	1947734	1	0	1	0	0	0
Treponema	Treponema	157	Treponema sp. UBA5919	1947735	1	1	0	0	0	0
Treponema	Treponema	157	Treponema sp. UBA6326	1947736	1	1	0	0	0	0
Treponema	Treponema	157	Treponema sp. UBA6328	1947737	1	1	0	0	0	0
Treponema	Treponema	157	Treponema sp. UBA6337	1947738	1	1	0	0	0	0
Treponema	Treponema	157	Treponema sp. UBA6351	1947739	1	1	0	0	0	0
Treponema	Treponema	157	Treponema sp. UBA6355	1947740	1	1	0	0	0	0
Treponema	Treponema	157	Treponema sp. UBA6367	1947741	1	1	0	0	0	0
Treponema	Treponema	157	Treponema sp. UBA6479	1947742	1	1	0	0	0	0
Treponema	Treponema	157	Treponema sp. UBA6844	1947743	1	1	0	0	0	0
Treponema	Treponema	157	Treponema sp. UBA6852	1947744	1	1	0	0	0	0
Treponema	Treponema	157	Treponema sp. UBA6988	1947745	1	0	0	1	0	0
Treponema	Treponema	157	Treponema sp. UBA750	1947746	1	1	0	0	0	0
Treponema	Treponema	157	Treponema sp. UBA753	1947747	1	1	0	0	0	0
Treponema	Treponema	157	Treponema sp. UBA7567	1947748	1	1	0	0	0	0
Treponema	Treponema	157	Treponema sp. UBA7570	1947749	1	1	0	0	0	0
Treponema	Treponema	157	Treponema sp. UBA7578	1947750	1	1	0	0	0	0
Treponema	Treponema	157	Treponema sp. UBA7579	1947751	1	1	0	0	0	0
Treponema	Treponema	157	Treponema sp. UBA7590	1947752	1	1	0	0	0	0
Treponema	Treponema	157	Treponema sp. UBA764	1947753	1	1	0	0	0	0
Treponema	Treponema	157	Treponema sp. UBA768	1947754	1	1	0	0	0	0
Treponema	Treponema	157	Treponema sp. UBA775	1947755	1	1	0	0	0	0
Treponema	Treponema	157	Treponema sp. UBA778	1947756	1	1	0	0	0	0
Treponema	Treponema	157	Treponema sp. UBA785	1947757	1	1	0	0	0	0
Treponema	Treponema	157	Treponema sp. UBA7863	1947758	1	1	0	0	0	0
Treponema	Treponema	157	Treponema sp. UBA792	1947759	1	1	0	0	0	0
Treponema	Treponema	157	Treponema sp. UBA793	1947760	1	1	0	0	0	0
Treponema	Treponema	157	Treponema sp. UBA937	1947761	1	1	0	0	0	0
Treponema	Treponema	157	Treponema succinifaciens	167	416	78	0	0	0	338
Treponema	Treponema	157	Treponema vincentii	69710	28	0	0	19	0	9
Treponema	Treponema	157	Treponema zioleckii	331680	2	1	0	1	0	0
Treponema	Treponema	157	uncultured Treponema sp.	162155	1527	1345	17	105	36	24
Turicimonas	Turicimonas	1918598	Turicimonas muris	1796652	540	529	0	0	0	11
Turicimonas	Turicimonas	1918598	Turicimonas sp.	1918605	30	3	0	0	0	27
Turicimonas	Turicimonas	1918598	Turicimonas sp. TL08	3385505	1	1	0	0	0	0
Turicimonas	Turicimonas	1918598	uncultured Turicimonas sp.	1918607	19	19	0	0	0	0
Tyzzerella	Tyzzerella	1506577	[Clostridium] colinum	36835	7	1	0	1	0	5
Tyzzerella	Tyzzerella	1506577	[Clostridium] piliforme	1524	4	0	0	4	0	0
Tyzzerella	Tyzzerella	1506577	Tyzzerella sp.	2053632	74	13	0	0	0	61
Tyzzerella	Tyzzerella	1506577	Tyzzerella sp. An114	1965545	1	1	0	0	0	0
Tyzzerella	Tyzzerella	1506577	Tyzzerella sp. EM0	2807704	1	0	0	0	0	1
Tyzzerella	Tyzzerella	1506577	Tyzzerella sp. OttesenSCG-928-J15	2930981	1	1	0	0	0	0
Tyzzerella	Tyzzerella	1506577	Tyzzerella sp. UBA1042	1947765	1	0	1	0	0	0
Tyzzerella	Tyzzerella	1506577	Tyzzerella sp. UBA5844	1947766	1	0	0	0	1	0
Tyzzerella	Tyzzerella	1506577	Tyzzerella sp. UBA649	1947767	1	0	0	0	1	0
Tyzzerella	Tyzzerella	1506577	Tyzzerella sp. WB3984	2939962	1	0	0	0	0	1
Tyzzerella	Tyzzerella	1506577	uncultured Tyzzerella sp.	2321398	12	10	1	0	1	0
Usitatibacter	Usitatibacter	2803845	uncultured Usitatibacter sp.	2803849	1	0	1	0	0	0
Usitatibacter	Usitatibacter	2803845	Usitatibacter palustris	2732487	3	0	1	0	2	0
Usitatibacter	Usitatibacter	2803845	Usitatibacter rugosus	2732067	1	0	1	0	0	0
Usitatibacter	Usitatibacter	2803845	Usitatibacter sp.	2803847	209	0	115	2	91	1
Vescimonas	Vescimonas	2892396	Vescimonas coprocola	2714355	104	93	0	9	1	1
Vescimonas	Vescimonas	2892396	Vescimonas fastidiosa	2714353	14	10	0	2	0	2
Vescimonas	Vescimonas	2892396	Vescimonas sanitatis	3376993	1	1	0	0	0	0
Vescimonas	Vescimonas	2892396	Vescimonas sp.	2892404	267	258	4	0	5	0
Victivallis	Victivallis	172900	uncultured Victivallis sp.	354118	94	90	4	0	0	0
Victivallis	Victivallis	172900	Victivallis lenta	2606640	38	13	1	0	0	24
Victivallis	Victivallis	172900	Victivallis sp.	2049020	161	35	5	1	5	115
Victivallis	Victivallis	172900	Victivallis sp. Marseille-Q1081	2717287	1	1	0	0	0	0
Victivallis	Victivallis	172900	Victivallis sp. Marseille-Q1083	2717288	1	1	0	0	0	0
Victivallis	Victivallis	172900	Victivallis vadensis	172901	94	56	2	0	7	29
Xylanibacter	Xylanibacter	558436	Xylanibacter brevis	83231	5	1	0	0	0	4
Xylanibacter	Xylanibacter	558436	Xylanibacter caecicola	2736294	30	30	0	0	0	0
Xylanibacter	Xylanibacter	558436	Xylanibacter muris	2736290	24	19	0	0	0	5
Xylanibacter	Xylanibacter	558436	Xylanibacter oryzae	185293	5	0	1	0	0	4
Xylanibacter	Xylanibacter	558436	Xylanibacter rarus	1676614	222	28	0	1	0	193
Xylanibacter	Xylanibacter	558436	Xylanibacter rodentium	2736289	118	118	0	0	0	0
Xylanibacter	Xylanibacter	558436	Xylanibacter ruminicola	839	171	105	0	2	0	64
Xylanibacter	Xylanibacter	558436	Xylanibacter sp.	3104174	6	6	0	0	0	0
